entry_time,exit_time,symbol,direction,entry_price,exit_price,quantity,gross_pnl,costs,net_pnl,strategy,exit_reason
2015-01-21 11:15:00,2015-01-21 13:00:00,NIFTY FIN SERVICE,bearish,162.35,161.92,60,-25.57,74.25,-99.82,pro_FVG+OTE+VWAP,stop_loss_premium_phase3
2015-01-22 09:45:00,2015-01-22 11:15:00,NIFTY FIN SERVICE,bullish,176.71,176.25,60,-27.46,76.65,-104.11,pro_FVG+VP+OTE,stop_loss_premium_phase3
2015-01-23 09:30:00,2015-01-23 09:45:00,NIFTY FIN SERVICE,bullish,143.08,76.71,60,-3981.74,62.62,-4044.36,pro_FVG+VP,target
2015-01-28 09:45:00,2015-01-28 11:15:00,NIFTY FIN SERVICE,bullish,195.39,241.82,60,2785.8,85.75,2700.05,pro_LiqSweep+FVG,target
2015-01-30 09:30:00,2015-01-30 09:45:00,NIFTY FIN SERVICE,bullish,147.09,134.12,60,-778.73,70.1,-848.83,pro_FVG+RSI_Div,target
2015-02-04 10:30:00,2015-02-04 11:30:00,NIFTY FIN SERVICE,bearish,173.71,173.52,60,-11.58,76.18,-87.76,pro_LiqSweep+FVG+VWAP,stop_loss_premium_phase2
2015-02-05 09:45:00,2015-02-05 11:15:00,NIFTY FIN SERVICE,bearish,190.55,190.01,60,-32.14,78.95,-111.09,pro_FVG+OTE+VWAP,stop_loss_premium_phase3
2015-02-06 14:15:00,2015-02-06 15:15:00,NIFTY FIN SERVICE,bearish,168.62,187.27,60,1119.29,77.73,1041.56,pro_FVG+OTE+RSI_Div+VWAP,intraday_square_off
2015-02-11 10:15:00,2015-02-11 11:45:00,NIFTY FIN SERVICE,bearish,210.95,228.49,60,1051.97,84.66,967.31,pro_LiqSweep+RSI_Div+VWAP,stop_loss_premium_phase3
2015-02-11 14:15:00,2015-02-11 15:15:00,NIFTY FIN SERVICE,bearish,159.05,195.33,60,2176.97,78.39,2098.58,pro_LiqSweep+RSI_Div+VWAP,intraday_square_off
2015-02-20 11:30:00,2015-02-20 13:00:00,NIFTY FIN SERVICE,bearish,173.3,183.62,60,619.34,77.45,541.89,pro_FVG+OTE+VWAP,stop_loss_premium_phase3
2015-02-26 09:30:00,2015-02-26 11:00:00,NIFTY FIN SERVICE,bearish,188.55,160.99,60,-1653.55,75.17,-1728.72,pro_FVG+RSI_Div+VWAP,stop_loss_premium_phase3
2015-03-05 10:00:00,2015-03-05 11:30:00,NIFTY FIN SERVICE,bullish,179.55,194.19,60,878.52,79.05,799.47,pro_FVG+RSI_Div,stop_loss_premium_phase3
2015-03-09 09:30:00,2015-03-09 11:00:00,NIFTY FIN SERVICE,bullish,148.31,153.26,60,297.0,72.59,224.41,pro_FVG+RSI_Div,stop_loss_premium_phase3
2015-03-18 10:15:00,2015-03-18 11:45:00,NIFTY FIN SERVICE,bearish,204.83,205.1,60,16.55,81.43,-64.88,pro_FVG+OTE+VWAP,stop_loss_premium_phase3
2015-03-18 14:15:00,2015-03-18 15:15:00,NIFTY FIN SERVICE,bearish,161.18,161.83,60,38.9,74.19,-35.29,pro_LiqSweep+FVG+OTE+VWAP,intraday_square_off
2015-03-19 11:30:00,2015-03-19 13:15:00,NIFTY FIN SERVICE,bearish,165.33,164.94,60,-22.88,74.76,-97.64,pro_FVG+OTE+VWAP,stop_loss_premium_phase3
2015-03-25 10:30:00,2015-03-25 12:00:00,NIFTY FIN SERVICE,bearish,193.61,205.56,60,717.18,81.05,636.13,pro_FVG+RSI_Div+VWAP,stop_loss_premium_phase3
2015-04-08 10:30:00,2015-04-08 12:00:00,NIFTY FIN SERVICE,bearish,188.9,211.05,60,1329.01,81.57,1247.44,pro_LiqSweep+FVG+VWAP,stop_loss_premium_phase3
2015-04-16 14:15:00,2015-04-16 15:00:00,NIFTY FIN SERVICE,bullish,173.28,214.95,60,2500.51,81.45,2419.06,pro_LiqSweep+FVG+RSI_Div,target
2015-04-17 10:45:00,2015-04-17 12:15:00,NIFTY FIN SERVICE,bearish,162.81,168.67,60,351.18,75.13,276.05,pro_LiqSweep+FVG+VWAP,stop_loss_premium_phase3
2015-04-22 10:00:00,2015-04-22 11:30:00,NIFTY FIN SERVICE,bullish,173.17,172.72,60,-27.2,76.06,-103.26,pro_FVG+VP,stop_loss_premium_phase3
2015-04-24 09:30:00,2015-04-24 09:45:00,NIFTY FIN SERVICE,bearish,270.06,219.36,60,-3042.09,85.82,-3127.91,pro_FVG+OTE+VWAP,target
2015-04-29 10:30:00,2015-04-29 12:00:00,NIFTY FIN SERVICE,bearish,195.0,196.44,60,86.66,79.94,6.72,pro_LiqSweep+RSI_Div+VWAP,stop_loss_premium_phase3
2015-04-29 14:15:00,2015-04-29 14:30:00,NIFTY FIN SERVICE,bearish,180.98,224.6,60,2617.01,82.98,2534.03,pro_LiqSweep+OTE+RSI_Div+VWAP,target
2015-04-30 10:15:00,2015-04-30 11:45:00,NIFTY FIN SERVICE,bearish,179.61,184.89,60,317.1,77.86,239.24,pro_LiqSweep+FVG+VWAP,stop_loss_premium_phase3
2015-05-08 11:30:00,2015-05-08 12:45:00,NIFTY FIN SERVICE,bearish,199.87,199.4,60,-28.19,80.51,-108.7,pro_LiqSweep+FVG+VWAP,stop_loss_premium_phase2
2015-05-08 14:15:00,2015-05-08 15:15:00,NIFTY FIN SERVICE,bearish,89.23,112.99,60,1425.7,65.13,1360.57,pro_LiqSweep+RSI_Div+VWAP,intraday_square_off
2015-05-27 10:00:00,2015-05-27 11:30:00,NIFTY FIN SERVICE,bullish,162.92,169.09,60,370.33,75.19,295.14,pro_LiqSweep+VP+RSI_Div,stop_loss_premium_phase3
2015-05-29 09:45:00,2015-05-29 11:15:00,NIFTY FIN SERVICE,bullish,79.7,95.41,120,1884.98,77.82,1807.16,pro_FVG+VP,stop_loss_premium_phase3
2015-06-05 09:45:00,2015-06-05 11:15:00,NIFTY FIN SERVICE,bearish,148.54,157.79,60,555.46,73.18,482.28,pro_FVG+OTE+VWAP,stop_loss_premium_phase3
2015-06-10 09:45:00,2015-06-10 11:15:00,NIFTY FIN SERVICE,bullish,162.88,164.7,60,108.92,74.63,34.29,pro_LiqSweep+VP,stop_loss_premium_phase3
2015-06-10 11:30:00,2015-06-10 13:00:00,NIFTY FIN SERVICE,bullish,186.13,194.67,60,512.34,79.37,432.97,pro_LiqSweep+FVG+VP,stop_loss_premium_phase3
2015-06-11 09:30:00,2015-06-11 09:45:00,NIFTY FIN SERVICE,bullish,210.38,201.74,60,-518.2,81.22,-599.42,pro_LiqSweep+VP,target
2015-06-11 11:30:00,2015-06-11 13:00:00,NIFTY FIN SERVICE,bearish,176.31,175.9,60,-24.69,76.59,-101.28,pro_FVG+RSI_Div+VWAP,stop_loss_premium_phase3
2015-06-12 10:30:00,2015-06-12 12:00:00,NIFTY FIN SERVICE,bullish,100.67,131.59,60,1855.4,67.95,1787.45,pro_FVG+OTE,target
2015-06-18 14:15:00,2015-06-18 15:15:00,NIFTY FIN SERVICE,bearish,74.26,80.23,120,715.97,73.52,642.45,pro_LiqSweep+RSI_Div+VWAP,intraday_square_off
2015-06-24 10:15:00,2015-06-24 11:45:00,NIFTY FIN SERVICE,bearish,169.53,169.39,60,-7.94,75.49,-83.43,pro_LiqSweep+OTE+VWAP,stop_loss_premium_phase3
2015-07-01 09:45:00,2015-07-01 11:15:00,NIFTY FIN SERVICE,bullish,195.87,208.12,60,734.96,81.47,653.49,pro_LiqSweep+VP,stop_loss_premium_phase3
2015-07-01 11:30:00,2015-07-01 13:30:00,NIFTY FIN SERVICE,bullish,166.39,190.01,60,1417.5,78.0,1339.5,pro_FVG+VP,stop_loss_premium_phase3
2015-07-03 09:45:00,2015-07-03 11:15:00,NIFTY FIN SERVICE,bullish,103.37,110.26,120,825.95,83.48,742.47,pro_LiqSweep+VP,stop_loss_premium_phase3
2015-07-03 11:30:00,2015-07-03 12:30:00,NIFTY FIN SERVICE,bullish,80.48,80.31,120,-20.91,74.03,-94.94,pro_LiqSweep+VP,stop_loss_premium_phase2
2015-07-06 09:30:00,2015-07-06 11:00:00,NIFTY FIN SERVICE,bullish,30.43,42.12,360,4210.45,86.64,4123.81,pro_LiqSweep+VP,stop_loss_premium_phase3
2015-07-09 11:00:00,2015-07-09 12:30:00,NIFTY FIN SERVICE,bullish,164.87,164.4,60,-28.21,74.67,-102.88,pro_LiqSweep+FVG+RSI_Div,stop_loss_premium_phase3
2015-07-09 14:15:00,2015-07-09 15:15:00,NIFTY FIN SERVICE,bullish,75.14,75.74,180,107.59,85.07,22.52,pro_LiqSweep+VP,intraday_square_off
2015-07-10 09:45:00,2015-07-10 11:15:00,NIFTY FIN SERVICE,bullish,177.55,177.4,60,-9.02,76.83,-85.85,pro_LiqSweep+VP,stop_loss_premium_phase3
2015-07-10 11:30:00,2015-07-10 13:15:00,NIFTY FIN SERVICE,bullish,79.97,94.64,180,2641.12,92.87,2548.25,pro_LiqSweep+FVG+VP,stop_loss_premium_phase3
2015-07-10 14:15:00,2015-07-10 15:00:00,NIFTY FIN SERVICE,bullish,178.13,212.97,60,2090.28,81.39,2008.89,pro_LiqSweep+VP,target
2015-07-15 09:45:00,2015-07-15 11:15:00,NIFTY FIN SERVICE,bullish,187.53,187.09,60,-26.35,78.46,-104.81,pro_LiqSweep+VP+RSI_Div,stop_loss_premium_phase3
2015-07-15 11:30:00,2015-07-15 13:00:00,NIFTY FIN SERVICE,bullish,115.18,117.59,120,289.43,86.28,203.15,pro_LiqSweep+VP,stop_loss_premium_phase3
2015-07-15 14:15:00,2015-07-15 15:15:00,NIFTY FIN SERVICE,bullish,58.17,54.11,240,-973.44,83.98,-1057.42,pro_LiqSweep+VP,intraday_square_off
2015-07-16 09:45:00,2015-07-16 11:45:00,NIFTY FIN SERVICE,bullish,102.31,116.84,120,1743.38,85.07,1658.31,pro_LiqSweep+VP,stop_loss_premium_phase3
2015-07-17 10:15:00,2015-07-17 11:45:00,NIFTY FIN SERVICE,bearish,171.83,175.6,60,226.64,76.37,150.27,pro_LiqSweep+RSI_Div+VWAP,stop_loss_premium_phase3
2015-07-23 09:45:00,2015-07-23 11:15:00,NIFTY FIN SERVICE,bearish,155.18,171.84,60,999.43,75.24,924.19,pro_LiqSweep+OTE+RSI_Div+VWAP,stop_loss_premium_phase3
2015-08-05 09:45:00,2015-08-05 11:15:00,NIFTY FIN SERVICE,bullish,200.28,199.71,60,-34.15,80.57,-114.72,pro_FVG+VP,stop_loss_premium_phase3
2015-08-06 09:30:00,2015-08-06 11:00:00,NIFTY FIN SERVICE,bearish,127.05,104.77,60,-1336.88,65.57,-1402.45,pro_LiqSweep+FVG+VWAP,stop_loss_premium_phase3
2015-08-07 09:45:00,2015-08-07 11:00:00,NIFTY FIN SERVICE,bullish,67.3,64.47,240,-679.06,90.7,-769.76,pro_LiqSweep+VP,stop_loss_premium_phase2
2015-08-07 11:15:00,2015-08-07 12:45:00,NIFTY FIN SERVICE,bullish,76.38,84.98,180,1547.78,88.75,1459.03,pro_LiqSweep+FVG+OTE,stop_loss_premium_phase3
2015-08-10 09:30:00,2015-08-10 09:45:00,NIFTY FIN SERVICE,bullish,187.79,175.53,60,-735.55,76.99,-812.54,pro_LiqSweep+OTE+RSI_Div,target
2015-08-14 09:45:00,2015-08-14 11:15:00,NIFTY FIN SERVICE,bullish,165.7,223.04,60,3440.43,82.18,3358.25,pro_LiqSweep+VP+RSI_Div,target
2015-08-14 11:30:00,2015-08-14 12:45:00,NIFTY FIN SERVICE,bullish,114.16,159.27,120,5412.9,96.83,5316.07,pro_LiqSweep+VP,target
2015-08-19 11:30:00,2015-08-19 13:00:00,NIFTY FIN SERVICE,bullish,158.2,159.05,120,101.46,100.25,1.21,pro_VP+RSI_Div,stop_loss_premium_phase3
2015-09-04 11:30:00,2015-09-04 13:00:00,NIFTY FIN SERVICE,bullish,174.04,178.56,60,271.0,76.84,194.16,pro_FVG+OTE,stop_loss_premium_phase3
2015-09-21 09:30:00,2015-09-21 09:45:00,NIFTY FIN SERVICE,bearish,171.59,96.23,60,-4521.81,66.24,-4588.05,pro_OTE+RSI_Div+VWAP,target
2015-10-07 09:45:00,2015-10-07 11:15:00,NIFTY FIN SERVICE,bullish,167.02,178.67,60,699.16,76.57,622.59,pro_LiqSweep+VP,stop_loss_premium_phase3
2015-10-07 14:15:00,2015-10-07 15:15:00,NIFTY FIN SERVICE,bullish,161.38,176.97,60,935.73,76.13,859.6,pro_VP+RSI_Div,intraday_square_off
2015-10-08 14:15:00,2015-10-08 15:15:00,NIFTY FIN SERVICE,bullish,70.1,87.12,240,4086.46,102.71,3983.75,pro_LiqSweep+FVG+OTE+RSI_Div,intraday_square_off
2015-10-14 14:15:00,2015-10-14 15:15:00,NIFTY FIN SERVICE,bullish,77.15,73.3,240,-924.26,96.76,-1021.02,pro_FVG+VP+RSI_Div,intraday_square_off
2015-10-15 09:45:00,2015-10-15 11:15:00,NIFTY FIN SERVICE,bullish,75.75,75.5,240,-58.15,97.66,-155.81,pro_FVG+VP+RSI_Div,stop_loss_premium_phase3
2015-10-16 10:45:00,2015-10-16 12:15:00,NIFTY FIN SERVICE,bullish,59.67,65.47,300,1740.99,100.71,1640.28,pro_LiqSweep+FVG+OTE,stop_loss_premium_phase3
2015-10-16 14:15:00,2015-10-16 14:45:00,NIFTY FIN SERVICE,bullish,154.18,185.64,120,3774.73,106.71,3668.02,pro_LiqSweep+FVG+VP,target
2015-10-21 09:45:00,2015-10-21 11:15:00,NIFTY FIN SERVICE,bullish,161.81,170.58,60,526.12,75.34,450.78,pro_FVG+VP,stop_loss_premium_phase3
2015-10-23 09:30:00,2015-10-23 09:45:00,NIFTY FIN SERVICE,bullish,234.58,190.01,60,-2673.77,80.68,-2754.45,pro_LiqSweep+OTE,target
2015-10-30 09:45:00,2015-10-30 11:15:00,NIFTY FIN SERVICE,bullish,148.46,172.16,120,2843.45,102.82,2740.63,pro_LiqSweep+FVG,stop_loss_premium_phase3
2015-10-30 11:30:00,2015-10-30 13:00:00,NIFTY FIN SERVICE,bullish,82.11,86.9,180,862.1,90.16,771.94,pro_LiqSweep+VP,stop_loss_premium_phase3
2015-11-05 10:45:00,2015-11-05 11:45:00,NIFTY FIN SERVICE,bearish,158.14,157.68,60,-27.19,73.55,-100.74,pro_LiqSweep+FVG+VWAP,stop_loss_premium_phase2
2015-11-06 11:30:00,2015-11-06 13:00:00,NIFTY FIN SERVICE,bullish,165.77,165.65,60,-7.43,74.86,-82.29,pro_LiqSweep+VP+RSI_Div,stop_loss_premium_phase3
2015-11-27 09:45:00,2015-11-27 11:15:00,NIFTY FIN SERVICE,bullish,177.0,181.05,60,242.99,77.27,165.72,pro_LiqSweep+VP,stop_loss_premium_phase3
2015-11-27 11:30:00,2015-11-27 13:00:00,NIFTY FIN SERVICE,bullish,79.35,76.46,180,-520.11,85.84,-605.95,pro_LiqSweep+VP,stop_loss_premium_phase3
2015-12-09 09:45:00,2015-12-09 10:45:00,NIFTY FIN SERVICE,bullish,179.87,179.36,60,-30.51,77.17,-107.68,pro_LiqSweep+VP+RSI_Div,stop_loss_premium_phase2
2015-12-16 14:15:00,2015-12-16 15:15:00,NIFTY FIN SERVICE,bearish,59.97,56.1,300,-1161.57,94.8,-1256.37,pro_FVG+OTE+VWAP,intraday_square_off
2015-12-31 09:45:00,2015-12-31 12:15:00,NIFTY FIN SERVICE,bullish,169.4,184.9,60,930.46,77.46,853.0,pro_LiqSweep+VP+OTE+RSI_Div,stop_loss_premium_phase3
2016-01-01 09:45:00,2016-01-01 11:15:00,NIFTY FIN SERVICE,bearish,168.02,167.63,60,-23.46,75.2,-98.66,pro_LiqSweep+RSI_Div+VWAP,stop_loss_premium_phase3
2016-01-06 10:30:00,2016-01-06 12:00:00,NIFTY FIN SERVICE,bullish,77.93,81.55,180,652.35,87.62,564.73,pro_LiqSweep+VP,stop_loss_premium_phase3
2016-01-20 14:15:00,2016-01-20 14:45:00,NIFTY FIN SERVICE,bullish,159.46,187.84,60,1703.2,77.45,1625.75,pro_LiqSweep+RSI_Div,target
2016-02-04 14:15:00,2016-02-04 15:15:00,NIFTY FIN SERVICE,bearish,92.43,94.43,180,360.8,94.26,266.54,pro_LiqSweep+FVG+RSI_Div+VWAP,intraday_square_off
2016-02-05 09:45:00,2016-02-05 10:30:00,NIFTY FIN SERVICE,bullish,180.19,229.43,60,2953.93,83.57,2870.36,pro_LiqSweep+VP,target
2016-02-05 10:45:00,2016-02-05 12:15:00,NIFTY FIN SERVICE,bullish,181.97,181.54,60,-25.77,77.53,-103.3,pro_LiqSweep+VP,stop_loss_premium_phase3
2016-02-05 14:15:00,2016-02-05 15:15:00,NIFTY FIN SERVICE,bullish,163.49,192.52,120,3483.98,109.2,3374.78,pro_FVG+VP,intraday_square_off
2016-02-17 14:15:00,2016-02-17 15:15:00,NIFTY FIN SERVICE,bearish,179.95,172.08,60,-472.2,76.24,-548.44,pro_FVG+OTE+VWAP,intraday_square_off
2016-02-19 09:45:00,2016-02-19 11:15:00,NIFTY FIN SERVICE,bullish,180.41,204.91,60,1469.99,80.45,1389.54,pro_LiqSweep+OTE+RSI_Div,stop_loss_premium_phase3
2016-02-19 11:30:00,2016-02-19 12:45:00,NIFTY FIN SERVICE,bullish,105.37,105.38,180,2.19,99.99,-97.8,pro_LiqSweep+FVG,stop_loss_premium_phase2
2016-02-25 14:15:00,2016-02-25 15:15:00,NIFTY FIN SERVICE,bearish,169.4,200.62,120,3746.62,111.74,3634.88,pro_LiqSweep+FVG+RSI_Div+VWAP,intraday_square_off
2016-02-26 09:45:00,2016-02-26 11:15:00,NIFTY FIN SERVICE,bearish,182.31,181.77,120,-64.68,107.94,-172.62,pro_LiqSweep+OTE+VWAP,stop_loss_premium_phase3
2016-02-26 11:30:00,2016-02-26 12:45:00,NIFTY FIN SERVICE,bearish,175.41,175.27,120,-17.46,105.74,-123.2,pro_LiqSweep+FVG+OTE+VWAP,stop_loss_premium_phase2
2016-03-04 10:00:00,2016-03-04 11:30:00,NIFTY FIN SERVICE,bearish,155.91,158.21,120,276.1,99.85,176.25,pro_FVG+RSI_Div+VWAP,stop_loss_premium_phase3
2016-03-10 09:30:00,2016-03-10 09:45:00,NIFTY FIN SERVICE,bullish,214.93,213.67,60,-75.49,82.93,-158.42,pro_FVG+VP,target
2016-03-10 10:00:00,2016-03-10 11:00:00,NIFTY FIN SERVICE,bearish,171.61,201.97,120,3642.63,112.25,3530.38,pro_OTE+RSI_Div+VWAP,target
2016-03-17 09:30:00,2016-03-17 09:45:00,NIFTY FIN SERVICE,bullish,316.12,210.5,60,-6337.13,86.51,-6423.64,pro_VP+RSI_Div,target
2016-03-23 10:45:00,2016-03-23 12:30:00,NIFTY FIN SERVICE,bullish,166.36,176.74,120,1245.71,105.4,1140.31,pro_FVG+OTE,stop_loss_premium_phase3
2016-04-01 10:15:00,2016-04-01 11:45:00,NIFTY FIN SERVICE,bullish,176.4,175.99,120,-49.4,106.0,-155.4,pro_LiqSweep+OTE+RSI_Div,stop_loss_premium_phase3
2016-04-01 14:15:00,2016-04-01 15:15:00,NIFTY FIN SERVICE,bullish,57.75,68.25,360,3778.13,113.09,3665.04,pro_LiqSweep+VP,intraday_square_off
2016-04-22 10:15:00,2016-04-22 11:45:00,NIFTY FIN SERVICE,bullish,174.01,173.6,120,-48.69,105.2,-153.89,pro_FVG+RSI_Div,stop_loss_premium_phase3
2016-04-22 14:15:00,2016-04-22 15:15:00,NIFTY FIN SERVICE,bullish,50.21,60.36,420,4261.34,114.95,4146.39,pro_FVG+VP,intraday_square_off
2016-05-06 09:45:00,2016-05-06 11:15:00,NIFTY FIN SERVICE,bearish,105.31,105.0,180,-56.4,99.83,-156.23,pro_LiqSweep+FVG+VWAP,stop_loss_premium_phase3
2016-05-12 09:30:00,2016-05-12 09:45:00,NIFTY FIN SERVICE,bullish,237.7,223.98,60,-823.19,85.14,-908.33,pro_FVG+OTE+RSI_Div,target
2016-05-18 14:15:00,2016-05-18 15:15:00,NIFTY FIN SERVICE,bullish,170.44,188.52,120,2169.69,108.73,2060.96,pro_LiqSweep+FVG,intraday_square_off
2016-05-27 10:45:00,2016-05-27 12:15:00,NIFTY FIN SERVICE,bullish,166.26,165.78,120,-56.85,102.6,-159.45,pro_FVG+VP,stop_loss_premium_phase3
2016-06-01 10:00:00,2016-06-01 12:00:00,NIFTY FIN SERVICE,bearish,164.39,175.61,120,1346.23,104.96,1241.27,pro_OTE+RSI_Div+VWAP,stop_loss_premium_phase3
2016-06-02 11:30:00,2016-06-02 13:00:00,NIFTY FIN SERVICE,bullish,73.77,81.49,300,2314.78,113.71,2201.07,pro_FVG+OTE,stop_loss_premium_phase3
2016-06-02 14:15:00,2016-06-02 14:45:00,NIFTY FIN SERVICE,bullish,180.13,210.62,120,3657.85,115.13,3542.72,pro_LiqSweep+VP,target
2016-06-08 10:45:00,2016-06-08 12:15:00,NIFTY FIN SERVICE,bullish,181.62,195.2,120,1629.03,111.31,1517.72,pro_FVG+VP,stop_loss_premium_phase3
2016-06-16 09:45:00,2016-06-16 11:00:00,NIFTY FIN SERVICE,bullish,174.53,171.17,120,-403.71,104.62,-508.33,pro_LiqSweep+OTE,stop_loss_premium_phase2
2016-06-22 09:45:00,2016-06-22 11:15:00,NIFTY FIN SERVICE,bullish,172.95,172.81,120,-16.8,104.92,-121.72,pro_LiqSweep+VP,stop_loss_premium_phase3
2016-06-30 11:15:00,2016-06-30 12:45:00,NIFTY FIN SERVICE,bearish,72.66,78.14,360,1970.6,124.18,1846.42,pro_FVG+RSI_Div+VWAP,stop_loss_premium_phase3
2016-07-13 10:00:00,2016-07-13 11:15:00,NIFTY FIN SERVICE,bullish,173.08,172.68,120,-48.42,104.9,-153.32,pro_FVG+VP,stop_loss_premium_phase2
2016-07-14 10:30:00,2016-07-14 12:00:00,NIFTY FIN SERVICE,bullish,64.34,75.56,420,4715.61,132.42,4583.19,pro_LiqSweep+VP,stop_loss_premium_phase3
2016-07-14 14:15:00,2016-07-14 15:15:00,NIFTY FIN SERVICE,bullish,152.85,170.51,180,3179.07,130.52,3048.55,pro_LiqSweep+VP,intraday_square_off
2016-07-15 10:45:00,2016-07-15 12:15:00,NIFTY FIN SERVICE,bullish,174.4,176.27,120,223.98,105.91,118.07,pro_VP+RSI_Div,stop_loss_premium_phase3
2016-07-20 14:15:00,2016-07-20 15:15:00,NIFTY FIN SERVICE,bullish,72.3,74.25,420,815.07,133.44,681.63,pro_VP+OTE+RSI_Div,intraday_square_off
2016-07-28 11:15:00,2016-07-28 12:45:00,NIFTY FIN SERVICE,bullish,110.58,114.98,240,1055.11,123.3,931.81,pro_FVG+VP,stop_loss_premium_phase3
2016-07-29 09:45:00,2016-07-29 11:15:00,NIFTY FIN SERVICE,bullish,83.52,80.27,360,-1173.03,128.38,-1301.41,pro_LiqSweep+OTE,stop_loss_premium_phase3
2016-07-29 11:30:00,2016-07-29 13:00:00,NIFTY FIN SERVICE,bullish,83.34,83.4,360,22.23,130.74,-108.51,pro_LiqSweep+OTE,stop_loss_premium_phase3
2016-07-29 14:15:00,2016-07-29 15:15:00,NIFTY FIN SERVICE,bullish,52.0,57.69,540,3074.28,131.87,2942.41,pro_LiqSweep+FVG+RSI_Div,intraday_square_off
2016-08-03 14:15:00,2016-08-03 15:00:00,NIFTY FIN SERVICE,bearish,136.81,169.22,180,5833.13,128.13,5705.0,pro_LiqSweep+FVG+VWAP,target
2016-08-10 10:00:00,2016-08-10 11:30:00,NIFTY FIN SERVICE,bullish,171.48,170.99,180,-87.68,132.91,-220.59,pro_LiqSweep+OTE+RSI_Div,stop_loss_premium_phase3
2016-08-11 09:30:00,2016-08-11 11:00:00,NIFTY FIN SERVICE,bullish,65.16,69.35,420,1757.16,127.1,1630.06,pro_LiqSweep+FVG,stop_loss_premium_phase3
2016-08-12 14:15:00,2016-08-12 15:15:00,NIFTY FIN SERVICE,bullish,62.43,70.21,540,4203.92,149.95,4053.97,pro_LiqSweep+VP,intraday_square_off
2016-08-17 10:15:00,2016-08-17 11:45:00,NIFTY FIN SERVICE,bearish,162.75,162.28,120,-55.78,101.43,-157.21,pro_FVG+OTE+VWAP,stop_loss_premium_phase3
2016-08-24 09:45:00,2016-08-24 11:15:00,NIFTY FIN SERVICE,bullish,175.02,174.53,120,-59.54,105.52,-165.06,pro_LiqSweep+FVG+VP,stop_loss_premium_phase3
2016-08-24 14:15:00,2016-08-24 14:45:00,NIFTY FIN SERVICE,bullish,167.03,183.46,120,1972.39,107.17,1865.22,pro_FVG+OTE,target
2016-08-31 09:45:00,2016-08-31 10:45:00,NIFTY FIN SERVICE,bullish,71.07,71.17,360,37.0,118.48,-81.48,pro_FVG+VP,stop_loss_premium_phase2
2016-08-31 11:15:00,2016-08-31 12:45:00,NIFTY FIN SERVICE,bullish,156.25,155.84,120,-49.3,99.27,-148.57,pro_FVG+VP,stop_loss_premium_phase3
2016-08-31 14:15:00,2016-08-31 15:15:00,NIFTY FIN SERVICE,bullish,177.47,177.42,120,-6.03,106.45,-112.48,pro_FVG+VP,intraday_square_off
2016-09-01 10:00:00,2016-09-01 11:30:00,NIFTY FIN SERVICE,bearish,81.84,78.93,300,-870.57,113.67,-984.24,pro_OTE+RSI_Div+VWAP,stop_loss_premium_phase3
2016-09-02 10:00:00,2016-09-02 11:30:00,NIFTY FIN SERVICE,bullish,78.46,83.68,300,1568.6,116.03,1452.57,pro_FVG+VP,stop_loss_premium_phase3
2016-09-02 14:15:00,2016-09-02 15:15:00,NIFTY FIN SERVICE,bullish,156.4,161.12,120,566.37,100.63,465.74,pro_FVG+VP,intraday_square_off
2016-09-07 10:30:00,2016-09-07 12:00:00,NIFTY FIN SERVICE,bearish,164.42,164.29,120,-14.49,102.07,-116.56,pro_FVG+RSI_Div+VWAP,stop_loss_premium_phase3
2016-09-08 11:15:00,2016-09-08 12:45:00,NIFTY FIN SERVICE,bullish,183.36,187.59,120,507.3,109.51,397.79,pro_FVG+VP,stop_loss_premium_phase3
2016-09-09 10:45:00,2016-09-09 12:15:00,NIFTY FIN SERVICE,bearish,172.56,177.95,120,646.54,106.2,540.34,pro_LiqSweep+FVG+VWAP,stop_loss_premium_phase3
2016-09-09 14:15:00,2016-09-09 15:15:00,NIFTY FIN SERVICE,bearish,89.85,107.66,240,4276.17,116.3,4159.87,pro_FVG+OTE+VWAP,intraday_square_off
2016-09-14 09:45:00,2016-09-14 11:15:00,NIFTY FIN SERVICE,bullish,113.3,116.92,240,869.47,124.72,744.75,pro_LiqSweep+VP+RSI_Div,stop_loss_premium_phase3
2016-09-14 11:30:00,2016-09-14 12:30:00,NIFTY FIN SERVICE,bullish,187.38,224.14,120,4410.76,119.15,4291.61,pro_LiqSweep+VP,target
2016-09-21 09:45:00,2016-09-21 11:15:00,NIFTY FIN SERVICE,bullish,173.07,188.08,120,1801.01,108.83,1692.18,pro_LiqSweep+VP,stop_loss_premium_phase3
2016-09-21 11:30:00,2016-09-21 12:45:00,NIFTY FIN SERVICE,bullish,65.4,65.52,420,48.56,123.74,-75.18,pro_LiqSweep+VP,stop_loss_premium_phase2
2016-09-30 10:30:00,2016-09-30 12:00:00,NIFTY FIN SERVICE,bullish,183.51,179.84,120,-440.27,107.54,-547.81,pro_LiqSweep+OTE+RSI_Div,stop_loss_premium_phase3
2016-10-07 14:15:00,2016-10-07 15:15:00,NIFTY FIN SERVICE,bullish,178.25,174.37,120,-465.4,105.73,-571.13,pro_LiqSweep+FVG+VP+RSI_Div,intraday_square_off
2016-10-14 14:15:00,2016-10-14 15:15:00,NIFTY FIN SERVICE,bullish,61.94,53.42,420,-3582.21,111.98,-3694.19,pro_LiqSweep+VP,intraday_square_off
2016-10-19 10:00:00,2016-10-19 11:30:00,NIFTY FIN SERVICE,bearish,168.55,171.65,120,371.55,104.27,267.28,pro_OTE+RSI_Div+VWAP,stop_loss_premium_phase3
2016-10-21 10:15:00,2016-10-21 11:45:00,NIFTY FIN SERVICE,bullish,176.74,173.04,120,-444.25,105.27,-549.52,pro_FVG+OTE,stop_loss_premium_phase3
2016-10-21 14:15:00,2016-10-21 14:30:00,NIFTY FIN SERVICE,bullish,167.6,189.04,120,2573.34,108.64,2464.7,pro_FVG+OTE,target
2016-10-27 14:15:00,2016-10-27 14:45:00,NIFTY FIN SERVICE,bullish,66.41,89.74,420,9799.6,145.66,9653.94,pro_FVG+VP,target
2016-10-28 10:45:00,2016-10-28 12:15:00,NIFTY FIN SERVICE,bullish,168.95,168.51,180,-79.65,131.66,-211.31,pro_FVG+VP,stop_loss_premium_phase3
2016-11-03 10:30:00,2016-11-03 12:00:00,NIFTY FIN SERVICE,bearish,172.22,186.88,120,1758.86,108.45,1650.41,pro_LiqSweep+FVG+OTE+VWAP,stop_loss_premium_phase3
2016-11-04 09:30:00,2016-11-04 09:45:00,NIFTY FIN SERVICE,bearish,119.69,114.02,60,-340.49,66.46,-406.95,pro_FVG+OTE+VWAP,target
2016-11-11 09:30:00,2016-11-11 09:45:00,NIFTY FIN SERVICE,bearish,252.82,226.35,60,-1587.84,86.04,-1673.88,pro_LiqSweep+OTE+RSI_Div+VWAP,target
2016-11-17 10:00:00,2016-11-17 11:30:00,NIFTY FIN SERVICE,bearish,206.25,206.04,120,-24.92,116.02,-140.94,pro_LiqSweep+RSI_Div+VWAP,stop_loss_premium_phase3
2016-12-01 10:30:00,2016-12-01 12:15:00,NIFTY FIN SERVICE,bearish,166.28,203.18,180,6642.89,144.61,6498.28,pro_OTE+RSI_Div+VWAP,target
2016-12-07 10:00:00,2016-12-07 11:30:00,NIFTY FIN SERVICE,bearish,138.93,135.62,180,-594.85,115.52,-710.37,pro_FVG+RSI_Div+VWAP,stop_loss_premium_phase3
2016-12-08 10:00:00,2016-12-08 11:30:00,NIFTY FIN SERVICE,bearish,209.66,218.02,120,1002.71,119.35,883.36,pro_FVG+OTE+VWAP,stop_loss_premium_phase3
2016-12-14 10:00:00,2016-12-14 11:30:00,NIFTY FIN SERVICE,bearish,141.72,147.13,180,975.2,120.26,854.94,pro_LiqSweep+RSI_Div+VWAP,stop_loss_premium_phase3
2016-12-22 14:15:00,2016-12-22 15:15:00,NIFTY FIN SERVICE,bullish,56.86,59.37,540,1358.12,135.53,1222.59,pro_LiqSweep+RSI_Div,intraday_square_off
2016-12-23 09:45:00,2016-12-23 11:30:00,NIFTY FIN SERVICE,bullish,50.36,72.74,480,10739.27,137.31,10601.96,pro_LiqSweep+VP+OTE,target
2016-12-28 11:15:00,2016-12-28 12:15:00,NIFTY FIN SERVICE,bearish,169.95,169.78,180,-31.08,132.26,-163.34,pro_LiqSweep+RSI_Div+VWAP,stop_loss_premium_phase2
2016-12-29 09:45:00,2016-12-29 11:15:00,NIFTY FIN SERVICE,bullish,157.36,172.12,180,2657.58,131.67,2525.91,pro_LiqSweep+OTE,stop_loss_premium_phase3
2016-12-29 14:15:00,2016-12-29 15:00:00,NIFTY FIN SERVICE,bullish,171.13,200.75,180,5332.64,144.26,5188.38,pro_LiqSweep+VP,target
2016-12-30 09:45:00,2016-12-30 11:15:00,NIFTY FIN SERVICE,bullish,82.36,82.1,420,-111.88,143.23,-255.11,pro_LiqSweep+VP,stop_loss_premium_phase3
2016-12-30 14:15:00,2016-12-30 14:30:00,NIFTY FIN SERVICE,bullish,170.54,190.59,180,3608.25,140.3,3467.95,pro_LiqSweep+VP,target
2017-01-06 14:15:00,2017-01-06 15:15:00,NIFTY FIN SERVICE,bearish,166.31,178.72,180,2233.72,135.25,2098.47,pro_LiqSweep+OTE+RSI_Div+VWAP,intraday_square_off
2017-01-18 10:45:00,2017-01-18 12:15:00,NIFTY FIN SERVICE,bullish,113.2,117.26,300,1218.77,144.29,1074.48,pro_FVG+VP,stop_loss_premium_phase3
2017-01-18 14:15:00,2017-01-18 15:15:00,NIFTY FIN SERVICE,bullish,74.68,82.21,480,3612.63,154.64,3457.99,pro_FVG+OTE,intraday_square_off
2017-02-06 09:30:00,2017-02-06 11:00:00,NIFTY FIN SERVICE,bearish,96.43,90.2,300,-1870.85,123.73,-1994.58,pro_LiqSweep+RSI_Div+VWAP,stop_loss_premium_phase3
2017-02-08 10:00:00,2017-02-08 11:30:00,NIFTY FIN SERVICE,bullish,153.04,152.68,240,-85.03,149.23,-234.26,pro_LiqSweep+FVG,stop_loss_premium_phase3
2017-02-08 14:15:00,2017-02-08 15:15:00,NIFTY FIN SERVICE,bullish,54.36,70.61,720,11699.4,181.0,11518.4,pro_LiqSweep+FVG+VP+OTE,intraday_square_off
2017-02-09 09:45:00,2017-02-09 10:45:00,NIFTY FIN SERVICE,bullish,169.62,169.53,240,-22.42,160.44,-182.86,pro_LiqSweep+VP,stop_loss_premium_phase2
2017-02-16 14:15:00,2017-02-16 15:15:00,NIFTY FIN SERVICE,bullish,58.25,64.42,720,4441.78,173.35,4268.43,pro_LiqSweep+VP+RSI_Div,intraday_square_off
2017-02-17 10:00:00,2017-02-17 11:30:00,NIFTY FIN SERVICE,bearish,191.25,187.55,180,-667.04,141.58,-808.62,pro_FVG+OTE+VWAP,stop_loss_premium_phase3
2017-02-23 11:15:00,2017-02-23 12:45:00,NIFTY FIN SERVICE,bearish,148.52,161.47,240,3106.95,153.0,2953.95,pro_LiqSweep+OTE+VWAP,stop_loss_premium_phase3
2017-03-01 09:45:00,2017-03-01 11:15:00,NIFTY FIN SERVICE,bullish,185.33,187.67,180,421.28,140.93,280.35,pro_LiqSweep+VP,stop_loss_premium_phase3
2017-03-01 11:30:00,2017-03-01 13:00:00,NIFTY FIN SERVICE,bullish,177.72,180.79,240,736.98,167.46,569.52,pro_FVG+VP,stop_loss_premium_phase3
2017-03-02 09:30:00,2017-03-02 11:00:00,NIFTY FIN SERVICE,bearish,58.82,62.57,540,2025.65,139.89,1885.76,pro_LiqSweep+RSI_Div+VWAP,stop_loss_premium_phase3
2017-03-08 09:45:00,2017-03-08 11:00:00,NIFTY FIN SERVICE,bullish,161.3,160.94,240,-87.86,154.74,-242.6,pro_FVG+VP,stop_loss_premium_phase2
2017-03-08 14:15:00,2017-03-08 15:15:00,NIFTY FIN SERVICE,bullish,109.53,121.27,360,4225.27,165.92,4059.35,pro_FVG+VP,intraday_square_off
2017-03-17 09:45:00,2017-03-17 10:45:00,NIFTY FIN SERVICE,bullish,59.58,59.69,720,77.78,166.74,-88.96,pro_LiqSweep+OTE+RSI_Div,stop_loss_premium_phase2
2017-03-17 11:00:00,2017-03-17 12:30:00,NIFTY FIN SERVICE,bullish,52.87,54.28,840,1183.1,173.31,1009.79,pro_LiqSweep+FVG,stop_loss_premium_phase3
2017-03-17 14:15:00,2017-03-17 15:00:00,NIFTY FIN SERVICE,bullish,45.62,62.74,960,16441.72,204.03,16237.69,pro_LiqSweep+FVG,target
2017-03-30 14:15:00,2017-03-30 14:45:00,NIFTY FIN SERVICE,bearish,46.83,60.39,1020,13831.9,209.54,13622.36,pro_LiqSweep+RSI_Div+VWAP,target
2017-04-06 09:30:00,2017-04-06 11:00:00,NIFTY FIN SERVICE,bullish,133.97,139.12,300,1546.35,162.33,1384.02,pro_FVG+VP,stop_loss_premium_phase3
2017-04-07 09:30:00,2017-04-07 10:15:00,NIFTY FIN SERVICE,bullish,173.83,181.09,240,1742.19,167.0,1575.19,pro_LiqSweep+OTE,target
2017-04-13 14:15:00,2017-04-13 15:15:00,NIFTY FIN SERVICE,bearish,169.67,171.05,300,415.99,189.73,226.26,pro_FVG+OTE+VWAP,intraday_square_off
2017-04-19 10:45:00,2017-04-19 12:15:00,NIFTY FIN SERVICE,bullish,168.21,168.02,300,-56.95,187.5,-244.45,pro_FVG+OTE,stop_loss_premium_phase3
2017-04-19 14:15:00,2017-04-19 15:15:00,NIFTY FIN SERVICE,bullish,102.97,102.65,480,-149.94,184.42,-334.36,pro_LiqSweep+VP,intraday_square_off
2017-04-27 10:45:00,2017-04-27 12:15:00,NIFTY FIN SERVICE,bullish,182.59,182.15,240,-106.24,168.92,-275.16,pro_LiqSweep+VP,stop_loss_premium_phase3
2017-05-03 09:45:00,2017-05-03 11:30:00,NIFTY FIN SERVICE,bearish,102.31,114.04,480,5630.0,195.83,5434.17,pro_LiqSweep+OTE+VWAP,stop_loss_premium_phase3
2017-05-12 09:30:00,2017-05-12 09:45:00,NIFTY FIN SERVICE,bearish,88.19,74.86,120,-1599.63,73.25,-1672.88,pro_LiqSweep+FVG+RSI_Div+VWAP,target
2017-05-12 11:00:00,2017-05-12 12:45:00,NIFTY FIN SERVICE,bearish,91.55,101.23,540,5227.11,195.89,5031.22,pro_LiqSweep+VP+VWAP,stop_loss_premium_phase3
2017-05-15 09:30:00,2017-05-15 09:45:00,NIFTY FIN SERVICE,bullish,250.59,194.95,60,-3338.04,81.94,-3419.98,pro_LiqSweep+OTE+RSI_Div,target
2017-05-18 14:15:00,2017-05-18 15:15:00,NIFTY FIN SERVICE,bullish,54.25,44.11,960,-9742.17,171.43,-9913.6,pro_FVG+VP+OTE,intraday_square_off
2017-05-26 11:15:00,2017-05-26 12:45:00,NIFTY FIN SERVICE,bearish,145.36,145.03,360,-119.7,192.57,-312.27,pro_LiqSweep+RSI_Div+VWAP,stop_loss_premium_phase3
2017-05-31 09:45:00,2017-05-31 11:15:00,NIFTY FIN SERVICE,bullish,110.48,110.15,420,-140.83,176.03,-316.86,pro_LiqSweep+VP,stop_loss_premium_phase3
2017-05-31 14:15:00,2017-05-31 15:15:00,NIFTY FIN SERVICE,bullish,68.92,83.55,720,10531.18,207.69,10323.49,pro_LiqSweep+VP,intraday_square_off
2017-06-02 14:15:00,2017-06-02 15:15:00,NIFTY FIN SERVICE,bearish,48.06,53.51,1140,6207.47,212.87,5994.6,pro_LiqSweep+OTE+RSI_Div+VWAP,intraday_square_off
2017-06-09 10:45:00,2017-06-09 12:15:00,NIFTY FIN SERVICE,bearish,61.97,66.23,900,3834.06,210.55,3623.51,pro_LiqSweep+FVG+OTE+VWAP,stop_loss_premium_phase3
2017-06-16 09:45:00,2017-06-16 11:15:00,NIFTY FIN SERVICE,bullish,65.35,67.16,840,1515.26,203.19,1312.07,pro_LiqSweep+VP+RSI_Div,stop_loss_premium_phase3
2017-06-30 10:45:00,2017-06-30 12:30:00,NIFTY FIN SERVICE,bullish,187.55,212.43,300,7461.95,219.64,7242.31,pro_FVG+OTE+RSI_Div,stop_loss_premium_phase3
2017-07-03 09:30:00,2017-07-03 10:45:00,NIFTY FIN SERVICE,bullish,45.43,86.6,1020,41991.22,265.45,41725.77,pro_LiqSweep+VP,target
2017-07-05 09:45:00,2017-07-05 11:15:00,NIFTY FIN SERVICE,bullish,175.86,191.75,360,5720.92,235.54,5485.38,pro_LiqSweep+OTE,stop_loss_premium_phase3
2017-07-10 09:30:00,2017-07-10 09:45:00,NIFTY FIN SERVICE,bullish,185.29,183.05,180,-402.63,139.15,-541.78,pro_VP+OTE+RSI_Div,target
2017-07-12 11:00:00,2017-07-12 12:30:00,NIFTY FIN SERVICE,bullish,170.45,169.97,360,-173.79,217.59,-391.38,pro_FVG+OTE,stop_loss_premium_phase3
2017-07-12 14:15:00,2017-07-12 15:00:00,NIFTY FIN SERVICE,bullish,76.67,92.91,900,14613.77,270.3,14343.47,pro_VP+RSI_Div,target
2017-07-14 11:00:00,2017-07-14 12:00:00,NIFTY FIN SERVICE,bullish,177.29,210.28,420,13854.55,283.88,13570.67,pro_LiqSweep+FVG,target
2017-07-14 14:15:00,2017-07-14 15:00:00,NIFTY FIN SERVICE,bullish,176.28,201.55,420,10614.47,275.8,10338.67,pro_LiqSweep+VP,target
2017-07-19 09:45:00,2017-07-19 11:15:00,NIFTY FIN SERVICE,bullish,171.04,170.64,420,-167.51,246.75,-414.26,pro_LiqSweep+VP,stop_loss_premium_phase3
2017-07-19 11:30:00,2017-07-19 13:00:00,NIFTY FIN SERVICE,bullish,172.69,172.24,420,-187.98,248.63,-436.61,pro_LiqSweep+VP,stop_loss_premium_phase3
2017-07-26 09:45:00,2017-07-26 11:15:00,NIFTY FIN SERVICE,bullish,176.1,175.69,420,-170.65,252.66,-423.31,pro_LiqSweep+VP+RSI_Div,stop_loss_premium_phase3
2017-07-26 11:30:00,2017-07-26 13:00:00,NIFTY FIN SERVICE,bullish,173.96,186.86,420,5419.6,262.04,5157.56,pro_LiqSweep+VP,stop_loss_premium_phase3
2017-07-26 14:15:00,2017-07-26 15:00:00,NIFTY FIN SERVICE,bullish,180.68,206.54,420,10859.29,281.47,10577.82,pro_LiqSweep+VP,target
2017-08-04 09:45:00,2017-08-04 10:45:00,NIFTY FIN SERVICE,bullish,109.08,108.74,720,-241.66,265.23,-506.89,pro_LiqSweep+OTE,stop_loss_premium_phase2
2017-08-10 09:30:00,2017-08-10 09:45:00,NIFTY FIN SERVICE,bearish,207.12,170.67,60,-2187.09,77.13,-2264.22,pro_FVG+OTE+VWAP,target
2017-08-18 14:15:00,2017-08-18 15:15:00,NIFTY FIN SERVICE,bullish,57.43,70.72,1440,19134.47,318.03,18816.44,pro_LiqSweep+RSI_Div,intraday_square_off
2017-08-24 09:45:00,2017-08-24 11:15:00,NIFTY FIN SERVICE,bearish,168.64,175.09,480,3094.48,279.04,2815.44,pro_LiqSweep+RSI_Div+VWAP,stop_loss_premium_phase3
2017-08-31 11:30:00,2017-08-31 13:00:00,NIFTY FIN SERVICE,bullish,83.41,83.18,1020,-238.8,283.46,-522.26,pro_FVG+OTE,stop_loss_premium_phase3
2017-08-31 14:15:00,2017-08-31 15:00:00,NIFTY FIN SERVICE,bullish,180.42,207.0,480,12758.11,315.32,12442.79,pro_VP+RSI_Div,target
2017-09-04 09:30:00,2017-09-04 09:45:00,NIFTY FIN SERVICE,bearish,87.98,69.94,180,-3247.24,84.37,-3331.61,pro_LiqSweep+RSI_Div+VWAP,target
2017-09-14 09:30:00,2017-09-14 11:00:00,NIFTY FIN SERVICE,bearish,89.37,97.81,1020,8603.72,319.17,8284.55,pro_LiqSweep+OTE+RSI_Div+VWAP,stop_loss_premium_phase3
2017-09-21 11:00:00,2017-09-21 12:30:00,NIFTY FIN SERVICE,bearish,166.07,174.98,540,4815.06,306.99,4508.07,pro_LiqSweep+FVG+VWAP,stop_loss_premium_phase3
2017-09-27 10:00:00,2017-09-27 11:30:00,NIFTY FIN SERVICE,bearish,176.56,189.05,480,5994.04,295.79,5698.25,pro_LiqSweep+RSI_Div+VWAP,stop_loss_premium_phase3
2017-09-28 14:15:00,2017-09-28 15:00:00,NIFTY FIN SERVICE,bullish,118.77,157.26,780,30022.5,368.85,29653.65,pro_LiqSweep+VP+RSI_Div,target
2017-10-04 11:00:00,2017-10-04 12:30:00,NIFTY FIN SERVICE,bullish,180.55,180.04,540,-274.57,317.93,-592.5,pro_FVG+VP+RSI_Div,stop_loss_premium_phase3
2017-10-06 09:45:00,2017-10-06 11:30:00,NIFTY FIN SERVICE,bullish,56.78,56.93,1800,263.26,332.18,-68.92,pro_FVG+VP,stop_loss_premium_phase3
2017-10-26 14:15:00,2017-10-26 15:00:00,NIFTY FIN SERVICE,bullish,185.02,231.19,540,24932.17,378.25,24553.92,pro_LiqSweep+VP+RSI_Div,target
2017-11-03 10:00:00,2017-11-03 11:00:00,NIFTY FIN SERVICE,bearish,101.65,101.67,1020,20.94,335.78,-314.84,pro_LiqSweep+FVG+VWAP,stop_loss_premium_phase2
2017-11-16 09:45:00,2017-11-16 11:15:00,NIFTY FIN SERVICE,bullish,113.6,120.23,960,6369.59,364.22,6005.37,pro_FVG+VP,stop_loss_premium_phase3
2017-11-22 09:45:00,2017-11-22 11:15:00,NIFTY FIN SERVICE,bullish,184.8,184.6,540,-106.93,324.68,-431.61,pro_VP+RSI_Div,stop_loss_premium_phase3
2017-11-22 11:30:00,2017-11-22 13:00:00,NIFTY FIN SERVICE,bullish,169.79,184.03,600,8542.99,348.87,8194.12,pro_FVG+VP,stop_loss_premium_phase3
2017-11-23 10:45:00,2017-11-23 12:15:00,NIFTY FIN SERVICE,bullish,81.13,86.62,1380,7575.66,374.87,7200.79,pro_LiqSweep+VP+OTE,stop_loss_premium_phase3
2017-11-29 10:30:00,2017-11-29 12:00:00,NIFTY FIN SERVICE,bearish,139.14,139.05,780,-65.21,349.07,-414.28,pro_FVG+RSI_Div+VWAP,stop_loss_premium_phase3
2017-12-13 11:30:00,2017-12-13 13:00:00,NIFTY FIN SERVICE,bullish,116.08,125.81,960,9339.47,377.16,8962.31,pro_FVG+VP,stop_loss_premium_phase3
2017-12-14 10:15:00,2017-12-14 11:15:00,NIFTY FIN SERVICE,bullish,189.7,186.18,600,-2110.47,359.45,-2469.92,pro_LiqSweep+OTE,stop_loss_premium_phase2
2017-12-14 14:15:00,2017-12-14 15:00:00,NIFTY FIN SERVICE,bullish,183.33,230.14,600,28086.76,413.02,27673.74,pro_LiqSweep+VP,target
2017-12-20 09:45:00,2017-12-20 11:00:00,NIFTY FIN SERVICE,bearish,152.21,151.81,780,-311.21,376.92,-688.13,pro_LiqSweep+RSI_Div+VWAP,stop_loss_premium_phase2
2017-12-29 09:45:00,2017-12-29 11:15:00,NIFTY FIN SERVICE,bullish,167.99,172.97,720,3588.97,391.41,3197.56,pro_LiqSweep+VP,stop_loss_premium_phase3
2017-12-29 11:30:00,2017-12-29 13:00:00,NIFTY FIN SERVICE,bullish,85.72,85.78,1440,86.31,390.9,-304.59,pro_LiqSweep+VP,stop_loss_premium_phase3
2018-01-04 09:45:00,2018-01-04 11:15:00,NIFTY FIN SERVICE,bullish,80.93,80.76,1500,-255.02,384.48,-639.5,pro_VP+OTE,stop_loss_premium_phase3
2018-01-05 09:30:00,2018-01-05 09:45:00,NIFTY FIN SERVICE,bullish,218.34,205.6,180,-2292.69,151.69,-2444.38,pro_LiqSweep+VP,target
2018-01-08 14:15:00,2018-01-08 15:15:00,NIFTY FIN SERVICE,bullish,164.01,175.12,720,7995.9,392.82,7603.08,pro_LiqSweep+FVG+VP+OTE,intraday_square_off
2018-01-11 10:45:00,2018-01-11 13:00:00,NIFTY FIN SERVICE,bullish,75.25,87.49,1620,19815.93,428.59,19387.34,pro_LiqSweep+VP,stop_loss_premium_phase3
2018-01-12 11:30:00,2018-01-12 12:30:00,NIFTY FIN SERVICE,bullish,176.67,176.17,720,-360.24,400.41,-760.65,pro_LiqSweep+FVG+VP,stop_loss_premium_phase2
2018-01-17 09:45:00,2018-01-17 11:15:00,NIFTY FIN SERVICE,bullish,197.97,207.41,600,5666.78,389.79,5276.99,pro_LiqSweep+VP,stop_loss_premium_phase3
2018-01-17 11:30:00,2018-01-17 13:00:00,NIFTY FIN SERVICE,bullish,191.38,200.66,660,6124.86,411.73,5713.13,pro_LiqSweep+VP+RSI_Div,stop_loss_premium_phase3
2018-01-19 09:45:00,2018-01-19 11:15:00,NIFTY FIN SERVICE,bullish,188.79,219.95,660,20569.55,437.67,20131.88,pro_LiqSweep+FVG,stop_loss_premium_phase3
2018-01-19 11:30:00,2018-01-19 13:00:00,NIFTY FIN SERVICE,bullish,192.37,191.81,660,-368.44,399.73,-768.17,pro_LiqSweep+FVG+VP,stop_loss_premium_phase3
2018-01-19 14:15:00,2018-01-19 15:00:00,NIFTY FIN SERVICE,bullish,84.53,126.66,1560,65724.54,553.91,65170.63,pro_LiqSweep+FVG+VP,target
2018-01-24 09:45:00,2018-01-24 11:30:00,NIFTY FIN SERVICE,bullish,188.24,201.04,780,9977.87,477.02,9500.85,pro_LiqSweep+RSI_Div,stop_loss_premium_phase3
2018-01-24 14:15:00,2018-01-24 15:15:00,NIFTY FIN SERVICE,bullish,184.45,196.52,840,10139.03,499.91,9639.12,pro_LiqSweep+VP,intraday_square_off
2018-01-25 09:45:00,2018-01-25 11:15:00,NIFTY FIN SERVICE,bullish,184.33,183.81,840,-435.29,477.16,-912.45,pro_LiqSweep+VP,stop_loss_premium_phase3
2018-01-25 11:30:00,2018-01-25 13:00:00,NIFTY FIN SERVICE,bullish,167.1,166.7,900,-359.49,464.95,-824.44,pro_LiqSweep+VP+OTE,stop_loss_premium_phase3
2018-01-31 09:45:00,2018-01-31 10:45:00,NIFTY FIN SERVICE,bullish,190.55,186.82,780,-2910.58,454.62,-3365.2,pro_VP+RSI_Div,stop_loss_premium_phase2
2018-02-01 09:30:00,2018-02-01 09:45:00,NIFTY FIN SERVICE,bullish,248.19,203.47,120,-5366.86,118.67,-5485.53,pro_FVG+VP,target
2018-02-09 14:15:00,2018-02-09 15:15:00,NIFTY FIN SERVICE,bullish,111.39,101.49,1380,-13667.24,445.91,-14113.15,pro_LiqSweep+FVG+VP,intraday_square_off
2018-02-14 10:15:00,2018-02-14 11:45:00,NIFTY FIN SERVICE,bearish,164.59,164.12,900,-421.96,458.52,-880.48,pro_FVG+OTE+VWAP,stop_loss_premium_phase3
2018-02-14 14:15:00,2018-02-14 14:45:00,NIFTY FIN SERVICE,bearish,140.27,166.86,1080,28716.11,529.83,28186.28,pro_FVG+RSI_Div+VWAP,target
2018-02-16 14:15:00,2018-02-16 15:15:00,NIFTY FIN SERVICE,bearish,162.37,174.48,960,11620.89,505.69,11115.2,pro_LiqSweep+FVG+VWAP,intraday_square_off
2018-02-21 14:15:00,2018-02-21 15:15:00,NIFTY FIN SERVICE,bearish,107.87,104.31,1440,-5123.79,468.55,-5592.34,pro_FVG+OTE+VWAP,intraday_square_off
2018-02-22 14:15:00,2018-02-22 15:00:00,NIFTY FIN SERVICE,bullish,170.13,206.21,900,32468.21,542.34,31925.87,pro_LiqSweep+VP+OTE+RSI_Div,target
2018-02-23 09:45:00,2018-02-23 11:15:00,NIFTY FIN SERVICE,bullish,105.68,122.42,1560,26112.58,561.5,25551.08,pro_LiqSweep+VP,stop_loss_premium_phase3
2018-02-23 11:30:00,2018-02-23 13:00:00,NIFTY FIN SERVICE,bullish,178.57,182.7,960,3963.46,532.67,3430.79,pro_LiqSweep+FVG+VP,stop_loss_premium_phase3
2018-03-07 09:45:00,2018-03-07 11:30:00,NIFTY FIN SERVICE,bearish,180.67,203.93,960,22332.3,577.34,21754.96,pro_LiqSweep+FVG+VWAP,stop_loss_premium_phase3
2018-03-08 09:30:00,2018-03-08 11:00:00,NIFTY FIN SERVICE,bearish,138.52,160.44,1020,22361.31,487.93,21873.38,pro_LiqSweep+FVG+VWAP,stop_loss_premium_phase3
2018-03-12 09:30:00,2018-03-12 11:00:00,NIFTY FIN SERVICE,bearish,102.76,102.52,1440,-341.27,458.24,-799.51,pro_FVG+OTE+RSI_Div+VWAP,stop_loss_premium_phase3
2018-03-15 09:30:00,2018-03-15 09:45:00,NIFTY FIN SERVICE,bullish,253.96,231.8,180,-3989.12,165.93,-4155.05,pro_LiqSweep+VP,target
2018-03-15 11:15:00,2018-03-15 12:45:00,NIFTY FIN SERVICE,bearish,176.09,172.8,1020,-3355.0,539.89,-3894.89,pro_FVG+OTE+RSI_Div+VWAP,stop_loss_premium_phase3
2018-03-28 14:15:00,2018-03-28 15:15:00,NIFTY FIN SERVICE,bullish,184.87,165.12,960,-18960.28,500.75,-19461.03,pro_LiqSweep+VP+RSI_Div,intraday_square_off
2018-04-04 09:45:00,2018-04-04 11:15:00,NIFTY FIN SERVICE,bullish,173.21,186.5,1020,13564.51,567.68,12996.83,pro_LiqSweep+VP,stop_loss_premium_phase3
2018-04-06 09:45:00,2018-04-06 11:15:00,NIFTY FIN SERVICE,bullish,89.07,100.74,2040,23803.51,603.45,23200.06,pro_FVG+VP,stop_loss_premium_phase3
2018-04-06 14:15:00,2018-04-06 14:45:00,NIFTY FIN SERVICE,bullish,62.48,89.81,3000,81990.6,743.19,81247.41,pro_LiqSweep+VP,target
2018-04-11 10:15:00,2018-04-11 11:45:00,NIFTY FIN SERVICE,bearish,151.51,151.5,1320,-12.48,603.72,-616.2,pro_LiqSweep+FVG+VWAP,stop_loss_premium_phase3
2018-04-11 14:15:00,2018-04-11 15:15:00,NIFTY FIN SERVICE,bearish,101.43,95.56,2040,-11988.91,597.54,-12586.45,pro_FVG+OTE+VWAP,intraday_square_off
2018-04-12 14:15:00,2018-04-12 15:15:00,NIFTY FIN SERVICE,bullish,80.98,96.28,2520,38552.14,697.09,37855.05,pro_FVG+VP,intraday_square_off
2018-04-13 10:30:00,2018-04-13 12:15:00,NIFTY FIN SERVICE,bullish,74.71,86.25,2820,32543.21,702.69,31840.52,pro_FVG+VP,stop_loss_premium_phase3
2018-04-13 14:15:00,2018-04-13 15:15:00,NIFTY FIN SERVICE,bullish,152.62,173.96,1440,30735.43,724.14,30011.29,pro_LiqSweep+FVG,intraday_square_off
2018-04-18 11:15:00,2018-04-18 12:45:00,NIFTY FIN SERVICE,bearish,167.38,181.5,1320,18642.99,701.67,17941.32,pro_LiqSweep+OTE+VWAP,stop_loss_premium_phase3
2018-04-20 14:15:00,2018-04-20 15:15:00,NIFTY FIN SERVICE,bullish,53.46,59.88,3000,19240.51,534.44,18706.07,pro_LiqSweep+RSI_Div,intraday_square_off
2018-04-26 11:00:00,2018-04-26 12:30:00,NIFTY FIN SERVICE,bullish,174.9,174.41,1320,-651.0,688.28,-1339.28,pro_LiqSweep+OTE,stop_loss_premium_phase3
2018-04-26 14:15:00,2018-04-26 15:00:00,NIFTY FIN SERVICE,bullish,170.5,201.58,1380,42886.03,793.17,42092.86,pro_LiqSweep+VP,target
2018-04-27 09:45:00,2018-04-27 11:15:00,NIFTY FIN SERVICE,bullish,105.77,112.89,2340,16663.0,771.37,15891.63,pro_LiqSweep+FVG+VP,stop_loss_premium_phase3
2018-04-27 11:30:00,2018-04-27 13:00:00,NIFTY FIN SERVICE,bullish,109.46,113.68,2280,9629.29,762.16,8867.13,pro_LiqSweep+VP,stop_loss_premium_phase3
2018-05-10 09:30:00,2018-05-10 09:45:00,NIFTY FIN SERVICE,bullish,216.12,196.2,420,-8370.05,282.0,-8652.05,pro_FVG+VP,target
2018-05-25 09:45:00,2018-05-25 11:15:00,NIFTY FIN SERVICE,bullish,164.53,172.65,1500,12185.95,759.9,11426.05,pro_FVG+VP,stop_loss_premium_phase3
2018-05-25 11:30:00,2018-05-25 13:00:00,NIFTY FIN SERVICE,bullish,107.84,107.83,2340,-34.4,749.38,-783.78,pro_LiqSweep+FVG+VP,stop_loss_premium_phase3
2018-05-25 14:15:00,2018-05-25 15:15:00,NIFTY FIN SERVICE,bullish,54.86,52.05,3000,-8431.69,487.3,-8918.99,pro_LiqSweep+VP,intraday_square_off
2018-06-01 10:45:00,2018-06-01 12:15:00,NIFTY FIN SERVICE,bearish,189.74,205.97,1320,21422.95,789.74,20633.21,pro_FVG+OTE+VWAP,stop_loss_premium_phase3
2018-06-06 09:45:00,2018-06-06 11:15:00,NIFTY FIN SERVICE,bullish,187.01,193.33,1380,8715.83,783.9,7931.93,pro_VP+RSI_Div,stop_loss_premium_phase3
2018-06-14 09:30:00,2018-06-14 09:45:00,NIFTY FIN SERVICE,bearish,208.15,191.15,420,-7140.6,275.3,-7415.9,pro_LiqSweep+OTE+VWAP,target
2018-06-15 11:30:00,2018-06-15 13:00:00,NIFTY FIN SERVICE,bearish,53.58,72.75,3000,57497.01,616.79,56880.22,pro_LiqSweep+RSI_Div+VWAP,target
2018-06-15 14:15:00,2018-06-15 15:15:00,NIFTY FIN SERVICE,bearish,60.82,54.49,3000,-18991.62,514.55,-19506.17,pro_LiqSweep+FVG+VWAP,intraday_square_off
2018-06-20 09:45:00,2018-06-20 11:30:00,NIFTY FIN SERVICE,bullish,192.76,212.59,1380,27362.77,845.64,26517.13,pro_LiqSweep+FVG+VP+RSI_Div,stop_loss_premium_phase3
2018-06-22 10:45:00,2018-06-22 12:15:00,NIFTY FIN SERVICE,bullish,76.29,86.82,3000,31598.64,751.29,30847.35,pro_LiqSweep+OTE,stop_loss_premium_phase3
2018-06-22 14:15:00,2018-06-22 14:30:00,NIFTY FIN SERVICE,bullish,66.1,91.08,3000,74945.51,758.4,74187.11,pro_LiqSweep+VP,target
2018-06-27 10:00:00,2018-06-27 11:30:00,NIFTY FIN SERVICE,bullish,177.38,174.16,1680,-5402.05,864.98,-6267.03,pro_LiqSweep+VP,stop_loss_premium_phase3
2018-06-28 10:00:00,2018-06-28 11:15:00,NIFTY FIN SERVICE,bullish,167.92,163.92,1740,-6957.47,845.5,-7802.97,pro_LiqSweep+OTE+RSI_Div,stop_loss_premium_phase2
2018-06-29 10:00:00,2018-06-29 11:30:00,NIFTY FIN SERVICE,bullish,177.72,177.57,1620,-231.16,847.88,-1079.04,pro_FVG+VP,stop_loss_premium_phase3
2018-07-04 09:45:00,2018-07-04 11:15:00,NIFTY FIN SERVICE,bullish,178.57,199.14,1620,33327.17,923.08,32404.09,pro_LiqSweep+VP+OTE,stop_loss_premium_phase3
2018-07-04 11:30:00,2018-07-04 13:00:00,NIFTY FIN SERVICE,bullish,115.23,123.85,2640,22739.68,942.12,21797.56,pro_LiqSweep+VP,stop_loss_premium_phase3
2018-07-05 10:00:00,2018-07-05 11:30:00,NIFTY FIN SERVICE,bearish,173.58,180.11,1740,11355.15,911.84,10443.31,pro_LiqSweep+RSI_Div+VWAP,stop_loss_premium_phase3
2018-07-06 14:15:00,2018-07-06 15:00:00,NIFTY FIN SERVICE,bearish,53.79,71.73,3000,53836.35,610.71,53225.64,pro_LiqSweep+OTE+VWAP,target
2018-07-13 09:45:00,2018-07-13 10:45:00,NIFTY FIN SERVICE,bullish,119.16,119.17,2700,46.47,942.59,-896.12,pro_LiqSweep+VP,stop_loss_premium_phase2
2018-07-13 11:00:00,2018-07-13 12:30:00,NIFTY FIN SERVICE,bullish,183.1,192.58,1740,16499.53,968.87,15530.66,pro_LiqSweep+VP,stop_loss_premium_phase3
2018-07-20 09:45:00,2018-07-20 11:15:00,NIFTY FIN SERVICE,bullish,190.24,193.81,1740,6200.46,981.55,5218.91,pro_LiqSweep+RSI_Div,stop_loss_premium_phase3
2018-07-20 11:30:00,2018-07-20 13:00:00,NIFTY FIN SERVICE,bullish,113.81,122.34,2880,24581.8,1011.56,23570.24,pro_LiqSweep+VP,stop_loss_premium_phase3
2018-07-26 10:45:00,2018-07-26 12:15:00,NIFTY FIN SERVICE,bullish,114.05,127.18,2940,38586.71,1062.37,37524.34,pro_FVG+VP,stop_loss_premium_phase3
2018-07-27 09:45:00,2018-07-27 11:15:00,NIFTY FIN SERVICE,bullish,170.0,169.5,2040,-1014.54,1010.11,-2024.65,pro_LiqSweep+VP+RSI_Div,stop_loss_premium_phase3
2018-07-27 11:30:00,2018-07-27 13:00:00,NIFTY FIN SERVICE,bullish,165.71,168.51,2040,5709.69,1000.08,4709.61,pro_LiqSweep+VP,stop_loss_premium_phase3
2018-08-02 09:30:00,2018-08-02 09:45:00,NIFTY FIN SERVICE,bearish,223.56,185.18,360,-13815.02,241.79,-14056.81,pro_LiqSweep+VP+VWAP,target
2018-08-08 09:45:00,2018-08-08 10:45:00,NIFTY FIN SERVICE,bullish,171.21,211.78,1980,80324.09,1161.39,79162.7,pro_LiqSweep+FVG+VP,target
2018-08-10 09:45:00,2018-08-10 11:15:00,NIFTY FIN SERVICE,bearish,154.3,158.69,2340,10256.84,1073.79,9183.05,pro_LiqSweep+FVG+VWAP,stop_loss_premium_phase3
2018-08-17 09:45:00,2018-08-17 10:45:00,NIFTY FIN SERVICE,bearish,106.6,106.63,3000,70.92,937.33,-866.41,pro_LiqSweep+FVG+OTE+VWAP,stop_loss_premium_phase2
2018-08-17 11:30:00,2018-08-17 13:00:00,NIFTY FIN SERVICE,bearish,174.32,186.73,2100,26055.9,1121.31,24934.59,pro_LiqSweep+FVG+VWAP,stop_loss_premium_phase3
2018-08-17 14:15:00,2018-08-17 15:15:00,NIFTY FIN SERVICE,bearish,46.59,48.02,3000,4266.42,445.26,3821.16,pro_LiqSweep+FVG+VWAP,intraday_square_off
2018-08-31 09:30:00,2018-08-31 10:30:00,NIFTY FIN SERVICE,bullish,75.1,58.66,1800,-29592.36,360.46,-29952.82,pro_LiqSweep+VP+OTE+RSI_Div,stop_loss_premium_phase2
2018-09-05 09:45:00,2018-09-05 11:15:00,NIFTY FIN SERVICE,bullish,175.07,174.66,2040,-833.08,1039.26,-1872.34,pro_LiqSweep+OTE,stop_loss_premium_phase3
2018-09-07 11:00:00,2018-09-07 12:30:00,NIFTY FIN SERVICE,bullish,168.49,168.38,2160,-254.7,1059.45,-1314.15,pro_FVG+VP,stop_loss_premium_phase3
2018-09-07 14:15:00,2018-09-07 14:45:00,NIFTY FIN SERVICE,bullish,180.95,216.36,1980,70116.04,1193.29,68922.75,pro_VP+RSI_Div,target
2018-09-28 09:45:00,2018-09-28 11:30:00,NIFTY FIN SERVICE,bullish,172.35,206.08,2220,74899.62,1271.19,73628.43,pro_LiqSweep+OTE,stop_loss_premium_phase3
2018-10-05 10:00:00,2018-10-05 11:30:00,NIFTY FIN SERVICE,bearish,198.35,201.35,1980,5953.04,1152.73,4800.31,pro_FVG+OTE+VWAP,stop_loss_premium_phase3
2018-10-12 11:00:00,2018-10-12 12:30:00,NIFTY FIN SERVICE,bearish,207.41,212.74,1920,10223.64,1177.14,9046.5,pro_FVG+RSI_Div+VWAP,stop_loss_premium_phase3
2018-10-19 14:15:00,2018-10-19 15:15:00,NIFTY FIN SERVICE,bullish,182.38,174.56,2220,-17351.66,1136.99,-18488.65,pro_VP+RSI_Div,intraday_square_off
2018-10-25 10:15:00,2018-10-25 11:45:00,NIFTY FIN SERVICE,bullish,211.23,211.02,1860,-390.29,1139.69,-1529.98,pro_LiqSweep+FVG+OTE,stop_loss_premium_phase3
2018-10-26 09:30:00,2018-10-26 11:00:00,NIFTY FIN SERVICE,bullish,113.09,149.81,2820,103559.21,1154.86,102404.35,pro_LiqSweep+OTE,stop_loss_premium_phase3
2018-10-31 14:15:00,2018-10-31 15:15:00,NIFTY FIN SERVICE,bullish,186.11,218.68,2280,74258.36,1385.95,72872.41,pro_FVG+VP,intraday_square_off
2018-11-09 10:45:00,2018-11-09 12:15:00,NIFTY FIN SERVICE,bullish,162.89,171.1,2700,22160.87,1318.24,20842.63,pro_VP+RSI_Div,stop_loss_premium_phase3
2018-11-15 10:00:00,2018-11-15 12:30:00,NIFTY FIN SERVICE,bullish,184.15,213.12,2400,69536.36,1424.95,68111.41,pro_LiqSweep+VP,stop_loss_premium_phase3
2018-11-15 14:15:00,2018-11-15 15:15:00,NIFTY FIN SERVICE,bullish,112.93,134.91,3000,65947.24,1130.19,64817.05,pro_LiqSweep+FVG+VP+RSI_Div,intraday_square_off
2018-12-05 10:30:00,2018-12-05 12:00:00,NIFTY FIN SERVICE,bullish,198.89,200.59,2400,4075.13,1384.18,2690.95,pro_FVG+VP,stop_loss_premium_phase3
2018-12-12 10:15:00,2018-12-12 11:45:00,NIFTY FIN SERVICE,bullish,215.77,215.18,2220,-1307.47,1377.41,-2684.88,pro_FVG+VP,stop_loss_premium_phase3
2018-12-14 10:30:00,2018-12-14 12:00:00,NIFTY FIN SERVICE,bullish,177.15,176.99,2700,-436.62,1377.28,-1813.9,pro_FVG+OTE,stop_loss_premium_phase3
2018-12-19 09:45:00,2018-12-19 11:15:00,NIFTY FIN SERVICE,bullish,168.87,177.69,2820,24866.08,1425.28,23440.8,pro_VP+RSI_Div,stop_loss_premium_phase3
2018-12-20 10:45:00,2018-12-20 12:15:00,NIFTY FIN SERVICE,bullish,189.64,200.05,2520,26216.5,1432.84,24783.66,pro_LiqSweep+FVG,stop_loss_premium_phase3
2018-12-21 09:45:00,2018-12-21 10:45:00,NIFTY FIN SERVICE,bullish,176.65,173.36,2760,-9072.78,1384.66,-10457.44,pro_LiqSweep+VP,stop_loss_premium_phase2
2018-12-27 10:15:00,2018-12-27 11:45:00,NIFTY FIN SERVICE,bearish,205.39,202.35,2340,-7120.32,1369.53,-8489.85,pro_OTE+RSI_Div+VWAP,stop_loss_premium_phase3
2018-12-31 09:30:00,2018-12-31 11:00:00,NIFTY FIN SERVICE,bearish,63.3,78.17,3000,44584.96,670.5,43914.46,pro_LiqSweep+OTE+RSI_Div+VWAP,stop_loss_premium_phase3
2019-01-02 09:45:00,2019-01-02 11:15:00,NIFTY FIN SERVICE,bullish,194.38,200.65,2520,15785.66,1443.9,14341.76,pro_LiqSweep+RSI_Div,stop_loss_premium_phase3
2019-01-04 09:45:00,2019-01-04 12:00:00,NIFTY FIN SERVICE,bullish,195.37,232.73,2520,94146.41,1617.45,92528.96,pro_FVG+OTE+RSI_Div,stop_loss_premium_phase3
2019-01-10 14:15:00,2019-01-10 15:15:00,NIFTY FIN SERVICE,bearish,155.89,151.46,3000,-13272.36,1320.4,-14592.76,pro_LiqSweep+FVG+VWAP,intraday_square_off
2019-01-11 09:45:00,2019-01-11 10:45:00,NIFTY FIN SERVICE,bullish,111.27,107.98,3000,-9894.24,955.12,-10849.36,pro_LiqSweep+VP,stop_loss_premium_phase2
2019-01-11 11:00:00,2019-01-11 12:00:00,NIFTY FIN SERVICE,bullish,109.77,109.76,3000,-25.47,963.52,-988.99,pro_LiqSweep+OTE,stop_loss_premium_phase2
2019-01-11 14:15:00,2019-01-11 15:00:00,NIFTY FIN SERVICE,bullish,73.39,97.26,3000,71629.27,812.16,70817.11,pro_LiqSweep+OTE,target
2019-01-25 09:30:00,2019-01-25 11:00:00,NIFTY FIN SERVICE,bearish,84.55,84.07,3000,-1420.76,750.02,-2170.78,pro_FVG+OTE+VWAP,stop_loss_premium_phase3
2019-01-30 10:00:00,2019-01-30 11:30:00,NIFTY FIN SERVICE,bullish,212.24,209.27,2520,-7477.85,1519.64,-8997.49,pro_FVG+VP+RSI_Div,stop_loss_premium_phase3
2019-01-31 09:30:00,2019-01-31 11:15:00,NIFTY FIN SERVICE,bullish,174.2,210.96,3000,110261.17,1735.98,108525.19,pro_LiqSweep+VP,target
2019-02-06 09:45:00,2019-02-06 11:15:00,NIFTY FIN SERVICE,bullish,202.62,198.99,2760,-10010.97,1582.11,-11593.08,pro_LiqSweep+FVG+VP,stop_loss_premium_phase3
2019-02-06 11:30:00,2019-02-06 13:00:00,NIFTY FIN SERVICE,bullish,172.9,183.1,3000,30594.2,1555.71,29038.49,pro_LiqSweep+VP,stop_loss_premium_phase3
2019-02-06 14:15:00,2019-02-06 15:15:00,NIFTY FIN SERVICE,bullish,80.64,91.51,3000,32597.18,789.76,31807.42,pro_VP+RSI_Div,intraday_square_off
2019-02-07 10:30:00,2019-02-07 11:45:00,NIFTY FIN SERVICE,bearish,172.1,171.6,3000,-1489.59,1480.76,-2970.35,pro_OTE+RSI_Div+VWAP,stop_loss_premium_phase2
2019-02-13 11:15:00,2019-02-13 12:45:00,NIFTY FIN SERVICE,bearish,157.58,162.49,3000,14727.08,1394.08,13333.0,pro_LiqSweep+FVG+VWAP,stop_loss_premium_phase3
2019-02-13 14:15:00,2019-02-13 15:00:00,NIFTY FIN SERVICE,bearish,132.99,166.58,3000,100772.89,1371.7,99401.19,pro_LiqSweep+FVG+OTE+VWAP,target
2019-02-15 14:15:00,2019-02-15 15:15:00,NIFTY FIN SERVICE,bullish,170.63,185.2,3000,43700.12,1564.62,42135.5,pro_LiqSweep+OTE+RSI_Div,intraday_square_off
2019-02-21 10:00:00,2019-02-21 12:00:00,NIFTY FIN SERVICE,bullish,193.92,211.68,3000,53285.63,1779.42,51506.21,pro_FVG+VP,stop_loss_premium_phase3
2019-02-22 10:00:00,2019-02-22 11:30:00,NIFTY FIN SERVICE,bearish,151.74,164.92,3000,39552.46,1398.1,38154.36,pro_LiqSweep+FVG+VWAP,stop_loss_premium_phase3
2019-03-08 09:45:00,2019-03-08 11:15:00,NIFTY FIN SERVICE,bullish,183.85,196.56,3000,38137.14,1663.13,36474.01,pro_LiqSweep+FVG,stop_loss_premium_phase3
2019-03-11 09:30:00,2019-03-11 09:45:00,NIFTY FIN SERVICE,bullish,133.96,90.08,720,-31591.95,248.43,-31840.38,pro_VP+OTE,target
2019-03-13 10:15:00,2019-03-13 11:45:00,NIFTY FIN SERVICE,bullish,170.46,216.8,3000,139007.9,1765.85,137242.05,pro_FVG+VP,target
2019-03-14 09:30:00,2019-03-14 09:45:00,NIFTY FIN SERVICE,bullish,268.48,227.36,600,-24673.0,443.01,-25116.01,pro_FVG+VP,target
2019-03-14 10:45:00,2019-03-14 12:15:00,NIFTY FIN SERVICE,bearish,203.21,212.99,3000,29326.09,1806.05,27520.04,pro_LiqSweep+FVG+RSI_Div+VWAP,stop_loss_premium_phase3
2019-03-15 10:45:00,2019-03-15 12:45:00,NIFTY FIN SERVICE,bullish,179.38,193.33,3000,41855.93,1633.75,40222.18,pro_FVG+VP,stop_loss_premium_phase3
2019-03-22 14:15:00,2019-03-22 15:15:00,NIFTY FIN SERVICE,bearish,159.68,175.43,3000,47231.88,1480.74,45751.14,pro_LiqSweep+RSI_Div+VWAP,intraday_square_off
2019-03-28 10:00:00,2019-03-28 11:30:00,NIFTY FIN SERVICE,bearish,199.7,199.23,3000,-1399.43,1711.39,-3110.82,pro_LiqSweep+FVG+OTE+VWAP,stop_loss_premium_phase3
2019-03-29 09:45:00,2019-03-29 11:15:00,NIFTY FIN SERVICE,bullish,174.17,173.7,3000,-1428.94,1498.23,-2927.17,pro_LiqSweep+RSI_Div,stop_loss_premium_phase3
2019-03-29 14:15:00,2019-03-29 15:15:00,NIFTY FIN SERVICE,bullish,153.09,163.92,3000,32488.75,1394.35,31094.4,pro_LiqSweep+VP,intraday_square_off
2019-04-05 14:15:00,2019-04-05 15:15:00,NIFTY FIN SERVICE,bullish,166.13,182.34,3000,48640.19,1537.55,47102.64,pro_LiqSweep+FVG+VP+RSI_Div,intraday_square_off
2019-04-11 09:45:00,2019-04-11 11:15:00,NIFTY FIN SERVICE,bullish,172.09,178.9,3000,20412.58,1527.31,18885.27,pro_LiqSweep+OTE,stop_loss_premium_phase3
2019-04-11 14:15:00,2019-04-11 15:15:00,NIFTY FIN SERVICE,bullish,186.63,191.01,3000,13147.25,1633.21,11514.04,pro_VP+OTE,intraday_square_off
2019-04-12 10:00:00,2019-04-12 11:30:00,NIFTY FIN SERVICE,bearish,111.79,115.11,3000,9966.5,1001.63,8964.87,pro_LiqSweep+FVG+RSI_Div+VWAP,stop_loss_premium_phase3
2019-05-03 14:15:00,2019-05-03 15:00:00,NIFTY FIN SERVICE,bearish,174.79,211.79,3000,110995.17,1742.43,109252.74,pro_OTE+RSI_Div+VWAP,target
2019-05-15 10:45:00,2019-05-15 12:15:00,NIFTY FIN SERVICE,bearish,188.14,187.65,3000,-1469.41,1614.78,-3084.19,pro_LiqSweep+OTE+VWAP,stop_loss_premium_phase3
2019-05-15 14:15:00,2019-05-15 15:00:00,NIFTY FIN SERVICE,bearish,188.22,228.74,3000,121558.67,1876.99,119681.68,pro_LiqSweep+OTE+VWAP,target
2019-05-16 10:45:00,2019-05-16 12:15:00,NIFTY FIN SERVICE,bullish,196.76,200.82,3000,12200.78,1715.76,10485.02,pro_LiqSweep+FVG,stop_loss_premium_phase3
2019-05-16 14:15:00,2019-05-16 15:15:00,NIFTY FIN SERVICE,bullish,186.05,228.63,3000,127735.31,1872.07,125863.24,pro_LiqSweep+VP,intraday_square_off
2019-06-07 10:00:00,2019-06-07 11:15:00,NIFTY FIN SERVICE,bullish,189.07,188.54,3000,-1580.77,1622.25,-3203.02,pro_LiqSweep+OTE+RSI_Div,stop_loss_premium_phase2
2019-06-07 11:30:00,2019-06-07 13:00:00,NIFTY FIN SERVICE,bullish,185.6,185.18,3000,-1284.17,1593.96,-2878.13,pro_LiqSweep+FVG,stop_loss_premium_phase3
2019-06-07 14:15:00,2019-06-07 15:15:00,NIFTY FIN SERVICE,bullish,178.99,174.42,3000,-13728.99,1512.32,-15241.31,pro_LiqSweep+VP,intraday_square_off
2019-06-12 11:00:00,2019-06-12 12:30:00,NIFTY FIN SERVICE,bearish,182.52,182.04,3000,-1427.09,1567.88,-2994.97,pro_FVG+RSI_Div+VWAP,stop_loss_premium_phase3
2019-06-13 09:30:00,2019-06-13 11:00:00,NIFTY FIN SERVICE,bullish,196.81,196.49,3000,-953.59,1688.2,-2641.79,pro_VP+OTE+RSI_Div,stop_loss_premium_phase3
2019-06-13 14:15:00,2019-06-13 15:15:00,NIFTY FIN SERVICE,bullish,168.62,202.64,3000,102060.85,1671.9,100388.95,pro_LiqSweep+VP,intraday_square_off
2019-06-20 10:00:00,2019-06-20 11:30:00,NIFTY FIN SERVICE,bullish,193.08,201.51,3000,25302.1,1712.87,23589.23,pro_FVG+VP,stop_loss_premium_phase3
2019-06-26 11:00:00,2019-06-26 12:30:00,NIFTY FIN SERVICE,bearish,165.49,166.06,3000,1709.03,1432.4,276.63,pro_LiqSweep+OTE+RSI_Div+VWAP,stop_loss_premium_phase3
2019-06-28 10:30:00,2019-06-28 12:00:00,NIFTY FIN SERVICE,bullish,202.72,202.24,3000,-1439.69,1736.56,-3176.25,pro_LiqSweep+FVG,stop_loss_premium_phase3
2019-06-28 14:15:00,2019-06-28 15:15:00,NIFTY FIN SERVICE,bullish,162.46,145.29,3000,-51500.59,1293.93,-52794.52,pro_LiqSweep+FVG+VP,intraday_square_off
2019-07-04 11:30:00,2019-07-04 13:00:00,NIFTY FIN SERVICE,bullish,172.22,182.59,3000,31092.22,1551.1,29541.12,pro_FVG+VP,stop_loss_premium_phase3
2019-07-05 14:15:00,2019-07-05 15:15:00,NIFTY FIN SERVICE,bearish,187.69,184.91,3000,-8352.98,1596.38,-9949.36,pro_FVG+RSI_Div+VWAP,intraday_square_off
2019-07-10 10:15:00,2019-07-10 11:45:00,NIFTY FIN SERVICE,bearish,201.25,215.76,3000,43527.87,1819.89,41707.98,pro_OTE+RSI_Div+VWAP,stop_loss_premium_phase3
2019-07-12 09:30:00,2019-07-12 11:00:00,NIFTY FIN SERVICE,bearish,155.91,163.54,3000,22875.5,1397.47,21478.03,pro_LiqSweep+RSI_Div+VWAP,stop_loss_premium_phase3
2019-07-18 09:45:00,2019-07-18 11:15:00,NIFTY FIN SERVICE,bearish,109.52,109.28,3000,-722.57,959.98,-1682.55,pro_LiqSweep+OTE+RSI_Div+VWAP,stop_loss_premium_phase3
2019-07-18 11:30:00,2019-07-18 13:00:00,NIFTY FIN SERVICE,bearish,170.99,170.6,3000,-1173.81,1472.2,-2646.01,pro_LiqSweep+OTE+VWAP,stop_loss_premium_phase3
2019-07-18 14:15:00,2019-07-18 15:15:00,NIFTY FIN SERVICE,bearish,168.92,197.98,3000,87157.92,1642.78,85515.14,pro_LiqSweep+RSI_Div+VWAP,intraday_square_off
2019-07-26 10:45:00,2019-07-26 12:15:00,NIFTY FIN SERVICE,bullish,180.49,210.48,3000,89968.41,1745.34,88223.07,pro_VP+RSI_Div,stop_loss_premium_phase3
2019-07-31 11:00:00,2019-07-31 12:30:00,NIFTY FIN SERVICE,bullish,192.89,210.43,3000,52605.72,1769.41,50836.31,pro_LiqSweep+RSI_Div,stop_loss_premium_phase3
2019-07-31 14:15:00,2019-07-31 15:15:00,NIFTY FIN SERVICE,bullish,209.96,201.32,3000,-25918.07,1744.95,-27663.02,pro_LiqSweep+VP+RSI_Div,intraday_square_off
2019-08-14 10:45:00,2019-08-14 12:15:00,NIFTY FIN SERVICE,bearish,186.33,207.15,3000,62465.22,1735.59,60729.63,pro_FVG+OTE+VWAP,stop_loss_premium_phase3
2019-08-19 09:30:00,2019-08-19 09:45:00,NIFTY FIN SERVICE,bullish,226.29,236.06,1260,12305.66,866.81,11438.85,pro_LiqSweep+VP+RSI_Div,target
2019-08-23 14:15:00,2019-08-23 15:15:00,NIFTY FIN SERVICE,bullish,206.83,180.24,3000,-79747.42,1604.3,-81351.72,pro_FVG+VP,intraday_square_off
2019-08-28 14:15:00,2019-08-28 15:00:00,NIFTY FIN SERVICE,bullish,203.1,245.35,3000,126754.71,2012.25,124742.46,pro_FVG+RSI_Div,target
2019-08-30 09:45:00,2019-08-30 10:45:00,NIFTY FIN SERVICE,bullish,199.24,199.04,3000,-576.6,1709.29,-2285.89,pro_LiqSweep+VP,stop_loss_premium_phase2
2019-09-04 14:15:00,2019-09-04 15:15:00,NIFTY FIN SERVICE,bullish,198.49,229.59,3000,93282.27,1902.65,91379.62,pro_FVG+VP,intraday_square_off
2019-09-12 11:15:00,2019-09-12 12:45:00,NIFTY FIN SERVICE,bearish,162.59,162.12,3000,-1414.56,1401.57,-2816.13,pro_OTE+RSI_Div+VWAP,stop_loss_premium_phase3
2019-09-13 11:00:00,2019-09-13 12:30:00,NIFTY FIN SERVICE,bullish,202.35,221.66,3000,57944.91,1859.69,56085.22,pro_FVG+OTE,stop_loss_premium_phase3
2019-09-18 14:15:00,2019-09-18 15:15:00,NIFTY FIN SERVICE,bearish,191.11,227.88,3000,110317.42,1877.26,108440.16,pro_LiqSweep+RSI_Div+VWAP,intraday_square_off
2019-09-19 09:45:00,2019-09-19 11:15:00,NIFTY FIN SERVICE,bearish,183.03,203.12,3000,60269.09,1703.4,58565.69,pro_LiqSweep+FVG+VWAP,stop_loss_premium_phase3
2019-09-20 10:30:00,2019-09-20 11:30:00,NIFTY FIN SERVICE,bearish,166.33,163.04,3000,-9863.89,1414.83,-11278.72,pro_LiqSweep+FVG+VWAP,stop_loss_premium_phase2
2019-09-25 11:30:00,2019-09-25 13:00:00,NIFTY FIN SERVICE,bullish,221.4,252.32,3000,92737.58,2092.76,90644.82,pro_LiqSweep+FVG+RSI_Div,stop_loss_premium_phase3
2019-09-26 09:45:00,2019-09-26 10:15:00,NIFTY FIN SERVICE,bullish,216.65,291.43,3000,224344.7,2332.93,222011.77,pro_LiqSweep+VP+RSI_Div,target
2019-09-26 11:00:00,2019-09-26 12:00:00,NIFTY FIN SERVICE,bullish,217.18,216.67,3000,-1517.79,1857.07,-3374.86,pro_LiqSweep+FVG+RSI_Div,stop_loss_premium_phase2
2019-10-10 10:30:00,2019-10-10 11:30:00,NIFTY FIN SERVICE,bullish,209.87,209.28,3000,-1758.8,1795.52,-3554.32,pro_FVG+OTE,stop_loss_premium_phase2
2019-10-11 14:15:00,2019-10-11 15:15:00,NIFTY FIN SERVICE,bearish,208.21,221.57,3000,40079.21,1870.62,38208.59,pro_LiqSweep+RSI_Div+VWAP,intraday_square_off
2019-10-17 10:30:00,2019-10-17 11:45:00,NIFTY FIN SERVICE,bullish,195.3,195.29,3000,-43.1,1677.58,-1720.68,pro_FVG+VP,stop_loss_premium_phase2
2019-10-18 09:45:00,2019-10-18 11:00:00,NIFTY FIN SERVICE,bullish,177.03,177.07,3000,105.0,1525.37,-1420.37,pro_LiqSweep+VP,stop_loss_premium_phase2
2019-10-18 11:30:00,2019-10-18 13:00:00,NIFTY FIN SERVICE,bullish,183.53,204.32,3000,62378.4,1712.03,60666.37,pro_LiqSweep+VP,stop_loss_premium_phase3
2019-10-18 14:15:00,2019-10-18 15:15:00,NIFTY FIN SERVICE,bullish,184.81,210.32,3000,76529.09,1752.79,74776.3,pro_LiqSweep+VP,intraday_square_off
2019-10-25 09:45:00,2019-10-25 11:15:00,NIFTY FIN SERVICE,bearish,208.22,228.59,3000,61127.38,1915.44,59211.94,pro_LiqSweep+FVG+VWAP,stop_loss_premium_phase3
2019-10-30 10:15:00,2019-10-30 11:45:00,NIFTY FIN SERVICE,bearish,185.31,209.53,3000,72641.83,1748.74,70893.09,pro_OTE+RSI_Div+VWAP,stop_loss_premium_phase3
2019-11-06 14:15:00,2019-11-06 15:15:00,NIFTY FIN SERVICE,bullish,199.92,188.8,3000,-33375.03,1645.26,-35020.29,pro_LiqSweep+VP,intraday_square_off
2019-11-07 10:30:00,2019-11-07 12:00:00,NIFTY FIN SERVICE,bearish,184.78,187.94,3000,9494.19,1609.98,7884.21,pro_OTE+RSI_Div+VWAP,stop_loss_premium_phase3
2019-11-07 14:15:00,2019-11-07 15:15:00,NIFTY FIN SERVICE,bearish,168.64,188.02,3000,58114.85,1578.68,56536.17,pro_OTE+RSI_Div+VWAP,intraday_square_off
2019-11-15 10:45:00,2019-11-15 12:15:00,NIFTY FIN SERVICE,bearish,180.26,179.88,3000,-1141.66,1549.64,-2691.3,pro_LiqSweep+OTE+VWAP,stop_loss_premium_phase3
2019-11-20 09:45:00,2019-11-20 11:15:00,NIFTY FIN SERVICE,bearish,161.99,158.38,3000,-10831.44,1376.56,-12208.0,pro_LiqSweep+RSI_Div+VWAP,stop_loss_premium_phase3
2019-12-04 10:00:00,2019-12-04 11:00:00,NIFTY FIN SERVICE,bullish,187.37,187.2,3000,-528.16,1610.35,-2138.51,pro_LiqSweep+VP,stop_loss_premium_phase2
2019-12-04 11:15:00,2019-12-04 12:45:00,NIFTY FIN SERVICE,bullish,201.96,201.77,3000,-585.06,1732.04,-2317.1,pro_LiqSweep+VP,stop_loss_premium_phase3
2019-12-05 14:15:00,2019-12-05 15:15:00,NIFTY FIN SERVICE,bearish,199.62,201.14,3000,4564.27,1723.41,2840.86,pro_FVG+OTE+RSI_Div+VWAP,intraday_square_off
2019-12-11 09:45:00,2019-12-11 11:15:00,NIFTY FIN SERVICE,bullish,168.71,173.72,3000,15026.52,1487.62,13538.9,pro_LiqSweep+VP,stop_loss_premium_phase3
2019-12-12 14:15:00,2019-12-12 15:15:00,NIFTY FIN SERVICE,bullish,157.66,176.4,3000,56229.37,1482.98,54746.39,pro_LiqSweep+VP,intraday_square_off
2019-12-19 11:00:00,2019-12-19 12:30:00,NIFTY FIN SERVICE,bearish,174.71,174.26,3000,-1348.47,1502.89,-2851.36,pro_FVG+RSI_Div+VWAP,stop_loss_premium_phase3
2019-12-20 09:45:00,2019-12-20 11:15:00,NIFTY FIN SERVICE,bullish,172.72,172.58,3000,-418.41,1488.28,-1906.69,pro_LiqSweep+VP,stop_loss_premium_phase3
2019-12-20 11:30:00,2019-12-20 13:00:00,NIFTY FIN SERVICE,bullish,166.91,164.63,3000,-6832.42,1426.11,-8258.53,pro_LiqSweep+VP,stop_loss_premium_phase3
2019-12-20 14:15:00,2019-12-20 15:15:00,NIFTY FIN SERVICE,bullish,160.49,167.12,3000,19874.23,1429.32,18444.91,pro_LiqSweep+VP+RSI_Div,intraday_square_off
2019-12-26 10:00:00,2019-12-26 12:00:00,NIFTY FIN SERVICE,bearish,109.64,126.19,3000,49664.66,1068.12,48596.54,pro_LiqSweep+FVG+VWAP,stop_loss_premium_phase3
2020-01-01 09:45:00,2020-01-01 11:15:00,NIFTY FIN SERVICE,bullish,179.76,175.68,3000,-12238.01,1521.9,-13759.91,pro_FVG+VP,stop_loss_premium_phase3
2020-01-01 11:30:00,2020-01-01 13:00:00,NIFTY FIN SERVICE,bullish,200.87,208.54,3000,23015.52,1773.09,21242.43,pro_FVG+OTE,stop_loss_premium_phase3
2020-01-01 14:15:00,2020-01-01 15:15:00,NIFTY FIN SERVICE,bullish,183.86,194.19,3000,30988.22,1648.04,29340.18,pro_LiqSweep+FVG+VP+OTE,intraday_square_off
2020-01-02 10:00:00,2020-01-02 11:30:00,NIFTY FIN SERVICE,bullish,171.91,188.4,3000,49489.61,1587.59,47902.02,pro_LiqSweep+VP,stop_loss_premium_phase3
2020-01-10 11:15:00,2020-01-10 12:45:00,NIFTY FIN SERVICE,bearish,157.77,157.64,3000,-376.25,1363.49,-1739.74,pro_LiqSweep+RSI_Div+VWAP,stop_loss_premium_phase3
2020-01-16 14:15:00,2020-01-16 15:15:00,NIFTY FIN SERVICE,bearish,103.74,101.72,3000,-6059.26,900.38,-6959.64,pro_FVG+OTE+RSI_Div+VWAP,intraday_square_off
2020-01-23 10:00:00,2020-01-23 11:00:00,NIFTY FIN SERVICE,bullish,198.97,198.7,3000,-812.78,1706.56,-2519.34,pro_LiqSweep+VP+RSI_Div,stop_loss_premium_phase2
2020-01-23 11:15:00,2020-01-23 12:30:00,NIFTY FIN SERVICE,bullish,187.81,236.31,3000,145500.18,1924.51,143575.67,pro_LiqSweep+OTE+RSI_Div,target
2020-01-29 09:45:00,2020-01-29 11:15:00,NIFTY FIN SERVICE,bearish,203.0,202.52,3000,-1428.7,1738.87,-3167.57,pro_LiqSweep+FVG+RSI_Div+VWAP,stop_loss_premium_phase3
2020-01-29 11:30:00,2020-01-29 13:00:00,NIFTY FIN SERVICE,bearish,195.5,213.69,3000,54580.98,1795.34,52785.64,pro_LiqSweep+FVG+VWAP,stop_loss_premium_phase3
2020-01-30 11:15:00,2020-01-30 12:45:00,NIFTY FIN SERVICE,bullish,183.49,192.96,3000,28414.32,1639.48,26774.84,pro_LiqSweep+RSI_Div,stop_loss_premium_phase3
2020-02-05 09:45:00,2020-02-05 10:30:00,NIFTY FIN SERVICE,bullish,175.26,226.47,3000,153629.14,1837.03,151792.11,pro_LiqSweep+VP,target
2020-02-05 10:45:00,2020-02-05 11:45:00,NIFTY FIN SERVICE,bullish,180.5,177.58,3000,-8757.53,1535.44,-10292.97,pro_LiqSweep+VP,stop_loss_premium_phase2
2020-02-05 14:15:00,2020-02-05 15:15:00,NIFTY FIN SERVICE,bullish,180.47,178.82,3000,-4938.38,1543.31,-6481.69,pro_LiqSweep+VP,intraday_square_off
2020-02-06 10:15:00,2020-02-06 11:45:00,NIFTY FIN SERVICE,bearish,192.57,206.56,3000,41972.41,1744.11,40228.3,pro_LiqSweep+OTE+VWAP,stop_loss_premium_phase3
2020-02-07 14:15:00,2020-02-07 15:15:00,NIFTY FIN SERVICE,bullish,166.81,178.95,3000,36414.48,1517.23,34897.25,pro_LiqSweep+FVG+VP+OTE,intraday_square_off
2020-02-13 14:15:00,2020-02-13 15:15:00,NIFTY FIN SERVICE,bullish,179.98,180.36,3000,1149.66,1552.2,-402.54,pro_FVG+RSI_Div,intraday_square_off
2020-02-14 11:30:00,2020-02-14 13:00:00,NIFTY FIN SERVICE,bearish,183.62,197.82,3000,42579.46,1670.71,40908.75,pro_LiqSweep+FVG+VWAP,stop_loss_premium_phase3
2020-02-20 10:45:00,2020-02-20 11:45:00,NIFTY FIN SERVICE,bearish,174.83,174.69,3000,-410.62,1505.87,-1916.49,pro_FVG+OTE+VWAP,stop_loss_premium_phase2
2020-03-04 10:30:00,2020-03-04 12:00:00,NIFTY FIN SERVICE,bullish,203.55,203.11,3000,-1325.4,1743.7,-3069.1,pro_LiqSweep+OTE,stop_loss_premium_phase3
2020-03-05 10:30:00,2020-03-05 11:30:00,NIFTY FIN SERVICE,bearish,199.39,199.28,3000,-327.93,1711.06,-2038.99,pro_OTE+RSI_Div+VWAP,stop_loss_premium_phase2
2020-04-23 09:30:00,2020-04-23 09:45:00,NIFTY FIN SERVICE,bullish,264.22,265.5,1740,2232.38,1331.3,901.08,pro_VP+RSI_Div,target
2020-04-29 10:00:00,2020-04-29 11:30:00,NIFTY FIN SERVICE,bullish,198.29,207.73,3000,28319.75,1762.81,26556.94,pro_FVG+VP,stop_loss_premium_phase3
2020-05-06 11:00:00,2020-05-06 12:30:00,NIFTY FIN SERVICE,bullish,204.89,204.35,3000,-1634.88,1754.23,-3389.11,pro_VP+RSI_Div,stop_loss_premium_phase3
2020-05-15 10:00:00,2020-05-15 11:30:00,NIFTY FIN SERVICE,bearish,204.17,230.13,3000,77855.38,1917.28,75938.1,pro_LiqSweep+VP+VWAP,stop_loss_premium_phase3
2020-05-22 10:00:00,2020-05-22 11:00:00,NIFTY FIN SERVICE,bullish,197.59,197.4,3000,-546.1,1695.56,-2241.66,pro_LiqSweep+RSI_Div,stop_loss_premium_phase2
2020-06-04 09:45:00,2020-06-04 11:15:00,NIFTY FIN SERVICE,bearish,211.46,239.54,3000,84252.11,1991.69,82260.42,pro_LiqSweep+RSI_Div+VWAP,stop_loss_premium_phase3
2020-06-19 14:15:00,2020-06-19 15:15:00,NIFTY FIN SERVICE,bullish,214.35,271.82,3000,172417.86,2203.27,170214.59,pro_LiqSweep+RSI_Div,intraday_square_off
2020-07-01 09:45:00,2020-07-01 11:15:00,NIFTY FIN SERVICE,bullish,205.89,205.41,3000,-1444.47,1762.95,-3207.42,pro_LiqSweep+VP,stop_loss_premium_phase3
2020-07-15 14:15:00,2020-07-15 14:30:00,NIFTY FIN SERVICE,bearish,193.94,238.33,3000,133167.2,1949.46,131217.74,pro_FVG+RSI_Div+VWAP,target
2020-07-17 09:30:00,2020-07-17 09:45:00,NIFTY FIN SERVICE,bullish,299.48,256.46,1080,-46469.34,848.47,-47317.81,pro_VP+RSI_Div,target
2020-07-17 10:30:00,2020-07-17 12:00:00,NIFTY FIN SERVICE,bullish,186.17,183.14,3000,-9096.38,1582.1,-10678.48,pro_FVG+VP,stop_loss_premium_phase3
2020-07-20 09:30:00,2020-07-20 09:45:00,NIFTY FIN SERVICE,bullish,442.37,273.37,420,-70983.5,413.3,-71396.8,pro_FVG+VP,target
2020-07-23 11:30:00,2020-07-23 13:00:00,NIFTY FIN SERVICE,bullish,213.02,221.45,3000,25295.38,1879.37,23416.01,pro_FVG+VP,stop_loss_premium_phase3
2020-07-24 14:15:00,2020-07-24 15:15:00,NIFTY FIN SERVICE,bullish,169.8,156.31,3000,-40466.12,1378.73,-41844.85,pro_LiqSweep+RSI_Div,intraday_square_off
2020-07-30 11:30:00,2020-07-30 12:45:00,NIFTY FIN SERVICE,bearish,202.93,269.23,3000,198895.7,2164.29,196731.41,pro_LiqSweep+FVG+OTE+VWAP,target
2020-08-07 10:00:00,2020-08-07 11:30:00,NIFTY FIN SERVICE,bullish,191.57,191.07,3000,-1497.73,1643.29,-3141.02,pro_LiqSweep+RSI_Div,stop_loss_premium_phase3
2020-08-07 14:15:00,2020-08-07 15:15:00,NIFTY FIN SERVICE,bullish,167.38,164.58,3000,-8417.13,1426.67,-9843.8,pro_LiqSweep+VP,intraday_square_off
2020-08-19 14:15:00,2020-08-19 15:15:00,NIFTY FIN SERVICE,bearish,162.89,176.26,3000,40116.81,1492.35,38624.46,pro_LiqSweep+OTE+RSI_Div+VWAP,intraday_square_off
2020-08-21 14:15:00,2020-08-21 15:15:00,NIFTY FIN SERVICE,bearish,153.25,162.98,3000,29210.13,1388.67,27821.46,pro_LiqSweep+RSI_Div+VWAP,intraday_square_off
2020-08-26 09:45:00,2020-08-26 11:15:00,NIFTY FIN SERVICE,bullish,183.27,183.69,3000,1264.81,1579.88,-315.07,pro_FVG+VP,stop_loss_premium_phase3
2020-08-26 14:15:00,2020-08-26 15:00:00,NIFTY FIN SERVICE,bullish,198.42,243.26,3000,134510.33,1989.71,132520.62,pro_LiqSweep+OTE+RSI_Div,target
2020-08-28 10:00:00,2020-08-28 11:15:00,NIFTY FIN SERVICE,bullish,179.01,241.2,3000,186551.51,1938.37,184613.14,pro_FVG+VP,target
2020-09-11 14:15:00,2020-09-11 15:00:00,NIFTY FIN SERVICE,bullish,186.41,233.53,3000,141374.58,1904.02,139470.56,pro_LiqSweep+OTE,target
2020-09-16 11:30:00,2020-09-16 12:45:00,NIFTY FIN SERVICE,bearish,187.51,187.02,3000,-1476.84,1609.5,-3086.34,pro_FVG+OTE+VWAP,stop_loss_premium_phase2
2020-09-25 10:00:00,2020-09-25 11:15:00,NIFTY FIN SERVICE,bearish,180.37,179.89,3000,-1426.59,1549.95,-2976.54,pro_LiqSweep+RSI_Div+VWAP,stop_loss_premium_phase2
2020-10-07 11:00:00,2020-10-07 12:00:00,NIFTY FIN SERVICE,bearish,201.05,200.91,3000,-416.85,1724.78,-2141.63,pro_LiqSweep+RSI_Div+VWAP,stop_loss_premium_phase2
2020-10-07 14:15:00,2020-10-07 15:15:00,NIFTY FIN SERVICE,bullish,213.61,196.24,3000,-52135.38,1719.67,-53855.05,pro_LiqSweep+VP,intraday_square_off
2020-10-08 14:15:00,2020-10-08 14:45:00,NIFTY FIN SERVICE,bearish,184.25,226.62,3000,127107.54,1855.71,125251.83,pro_LiqSweep+OTE+VWAP,target
2020-10-09 10:15:00,2020-10-09 11:15:00,NIFTY FIN SERVICE,bearish,187.1,186.81,3000,-856.18,1607.34,-2463.52,pro_LiqSweep+OTE+VWAP,stop_loss_premium_phase2
2020-10-09 14:15:00,2020-10-09 15:15:00,NIFTY FIN SERVICE,bearish,204.83,229.49,3000,73987.6,1914.5,72073.1,pro_FVG+OTE+VWAP,intraday_square_off
2020-10-23 09:30:00,2020-10-23 09:45:00,NIFTY FIN SERVICE,bullish,278.54,273.02,1800,-9934.14,1421.28,-11355.42,pro_FVG+OTE,target
2020-10-28 10:15:00,2020-10-28 11:45:00,NIFTY FIN SERVICE,bearish,200.92,218.24,3000,51948.82,1835.02,50113.8,pro_LiqSweep+FVG+VWAP,stop_loss_premium_phase3
2020-10-29 10:15:00,2020-10-29 11:45:00,NIFTY FIN SERVICE,bullish,198.5,204.03,3000,16590.44,1739.65,14850.79,pro_LiqSweep+OTE,stop_loss_premium_phase3
2020-11-02 09:30:00,2020-11-02 09:45:00,NIFTY FIN SERVICE,bullish,275.28,250.38,1380,-34361.78,1031.29,-35393.07,pro_LiqSweep+OTE,target
2020-11-04 10:30:00,2020-11-04 12:00:00,NIFTY FIN SERVICE,bullish,196.25,195.74,3000,-1539.17,1682.34,-3221.51,pro_LiqSweep+OTE,stop_loss_premium_phase3
2020-11-05 09:30:00,2020-11-05 10:00:00,NIFTY FIN SERVICE,bullish,278.59,281.5,1680,4880.21,1360.02,3520.19,pro_LiqSweep+VP,target
2020-11-06 09:45:00,2020-11-06 11:15:00,NIFTY FIN SERVICE,bullish,180.34,205.86,3000,76564.94,1715.54,74849.4,pro_LiqSweep+VP,stop_loss_premium_phase3
2020-11-06 11:30:00,2020-11-06 12:45:00,NIFTY FIN SERVICE,bullish,189.57,261.76,3000,216572.52,2090.34,214482.18,pro_LiqSweep+VP,target
2020-11-06 14:15:00,2020-11-06 15:15:00,NIFTY FIN SERVICE,bullish,172.8,216.9,3000,132285.68,1771.13,130514.55,pro_LiqSweep+FVG+VP,intraday_square_off
2020-11-12 11:15:00,2020-11-12 12:15:00,NIFTY FIN SERVICE,bullish,201.93,201.76,3000,-504.0,1731.93,-2235.93,pro_FVG+OTE,stop_loss_premium_phase2
2020-11-20 11:15:00,2020-11-20 12:45:00,NIFTY FIN SERVICE,bullish,209.65,234.46,3000,74421.23,1955.68,72465.55,pro_LiqSweep+FVG,stop_loss_premium_phase3
2020-11-23 09:30:00,2020-11-23 10:30:00,NIFTY FIN SERVICE,bullish,214.46,216.14,3000,5038.43,1848.28,3190.15,pro_FVG+VP,stop_loss_premium_phase2
2020-11-26 09:30:00,2020-11-26 11:00:00,NIFTY FIN SERVICE,bearish,203.12,210.62,3000,22496.48,1790.76,20705.72,pro_FVG+RSI_Div+VWAP,stop_loss_premium_phase3
2020-12-04 10:30:00,2020-12-04 11:30:00,NIFTY FIN SERVICE,bullish,184.91,184.4,3000,-1542.92,1587.63,-3130.55,pro_LiqSweep+VP,stop_loss_premium_phase2
2020-12-10 11:15:00,2020-12-10 12:45:00,NIFTY FIN SERVICE,bullish,193.81,193.6,3000,-625.36,1663.86,-2289.22,pro_FVG+OTE,stop_loss_premium_phase3
2020-12-10 14:15:00,2020-12-10 14:45:00,NIFTY FIN SERVICE,bullish,189.46,234.99,3000,136594.08,1919.37,134674.71,pro_LiqSweep+RSI_Div,target
2020-12-11 09:45:00,2020-12-11 11:15:00,NIFTY FIN SERVICE,bullish,203.54,202.97,3000,-1695.23,1742.79,-3438.02,pro_LiqSweep+VP+RSI_Div,stop_loss_premium_phase3
2020-12-11 11:30:00,2020-12-11 13:00:00,NIFTY FIN SERVICE,bullish,180.73,207.26,3000,79588.18,1725.21,77862.97,pro_LiqSweep+FVG+RSI_Div,stop_loss_premium_phase3
2020-12-23 10:00:00,2020-12-23 11:30:00,NIFTY FIN SERVICE,bullish,200.16,227.07,3000,80738.05,1889.87,78848.18,pro_LiqSweep+VP+RSI_Div,stop_loss_premium_phase3
2020-12-23 14:15:00,2020-12-23 15:15:00,NIFTY FIN SERVICE,bullish,193.11,224.26,3000,93443.99,1858.06,91585.93,pro_LiqSweep+VP,intraday_square_off
2021-01-14 09:45:00,2021-01-14 11:15:00,NIFTY FIN SERVICE,bullish,202.98,203.27,3000,851.57,1743.61,-892.04,pro_LiqSweep+FVG,stop_loss_premium_phase3
2021-01-15 09:30:00,2021-01-15 10:30:00,NIFTY FIN SERVICE,bullish,181.25,181.63,3000,1141.01,1562.75,-421.74,pro_LiqSweep+FVG,stop_loss_premium_phase2
2021-02-05 10:30:00,2021-02-05 12:00:00,NIFTY FIN SERVICE,bearish,195.7,205.78,3000,30228.26,1745.29,28482.97,pro_OTE+RSI_Div+VWAP,stop_loss_premium_phase3
2021-02-10 10:45:00,2021-02-10 12:15:00,NIFTY FIN SERVICE,bullish,214.33,240.28,3000,77860.87,2002.05,75858.82,pro_LiqSweep+FVG,stop_loss_premium_phase3
2021-02-12 09:45:00,2021-02-12 11:00:00,NIFTY FIN SERVICE,bullish,201.52,287.58,3000,258179.31,2278.52,255900.79,pro_LiqSweep+VP,target
2021-02-12 11:15:00,2021-02-12 12:45:00,NIFTY FIN SERVICE,bullish,208.14,208.0,3000,-400.56,1783.96,-2184.52,pro_LiqSweep+VP,stop_loss_premium_phase3
2021-02-24 09:45:00,2021-02-24 15:45:00,NIFTY FIN SERVICE,bullish,210.08,244.3,3000,102672.34,2019.33,100653.01,pro_LiqSweep+FVG+RSI_Div,intraday_square_off
2021-03-17 11:30:00,2021-03-17 12:15:00,NIFTY FIN SERVICE,bearish,220.15,277.27,3000,171362.23,2249.46,169112.77,pro_FVG+OTE+VWAP,target
2021-03-26 10:15:00,2021-03-26 11:45:00,NIFTY FIN SERVICE,bearish,217.05,241.12,3000,72199.41,2012.78,70186.63,pro_LiqSweep+RSI_Div+VWAP,stop_loss_premium_phase3
2021-04-08 09:30:00,2021-04-08 11:15:00,NIFTY FIN SERVICE,bearish,139.36,154.11,3000,44236.38,1304.72,42931.66,pro_FVG+OTE+VWAP,stop_loss_premium_phase3
2021-04-16 11:15:00,2021-04-16 12:45:00,NIFTY FIN SERVICE,bearish,195.53,233.32,3000,113389.03,1920.65,111468.38,pro_LiqSweep+RSI_Div+VWAP,stop_loss_premium_phase3
2021-04-19 09:30:00,2021-04-19 09:45:00,NIFTY FIN SERVICE,bearish,658.28,251.63,300,-121995.54,337.35,-122332.89,pro_LiqSweep+OTE+VWAP,target
2021-04-22 09:45:00,2021-04-22 11:15:00,NIFTY FIN SERVICE,bullish,197.97,211.15,3000,39536.62,1784.0,37752.62,pro_LiqSweep+OTE,stop_loss_premium_phase3
2021-04-22 14:15:00,2021-04-22 15:15:00,NIFTY FIN SERVICE,bullish,198.77,247.91,3000,147426.93,2020.09,145406.84,pro_LiqSweep+VP,intraday_square_off
2021-04-23 11:30:00,2021-04-23 12:30:00,NIFTY FIN SERVICE,bullish,212.62,212.0,3000,-1835.58,1818.3,-3653.88,pro_FVG+VP,stop_loss_premium_phase2
2021-04-29 11:15:00,2021-04-29 12:45:00,NIFTY FIN SERVICE,bearish,199.91,202.4,3000,7457.48,1732.01,5725.47,pro_FVG+RSI_Div+VWAP,stop_loss_premium_phase3
2021-05-07 11:00:00,2021-05-07 12:45:00,NIFTY FIN SERVICE,bearish,205.38,204.9,3000,-1431.95,1758.75,-3190.7,pro_FVG+OTE+VWAP,stop_loss_premium_phase3
2021-05-27 11:00:00,2021-05-27 11:45:00,NIFTY FIN SERVICE,bullish,201.56,252.11,3000,151654.7,2052.36,149602.34,pro_LiqSweep+OTE,target
2021-05-27 14:15:00,2021-05-27 15:00:00,NIFTY FIN SERVICE,bullish,200.35,251.55,3000,153609.46,2046.43,151563.03,pro_LiqSweep+OTE,target
2021-05-28 11:30:00,2021-05-28 13:00:00,NIFTY FIN SERVICE,bearish,193.95,193.49,3000,-1373.54,1663.44,-3036.98,pro_FVG+OTE+VWAP,stop_loss_premium_phase3
2021-06-02 10:15:00,2021-06-02 11:45:00,NIFTY FIN SERVICE,bullish,205.21,220.93,3000,47153.04,1860.62,45292.42,pro_LiqSweep+FVG,stop_loss_premium_phase3
2021-06-02 14:15:00,2021-06-02 14:45:00,NIFTY FIN SERVICE,bullish,180.27,216.92,3000,109939.38,1785.96,108153.42,pro_LiqSweep+RSI_Div,target
2021-06-04 09:45:00,2021-06-04 10:45:00,NIFTY FIN SERVICE,bullish,163.65,163.26,3000,-1153.74,1410.93,-2564.67,pro_LiqSweep+VP,stop_loss_premium_phase2
2021-06-04 11:00:00,2021-06-04 12:30:00,NIFTY FIN SERVICE,bearish,171.91,177.11,3000,15582.9,1515.55,14067.35,pro_FVG+RSI_Div+VWAP,stop_loss_premium_phase3
2021-06-09 10:30:00,2021-06-09 12:00:00,NIFTY FIN SERVICE,bullish,184.79,186.28,3000,4461.0,1599.38,2861.62,pro_FVG+VP+RSI_Div,stop_loss_premium_phase3
2021-06-24 11:30:00,2021-06-24 13:00:00,NIFTY FIN SERVICE,bullish,189.5,195.77,3000,18800.07,1669.19,17130.88,pro_LiqSweep+VP,stop_loss_premium_phase3
2021-06-25 09:30:00,2021-06-25 09:45:00,NIFTY FIN SERVICE,bullish,269.01,251.31,2580,-45648.26,1881.51,-47529.77,pro_FVG+VP,target
2021-07-02 10:15:00,2021-07-02 11:45:00,NIFTY FIN SERVICE,bullish,176.99,173.53,3000,-10364.47,1502.71,-11867.18,pro_LiqSweep+RSI_Div,stop_loss_premium_phase3
2021-07-07 10:00:00,2021-07-07 11:30:00,NIFTY FIN SERVICE,bullish,192.09,191.64,3000,-1351.56,1648.01,-2999.57,pro_FVG+VP,stop_loss_premium_phase3
2021-07-08 09:30:00,2021-07-08 11:00:00,NIFTY FIN SERVICE,bullish,188.66,182.1,3000,-19684.71,1580.37,-21265.08,pro_FVG+VP,stop_loss_premium_phase3
2021-07-08 11:15:00,2021-07-08 12:15:00,NIFTY FIN SERVICE,bullish,172.66,172.53,3000,-394.49,1487.8,-1882.29,pro_FVG+VP+RSI_Div,stop_loss_premium_phase2
2021-07-09 11:00:00,2021-07-09 12:30:00,NIFTY FIN SERVICE,bullish,216.43,215.87,3000,-1681.85,1850.46,-3532.31,pro_FVG+OTE+RSI_Div,stop_loss_premium_phase3
2021-07-23 10:15:00,2021-07-23 11:45:00,NIFTY FIN SERVICE,bullish,184.0,179.68,3000,-12968.89,1555.75,-14524.64,pro_LiqSweep+VP+RSI_Div,stop_loss_premium_phase3
2021-08-06 10:45:00,2021-08-06 12:15:00,NIFTY FIN SERVICE,bearish,195.37,194.91,3000,-1366.04,1675.28,-3041.32,pro_LiqSweep+RSI_Div+VWAP,stop_loss_premium_phase3
2021-08-12 10:00:00,2021-08-12 11:30:00,NIFTY FIN SERVICE,bullish,191.58,198.07,3000,19464.87,1688.0,17776.87,pro_VP+RSI_Div,stop_loss_premium_phase3
2021-08-25 09:45:00,2021-08-25 11:15:00,NIFTY FIN SERVICE,bearish,195.73,221.3,3000,76696.53,1844.32,74852.21,pro_OTE+RSI_Div+VWAP,stop_loss_premium_phase3
2021-08-26 09:45:00,2021-08-26 11:15:00,NIFTY FIN SERVICE,bullish,195.63,215.22,3000,58796.01,1805.39,56990.62,pro_LiqSweep+OTE+RSI_Div,stop_loss_premium_phase3
2021-08-26 11:30:00,2021-08-26 13:00:00,NIFTY FIN SERVICE,bullish,184.29,186.0,3000,5135.24,1596.62,3538.62,pro_LiqSweep+VP,stop_loss_premium_phase3
2021-08-26 14:15:00,2021-08-26 15:15:00,NIFTY FIN SERVICE,bullish,203.34,189.38,3000,-41878.77,1655.68,-43534.45,pro_LiqSweep+VP,intraday_square_off
2021-08-27 11:30:00,2021-08-27 13:00:00,NIFTY FIN SERVICE,bearish,167.93,180.02,3000,36278.78,1526.27,34752.51,pro_LiqSweep+FVG+VWAP,stop_loss_premium_phase3
2021-09-01 10:30:00,2021-09-01 11:00:00,NIFTY FIN SERVICE,bearish,208.01,265.21,3000,171617.41,2148.67,169468.74,pro_OTE+RSI_Div+VWAP,target
2021-09-02 14:15:00,2021-09-02 15:15:00,NIFTY FIN SERVICE,bullish,178.21,199.0,3000,62361.78,1667.6,60694.18,pro_LiqSweep+VP,intraday_square_off
2021-09-03 09:45:00,2021-09-03 10:45:00,NIFTY FIN SERVICE,bullish,196.2,195.66,3000,-1641.26,1681.69,-3322.95,pro_LiqSweep+VP+RSI_Div,stop_loss_premium_phase2
2021-09-03 11:00:00,2021-09-03 12:30:00,NIFTY FIN SERVICE,bullish,200.37,199.88,3000,-1455.84,1716.87,-3172.71,pro_LiqSweep+OTE+RSI_Div,stop_loss_premium_phase3
2021-09-08 09:45:00,2021-09-08 11:15:00,NIFTY FIN SERVICE,bullish,204.2,215.77,3000,34704.51,1825.77,32878.74,pro_LiqSweep+VP,stop_loss_premium_phase3
2021-09-09 11:00:00,2021-09-09 12:30:00,NIFTY FIN SERVICE,bullish,206.98,218.64,3000,34967.63,1849.55,33118.08,pro_VP+RSI_Div,stop_loss_premium_phase3
2021-09-30 11:30:00,2021-09-30 13:00:00,NIFTY FIN SERVICE,bearish,188.44,188.0,3000,-1331.64,1617.57,-2949.21,pro_FVG+OTE+VWAP,stop_loss_premium_phase3
2021-10-13 14:15:00,2021-10-13 15:15:00,NIFTY FIN SERVICE,bearish,191.72,222.47,3000,92243.09,1843.92,90399.17,pro_OTE+RSI_Div+VWAP,intraday_square_off
2021-10-14 09:45:00,2021-10-14 11:15:00,NIFTY FIN SERVICE,bullish,192.19,191.96,3000,-681.13,1650.21,-2331.34,pro_LiqSweep+VP,stop_loss_premium_phase3
2021-10-14 11:30:00,2021-10-14 13:00:00,NIFTY FIN SERVICE,bullish,185.46,204.2,3000,56212.78,1715.03,54497.75,pro_LiqSweep+VP,stop_loss_premium_phase3
2021-10-25 09:30:00,2021-10-25 09:45:00,NIFTY FIN SERVICE,bullish,294.21,284.38,1920,-18878.58,1579.01,-20457.59,pro_LiqSweep+FVG,target
2021-10-28 14:15:00,2021-10-28 15:15:00,NIFTY FIN SERVICE,bearish,210.38,268.48,3000,174299.29,2174.13,172125.16,pro_LiqSweep+FVG+VWAP,intraday_square_off
2021-11-12 09:30:00,2021-11-12 09:45:00,NIFTY FIN SERVICE,bullish,295.07,251.06,1860,-81859.06,1400.44,-83259.5,pro_LiqSweep+OTE,target
2021-12-02 11:30:00,2021-12-02 13:00:00,NIFTY FIN SERVICE,bullish,208.8,208.58,3000,-643.73,1788.97,-2432.7,pro_LiqSweep+VP,stop_loss_premium_phase3
2021-12-10 10:30:00,2021-12-10 12:00:00,NIFTY FIN SERVICE,bullish,215.96,217.06,3000,3293.14,1857.11,1436.03,pro_LiqSweep+RSI_Div,stop_loss_premium_phase3
2021-12-10 14:15:00,2021-12-10 15:15:00,NIFTY FIN SERVICE,bullish,174.43,231.08,3000,169963.4,1864.8,168098.6,pro_LiqSweep+FVG+OTE,intraday_square_off
2021-12-24 10:30:00,2021-12-24 12:00:00,NIFTY FIN SERVICE,bearish,201.24,200.67,3000,-1708.96,1723.58,-3432.54,pro_FVG+RSI_Div+VWAP,stop_loss_premium_phase3
2021-12-27 09:30:00,2021-12-27 09:45:00,NIFTY FIN SERVICE,bearish,263.93,244.16,2280,-45085.0,1625.94,-46710.94,pro_FVG+OTE+VWAP,target
2021-12-30 10:00:00,2021-12-30 11:30:00,NIFTY FIN SERVICE,bearish,202.8,230.23,3000,82317.89,1915.26,80402.63,pro_LiqSweep+FVG+VWAP,stop_loss_premium_phase3
2021-12-30 14:15:00,2021-12-30 15:00:00,NIFTY FIN SERVICE,bearish,181.13,224.74,3000,130834.96,1837.57,128997.39,pro_FVG+OTE+VWAP,target
2021-12-31 09:45:00,2021-12-31 11:15:00,NIFTY FIN SERVICE,bullish,193.14,192.68,3000,-1372.09,1656.66,-3028.75,pro_VP+RSI_Div,stop_loss_premium_phase3
2022-01-06 09:30:00,2022-01-06 09:45:00,NIFTY FIN SERVICE,bearish,405.93,276.43,960,-124320.72,867.27,-125187.99,pro_LiqSweep+RSI_Div+VWAP,target
2022-01-07 09:45:00,2022-01-07 10:45:00,NIFTY FIN SERVICE,bullish,204.86,204.38,3000,-1456.93,1754.39,-3211.32,pro_FVG+VP,stop_loss_premium_phase2
2022-01-13 09:45:00,2022-01-13 10:45:00,NIFTY FIN SERVICE,bullish,187.03,181.98,3000,-15147.46,1576.36,-16723.82,pro_LiqSweep+VP,stop_loss_premium_phase2
2022-01-13 11:15:00,2022-01-13 12:45:00,NIFTY FIN SERVICE,bullish,197.35,209.16,3000,35442.33,1770.08,33672.25,pro_LiqSweep+FVG+RSI_Div,stop_loss_premium_phase3
2022-01-14 09:30:00,2022-01-14 10:30:00,NIFTY FIN SERVICE,bullish,127.15,120.07,3000,-21229.14,1063.56,-22292.7,pro_LiqSweep+FVG,stop_loss_premium_phase2
2022-01-19 14:15:00,2022-01-19 15:15:00,NIFTY FIN SERVICE,bullish,207.83,231.57,3000,71221.15,1933.69,69287.46,pro_LiqSweep+OTE+RSI_Div,intraday_square_off
2022-01-20 09:45:00,2022-01-20 10:45:00,NIFTY FIN SERVICE,bullish,189.74,189.56,3000,-541.41,1630.06,-2171.47,pro_LiqSweep+RSI_Div,stop_loss_premium_phase2
2022-02-16 10:00:00,2022-02-16 11:30:00,NIFTY FIN SERVICE,bearish,199.06,232.36,3000,99914.53,1921.46,97993.07,pro_FVG+RSI_Div+VWAP,stop_loss_premium_phase3
2022-02-17 09:30:00,2022-02-17 09:45:00,NIFTY FIN SERVICE,bearish,285.42,272.61,2580,-33031.84,2026.14,-35057.98,pro_FVG+OTE+VWAP,target
2022-02-17 14:15:00,2022-02-17 15:15:00,NIFTY FIN SERVICE,bearish,215.85,265.02,3000,147506.37,2162.9,145343.47,pro_LiqSweep+FVG+VWAP,intraday_square_off
2022-02-25 14:15:00,2022-02-25 15:15:00,NIFTY FIN SERVICE,bearish,200.43,231.28,3000,92566.68,1917.29,90649.39,pro_FVG+OTE+VWAP,intraday_square_off
2022-03-09 09:45:00,2022-03-09 11:15:00,NIFTY FIN SERVICE,bullish,253.4,265.25,3000,35550.08,2238.25,33311.83,pro_LiqSweep+VP,stop_loss_premium_phase3
2022-03-14 09:30:00,2022-03-14 09:45:00,NIFTY FIN SERVICE,bullish,259.64,273.47,3000,41486.22,2302.98,39183.24,pro_FVG+OTE+RSI_Div,target
2022-04-01 10:00:00,2022-04-01 11:30:00,NIFTY FIN SERVICE,bullish,195.58,224.28,3000,86111.06,1863.05,84248.01,pro_LiqSweep+VP+RSI_Div,stop_loss_premium_phase3
2022-04-08 10:15:00,2022-04-08 11:45:00,NIFTY FIN SERVICE,bearish,188.76,214.55,3000,77394.07,1787.57,75606.5,pro_FVG+RSI_Div+VWAP,stop_loss_premium_phase3
2022-04-29 10:45:00,2022-04-29 11:45:00,NIFTY FIN SERVICE,bearish,182.23,182.08,3000,-452.52,1567.59,-2020.11,pro_LiqSweep+RSI_Div+VWAP,stop_loss_premium_phase2
2022-05-04 09:45:00,2022-05-04 10:45:00,NIFTY FIN SERVICE,bearish,221.76,281.68,3000,179763.54,2280.79,177482.75,pro_FVG+OTE+VWAP,target
2022-05-12 11:00:00,2022-05-12 12:30:00,NIFTY FIN SERVICE,bullish,202.34,209.26,3000,20773.65,1780.55,18993.1,pro_LiqSweep+RSI_Div,stop_loss_premium_phase3
2022-05-20 09:30:00,2022-05-20 09:45:00,NIFTY FIN SERVICE,bullish,373.42,237.21,1020,-138937.53,811.71,-139749.24,pro_FVG+VP+RSI_Div,target
2022-06-02 10:00:00,2022-06-02 11:30:00,NIFTY FIN SERVICE,bullish,212.74,212.14,3000,-1789.32,1819.4,-3608.72,pro_LiqSweep+OTE+RSI_Div,stop_loss_premium_phase3
2022-06-02 14:15:00,2022-06-02 15:15:00,NIFTY FIN SERVICE,bullish,186.94,217.42,3000,91436.69,1802.27,89634.42,pro_LiqSweep+VP+RSI_Div,intraday_square_off
2022-06-09 10:30:00,2022-06-09 12:00:00,NIFTY FIN SERVICE,bullish,202.08,206.49,3000,13208.0,1762.35,11445.65,pro_LiqSweep+OTE,stop_loss_premium_phase3
2022-06-09 14:15:00,2022-06-09 15:15:00,NIFTY FIN SERVICE,bullish,176.09,228.01,3000,155759.38,1848.49,153910.89,pro_LiqSweep+VP+RSI_Div,intraday_square_off
2022-06-17 09:45:00,2022-06-17 11:15:00,NIFTY FIN SERVICE,bullish,216.24,216.06,3000,-539.88,1851.33,-2391.21,pro_LiqSweep+OTE+RSI_Div,stop_loss_premium_phase3
2022-06-20 09:30:00,2022-06-20 09:45:00,NIFTY FIN SERVICE,bullish,239.29,252.76,3000,40435.06,2130.84,38304.22,pro_LiqSweep+FVG,target
2022-06-23 14:15:00,2022-06-23 15:15:00,NIFTY FIN SERVICE,bearish,216.44,206.17,3000,-30799.33,1788.6,-32587.93,pro_LiqSweep+RSI_Div+VWAP,intraday_square_off
2022-06-30 10:45:00,2022-06-30 12:15:00,NIFTY FIN SERVICE,bearish,199.88,199.36,3000,-1546.65,1712.59,-3259.24,pro_FVG+OTE+RSI_Div+VWAP,stop_loss_premium_phase3
2022-07-05 09:30:00,2022-07-05 09:45:00,NIFTY FIN SERVICE,bullish,194.6,125.35,1620,-112184.23,685.94,-112870.17,pro_LiqSweep+FVG+VP+RSI_Div,target
2022-07-13 09:45:00,2022-07-13 11:15:00,NIFTY FIN SERVICE,bearish,208.01,239.32,3000,93928.56,1983.46,91945.1,pro_LiqSweep+OTE+VWAP,stop_loss_premium_phase3
2022-07-14 10:00:00,2022-07-14 11:30:00,NIFTY FIN SERVICE,bullish,193.88,193.42,3000,-1367.68,1662.85,-3030.53,pro_LiqSweep+VP,stop_loss_premium_phase3
2022-07-20 11:15:00,2022-07-20 12:45:00,NIFTY FIN SERVICE,bearish,186.85,192.29,3000,16327.09,1641.79,14685.3,pro_LiqSweep+RSI_Div+VWAP,stop_loss_premium_phase3
2022-07-21 10:15:00,2022-07-21 11:45:00,NIFTY FIN SERVICE,bullish,211.2,248.59,3000,112155.26,2048.91,110106.35,pro_LiqSweep+VP,stop_loss_premium_phase3
2022-07-22 14:15:00,2022-07-22 15:15:00,NIFTY FIN SERVICE,bearish,160.58,169.4,3000,26449.64,1444.05,25005.59,pro_LiqSweep+RSI_Div+VWAP,intraday_square_off
2022-07-27 14:15:00,2022-07-27 15:15:00,NIFTY FIN SERVICE,bullish,201.73,234.64,3000,98735.79,1941.27,96794.52,pro_FVG+VP,intraday_square_off
2022-08-03 10:30:00,2022-08-03 12:00:00,NIFTY FIN SERVICE,bullish,213.05,212.81,3000,-742.39,1824.29,-2566.68,pro_FVG+RSI_Div,stop_loss_premium_phase3
2022-08-12 10:00:00,2022-08-12 11:15:00,NIFTY FIN SERVICE,bullish,174.68,219.63,3000,134849.19,1792.26,133056.93,pro_VP+OTE,target
2022-08-16 09:30:00,2022-08-16 09:45:00,NIFTY FIN SERVICE,bullish,241.86,156.37,1620,-138496.15,843.03,-139339.18,pro_FVG+VP,target
2022-08-17 09:45:00,2022-08-17 11:15:00,NIFTY FIN SERVICE,bullish,208.23,264.79,3000,169674.75,2146.36,167528.39,pro_LiqSweep+VP,target
2022-08-17 11:30:00,2022-08-17 13:00:00,NIFTY FIN SERVICE,bullish,204.13,209.47,3000,16021.2,1785.44,14235.76,pro_LiqSweep+VP,stop_loss_premium_phase3
2022-08-17 14:15:00,2022-08-17 15:15:00,NIFTY FIN SERVICE,bullish,193.0,208.67,3000,47004.42,1758.4,45246.02,pro_LiqSweep+VP,intraday_square_off
2022-08-18 09:45:00,2022-08-18 11:15:00,NIFTY FIN SERVICE,bullish,194.52,194.0,3000,-1565.87,1667.81,-3233.68,pro_LiqSweep+VP,stop_loss_premium_phase3
2022-08-18 11:30:00,2022-08-18 13:00:00,NIFTY FIN SERVICE,bullish,189.32,188.87,3000,-1359.77,1624.82,-2984.59,pro_LiqSweep+OTE,stop_loss_premium_phase3
2022-08-24 10:30:00,2022-08-24 12:00:00,NIFTY FIN SERVICE,bullish,200.47,219.38,3000,56726.61,1841.43,54885.18,pro_FVG+VP,stop_loss_premium_phase3
2022-08-26 10:00:00,2022-08-26 11:30:00,NIFTY FIN SERVICE,bearish,203.57,250.41,3000,140512.92,2045.46,138467.46,pro_FVG+OTE+RSI_Div+VWAP,stop_loss_premium_phase3
2022-09-15 09:45:00,2022-09-15 11:00:00,NIFTY FIN SERVICE,bearish,200.03,266.17,3000,198418.41,2139.08,196279.33,pro_OTE+RSI_Div+VWAP,target
2022-09-23 14:15:00,2022-09-23 15:15:00,NIFTY FIN SERVICE,bullish,201.89,225.34,3000,70362.82,1882.26,68480.56,pro_LiqSweep+RSI_Div,intraday_square_off
2022-10-20 14:15:00,2022-10-20 15:00:00,NIFTY FIN SERVICE,bullish,175.17,231.17,3000,168019.28,1866.83,166152.45,pro_FVG+VP,target
2022-10-28 09:45:00,2022-10-28 10:45:00,NIFTY FIN SERVICE,bullish,188.29,187.84,3000,-1354.11,1616.26,-2970.37,pro_FVG+VP,stop_loss_premium_phase2
2022-10-28 11:00:00,2022-10-28 12:00:00,NIFTY FIN SERVICE,bullish,178.58,174.89,3000,-11077.2,1514.51,-12591.71,pro_FVG+OTE,stop_loss_premium_phase2
2022-11-03 10:45:00,2022-11-03 12:15:00,NIFTY FIN SERVICE,bullish,199.16,198.69,3000,-1396.13,1706.89,-3103.02,pro_FVG+VP+RSI_Div,stop_loss_premium_phase3
2022-11-04 10:15:00,2022-11-04 11:45:00,NIFTY FIN SERVICE,bullish,206.68,225.92,3000,57711.07,1895.37,55815.7,pro_FVG+RSI_Div,stop_loss_premium_phase3
2022-11-11 09:30:00,2022-11-11 09:45:00,NIFTY FIN SERVICE,bullish,413.2,217.0,960,-188358.16,750.54,-189108.7,pro_VP+RSI_Div,target
2022-11-11 14:15:00,2022-11-11 15:15:00,NIFTY FIN SERVICE,bearish,208.87,220.09,3000,33669.85,1862.53,31807.32,pro_OTE+RSI_Div+VWAP,intraday_square_off
2022-11-16 10:00:00,2022-11-16 11:30:00,NIFTY FIN SERVICE,bullish,190.78,204.83,3000,42161.56,1729.53,40432.03,pro_VP+RSI_Div,stop_loss_premium_phase3
2022-11-18 09:45:00,2022-11-18 11:00:00,NIFTY FIN SERVICE,bullish,170.56,170.18,3000,-1139.57,1468.65,-2608.22,pro_VP+OTE,stop_loss_premium_phase2
2022-11-18 14:15:00,2022-11-18 15:15:00,NIFTY FIN SERVICE,bullish,168.28,196.1,3000,83442.09,1629.54,81812.55,pro_LiqSweep+FVG+RSI_Div,intraday_square_off
2022-11-25 09:45:00,2022-11-25 11:00:00,NIFTY FIN SERVICE,bullish,200.1,199.58,3000,-1575.68,1714.37,-3290.05,pro_FVG+VP,stop_loss_premium_phase2
2022-11-30 09:45:00,2022-11-30 10:45:00,NIFTY FIN SERVICE,bullish,188.75,188.5,3000,-745.58,1621.38,-2366.96,pro_LiqSweep+FVG+VP,stop_loss_premium_phase2
2022-12-01 14:15:00,2022-12-01 15:15:00,NIFTY FIN SERVICE,bearish,185.6,194.89,3000,27865.05,1655.95,26209.1,pro_LiqSweep+FVG+RSI_Div+VWAP,intraday_square_off
2022-12-02 14:15:00,2022-12-02 15:15:00,NIFTY FIN SERVICE,bullish,108.14,103.51,3000,-13911.74,920.45,-14832.19,pro_VP+OTE,intraday_square_off
2022-12-08 10:30:00,2022-12-08 12:00:00,NIFTY FIN SERVICE,bullish,183.47,197.64,3000,42513.25,1669.3,40843.95,pro_LiqSweep+FVG+VP,stop_loss_premium_phase3
2022-12-09 09:30:00,2022-12-09 11:00:00,NIFTY FIN SERVICE,bullish,190.49,189.47,3000,-3073.44,1630.96,-4704.4,pro_LiqSweep+FVG+VP,stop_loss_premium_phase3
2022-12-09 11:15:00,2022-12-09 12:30:00,NIFTY FIN SERVICE,bullish,173.37,172.91,3000,-1372.13,1491.63,-2863.76,pro_LiqSweep+VP,stop_loss_premium_phase2
2022-12-12 09:30:00,2022-12-12 11:00:00,NIFTY FIN SERVICE,bullish,137.06,187.97,3000,152717.75,1516.21,151201.54,pro_LiqSweep+RSI_Div,stop_loss_premium_phase3
2023-01-11 10:00:00,2023-01-11 11:00:00,NIFTY FIN SERVICE,bullish,198.02,197.46,3000,-1695.94,1696.77,-3392.71,pro_LiqSweep+VP,stop_loss_premium_phase2
2023-01-18 10:30:00,2023-01-18 12:15:00,NIFTY FIN SERVICE,bullish,193.71,218.35,3000,73915.59,1821.57,72094.02,pro_FVG+VP,stop_loss_premium_phase3
2023-01-18 14:15:00,2023-01-18 15:15:00,NIFTY FIN SERVICE,bullish,173.67,169.44,3000,-12697.88,1470.09,-14167.97,pro_LiqSweep+VP,intraday_square_off
2023-01-19 09:45:00,2023-01-19 11:15:00,NIFTY FIN SERVICE,bullish,189.07,188.57,3000,-1508.49,1622.42,-3130.91,pro_LiqSweep+VP,stop_loss_premium_phase3
2023-01-19 11:30:00,2023-01-19 13:00:00,NIFTY FIN SERVICE,bullish,195.35,206.29,3000,32827.5,1747.88,31079.62,pro_LiqSweep+VP,stop_loss_premium_phase3
2023-01-25 14:15:00,2023-01-25 15:15:00,NIFTY FIN SERVICE,bearish,193.24,218.36,3000,75363.53,1820.68,73542.85,pro_LiqSweep+FVG+VWAP,intraday_square_off
2023-01-30 09:30:00,2023-01-30 09:45:00,NIFTY FIN SERVICE,bullish,289.7,244.78,2100,-94331.62,1539.59,-95871.21,pro_LiqSweep+RSI_Div,target
2023-02-02 14:15:00,2023-02-02 15:15:00,NIFTY FIN SERVICE,bullish,196.82,209.66,3000,38547.71,1772.26,36775.45,pro_LiqSweep+RSI_Div,intraday_square_off
2023-02-08 11:15:00,2023-02-08 12:45:00,NIFTY FIN SERVICE,bearish,216.86,216.26,3000,-1820.45,1853.8,-3674.25,pro_FVG+OTE+VWAP,stop_loss_premium_phase3
2023-02-10 10:30:00,2023-02-10 12:00:00,NIFTY FIN SERVICE,bearish,173.23,172.75,3000,-1464.22,1490.31,-2954.53,pro_LiqSweep+RSI_Div+VWAP,stop_loss_premium_phase3
2023-02-15 10:30:00,2023-02-15 12:00:00,NIFTY FIN SERVICE,bullish,183.33,202.08,3000,56243.66,1697.3,54546.36,pro_FVG+VP,stop_loss_premium_phase3
2023-02-16 11:00:00,2023-02-16 12:45:00,NIFTY FIN SERVICE,bearish,205.81,241.42,3000,106832.31,1992.51,104839.8,pro_FVG+OTE+VWAP,stop_loss_premium_phase3
2023-02-17 11:30:00,2023-02-17 12:30:00,NIFTY FIN SERVICE,bullish,185.57,185.04,3000,-1585.51,1593.04,-3178.55,pro_LiqSweep+RSI_Div,stop_loss_premium_phase2
2023-02-23 10:30:00,2023-02-23 12:00:00,NIFTY FIN SERVICE,bearish,214.99,250.43,3000,106313.41,2068.07,104245.34,pro_FVG+OTE+VWAP,stop_loss_premium_phase3
2023-03-08 10:00:00,2023-03-08 11:30:00,NIFTY FIN SERVICE,bullish,195.09,194.53,3000,-1681.22,1672.31,-3353.53,pro_LiqSweep+FVG+VP,stop_loss_premium_phase3
2023-03-08 14:15:00,2023-03-08 15:15:00,NIFTY FIN SERVICE,bullish,196.76,227.46,3000,92097.66,1885.67,90211.99,pro_FVG+VP+RSI_Div,intraday_square_off
2023-03-09 09:45:00,2023-03-09 11:00:00,NIFTY FIN SERVICE,bearish,162.82,162.34,3000,-1434.29,1403.42,-2837.71,pro_FVG+OTE+VWAP,stop_loss_premium_phase2
2023-03-10 14:15:00,2023-03-10 15:15:00,NIFTY FIN SERVICE,bullish,192.12,216.26,3000,72420.51,1805.11,70615.4,pro_LiqSweep+OTE+RSI_Div,intraday_square_off
2023-03-29 09:45:00,2023-03-29 11:15:00,NIFTY FIN SERVICE,bullish,191.41,218.06,3000,79947.03,1815.14,78131.89,pro_LiqSweep+VP+RSI_Div,stop_loss_premium_phase3
2023-03-29 11:30:00,2023-03-29 13:00:00,NIFTY FIN SERVICE,bullish,202.23,201.67,3000,-1680.49,1731.89,-3412.38,pro_LiqSweep+VP+RSI_Div,stop_loss_premium_phase3
2023-04-05 09:45:00,2023-04-05 11:15:00,NIFTY FIN SERVICE,bullish,210.11,209.62,3000,-1481.44,1798.16,-3279.6,pro_FVG+VP,stop_loss_premium_phase3
2023-04-06 10:30:00,2023-04-06 12:00:00,NIFTY FIN SERVICE,bullish,198.03,225.63,3000,82791.82,1876.49,80915.33,pro_FVG+VP+RSI_Div,stop_loss_premium_phase3
2023-04-19 10:15:00,2023-04-19 11:45:00,NIFTY FIN SERVICE,bullish,185.79,187.59,3000,5382.55,1609.71,3772.84,pro_LiqSweep+OTE+RSI_Div,stop_loss_premium_phase3
2023-04-19 14:15:00,2023-04-19 15:15:00,NIFTY FIN SERVICE,bullish,183.99,199.45,3000,46383.79,1681.86,44701.93,pro_LiqSweep+VP+OTE+RSI_Div,intraday_square_off
2023-04-20 10:00:00,2023-04-20 11:30:00,NIFTY FIN SERVICE,bullish,185.76,185.27,3000,-1461.77,1594.87,-3056.64,pro_FVG+VP,stop_loss_premium_phase3
2023-04-21 09:30:00,2023-04-21 09:45:00,NIFTY FIN SERVICE,bullish,207.29,215.3,3000,24009.78,1828.82,22180.96,pro_LiqSweep+VP+OTE,target
2023-04-21 10:00:00,2023-04-21 11:30:00,NIFTY FIN SERVICE,bullish,189.06,188.61,3000,-1341.5,1622.67,-2964.17,pro_LiqSweep+FVG+VP+OTE,stop_loss_premium_phase3
2023-04-24 09:30:00,2023-04-24 09:45:00,NIFTY FIN SERVICE,bullish,292.01,233.04,2100,-123852.61,1490.33,-125342.94,pro_LiqSweep+VP,target
2023-04-28 11:15:00,2023-04-28 12:45:00,NIFTY FIN SERVICE,bullish,169.47,189.7,3000,60702.65,1591.04,59111.61,pro_FVG+OTE,stop_loss_premium_phase3
2023-05-04 10:00:00,2023-05-04 11:30:00,NIFTY FIN SERVICE,bullish,193.31,226.64,3000,99997.71,1873.67,98124.04,pro_VP+RSI_Div,stop_loss_premium_phase3
2023-05-11 14:15:00,2023-05-11 15:15:00,NIFTY FIN SERVICE,bearish,185.11,211.74,3000,79890.77,1762.48,78128.29,pro_LiqSweep+OTE+RSI_Div+VWAP,intraday_square_off
2023-05-12 10:00:00,2023-05-12 11:00:00,NIFTY FIN SERVICE,bearish,196.9,196.62,3000,-863.87,1689.2,-2553.07,pro_LiqSweep+FVG+VWAP,stop_loss_premium_phase2
2023-05-12 11:15:00,2023-05-12 12:45:00,NIFTY FIN SERVICE,bearish,194.37,194.35,3000,-43.35,1669.77,-1713.12,pro_LiqSweep+OTE+VWAP,stop_loss_premium_phase3
2023-05-25 14:15:00,2023-05-25 15:00:00,NIFTY FIN SERVICE,bullish,200.07,255.24,3000,165525.49,2069.42,163456.07,pro_LiqSweep+OTE+RSI_Div,target
2023-05-31 14:15:00,2023-05-31 15:00:00,NIFTY FIN SERVICE,bullish,173.43,222.31,3000,146643.37,1806.89,144836.48,pro_LiqSweep+FVG+RSI_Div,target
2023-06-02 11:00:00,2023-06-02 12:30:00,NIFTY FIN SERVICE,bearish,189.35,188.85,3000,-1494.82,1624.79,-3119.61,pro_LiqSweep+FVG+VWAP,stop_loss_premium_phase3
2023-06-07 11:30:00,2023-06-07 13:00:00,NIFTY FIN SERVICE,bullish,182.57,198.2,3000,46894.47,1671.06,45223.41,pro_FVG+VP,stop_loss_premium_phase3
2023-06-07 14:15:00,2023-06-07 15:15:00,NIFTY FIN SERVICE,bullish,181.16,204.43,3000,69819.02,1708.04,68110.98,pro_FVG+VP+OTE,intraday_square_off
2023-06-22 10:30:00,2023-06-22 12:00:00,NIFTY FIN SERVICE,bearish,194.27,211.29,3000,51060.84,1777.59,49283.25,pro_LiqSweep+RSI_Div+VWAP,stop_loss_premium_phase3
2023-06-28 11:00:00,2023-06-28 12:00:00,NIFTY FIN SERVICE,bearish,204.65,204.43,3000,-642.85,1754.33,-2397.18,pro_OTE+RSI_Div+VWAP,stop_loss_premium_phase2
2023-06-28 14:15:00,2023-06-28 15:00:00,NIFTY FIN SERVICE,bearish,188.71,231.48,3000,128302.67,1895.46,126407.21,pro_LiqSweep+OTE+VWAP,target
2023-07-06 09:45:00,2023-07-06 11:15:00,NIFTY FIN SERVICE,bullish,200.75,223.0,3000,66750.03,1865.09,64884.94,pro_LiqSweep+FVG,stop_loss_premium_phase3
2023-07-06 11:30:00,2023-07-06 13:00:00,NIFTY FIN SERVICE,bullish,202.47,201.98,3000,-1473.0,1734.34,-3207.34,pro_LiqSweep+VP,stop_loss_premium_phase3
2023-07-06 14:15:00,2023-07-06 15:15:00,NIFTY FIN SERVICE,bullish,192.58,205.34,3000,38297.61,1736.35,36561.26,pro_LiqSweep+VP+RSI_Div,intraday_square_off
2023-07-19 09:45:00,2023-07-19 11:15:00,NIFTY FIN SERVICE,bullish,214.33,213.81,3000,-1560.3,1833.16,-3393.46,pro_LiqSweep+FVG+OTE,stop_loss_premium_phase3
2023-07-21 10:00:00,2023-07-21 11:30:00,NIFTY FIN SERVICE,bearish,204.98,221.48,3000,49510.43,1863.73,47646.7,pro_OTE+RSI_Div+VWAP,stop_loss_premium_phase3
2023-07-26 09:45:00,2023-07-26 11:15:00,NIFTY FIN SERVICE,bullish,191.51,200.71,3000,27597.91,1704.66,25893.25,pro_LiqSweep+FVG+VP,stop_loss_premium_phase3
2023-07-31 09:30:00,2023-07-31 11:15:00,NIFTY FIN SERVICE,bullish,180.37,212.18,3000,95443.54,1755.92,93687.62,pro_LiqSweep+VP,stop_loss_premium_phase3
2023-08-17 09:45:00,2023-08-17 11:15:00,NIFTY FIN SERVICE,bullish,174.61,210.86,3000,108763.65,1736.16,107027.49,pro_LiqSweep+VP,stop_loss_premium_phase3
2023-08-17 11:30:00,2023-08-17 12:30:00,NIFTY FIN SERVICE,bullish,180.69,180.46,3000,-680.37,1554.23,-2234.6,pro_LiqSweep+VP,stop_loss_premium_phase2
2023-08-17 14:15:00,2023-08-17 15:15:00,NIFTY FIN SERVICE,bullish,182.36,196.11,3000,41262.77,1657.34,39605.43,pro_LiqSweep+VP+OTE,intraday_square_off
2023-08-23 10:30:00,2023-08-23 11:15:00,NIFTY FIN SERVICE,bullish,196.24,241.22,3000,134944.62,1972.42,132972.2,pro_FVG+RSI_Div,target
2023-08-25 14:15:00,2023-08-25 15:15:00,NIFTY FIN SERVICE,bullish,184.09,175.44,3000,-25955.56,1528.9,-27484.46,pro_FVG+VP+RSI_Div,intraday_square_off
2023-08-31 09:45:00,2023-08-31 10:30:00,NIFTY FIN SERVICE,bearish,191.76,244.32,3000,157681.25,1983.4,155697.85,pro_FVG+RSI_Div+VWAP,target
2023-09-06 09:45:00,2023-09-06 11:15:00,NIFTY FIN SERVICE,bullish,182.49,192.77,3000,30844.8,1636.27,29208.53,pro_LiqSweep+VP,stop_loss_premium_phase3
2023-09-06 11:30:00,2023-09-06 13:00:00,NIFTY FIN SERVICE,bullish,189.1,188.65,3000,-1339.09,1623.0,-2962.09,pro_VP+OTE,stop_loss_premium_phase3
2023-09-07 11:30:00,2023-09-07 13:00:00,NIFTY FIN SERVICE,bullish,189.14,204.2,3000,45180.01,1722.29,43457.72,pro_FVG+VP,stop_loss_premium_phase3
2023-09-08 11:30:00,2023-09-08 13:00:00,NIFTY FIN SERVICE,bearish,188.07,187.89,3000,-544.16,1616.13,-2160.29,pro_LiqSweep+RSI_Div+VWAP,stop_loss_premium_phase3
2023-09-14 10:15:00,2023-09-14 11:45:00,NIFTY FIN SERVICE,bullish,201.63,201.11,3000,-1573.73,1727.14,-3300.87,pro_LiqSweep+OTE,stop_loss_premium_phase3
2023-09-14 14:15:00,2023-09-14 15:15:00,NIFTY FIN SERVICE,bullish,169.39,186.07,3000,50040.78,1567.76,48473.02,pro_LiqSweep+OTE,intraday_square_off
2023-09-15 14:15:00,2023-09-15 15:15:00,NIFTY FIN SERVICE,bearish,184.05,199.31,3000,45788.2,1681.08,44107.12,pro_LiqSweep+FVG+OTE+VWAP,intraday_square_off
2023-09-27 11:30:00,2023-09-27 13:00:00,NIFTY FIN SERVICE,bullish,186.17,185.66,3000,-1529.45,1598.18,-3127.63,pro_FVG+OTE,stop_loss_premium_phase3
2023-10-05 09:30:00,2023-10-05 09:45:00,NIFTY FIN SERVICE,bullish,252.4,213.54,3000,-116577.89,1906.44,-118484.33,pro_LiqSweep+VP+OTE,target
2023-10-12 09:45:00,2023-10-12 11:15:00,NIFTY FIN SERVICE,bullish,167.14,182.15,3000,45023.81,1538.32,43485.49,pro_LiqSweep+FVG+VP,stop_loss_premium_phase3
2023-10-12 11:30:00,2023-10-12 13:00:00,NIFTY FIN SERVICE,bullish,160.67,165.39,3000,14151.79,1418.66,12733.13,pro_LiqSweep+FVG+VP,stop_loss_premium_phase3
2023-10-25 09:45:00,2023-10-25 11:15:00,NIFTY FIN SERVICE,bearish,202.79,230.98,3000,84565.61,1920.0,82645.61,pro_LiqSweep+FVG+VWAP,stop_loss_premium_phase3
2023-10-27 14:15:00,2023-10-27 15:15:00,NIFTY FIN SERVICE,bearish,146.68,153.79,3000,21332.46,1317.1,20015.36,pro_FVG+OTE+RSI_Div+VWAP,intraday_square_off
2023-11-01 14:15:00,2023-11-01 15:15:00,NIFTY FIN SERVICE,bullish,183.69,192.32,3000,25904.67,1635.78,24268.89,pro_LiqSweep+VP+RSI_Div,intraday_square_off
2023-11-02 14:15:00,2023-11-02 15:15:00,NIFTY FIN SERVICE,bearish,176.27,159.71,3000,-49693.49,1413.13,-51106.62,pro_FVG+RSI_Div+VWAP,intraday_square_off
2023-11-08 09:45:00,2023-11-08 11:00:00,NIFTY FIN SERVICE,bullish,206.89,206.71,3000,-544.1,1773.26,-2317.36,pro_LiqSweep+VP,stop_loss_premium_phase2
2023-11-08 11:15:00,2023-11-08 12:45:00,NIFTY FIN SERVICE,bullish,211.61,223.16,3000,34644.47,1887.51,32756.96,pro_LiqSweep+FVG,stop_loss_premium_phase3
2023-11-08 14:15:00,2023-11-08 15:15:00,NIFTY FIN SERVICE,bullish,185.87,199.34,3000,40423.88,1684.84,38739.04,pro_FVG+OTE,intraday_square_off
2023-11-10 10:45:00,2023-11-10 12:15:00,NIFTY FIN SERVICE,bullish,166.3,165.91,3000,-1167.42,1433.02,-2600.44,pro_LiqSweep+VP,stop_loss_premium_phase3
2023-11-13 09:30:00,2023-11-13 10:00:00,NIFTY FIN SERVICE,bullish,208.56,239.25,3000,92063.67,1984.08,90079.59,pro_LiqSweep+VP,target
2023-11-15 14:15:00,2023-11-15 15:15:00,NIFTY FIN SERVICE,bearish,180.72,175.42,3000,-15909.31,1522.1,-17431.41,pro_LiqSweep+RSI_Div+VWAP,intraday_square_off
2023-11-16 09:45:00,2023-11-16 11:00:00,NIFTY FIN SERVICE,bullish,171.67,213.83,3000,126469.39,1749.33,124720.06,pro_VP+RSI_Div,target
2023-11-16 11:30:00,2023-11-16 13:00:00,NIFTY FIN SERVICE,bullish,198.02,197.46,3000,-1679.73,1696.82,-3376.55,pro_FVG+VP,stop_loss_premium_phase3
2023-11-16 14:15:00,2023-11-16 15:15:00,NIFTY FIN SERVICE,bullish,175.89,78.74,3000,-291449.61,895.82,-292345.43,pro_FVG+VP,intraday_square_off
2023-11-22 09:45:00,2023-11-22 11:15:00,NIFTY FIN SERVICE,bullish,178.8,178.36,3000,-1318.08,1537.11,-2855.19,pro_FVG+VP+OTE,stop_loss_premium_phase3
2023-11-22 11:30:00,2023-11-22 12:30:00,NIFTY FIN SERVICE,bullish,176.89,176.75,3000,-423.48,1523.04,-1946.52,pro_LiqSweep+FVG+VP+OTE+RSI_Div,stop_loss_premium_phase2
2023-11-24 09:45:00,2023-11-24 10:30:00,NIFTY FIN SERVICE,bullish,175.91,206.95,3000,93128.01,1713.8,91414.21,pro_VP+RSI_Div,target
2023-11-30 14:15:00,2023-11-30 15:00:00,NIFTY FIN SERVICE,bullish,186.44,230.08,3000,130940.43,1882.08,129058.35,pro_LiqSweep+OTE,target
2023-12-01 09:45:00,2023-12-01 11:15:00,NIFTY FIN SERVICE,bullish,194.0,213.44,3000,58314.08,1790.78,56523.3,pro_LiqSweep+VP,stop_loss_premium_phase3
2023-12-01 14:15:00,2023-12-01 15:15:00,NIFTY FIN SERVICE,bullish,112.21,102.61,3000,-28818.83,922.71,-29741.54,pro_LiqSweep+VP,intraday_square_off
2023-12-06 10:00:00,2023-12-06 11:00:00,NIFTY FIN SERVICE,bearish,194.4,193.87,3000,-1596.65,1666.73,-3263.38,pro_LiqSweep+RSI_Div+VWAP,stop_loss_premium_phase2
2023-12-07 10:45:00,2023-12-07 12:15:00,NIFTY FIN SERVICE,bullish,183.21,201.53,3000,54946.09,1693.55,53252.54,pro_LiqSweep+VP,stop_loss_premium_phase3
2023-12-07 14:15:00,2023-12-07 15:15:00,NIFTY FIN SERVICE,bearish,184.15,200.54,3000,49186.37,1689.11,47497.26,pro_LiqSweep+OTE+RSI_Div+VWAP,intraday_square_off
2023-12-08 10:00:00,2023-12-08 11:00:00,NIFTY FIN SERVICE,bullish,196.4,195.98,3000,-1259.03,1684.13,-2943.16,pro_VP+RSI_Div,stop_loss_premium_phase2
2023-12-08 11:15:00,2023-12-08 12:45:00,NIFTY FIN SERVICE,bullish,182.51,182.32,3000,-562.76,1569.68,-2132.44,pro_VP+RSI_Div,stop_loss_premium_phase3
2023-12-20 14:15:00,2023-12-20 14:30:00,NIFTY FIN SERVICE,bearish,211.31,261.96,3000,151939.35,2134.39,149804.96,pro_VP+RSI_Div+VWAP,target
2023-12-21 11:30:00,2023-12-21 13:00:00,NIFTY FIN SERVICE,bullish,216.49,257.05,3000,121681.84,2113.32,119568.52,pro_FVG+OTE,stop_loss_premium_phase3
2023-12-22 11:00:00,2023-12-22 12:30:00,NIFTY FIN SERVICE,bearish,210.0,280.03,3000,210082.79,2247.1,207835.69,pro_FVG+RSI_Div+VWAP,target
2023-12-27 10:15:00,2023-12-27 11:45:00,NIFTY FIN SERVICE,bullish,191.93,191.43,3000,-1494.6,1646.29,-3140.89,pro_FVG+VP,stop_loss_premium_phase3
2023-12-29 10:15:00,2023-12-29 11:45:00,NIFTY FIN SERVICE,bullish,196.0,216.74,3000,62206.74,1815.79,60390.95,pro_LiqSweep+FVG,stop_loss_premium_phase3
2024-01-05 09:45:00,2024-01-05 10:45:00,NIFTY FIN SERVICE,bullish,192.85,192.7,3000,-433.77,1656.25,-2090.02,pro_VP+RSI_Div,stop_loss_premium_phase2
2024-01-10 09:45:00,2024-01-10 11:15:00,NIFTY FIN SERVICE,bullish,202.42,201.95,3000,-1423.88,1734.08,-3157.96,pro_LiqSweep+OTE,stop_loss_premium_phase3
2024-01-10 11:30:00,2024-01-10 13:00:00,NIFTY FIN SERVICE,bullish,215.4,215.25,3000,-459.31,1844.5,-2303.81,pro_LiqSweep+OTE,stop_loss_premium_phase3
2024-01-10 14:15:00,2024-01-10 15:15:00,NIFTY FIN SERVICE,bullish,187.77,201.46,3000,41075.13,1702.08,39373.05,pro_LiqSweep+VP+RSI_Div,intraday_square_off
2024-01-12 11:15:00,2024-01-12 12:45:00,NIFTY FIN SERVICE,bearish,198.24,225.44,3000,81603.95,1875.71,79728.24,pro_LiqSweep+FVG+RSI_Div+VWAP,stop_loss_premium_phase3
2024-01-24 10:15:00,2024-01-24 11:15:00,NIFTY FIN SERVICE,bullish,199.03,198.46,3000,-1683.23,1705.17,-3388.4,pro_LiqSweep+RSI_Div,stop_loss_premium_phase2
2024-01-24 11:30:00,2024-01-24 12:30:00,NIFTY FIN SERVICE,bullish,245.19,240.78,3000,-13225.48,2065.99,-15291.47,pro_LiqSweep+FVG+RSI_Div,stop_loss_premium_phase2
2024-01-25 14:15:00,2024-01-25 15:00:00,NIFTY FIN SERVICE,bullish,197.95,258.08,3000,180394.35,2083.33,178311.02,pro_LiqSweep+RSI_Div,target
2024-02-01 09:30:00,2024-02-01 11:00:00,NIFTY FIN SERVICE,bearish,222.88,190.01,3000,-98631.19,1698.19,-100329.38,pro_LiqSweep+OTE+RSI_Div+VWAP,stop_loss_premium_phase3
2024-02-08 10:45:00,2024-02-08 11:00:00,NIFTY FIN SERVICE,bearish,185.56,256.01,3000,211359.17,2045.73,209313.44,pro_LiqSweep+RSI_Div+VWAP,target
2024-02-08 11:30:00,2024-02-08 13:00:00,NIFTY FIN SERVICE,bearish,217.89,217.38,3000,-1526.12,1862.95,-3389.07,pro_LiqSweep+FVG+VWAP,stop_loss_premium_phase3
2024-02-09 14:15:00,2024-02-09 15:15:00,NIFTY FIN SERVICE,bullish,208.82,249.07,3000,120734.23,2047.25,118686.98,pro_LiqSweep+VP,intraday_square_off
2024-02-14 14:15:00,2024-02-14 14:45:00,NIFTY FIN SERVICE,bullish,196.74,262.85,3000,198327.61,2111.36,196216.25,pro_LiqSweep+VP,target
2024-02-15 09:45:00,2024-02-15 11:15:00,NIFTY FIN SERVICE,bullish,209.76,242.03,3000,96799.38,2004.2,94795.18,pro_LiqSweep+FVG,stop_loss_premium_phase3
2024-02-15 14:15:00,2024-02-15 15:15:00,NIFTY FIN SERVICE,bullish,189.55,207.55,3000,53988.64,1744.45,52244.19,pro_FVG+VP,intraday_square_off
2024-02-16 10:00:00,2024-02-16 11:45:00,NIFTY FIN SERVICE,bearish,211.04,240.03,3000,86955.19,1993.97,84961.22,pro_LiqSweep+RSI_Div+VWAP,stop_loss_premium_phase3
2024-02-23 09:30:00,2024-02-23 09:45:00,NIFTY FIN SERVICE,bullish,296.75,284.28,3000,-37391.17,2445.05,-39836.22,pro_FVG+VP,target
2024-02-23 14:15:00,2024-02-23 15:15:00,NIFTY FIN SERVICE,bearish,173.82,176.57,3000,8256.15,1515.87,6740.28,pro_LiqSweep+RSI_Div+VWAP,intraday_square_off
2024-02-28 14:15:00,2024-02-28 15:15:00,NIFTY FIN SERVICE,bearish,214.48,273.21,3000,176195.57,2212.39,173983.18,pro_LiqSweep+FVG+VWAP,intraday_square_off
2024-02-29 10:00:00,2024-02-29 11:00:00,NIFTY FIN SERVICE,bearish,212.25,212.06,3000,-544.99,1817.96,-2362.95,pro_LiqSweep+FVG+OTE+VWAP,stop_loss_premium_phase2
2024-03-07 10:30:00,2024-03-07 12:00:00,NIFTY FIN SERVICE,bearish,198.19,197.65,3000,-1633.05,1698.32,-3331.37,pro_LiqSweep+RSI_Div+VWAP,stop_loss_premium_phase3
2024-03-13 10:30:00,2024-03-13 11:30:00,NIFTY FIN SERVICE,bullish,199.73,199.6,3000,-363.81,1713.82,-2077.63,pro_LiqSweep+VP,stop_loss_premium_phase2
2024-03-15 14:15:00,2024-03-15 15:15:00,NIFTY FIN SERVICE,bullish,173.35,187.73,3000,43135.88,1586.14,41549.74,pro_LiqSweep+VP,intraday_square_off
2024-03-20 09:45:00,2024-03-20 10:45:00,NIFTY FIN SERVICE,bullish,186.88,183.59,3000,-9862.99,1586.37,-11449.36,pro_LiqSweep+VP,stop_loss_premium_phase2
2024-03-22 09:45:00,2024-03-22 11:15:00,NIFTY FIN SERVICE,bullish,193.59,213.42,3000,59495.02,1789.88,57705.14,pro_LiqSweep+VP+RSI_Div,stop_loss_premium_phase3
2024-03-22 11:30:00,2024-03-22 13:00:00,NIFTY FIN SERVICE,bullish,202.53,201.97,3000,-1668.5,1734.45,-3402.95,pro_LiqSweep+VP,stop_loss_premium_phase3
2024-03-27 14:15:00,2024-03-27 15:15:00,NIFTY FIN SERVICE,bullish,187.47,202.5,3000,45115.13,1708.17,43406.96,pro_LiqSweep+VP,intraday_square_off
2024-04-03 10:00:00,2024-04-03 11:30:00,NIFTY FIN SERVICE,bullish,209.55,211.51,3000,5900.65,1809.12,4091.53,pro_FVG+VP,stop_loss_premium_phase3
2024-04-05 10:30:00,2024-04-05 12:00:00,NIFTY FIN SERVICE,bullish,186.45,212.51,3000,78176.08,1769.98,76406.1,pro_VP+RSI_Div,stop_loss_premium_phase3
2024-04-05 14:15:00,2024-04-05 15:00:00,NIFTY FIN SERVICE,bullish,162.52,207.49,3000,134896.98,1690.86,133206.12,pro_VP+RSI_Div,target
2024-04-12 09:30:00,2024-04-12 09:45:00,NIFTY FIN SERVICE,bearish,208.73,199.52,3000,-27624.8,1731.04,-29355.84,pro_LiqSweep+RSI_Div+VWAP,target
2024-04-19 10:15:00,2024-04-19 11:45:00,NIFTY FIN SERVICE,bullish,199.22,232.01,3000,98360.39,1919.52,96440.87,pro_FVG+OTE+RSI_Div,stop_loss_premium_phase3
2024-04-22 09:30:00,2024-04-22 09:45:00,NIFTY FIN SERVICE,bullish,314.83,302.39,3000,-37319.09,2596.2,-39915.29,pro_FVG+VP,target
2024-04-26 10:15:00,2024-04-26 11:45:00,NIFTY FIN SERVICE,bullish,189.92,189.63,3000,-864.62,1630.89,-2495.51,pro_LiqSweep+OTE,stop_loss_premium_phase3
2024-05-02 11:15:00,2024-05-02 12:45:00,NIFTY FIN SERVICE,bullish,197.23,196.77,3000,-1375.15,1690.79,-3065.94,pro_FVG+OTE,stop_loss_premium_phase3
2024-05-08 09:45:00,2024-05-08 10:45:00,NIFTY FIN SERVICE,bullish,194.6,194.06,3000,-1604.33,1668.38,-3272.71,pro_LiqSweep+VP+RSI_Div,stop_loss_premium_phase2
2024-05-10 10:30:00,2024-05-10 11:45:00,NIFTY FIN SERVICE,bullish,215.93,215.83,3000,-312.07,1849.24,-2161.31,pro_FVG+VP,stop_loss_premium_phase2
2024-05-15 09:45:00,2024-05-15 10:45:00,NIFTY FIN SERVICE,bullish,201.29,201.12,3000,-498.92,1726.56,-2225.48,pro_LiqSweep+VP,stop_loss_premium_phase2
2024-05-15 14:15:00,2024-05-15 15:15:00,NIFTY FIN SERVICE,bullish,205.5,223.17,3000,53025.33,1875.54,51149.79,pro_FVG+OTE,intraday_square_off
2024-05-18 09:45:00,2024-05-21 09:30:00,NIFTY FIN SERVICE,bullish,174.7,174.24,3000,-1368.38,1502.73,-2871.11,pro_LiqSweep+VP,stop_loss_premium_phase2
2024-05-22 11:15:00,2024-05-22 12:45:00,NIFTY FIN SERVICE,bullish,201.88,213.46,3000,34730.56,1806.41,32924.15,pro_LiqSweep+FVG,stop_loss_premium_phase3
2024-05-22 14:15:00,2024-05-22 15:15:00,NIFTY FIN SERVICE,bullish,205.33,237.99,3000,97956.4,1969.71,95986.69,pro_LiqSweep+FVG+RSI_Div,intraday_square_off
2024-05-23 09:45:00,2024-05-23 11:15:00,NIFTY FIN SERVICE,bullish,196.17,228.07,3000,95695.9,1888.4,93807.5,pro_LiqSweep+VP,stop_loss_premium_phase3
2024-05-24 10:30:00,2024-05-24 12:00:00,NIFTY FIN SERVICE,bearish,209.89,209.66,3000,-705.96,1797.96,-2503.92,pro_OTE+RSI_Div+VWAP,stop_loss_premium_phase3
2024-05-31 09:45:00,2024-05-31 10:45:00,NIFTY FIN SERVICE,bullish,197.43,192.73,3000,-14101.41,1665.46,-15766.87,pro_FVG+VP,stop_loss_premium_phase2
2024-05-31 14:15:00,2024-05-31 15:15:00,NIFTY FIN SERVICE,bullish,178.25,196.07,3000,53464.7,1649.02,51815.68,pro_LiqSweep+VP,intraday_square_off
2024-06-07 14:15:00,2024-06-07 15:15:00,NIFTY FIN SERVICE,bearish,191.43,197.75,3000,18952.52,1685.65,17266.87,pro_LiqSweep+FVG+RSI_Div+VWAP,intraday_square_off
2024-06-14 10:00:00,2024-06-14 11:30:00,NIFTY FIN SERVICE,bullish,191.81,213.79,3000,65932.45,1788.7,64143.75,pro_LiqSweep+VP,stop_loss_premium_phase3
2024-06-14 14:15:00,2024-06-14 15:15:00,NIFTY FIN SERVICE,bullish,169.07,187.56,3000,55476.87,1576.61,53900.26,pro_LiqSweep+VP,intraday_square_off
2024-06-20 14:15:00,2024-06-20 15:15:00,NIFTY FIN SERVICE,bearish,202.03,197.98,3000,-12172.45,1707.98,-13880.43,pro_LiqSweep+FVG+OTE+VWAP,intraday_square_off
2024-06-26 11:00:00,2024-06-26 12:30:00,NIFTY FIN SERVICE,bullish,205.03,238.95,3000,101769.59,1975.29,99794.3,pro_LiqSweep+VP,stop_loss_premium_phase3
2024-06-26 14:15:00,2024-06-26 15:15:00,NIFTY FIN SERVICE,bullish,199.23,184.01,3000,-45644.02,1613.36,-47257.38,pro_LiqSweep+VP+RSI_Div,intraday_square_off
2024-06-27 11:00:00,2024-06-27 12:30:00,NIFTY FIN SERVICE,bearish,218.33,220.18,3000,5570.48,1881.72,3688.76,pro_LiqSweep+FVG+VWAP,stop_loss_premium_phase3
2024-07-04 11:00:00,2024-07-04 12:30:00,NIFTY FIN SERVICE,bearish,212.27,215.19,3000,8741.8,1837.94,6903.86,pro_LiqSweep+FVG+VWAP,stop_loss_premium_phase3
2024-07-04 14:15:00,2024-07-04 15:15:00,NIFTY FIN SERVICE,bearish,157.18,160.22,3000,9113.83,1378.79,7735.04,pro_LiqSweep+RSI_Div+VWAP,intraday_square_off
2024-07-10 11:15:00,2024-07-10 12:45:00,NIFTY FIN SERVICE,bullish,190.23,210.11,3000,59625.41,1762.12,57863.29,pro_LiqSweep+OTE,stop_loss_premium_phase3
2024-07-10 14:15:00,2024-07-10 15:15:00,NIFTY FIN SERVICE,bullish,200.06,218.79,3000,56199.79,1836.88,54362.91,pro_LiqSweep+RSI_Div,intraday_square_off
2024-07-12 09:30:00,2024-07-12 09:45:00,NIFTY FIN SERVICE,bullish,275.28,255.95,3000,-58011.5,2222.03,-60233.53,pro_LiqSweep+FVG+VP,target
2024-07-24 10:30:00,2024-07-24 11:30:00,NIFTY FIN SERVICE,bullish,360.61,359.98,3000,-1906.74,3053.68,-4960.42,pro_LiqSweep+RSI_Div,stop_loss_premium_phase2
2024-07-26 09:30:00,2024-07-26 11:00:00,NIFTY FIN SERVICE,bullish,180.44,184.51,3000,12191.12,1579.52,10611.6,pro_FVG+VP,stop_loss_premium_phase3
2024-07-26 11:15:00,2024-07-26 13:00:00,NIFTY FIN SERVICE,bullish,186.3,232.85,3000,139653.32,1899.45,137753.87,pro_LiqSweep+VP,stop_loss_premium_phase3
2024-07-31 14:15:00,2024-07-31 15:15:00,NIFTY FIN SERVICE,bullish,201.29,208.08,3000,20360.36,1770.96,18589.4,pro_LiqSweep+VP,intraday_square_off
2024-08-14 14:15:00,2024-08-14 15:15:00,NIFTY FIN SERVICE,bullish,199.99,192.31,3000,-23053.79,1667.78,-24721.57,pro_LiqSweep+VP,intraday_square_off
2024-08-22 09:30:00,2024-08-22 09:45:00,NIFTY FIN SERVICE,bullish,310.3,279.41,3000,-92670.84,2440.63,-95111.47,pro_VP+OTE+RSI_Div,target
2024-08-22 14:15:00,2024-08-22 15:15:00,NIFTY FIN SERVICE,bearish,159.62,149.08,3000,-31603.12,1312.56,-32915.68,pro_LiqSweep+RSI_Div+VWAP,intraday_square_off
2024-08-29 09:45:00,2024-08-29 11:15:00,NIFTY FIN SERVICE,bullish,181.23,181.74,3000,1534.93,1563.47,-28.54,pro_LiqSweep+VP,stop_loss_premium_phase3
2024-08-29 11:30:00,2024-08-29 13:00:00,NIFTY FIN SERVICE,bullish,193.71,231.29,3000,112761.88,1904.12,110857.76,pro_LiqSweep+VP,stop_loss_premium_phase3
2024-08-30 10:00:00,2024-08-30 11:30:00,NIFTY FIN SERVICE,bearish,200.23,200.03,3000,-595.17,1717.5,-2312.67,pro_FVG+OTE+VWAP,stop_loss_premium_phase3
2024-09-11 10:30:00,2024-09-11 11:30:00,NIFTY FIN SERVICE,bearish,208.85,274.26,3000,196213.55,2208.0,194005.55,pro_LiqSweep+OTE+RSI_Div+VWAP,target
2024-09-13 10:00:00,2024-09-13 11:00:00,NIFTY FIN SERVICE,bearish,186.44,186.13,3000,-919.97,1601.68,-2521.65,pro_OTE+RSI_Div+VWAP,stop_loss_premium_phase2
2024-09-13 14:15:00,2024-09-13 15:15:00,NIFTY FIN SERVICE,bearish,186.25,191.31,3000,15165.89,1634.37,13531.52,pro_OTE+RSI_Div+VWAP,intraday_square_off
2024-09-18 14:15:00,2024-09-18 15:15:00,NIFTY FIN SERVICE,bearish,206.04,199.47,3000,-19733.85,1725.38,-21459.23,pro_FVG+RSI_Div+VWAP,intraday_square_off
2024-09-25 09:45:00,2024-09-25 11:15:00,NIFTY FIN SERVICE,bullish,204.93,219.02,3000,42263.83,1847.93,40415.9,pro_LiqSweep+RSI_Div,stop_loss_premium_phase3
2024-09-25 11:30:00,2024-09-25 13:15:00,NIFTY FIN SERVICE,bullish,204.14,218.56,3000,43266.63,1843.43,41423.2,pro_LiqSweep+VP,stop_loss_premium_phase3
2024-09-26 14:15:00,2024-09-26 14:30:00,NIFTY FIN SERVICE,bullish,185.54,240.57,3000,165078.46,1947.2,163131.26,pro_LiqSweep+VP,target
2024-10-24 10:30:00,2024-10-24 12:00:00,NIFTY FIN SERVICE,bullish,192.23,191.7,3000,-1582.37,1648.65,-3231.02,pro_FVG+VP,stop_loss_premium_phase3
2024-10-24 14:15:00,2024-10-24 15:15:00,NIFTY FIN SERVICE,bullish,177.56,175.59,3000,-5909.46,1516.96,-7426.42,pro_LiqSweep+FVG+VP,intraday_square_off
2024-10-31 09:30:00,2024-10-31 11:00:00,NIFTY FIN SERVICE,bullish,168.39,176.35,3000,23881.95,1503.79,22378.16,pro_LiqSweep+RSI_Div,stop_loss_premium_phase3
2024-11-06 10:45:00,2024-11-06 12:15:00,NIFTY FIN SERVICE,bearish,206.79,206.3,3000,-1462.51,1770.44,-3232.95,pro_FVG+RSI_Div+VWAP,stop_loss_premium_phase3
2024-11-22 10:30:00,2024-11-22 11:45:00,NIFTY FIN SERVICE,bearish,209.6,209.05,3000,-1643.62,1793.5,-3437.12,pro_OTE+RSI_Div+VWAP,stop_loss_premium_phase2
2024-11-28 09:45:00,2024-11-28 10:45:00,NIFTY FIN SERVICE,bullish,172.08,171.59,3000,-1457.43,1480.68,-2938.11,pro_LiqSweep+VP,stop_loss_premium_phase2
2024-11-29 11:15:00,2024-11-29 12:45:00,NIFTY FIN SERVICE,bullish,196.57,196.53,3000,-117.03,1687.97,-1805.0,pro_FVG+RSI_Div,stop_loss_premium_phase3
2024-12-05 09:45:00,2024-12-05 10:45:00,NIFTY FIN SERVICE,bullish,186.46,185.94,3000,-1565.06,1600.49,-3165.55,pro_LiqSweep+VP,stop_loss_premium_phase2
2024-12-05 14:15:00,2024-12-05 15:15:00,NIFTY FIN SERVICE,bullish,218.21,180.52,3000,-113084.52,1628.47,-114712.99,pro_LiqSweep+VP,intraday_square_off
2024-12-06 09:45:00,2024-12-06 10:45:00,NIFTY FIN SERVICE,bearish,210.49,209.92,3000,-1717.02,1800.84,-3517.86,pro_LiqSweep+FVG+OTE+VWAP,stop_loss_premium_phase2
2024-12-11 09:45:00,2024-12-11 11:30:00,NIFTY FIN SERVICE,bullish,189.17,238.22,3000,147146.52,1939.37,145207.15,pro_LiqSweep+VP,target
2024-12-13 14:15:00,2024-12-13 15:15:00,NIFTY FIN SERVICE,bullish,217.51,236.67,3000,57479.18,1985.32,55493.86,pro_FVG+VP,intraday_square_off
2024-12-18 09:45:00,2024-12-18 10:45:00,NIFTY FIN SERVICE,bullish,199.73,199.17,3000,-1680.34,1711.07,-3391.41,pro_LiqSweep+OTE,stop_loss_premium_phase2
2024-12-26 09:45:00,2024-12-26 10:45:00,NIFTY FIN SERVICE,bullish,187.08,182.56,3000,-13539.51,1580.19,-15119.7,pro_LiqSweep+FVG+VP,stop_loss_premium_phase2
2024-12-26 11:15:00,2024-12-26 12:15:00,NIFTY FIN SERVICE,bullish,212.94,212.8,3000,-440.63,1824.01,-2264.64,pro_LiqSweep+FVG+OTE,stop_loss_premium_phase2
2024-12-26 14:15:00,2024-12-26 15:15:00,NIFTY FIN SERVICE,bullish,191.73,197.85,3000,18378.24,1686.9,16691.34,pro_LiqSweep+OTE+RSI_Div,intraday_square_off
2024-12-27 09:45:00,2024-12-27 11:15:00,NIFTY FIN SERVICE,bullish,203.92,206.36,3000,7338.87,1765.2,5573.67,pro_LiqSweep+VP+RSI_Div,stop_loss_premium_phase3
2024-12-27 11:30:00,2024-12-27 12:30:00,NIFTY FIN SERVICE,bullish,200.18,199.74,3000,-1328.69,1715.56,-3044.25,pro_LiqSweep+VP,stop_loss_premium_phase2
2025-01-01 10:00:00,2025-01-01 11:00:00,NIFTY FIN SERVICE,bearish,196.17,196.1,3000,-201.3,1684.45,-1885.75,pro_LiqSweep+FVG+RSI_Div+VWAP,stop_loss_premium_phase2
2025-01-03 14:15:00,2025-01-03 15:15:00,NIFTY FIN SERVICE,bearish,195.94,216.7,3000,62283.97,1815.41,60468.56,pro_LiqSweep+FVG+VWAP,intraday_square_off
2025-01-08 10:45:00,2025-01-08 12:15:00,NIFTY FIN SERVICE,bearish,218.22,249.89,3000,95000.04,2071.0,92929.04,pro_LiqSweep+VP+VWAP,stop_loss_premium_phase3
2025-01-15 09:45:00,2025-01-15 11:15:00,NIFTY FIN SERVICE,bullish,218.99,261.01,3000,126060.04,2143.48,123916.56,pro_LiqSweep+OTE,stop_loss_premium_phase3
2025-01-15 11:30:00,2025-01-15 13:00:00,NIFTY FIN SERVICE,bullish,204.65,213.49,3000,26521.13,1812.12,24709.01,pro_LiqSweep+VP,stop_loss_premium_phase3
2025-01-22 14:15:00,2025-01-22 15:15:00,NIFTY FIN SERVICE,bullish,214.65,254.49,3000,119523.5,2093.36,117430.14,pro_LiqSweep+RSI_Div,intraday_square_off
2025-01-24 09:45:00,2025-01-24 10:15:00,NIFTY FIN SERVICE,bullish,206.15,265.87,3000,179153.87,2149.17,177004.7,pro_LiqSweep+OTE,target
2025-01-24 10:45:00,2025-01-24 12:15:00,NIFTY FIN SERVICE,bullish,209.67,254.78,3000,135358.22,2085.4,133272.82,pro_LiqSweep+VP,stop_loss_premium_phase3
2025-01-31 10:00:00,2025-01-31 10:30:00,NIFTY FIN SERVICE,bullish,210.01,274.96,3000,194838.17,2214.79,192623.38,pro_VP+RSI_Div,target
2025-01-31 11:15:00,2025-01-31 13:00:00,NIFTY FIN SERVICE,bullish,215.85,305.33,3000,268447.3,2420.01,266027.29,pro_FVG+VP,target
2025-02-01 10:00:00,2025-02-01 11:15:00,NIFTY FIN SERVICE,bearish,195.37,195.43,3000,172.89,1678.62,-1505.73,pro_OTE+RSI_Div+VWAP,stop_loss_premium_phase2
2025-02-01 14:15:00,2025-02-01 15:15:00,NIFTY FIN SERVICE,bearish,214.34,229.61,3000,45824.37,1934.0,43890.37,pro_LiqSweep+RSI_Div+VWAP,intraday_square_off
2025-02-05 11:30:00,2025-02-05 13:00:00,NIFTY FIN SERVICE,bearish,216.68,221.43,3000,14246.43,1886.42,12360.01,pro_LiqSweep+RSI_Div+VWAP,stop_loss_premium_phase3
2025-02-05 14:15:00,2025-02-05 15:15:00,NIFTY FIN SERVICE,bearish,189.4,217.36,3000,83874.66,1806.72,82067.94,pro_LiqSweep+OTE+RSI_Div+VWAP,intraday_square_off
2025-03-07 11:00:00,2025-03-07 12:00:00,NIFTY FIN SERVICE,bullish,187.26,187.07,3000,-577.34,1609.29,-2186.63,pro_FVG+VP,stop_loss_premium_phase2
2025-03-07 14:15:00,2025-03-07 15:15:00,NIFTY FIN SERVICE,bullish,175.83,168.75,3000,-21247.28,1469.93,-22717.21,pro_LiqSweep+OTE+RSI_Div,intraday_square_off
2025-03-12 10:15:00,2025-03-12 11:30:00,NIFTY FIN SERVICE,bullish,192.17,191.67,3000,-1478.16,1648.34,-3126.5,pro_FVG+VP,stop_loss_premium_phase2
2025-03-12 14:15:00,2025-03-12 15:15:00,NIFTY FIN SERVICE,bullish,186.85,173.58,3000,-39792.12,1522.47,-41314.59,pro_LiqSweep+VP,intraday_square_off
2025-03-19 10:15:00,2025-03-19 11:45:00,NIFTY FIN SERVICE,bearish,198.7,198.15,3000,-1649.63,1702.54,-3352.17,pro_LiqSweep+RSI_Div+VWAP,stop_loss_premium_phase3
2025-04-02 09:45:00,2025-04-02 11:15:00,NIFTY FIN SERVICE,bullish,209.03,223.05,3000,42057.55,1881.7,40175.85,pro_LiqSweep+FVG+VP+RSI_Div,stop_loss_premium_phase3
2025-04-02 11:30:00,2025-04-02 13:00:00,NIFTY FIN SERVICE,bullish,208.06,216.37,3000,24949.0,1837.2,23111.8,pro_LiqSweep+FVG+VP,stop_loss_premium_phase3
2025-04-09 10:00:00,2025-04-09 11:00:00,NIFTY FIN SERVICE,bullish,207.51,207.26,3000,-749.46,1777.99,-2527.45,pro_FVG+OTE,stop_loss_premium_phase2
2025-04-24 10:30:00,2025-04-24 12:00:00,NIFTY FIN SERVICE,bearish,196.49,208.01,3000,34559.14,1761.05,32798.09,pro_LiqSweep+RSI_Div+VWAP,stop_loss_premium_phase3
2025-04-25 11:00:00,2025-04-25 12:30:00,NIFTY FIN SERVICE,bearish,196.41,235.67,3000,117787.82,1937.38,115850.44,pro_LiqSweep+VP+RSI_Div+VWAP,stop_loss_premium_phase3
2025-04-28 09:30:00,2025-04-28 10:30:00,NIFTY FIN SERVICE,bearish,192.5,190.18,3000,-6959.18,1639.51,-8598.69,pro_FVG+RSI_Div+VWAP,stop_loss_premium_phase2
2025-05-07 10:00:00,2025-05-07 11:30:00,NIFTY FIN SERVICE,bullish,214.41,235.65,3000,63723.34,1972.67,61750.67,pro_FVG+VP+RSI_Div,stop_loss_premium_phase3
2025-05-07 14:15:00,2025-05-07 15:00:00,NIFTY FIN SERVICE,bullish,212.01,270.62,3000,175838.63,2191.04,173647.59,pro_LiqSweep+VP,target
2025-05-09 14:15:00,2025-05-09 15:15:00,NIFTY FIN SERVICE,bullish,191.49,211.16,3000,59012.12,1771.33,57240.79,pro_LiqSweep+RSI_Div,intraday_square_off
2025-05-14 10:00:00,2025-05-14 11:30:00,NIFTY FIN SERVICE,bullish,197.02,196.73,3000,-853.74,1690.17,-2543.91,pro_FVG+OTE+RSI_Div,stop_loss_premium_phase3
2025-05-16 11:15:00,2025-05-16 12:45:00,NIFTY FIN SERVICE,bullish,193.34,205.45,3000,36331.39,1738.54,34592.85,pro_FVG+VP+RSI_Div,stop_loss_premium_phase3
2025-05-22 14:15:00,2025-05-22 14:30:00,NIFTY FIN SERVICE,bullish,174.4,220.92,3000,139568.83,1799.93,137768.9,pro_LiqSweep+RSI_Div,target
2025-05-23 14:15:00,2025-05-23 15:15:00,NIFTY FIN SERVICE,bearish,214.26,215.8,3000,4595.76,1845.73,2750.03,pro_LiqSweep+RSI_Div+VWAP,intraday_square_off
2025-05-28 14:15:00,2025-05-28 15:15:00,NIFTY FIN SERVICE,bearish,199.32,193.88,3000,-16308.62,1676.49,-17985.11,pro_OTE+RSI_Div+VWAP,intraday_square_off
2025-05-29 09:45:00,2025-05-29 10:45:00,NIFTY FIN SERVICE,bullish,206.32,206.08,3000,-717.55,1768.11,-2485.66,pro_LiqSweep+OTE,stop_loss_premium_phase2
2025-05-29 14:15:00,2025-05-29 15:00:00,NIFTY FIN SERVICE,bullish,201.57,256.22,3000,163937.53,2078.62,161858.91,pro_LiqSweep+RSI_Div,target
2025-05-30 09:45:00,2025-05-30 10:45:00,NIFTY FIN SERVICE,bullish,190.17,189.64,3000,-1597.49,1631.44,-3228.93,pro_LiqSweep+VP,stop_loss_premium_phase2
2025-05-30 14:15:00,2025-05-30 15:15:00,NIFTY FIN SERVICE,bullish,191.5,194.74,3000,9708.81,1666.58,8042.23,pro_FVG+VP+OTE,intraday_square_off
2025-06-04 11:15:00,2025-06-04 12:45:00,NIFTY FIN SERVICE,bullish,216.61,222.48,3000,17615.76,1893.01,15722.75,pro_VP+RSI_Div,stop_loss_premium_phase3
2025-06-05 09:45:00,2025-06-05 11:15:00,NIFTY FIN SERVICE,bullish,204.92,204.75,3000,-512.24,1756.84,-2269.08,pro_LiqSweep+VP,stop_loss_premium_phase3
2025-06-05 11:30:00,2025-06-05 12:00:00,NIFTY FIN SERVICE,bullish,201.71,270.27,3000,205686.34,2168.54,203517.8,pro_LiqSweep+VP,target
2025-06-11 10:15:00,2025-06-11 10:45:00,NIFTY FIN SERVICE,bullish,198.29,245.45,3000,141484.15,2003.44,139480.71,pro_LiqSweep+VP,target
2025-06-11 11:00:00,2025-06-11 12:30:00,NIFTY FIN SERVICE,bullish,203.13,210.34,3000,21638.8,1789.02,19849.78,pro_LiqSweep+VP+RSI_Div,stop_loss_premium_phase3
2025-06-13 14:15:00,2025-06-13 15:15:00,NIFTY FIN SERVICE,bullish,188.5,182.45,3000,-18146.94,1582.26,-19729.2,pro_LiqSweep+FVG+VP+RSI_Div,intraday_square_off
2025-06-18 10:00:00,2025-06-18 11:00:00,NIFTY FIN SERVICE,bullish,198.59,198.45,3000,-426.78,1704.21,-2130.99,pro_VP+RSI_Div,stop_loss_premium_phase2
2025-06-20 10:45:00,2025-06-20 12:15:00,NIFTY FIN SERVICE,bullish,194.73,227.82,3000,99261.52,1883.94,97377.58,pro_FVG+VP,stop_loss_premium_phase3
2025-06-25 14:15:00,2025-06-25 15:15:00,NIFTY FIN SERVICE,bullish,178.46,178.61,3000,446.11,1538.04,-1091.93,pro_LiqSweep+VP,intraday_square_off
2025-06-26 09:45:00,2025-06-26 10:45:00,NIFTY FIN SERVICE,bullish,179.28,179.12,3000,-462.66,1542.89,-2005.55,pro_LiqSweep+VP,stop_loss_premium_phase2
2025-07-04 11:00:00,2025-07-04 12:00:00,NIFTY FIN SERVICE,bullish,195.41,195.24,3000,-513.02,1677.51,-2190.53,pro_LiqSweep+VP,stop_loss_premium_phase2
2025-07-04 14:15:00,2025-07-04 14:30:00,NIFTY FIN SERVICE,bullish,180.11,232.73,3000,157866.73,1886.51,155980.22,pro_VP+RSI_Div,target
2025-07-09 10:00:00,2025-07-09 11:30:00,NIFTY FIN SERVICE,bearish,211.75,213.04,3000,3876.33,1823.23,2053.1,pro_FVG+OTE+VWAP,stop_loss_premium_phase3
2025-07-09 14:15:00,2025-07-09 15:15:00,NIFTY FIN SERVICE,bearish,187.64,177.21,3000,-31285.65,1547.19,-32832.84,pro_LiqSweep+OTE+VWAP,intraday_square_off
2025-07-11 14:15:00,2025-07-11 15:15:00,NIFTY FIN SERVICE,bullish,198.21,202.66,3000,13347.02,1730.34,11616.68,pro_LiqSweep+OTE+RSI_Div,intraday_square_off
2025-07-24 10:00:00,2025-07-24 11:30:00,NIFTY FIN SERVICE,bearish,180.11,179.6,3000,-1531.23,1547.55,-3078.78,pro_LiqSweep+RSI_Div+VWAP,stop_loss_premium_phase3
2025-08-01 14:15:00,2025-08-01 15:15:00,NIFTY FIN SERVICE,bearish,188.99,239.75,3000,152285.17,1948.81,150336.36,pro_LiqSweep+RSI_Div+VWAP,intraday_square_off
2025-08-06 09:45:00,2025-08-06 10:45:00,NIFTY FIN SERVICE,bullish,200.34,199.8,3000,-1647.12,1716.25,-3363.37,pro_LiqSweep+VP,stop_loss_premium_phase2
2025-08-06 11:30:00,2025-08-06 13:00:00,NIFTY FIN SERVICE,bullish,200.85,218.24,3000,52173.2,1834.91,50338.29,pro_VP+OTE+RSI_Div,stop_loss_premium_phase3
2025-08-08 09:30:00,2025-08-08 11:00:00,NIFTY FIN SERVICE,bullish,226.85,188.79,3000,-114176.15,1698.22,-115874.37,pro_VP+RSI_Div,stop_loss_premium_phase3
2025-08-14 09:45:00,2025-08-14 11:15:00,NIFTY FIN SERVICE,bullish,202.79,210.87,3000,24231.03,1791.71,22439.32,pro_LiqSweep+VP,stop_loss_premium_phase3
2025-08-14 11:30:00,2025-08-14 13:00:00,NIFTY FIN SERVICE,bullish,180.07,214.97,3000,104704.27,1773.12,102931.15,pro_LiqSweep+VP,stop_loss_premium_phase3
2025-08-18 09:30:00,2025-08-18 09:45:00,NIFTY FIN SERVICE,bullish,592.02,264.98,960,-313959.41,961.16,-314920.57,pro_LiqSweep+VP+OTE,target
2025-08-20 11:15:00,2025-08-20 12:45:00,NIFTY FIN SERVICE,bullish,194.62,204.09,3000,28414.1,1732.36,26681.74,pro_LiqSweep+FVG,stop_loss_premium_phase3
2025-08-22 09:45:00,2025-08-22 10:15:00,NIFTY FIN SERVICE,bearish,181.2,234.96,3000,161264.58,1902.86,159361.72,pro_FVG+RSI_Div+VWAP,target
2025-09-12 09:45:00,2025-09-12 11:15:00,NIFTY FIN SERVICE,bullish,172.9,239.68,3000,200327.66,1916.65,198411.01,pro_LiqSweep+VP,target
2025-09-12 11:30:00,2025-09-12 13:00:00,NIFTY FIN SERVICE,bullish,204.63,223.39,3000,56269.69,1875.18,54394.51,pro_LiqSweep+VP,stop_loss_premium_phase3
2025-09-17 09:45:00,2025-09-17 11:15:00,NIFTY FIN SERVICE,bullish,185.95,185.46,3000,-1453.92,1596.48,-3050.4,pro_LiqSweep+VP,stop_loss_premium_phase3
2025-09-17 11:30:00,2025-09-17 13:00:00,NIFTY FIN SERVICE,bullish,200.3,220.9,3000,61800.21,1850.8,59949.41,pro_LiqSweep+VP,stop_loss_premium_phase3
2025-09-19 10:45:00,2025-09-19 12:15:00,NIFTY FIN SERVICE,bullish,201.87,201.32,3000,-1653.19,1729.0,-3382.19,pro_FVG+RSI_Div,stop_loss_premium_phase3
2025-09-22 09:30:00,2025-09-22 09:45:00,NIFTY FIN SERVICE,bullish,255.68,263.94,3000,24786.48,2234.42,22552.06,pro_FVG+VP+OTE,target
2025-10-03 11:00:00,2025-10-03 12:30:00,NIFTY FIN SERVICE,bullish,199.98,214.11,3000,42394.81,1806.86,40587.95,pro_VP+OTE,stop_loss_premium_phase3
2025-10-10 14:15:00,2025-10-10 15:00:00,NIFTY FIN SERVICE,bearish,167.87,229.75,3000,185614.34,1843.38,183770.96,pro_LiqSweep+RSI_Div+VWAP,target
2025-10-15 09:45:00,2025-10-15 10:45:00,NIFTY FIN SERVICE,bullish,196.02,270.93,3000,224722.94,2161.5,222561.44,pro_FVG+VP,target
2025-10-15 14:15:00,2025-10-15 15:15:00,NIFTY FIN SERVICE,bullish,178.96,177.52,3000,-4319.04,1532.01,-5851.05,pro_FVG+VP,intraday_square_off
2025-10-16 10:00:00,2025-10-16 11:00:00,NIFTY FIN SERVICE,bearish,204.58,204.39,3000,-558.91,1753.89,-2312.8,pro_OTE+RSI_Div+VWAP,stop_loss_premium_phase2
2025-10-31 09:30:00,2025-10-31 10:30:00,NIFTY FIN SERVICE,bullish,179.61,179.32,3000,-881.04,1544.78,-2425.82,pro_FVG+OTE+RSI_Div,stop_loss_premium_phase2
2025-11-12 14:15:00,2025-11-12 15:15:00,NIFTY FIN SERVICE,bearish,193.34,222.12,3000,86327.55,1844.88,84482.67,pro_LiqSweep+RSI_Div+VWAP,intraday_square_off
2025-11-13 09:45:00,2025-11-13 10:45:00,NIFTY FIN SERVICE,bearish,188.37,188.24,3000,-407.99,1618.93,-2026.92,pro_LiqSweep+FVG+VWAP,stop_loss_premium_phase2
2025-11-17 09:30:00,2025-11-17 09:45:00,NIFTY FIN SERVICE,bullish,334.8,220.8,2460,-280425.09,1742.81,-282167.9,pro_VP+RSI_Div,target
2025-11-19 10:30:00,2025-11-19 12:00:00,NIFTY FIN SERVICE,bullish,213.44,212.86,3000,-1724.13,1825.38,-3549.51,pro_FVG+OTE+RSI_Div,stop_loss_premium_phase3
2025-11-26 10:15:00,2025-11-26 11:45:00,NIFTY FIN SERVICE,bullish,212.29,234.95,3000,67965.17,1964.03,66001.14,pro_FVG+VP+RSI_Div,stop_loss_premium_phase3
2025-11-28 10:45:00,2025-11-28 12:30:00,NIFTY FIN SERVICE,bearish,190.59,217.76,3000,81507.56,1811.61,79695.95,pro_LiqSweep+FVG+OTE+VWAP,stop_loss_premium_phase3
2025-12-10 10:00:00,2025-12-10 11:00:00,NIFTY FIN SERVICE,bullish,207.9,207.7,3000,-573.32,1781.58,-2354.9,pro_FVG+VP+RSI_Div,stop_loss_premium_phase2
2025-12-11 10:15:00,2025-12-11 11:45:00,NIFTY FIN SERVICE,bullish,197.15,213.56,3000,49225.2,1797.78,47427.42,pro_LiqSweep+VP+RSI_Div,stop_loss_premium_phase3
2025-12-18 11:15:00,2025-12-18 12:45:00,NIFTY FIN SERVICE,bullish,212.89,221.89,3000,26990.27,1881.91,25108.36,pro_FVG+VP,stop_loss_premium_phase3
2025-12-19 11:00:00,2025-12-19 12:30:00,NIFTY FIN SERVICE,bearish,176.86,188.94,3000,36232.22,1600.76,34631.46,pro_LiqSweep+OTE+RSI_Div+VWAP,stop_loss_premium_phase3
2025-12-24 10:45:00,2025-12-24 12:15:00,NIFTY FIN SERVICE,bullish,201.17,200.57,3000,-1802.86,1722.83,-3525.69,pro_FVG+VP,stop_loss_premium_phase3
2025-12-26 10:30:00,2025-12-26 11:30:00,NIFTY FIN SERVICE,bullish,193.27,193.13,3000,-428.57,1659.8,-2088.37,pro_LiqSweep+RSI_Div,stop_loss_premium_phase2
2025-12-31 09:45:00,2025-12-31 11:15:00,NIFTY FIN SERVICE,bullish,194.14,222.66,3000,85563.57,1849.92,83713.65,pro_LiqSweep+VP,stop_loss_premium_phase3
2025-12-31 11:30:00,2025-12-31 12:45:00,NIFTY FIN SERVICE,bullish,196.11,265.03,3000,206756.88,2124.08,204632.8,pro_LiqSweep+VP,target
2026-01-05 09:45:00,2026-01-05 11:15:00,NIFTY FIN SERVICE,bullish,202.1,209.58,3000,22436.54,1782.11,20654.43,pro_VP+OTE,stop_loss_premium_phase3
2026-01-06 11:30:00,2026-01-06 13:00:00,NIFTY FIN SERVICE,bullish,291.53,291.1,3000,-1284.19,2478.26,-3762.45,pro_FVG+VP,stop_loss_premium_phase3
2026-01-07 14:15:00,2026-01-07 15:00:00,NIFTY FIN SERVICE,bullish,219.34,247.83,3000,85456.56,2060.08,83396.48,pro_VP+OTE,target
2026-01-08 14:15:00,2026-01-08 15:15:00,NIFTY FIN SERVICE,bearish,198.95,201.11,3000,6492.03,1721.88,4770.15,pro_FVG+RSI_Div+VWAP,intraday_square_off
2026-01-09 10:30:00,2026-01-09 11:30:00,NIFTY FIN SERVICE,bullish,226.5,226.27,3000,-709.19,1936.64,-2645.83,pro_VP+RSI_Div,stop_loss_premium_phase2
2026-01-12 10:30:00,2026-01-12 12:00:00,NIFTY FIN SERVICE,bullish,242.31,242.02,3000,-855.05,2068.25,-2923.3,pro_LiqSweep+VP,stop_loss_premium_phase3
2026-01-16 09:45:00,2026-01-16 10:45:00,NIFTY FIN SERVICE,bearish,220.46,220.22,3000,-733.21,1886.15,-2619.36,pro_LiqSweep+RSI_Div+VWAP,stop_loss_premium_phase2
2026-01-19 11:15:00,2026-01-19 12:45:00,NIFTY FIN SERVICE,bullish,204.25,230.31,3000,78195.33,1918.63,76276.7,pro_FVG+OTE+RSI_Div,stop_loss_premium_phase3
2026-01-19 14:15:00,2026-01-19 15:15:00,NIFTY FIN SERVICE,bullish,193.47,196.45,3000,8956.31,1681.4,7274.91,pro_FVG+VP,intraday_square_off
2026-01-28 09:45:00,2026-01-28 11:30:00,NIFTY FIN SERVICE,bullish,623.99,653.7,3000,89133.23,5446.02,83687.21,pro_FVG+VP+RSI_Div,stop_loss_premium_phase3
2026-01-29 09:45:00,2026-01-29 11:15:00,NIFTY FIN SERVICE,bullish,367.35,430.44,3000,189269.75,3516.41,185753.34,pro_LiqSweep+FVG+OTE,target
2026-01-29 11:30:00,2026-01-29 13:00:00,NIFTY FIN SERVICE,bullish,466.66,494.82,3000,84469.9,4122.7,80347.2,pro_LiqSweep+VP,stop_loss_premium_phase3
2026-02-03 09:45:00,2026-02-03 11:15:00,NIFTY FIN SERVICE,bearish,1023.83,1021.17,3000,-7971.81,8577.58,-16549.39,pro_OTE+RSI_Div+VWAP,stop_loss_premium_phase3
2026-02-03 11:30:00,2026-02-03 13:00:00,NIFTY FIN SERVICE,bearish,1048.93,1068.99,3000,60194.03,8932.05,51261.98,pro_LiqSweep+OTE+VWAP,stop_loss_premium_phase3
2026-02-04 09:30:00,2026-02-04 11:00:00,NIFTY FIN SERVICE,bearish,183.15,182.82,3000,-1014.24,1574.09,-2588.33,pro_LiqSweep+OTE+RSI_Div+VWAP,stop_loss_premium_phase3
2026-02-06 09:45:00,2026-02-06 10:45:00,NIFTY FIN SERVICE,bullish,226.41,226.09,3000,-950.1,1935.34,-2885.44,pro_VP+OTE+RSI_Div,stop_loss_premium_phase2
2026-02-06 14:15:00,2026-02-06 15:15:00,NIFTY FIN SERVICE,bullish,268.05,313.2,3000,135427.77,2572.99,132854.78,pro_FVG+VP,intraday_square_off
2026-02-11 10:45:00,2026-02-11 12:15:00,NIFTY FIN SERVICE,bullish,204.46,203.96,3000,-1493.05,1750.94,-3243.99,pro_VP+RSI_Div,stop_loss_premium_phase3
2026-02-11 14:15:00,2026-02-11 15:15:00,NIFTY FIN SERVICE,bullish,216.97,229.89,3000,38736.52,1940.95,36795.57,pro_LiqSweep+VP,intraday_square_off
2026-02-12 14:15:00,2026-02-12 15:15:00,NIFTY FIN SERVICE,bearish,214.82,201.21,3000,-40847.89,1753.76,-42601.65,pro_OTE+RSI_Div+VWAP,intraday_square_off
2026-02-16 10:15:00,2026-02-16 11:45:00,NIFTY FIN SERVICE,bullish,196.16,198.24,3000,6230.15,1698.1,4532.05,pro_LiqSweep+VP,stop_loss_premium_phase3
2026-02-16 14:15:00,2026-02-16 15:00:00,NIFTY FIN SERVICE,bullish,202.9,257.32,3000,163268.82,2088.26,161180.56,pro_LiqSweep+VP,target
2026-02-17 09:45:00,2026-02-17 10:15:00,NIFTY FIN SERVICE,bullish,209.69,262.63,3000,158809.81,2135.47,156674.34,pro_LiqSweep+OTE,target
2026-02-19 09:30:00,2026-02-19 10:30:00,NIFTY FIN SERVICE,bullish,181.35,178.26,3000,-9279.68,1541.49,-10821.17,pro_VP+RSI_Div,stop_loss_premium_phase2
2026-02-25 09:45:00,2026-02-25 11:15:00,NIFTY FIN SERVICE,bullish,414.59,421.61,3000,21062.25,3553.12,17509.13,pro_FVG+VP,stop_loss_premium_phase3
2026-03-04 09:30:00,2026-03-04 10:45:00,NIFTY FIN SERVICE,bullish,195.71,176.05,3000,-58995.34,1555.66,-60551.0,pro_FVG+OTE+RSI_Div,stop_loss_premium_phase2
2026-03-16 10:30:00,2026-03-16 11:30:00,NIFTY FIN SERVICE,bearish,383.36,382.33,3000,-3096.09,3241.06,-6337.15,pro_LiqSweep+VP+VWAP,stop_loss_premium_phase2
2026-03-16 14:15:00,2026-03-16 15:15:00,NIFTY FIN SERVICE,bullish,346.53,392.7,3000,138501.46,3234.71,135266.75,pro_LiqSweep+FVG+VP,intraday_square_off
2026-03-18 10:00:00,2026-03-18 11:15:00,NIFTY FIN SERVICE,bearish,262.98,262.64,3000,-1027.97,2240.47,-3268.44,pro_OTE+RSI_Div+VWAP,stop_loss_premium_phase2
2026-03-24 14:15:00,2026-03-24 15:15:00,NIFTY FIN SERVICE,bearish,221.42,240.0,3000,55746.19,2014.2,53731.99,pro_LiqSweep+FVG+VWAP,intraday_square_off
2026-04-01 10:45:00,2026-04-01 12:15:00,NIFTY FIN SERVICE,bearish,767.94,765.93,3000,-6017.2,6445.45,-12462.65,pro_FVG+OTE+VWAP,stop_loss_premium_phase3
2026-04-01 14:15:00,2026-04-01 14:45:00,NIFTY FIN SERVICE,bearish,440.21,506.25,3000,198126.66,4143.52,193983.14,pro_FVG+RSI_Div+VWAP,target
2026-04-07 09:30:00,2026-04-07 11:00:00,NIFTY FIN SERVICE,bullish,533.17,566.37,3000,99586.36,4710.1,94876.26,pro_FVG+VP,stop_loss_premium_phase3
2026-04-07 14:15:00,2026-04-07 15:15:00,NIFTY FIN SERVICE,bullish,488.53,542.57,3000,162111.09,4470.36,157640.73,pro_LiqSweep+VP+RSI_Div,intraday_square_off
2026-04-09 14:15:00,2026-04-09 15:15:00,NIFTY FIN SERVICE,bullish,304.06,354.25,3000,150584.7,2905.78,147678.92,pro_FVG+RSI_Div,intraday_square_off
2026-04-17 09:45:00,2026-04-17 11:15:00,NIFTY FIN SERVICE,bullish,257.43,264.22,3000,20365.56,2239.61,18125.95,pro_FVG+OTE,stop_loss_premium_phase3
2026-04-17 11:30:00,2026-04-17 13:15:00,NIFTY FIN SERVICE,bullish,235.18,252.93,3000,53249.01,2123.77,51125.24,pro_FVG+VP+RSI_Div,stop_loss_premium_phase3
2026-04-22 09:45:00,2026-04-22 10:45:00,NIFTY FIN SERVICE,bearish,195.21,194.75,3000,-1387.04,1673.95,-3060.99,pro_LiqSweep+VP+RSI_Div+VWAP,stop_loss_premium_phase2
2026-04-22 11:00:00,2026-04-22 12:30:00,NIFTY FIN SERVICE,bearish,215.27,214.67,3000,-1793.25,1840.55,-3633.8,pro_LiqSweep+RSI_Div+VWAP,stop_loss_premium_phase3
2026-04-30 14:15:00,2026-04-30 15:15:00,NIFTY FIN SERVICE,bullish,345.79,321.81,3000,-71945.85,2781.05,-74726.9,pro_LiqSweep+FVG+VP,intraday_square_off
2026-05-04 11:00:00,2026-05-04 13:15:00,NIFTY FIN SERVICE,bearish,523.54,600.8,3000,231760.21,4910.77,226849.44,pro_OTE+RSI_Div+VWAP,target
2026-05-08 11:15:00,2026-05-08 12:45:00,NIFTY FIN SERVICE,bullish,405.46,404.48,3000,-2939.37,3425.85,-6365.22,pro_LiqSweep+FVG,stop_loss_premium_phase3
2026-05-15 10:45:00,2026-05-15 12:15:00,NIFTY FIN SERVICE,bearish,240.09,270.74,3000,91939.4,2247.07,89692.33,pro_FVG+OTE+RSI_Div+VWAP,stop_loss_premium_phase3
2026-05-19 10:00:00,2026-05-19 11:30:00,NIFTY FIN SERVICE,bearish,219.41,237.11,3000,53087.21,1991.8,51095.41,pro_LiqSweep+OTE+RSI_Div+VWAP,stop_loss_premium_phase3
