entry_time,exit_time,symbol,direction,entry_price,exit_price,quantity,gross_pnl,costs,net_pnl,strategy,exit_reason
2015-01-13 14:15:00,2015-01-13 15:15:00,NIFTY 50,bullish,52.16,41.98,65,-661.72,55.23,-716.95,pro_LiqSweep+FVG+VP,intraday_square_off
2015-01-20 09:30:00,2015-01-20 11:00:00,NIFTY 50,bearish,36.57,34.73,130,-239.5,59.92,-299.42,pro_LiqSweep+OTE+RSI_Div+VWAP,stop_loss_premium_phase3
2015-01-23 10:45:00,2015-01-23 12:15:00,NIFTY 50,bearish,155.84,155.48,65,-23.58,75.34,-98.92,pro_FVG+OTE+VWAP,stop_loss_premium_phase3
2015-02-03 10:45:00,2015-02-03 11:45:00,NIFTY 50,bearish,115.01,149.86,65,2265.75,72.82,2192.93,pro_FVG+OTE+VWAP,target
2015-02-06 14:15:00,2015-02-06 15:15:00,NIFTY 50,bearish,169.7,181.49,65,766.78,79.53,687.25,pro_FVG+RSI_Div+VWAP,intraday_square_off
2015-02-13 10:30:00,2015-02-13 12:30:00,NIFTY 50,bullish,173.7,188.48,65,960.76,80.66,880.1,pro_FVG+VP,stop_loss_premium_phase3
2015-02-16 11:15:00,2015-02-16 12:45:00,NIFTY 50,bearish,158.96,158.59,65,-23.88,75.9,-99.78,pro_FVG+OTE+VWAP,stop_loss_premium_phase3
2015-02-23 09:30:00,2015-02-23 10:00:00,NIFTY 50,bearish,156.5,171.8,65,994.52,77.62,916.9,pro_FVG+OTE+VWAP,target
2015-03-23 10:15:00,2015-03-23 11:45:00,NIFTY 50,bullish,151.64,151.59,65,-3.13,74.62,-77.75,pro_LiqSweep+OTE+RSI_Div,stop_loss_premium_phase3
2015-04-06 09:45:00,2015-04-06 11:15:00,NIFTY 50,bullish,116.08,124.34,65,537.07,69.34,467.73,pro_LiqSweep+VP,stop_loss_premium_phase3
2015-04-06 11:30:00,2015-04-06 13:00:00,NIFTY 50,bullish,107.1,110.3,65,208.02,67.01,141.01,pro_FVG+VP,stop_loss_premium_phase3
2015-04-10 09:45:00,2015-04-10 11:15:00,NIFTY 50,bullish,190.09,190.27,65,11.38,81.61,-70.23,pro_LiqSweep+VP+RSI_Div,stop_loss_premium_phase3
2015-04-10 14:15:00,2015-04-10 15:15:00,NIFTY 50,bullish,91.89,105.03,65,853.92,65.64,788.28,pro_LiqSweep+VP+RSI_Div,intraday_square_off
2015-04-17 11:00:00,2015-04-17 12:30:00,NIFTY 50,bearish,159.73,169.15,65,612.76,77.39,535.37,pro_LiqSweep+FVG+VWAP,stop_loss_premium_phase3
2015-04-28 11:00:00,2015-04-28 12:00:00,NIFTY 50,bullish,110.92,107.99,65,-190.47,66.86,-257.33,pro_FVG+VP,stop_loss_premium_phase2
2015-05-12 10:00:00,2015-05-12 11:30:00,NIFTY 50,bearish,105.36,111.03,65,368.79,67.04,301.75,pro_FVG+RSI_Div+VWAP,stop_loss_premium_phase3
2015-05-15 14:15:00,2015-05-15 14:45:00,NIFTY 50,bearish,102.8,123.17,65,1324.13,68.61,1255.52,pro_FVG+OTE+VWAP,target
2015-05-19 14:15:00,2015-05-19 15:15:00,NIFTY 50,bullish,62.25,65.92,130,476.91,70.73,406.18,pro_FVG+VP,intraday_square_off
2015-06-01 09:45:00,2015-06-01 11:15:00,NIFTY 50,bearish,181.25,178.0,65,-211.17,79.54,-290.71,pro_LiqSweep+OTE+VWAP,stop_loss_premium_phase3
2015-06-01 14:15:00,2015-06-01 15:15:00,NIFTY 50,bearish,158.61,161.65,65,197.34,76.31,121.03,pro_LiqSweep+FVG+VWAP,intraday_square_off
2015-06-03 09:30:00,2015-06-03 11:15:00,NIFTY 50,bearish,212.05,228.21,65,1050.55,87.79,962.76,pro_LiqSweep+VP+VWAP,target
2015-06-08 10:15:00,2015-06-08 11:45:00,NIFTY 50,bearish,182.85,190.12,65,472.61,81.28,391.33,pro_LiqSweep+FVG+VWAP,stop_loss_premium_phase3
2015-06-16 14:15:00,2015-06-16 14:45:00,NIFTY 50,bullish,46.76,66.86,195,3921.1,80.91,3840.19,pro_LiqSweep+VP+RSI_Div,target
2015-06-19 09:45:00,2015-06-19 11:15:00,NIFTY 50,bullish,171.51,180.41,65,578.29,79.45,498.84,pro_FVG+VP,stop_loss_premium_phase3
2015-06-23 11:30:00,2015-06-23 13:00:00,NIFTY 50,bearish,94.52,91.86,130,-345.58,80.66,-426.24,pro_LiqSweep+FVG+VWAP,stop_loss_premium_phase3
2015-06-26 11:30:00,2015-06-26 13:00:00,NIFTY 50,bearish,179.22,198.1,65,1227.2,82.23,1144.97,pro_FVG+RSI_Div+VWAP,stop_loss_premium_phase3
2015-06-30 10:30:00,2015-06-30 12:00:00,NIFTY 50,bullish,116.84,116.58,65,-17.35,68.3,-85.65,pro_LiqSweep+VP,stop_loss_premium_phase3
2015-07-01 09:30:00,2015-07-01 09:45:00,NIFTY 50,bullish,92.57,81.21,65,-738.52,62.37,-800.89,pro_LiqSweep+VP,target
2015-07-03 09:45:00,2015-07-03 11:15:00,NIFTY 50,bullish,113.18,113.91,65,47.44,67.77,-20.33,pro_LiqSweep+VP,stop_loss_premium_phase3
2015-07-03 11:30:00,2015-07-03 13:00:00,NIFTY 50,bullish,158.93,158.55,65,-24.24,75.9,-100.14,pro_LiqSweep+VP,stop_loss_premium_phase3
2015-07-14 10:30:00,2015-07-14 12:00:00,NIFTY 50,bullish,161.04,160.58,65,-29.87,76.26,-106.13,pro_FVG+VP,stop_loss_premium_phase3
2015-07-15 09:30:00,2015-07-15 09:45:00,NIFTY 50,bullish,99.18,83.95,65,-990.14,63.03,-1053.17,pro_FVG+OTE+RSI_Div,target
2015-07-17 09:45:00,2015-07-17 11:15:00,NIFTY 50,bearish,107.13,104.22,65,-189.08,66.18,-255.26,pro_LiqSweep+RSI_Div+VWAP,stop_loss_premium_phase3
2015-07-17 14:15:00,2015-07-17 15:15:00,NIFTY 50,bearish,167.03,178.85,65,768.59,79.05,689.54,pro_OTE+RSI_Div+VWAP,intraday_square_off
2015-07-21 10:00:00,2015-07-21 12:00:00,NIFTY 50,bearish,173.37,191.48,65,1176.94,81.06,1095.88,pro_LiqSweep+OTE+VWAP,stop_loss_premium_phase3
2015-08-04 09:45:00,2015-08-04 11:15:00,NIFTY 50,bearish,91.47,108.78,130,2251.11,85.08,2166.03,pro_LiqSweep+FVG+VWAP,stop_loss_premium_phase3
2015-08-04 11:30:00,2015-08-04 12:30:00,NIFTY 50,bullish,159.46,159.33,65,-8.08,76.03,-84.11,pro_LiqSweep+VP,stop_loss_premium_phase2
2015-08-07 09:45:00,2015-08-07 11:15:00,NIFTY 50,bullish,153.54,153.11,65,-28.38,74.91,-103.29,pro_LiqSweep+VP+RSI_Div,stop_loss_premium_phase3
2015-08-17 09:45:00,2015-08-17 11:15:00,NIFTY 50,bearish,159.44,174.6,65,985.8,78.14,907.66,pro_LiqSweep+FVG+RSI_Div+VWAP,stop_loss_premium_phase3
2015-08-17 11:30:00,2015-08-17 12:30:00,NIFTY 50,bullish,168.38,205.24,65,2396.37,82.75,2313.62,pro_LiqSweep+FVG,target
2015-08-18 09:30:00,2015-08-18 09:45:00,NIFTY 50,bullish,130.19,126.2,65,-259.93,70.2,-330.13,pro_LiqSweep+FVG,target
2015-08-28 14:15:00,2015-08-28 15:15:00,NIFTY 50,bearish,165.03,163.04,65,-129.65,76.78,-206.43,pro_LiqSweep+RSI_Div+VWAP,intraday_square_off
2015-08-31 10:30:00,2015-08-31 12:00:00,NIFTY 50,bullish,195.45,194.94,65,-32.89,82.48,-115.37,pro_LiqSweep+OTE,stop_loss_premium_phase3
2015-09-04 14:15:00,2015-09-04 15:15:00,NIFTY 50,bullish,165.26,164.07,65,-77.26,76.93,-154.19,pro_LiqSweep+RSI_Div,intraday_square_off
2015-09-08 10:30:00,2015-09-08 11:45:00,NIFTY 50,bearish,165.71,165.28,65,-28.03,77.12,-105.15,pro_LiqSweep+FVG+VWAP,stop_loss_premium_phase2
2015-09-15 09:45:00,2015-09-15 11:15:00,NIFTY 50,bullish,71.35,76.37,195,979.44,88.0,891.44,pro_FVG+VP,stop_loss_premium_phase3
2015-09-21 11:00:00,2015-09-21 12:30:00,NIFTY 50,bullish,172.87,177.5,65,300.92,79.11,221.81,pro_FVG+OTE,stop_loss_premium_phase3
2015-09-23 09:30:00,2015-09-23 09:45:00,NIFTY 50,bearish,248.59,203.63,65,-2921.77,85.95,-3007.72,pro_FVG+RSI_Div+VWAP,target
2015-09-28 10:00:00,2015-09-28 11:30:00,NIFTY 50,bearish,165.83,165.4,65,-28.2,77.14,-105.34,pro_LiqSweep+RSI_Div+VWAP,stop_loss_premium_phase3
2015-10-14 09:30:00,2015-10-14 11:00:00,NIFTY 50,bullish,173.12,180.25,65,463.51,79.5,384.01,pro_LiqSweep+VP+OTE,stop_loss_premium_phase3
2015-10-16 10:00:00,2015-10-16 11:30:00,NIFTY 50,bullish,176.99,176.73,65,-17.44,79.18,-96.62,pro_LiqSweep+VP+OTE,stop_loss_premium_phase3
2015-10-19 11:15:00,2015-10-19 13:15:00,NIFTY 50,bullish,71.25,87.19,130,2072.85,77.38,1995.47,pro_LiqSweep+VP,stop_loss_premium_phase3
2015-10-19 14:15:00,2015-10-19 15:15:00,NIFTY 50,bullish,175.84,182.49,65,432.36,79.93,352.43,pro_LiqSweep+VP+RSI_Div,intraday_square_off
2015-10-20 09:45:00,2015-10-20 11:15:00,NIFTY 50,bullish,165.85,178.41,65,816.92,78.94,737.98,pro_LiqSweep+VP+RSI_Div,stop_loss_premium_phase3
2015-10-20 11:30:00,2015-10-20 13:00:00,NIFTY 50,bullish,175.47,179.59,65,268.11,79.51,188.6,pro_LiqSweep+FVG+VP,stop_loss_premium_phase3
2015-10-20 14:15:00,2015-10-20 15:00:00,NIFTY 50,bullish,167.36,188.11,65,1348.83,80.34,1268.49,pro_VP+OTE,target
2015-10-30 14:15:00,2015-10-30 15:15:00,NIFTY 50,bearish,170.02,173.13,65,202.23,78.38,123.85,pro_LiqSweep+VP+VWAP,intraday_square_off
2015-11-03 09:30:00,2015-11-03 09:45:00,NIFTY 50,bullish,241.98,200.08,65,-2723.76,85.18,-2808.94,pro_LiqSweep+VP,target
2015-11-09 09:30:00,2015-11-09 11:15:00,NIFTY 50,bullish,43.87,64.35,195,3993.34,79.5,3913.84,pro_LiqSweep+VP,stop_loss_premium_phase3
2015-11-23 09:45:00,2015-11-23 11:15:00,NIFTY 50,bullish,175.87,175.41,65,-29.83,78.95,-108.78,pro_FVG+OTE,stop_loss_premium_phase3
2015-11-23 11:30:00,2015-11-23 13:00:00,NIFTY 50,bullish,179.63,179.45,65,-11.32,79.67,-90.99,pro_LiqSweep+FVG,stop_loss_premium_phase3
2015-11-24 14:15:00,2015-11-24 15:15:00,NIFTY 50,bearish,50.31,59.87,260,2486.54,88.89,2397.65,pro_OTE+RSI_Div+VWAP,intraday_square_off
2015-11-27 09:45:00,2015-11-27 11:15:00,NIFTY 50,bullish,78.29,83.23,195,963.44,91.73,871.71,pro_LiqSweep+VP,stop_loss_premium_phase3
2015-11-30 09:45:00,2015-11-30 11:15:00,NIFTY 50,bearish,62.61,71.79,260,2386.29,97.58,2288.71,pro_LiqSweep+RSI_Div+VWAP,stop_loss_premium_phase3
2015-12-11 10:30:00,2015-12-11 11:30:00,NIFTY 50,bullish,107.83,107.51,130,-41.26,86.12,-127.38,pro_LiqSweep+VP,stop_loss_premium_phase2
2015-12-14 09:45:00,2015-12-14 11:15:00,NIFTY 50,bullish,156.26,178.83,65,1467.12,78.58,1388.54,pro_LiqSweep+OTE+RSI_Div,stop_loss_premium_phase3
2015-12-14 11:30:00,2015-12-14 13:15:00,NIFTY 50,bullish,154.05,170.69,65,1081.39,77.36,1004.03,pro_LiqSweep+VP+RSI_Div,stop_loss_premium_phase3
2015-12-15 11:15:00,2015-12-15 12:45:00,NIFTY 50,bullish,65.7,74.03,260,2166.64,99.34,2067.3,pro_FVG+VP,stop_loss_premium_phase3
2015-12-21 10:30:00,2015-12-21 12:00:00,NIFTY 50,bullish,162.06,161.92,65,-9.04,76.49,-85.53,pro_LiqSweep+VP,stop_loss_premium_phase3
2016-01-01 11:30:00,2016-01-01 13:00:00,NIFTY 50,bullish,73.47,73.58,260,28.92,100.42,-71.5,pro_FVG+VP,stop_loss_premium_phase3
2016-01-29 09:45:00,2016-01-29 12:00:00,NIFTY 50,bullish,172.25,213.05,65,2651.85,84.0,2567.85,pro_FVG+VP,target
2016-02-01 10:15:00,2016-02-01 11:45:00,NIFTY 50,bearish,172.8,187.63,65,964.0,80.51,883.49,pro_LiqSweep+RSI_Div+VWAP,stop_loss_premium_phase3
2016-02-05 11:00:00,2016-02-05 12:30:00,NIFTY 50,bullish,189.46,197.22,65,504.27,82.54,421.73,pro_FVG+VP,stop_loss_premium_phase3
2016-02-08 09:45:00,2016-02-08 11:15:00,NIFTY 50,bearish,172.07,171.91,65,-10.22,78.3,-88.52,pro_FVG+OTE+VWAP,stop_loss_premium_phase3
2016-02-16 09:45:00,2016-02-16 11:15:00,NIFTY 50,bearish,81.36,83.28,260,500.25,107.13,393.12,pro_LiqSweep+RSI_Div+VWAP,stop_loss_premium_phase3
2016-02-19 10:45:00,2016-02-19 12:15:00,NIFTY 50,bullish,163.88,163.5,130,-49.74,106.38,-156.12,pro_FVG+VP,stop_loss_premium_phase3
2016-02-19 14:15:00,2016-02-19 15:15:00,NIFTY 50,bullish,76.85,77.5,260,169.52,103.16,66.36,pro_FVG+VP+RSI_Div,intraday_square_off
2016-02-22 14:15:00,2016-02-22 15:15:00,NIFTY 50,bullish,58.11,55.8,325,-752.37,98.16,-850.53,pro_FVG+VP,intraday_square_off
2016-02-23 10:00:00,2016-02-23 11:30:00,NIFTY 50,bearish,160.79,166.0,130,676.51,106.81,569.7,pro_FVG+RSI_Div+VWAP,stop_loss_premium_phase3
2016-03-08 09:45:00,2016-03-08 11:15:00,NIFTY 50,bullish,177.39,176.98,65,-27.04,79.23,-106.27,pro_LiqSweep+VP,stop_loss_premium_phase3
2016-03-08 11:30:00,2016-03-08 13:00:00,NIFTY 50,bullish,81.2,81.02,260,-46.36,105.85,-152.21,pro_LiqSweep+VP,stop_loss_premium_phase3
2016-03-11 09:45:00,2016-03-11 11:15:00,NIFTY 50,bullish,183.21,184.15,65,61.58,80.47,-18.89,pro_LiqSweep+VP,stop_loss_premium_phase3
2016-03-11 11:30:00,2016-03-11 13:00:00,NIFTY 50,bullish,181.83,204.99,65,1505.49,83.29,1422.2,pro_LiqSweep+FVG+VP,stop_loss_premium_phase3
2016-03-15 10:00:00,2016-03-15 11:30:00,NIFTY 50,bullish,169.99,174.42,65,288.3,78.56,209.74,pro_LiqSweep+OTE+RSI_Div,stop_loss_premium_phase3
2016-03-21 09:45:00,2016-03-21 11:15:00,NIFTY 50,bullish,108.44,118.79,130,1346.36,89.29,1257.07,pro_FVG+VP,stop_loss_premium_phase3
2016-03-21 14:15:00,2016-03-21 15:00:00,NIFTY 50,bullish,168.48,192.95,65,1591.07,81.06,1510.01,pro_LiqSweep+VP,target
2016-03-22 10:30:00,2016-03-22 12:00:00,NIFTY 50,bullish,74.9,74.7,195,-39.25,87.76,-127.01,pro_LiqSweep+VP,stop_loss_premium_phase3
2016-03-28 10:15:00,2016-03-28 12:00:00,NIFTY 50,bearish,157.94,168.61,65,693.5,77.24,616.26,pro_LiqSweep+FVG+VWAP,stop_loss_premium_phase3
2016-04-01 09:45:00,2016-04-01 11:15:00,NIFTY 50,bullish,157.28,157.14,65,-8.8,75.63,-84.43,pro_LiqSweep+OTE,stop_loss_premium_phase3
2016-04-04 09:30:00,2016-04-04 09:45:00,NIFTY 50,bullish,205.55,193.83,65,-761.65,82.76,-844.41,pro_LiqSweep+FVG+OTE,target
2016-04-04 10:00:00,2016-04-04 11:30:00,NIFTY 50,bullish,159.59,159.47,65,-7.84,76.05,-83.89,pro_LiqSweep+VP,stop_loss_premium_phase3
2016-04-04 14:15:00,2016-04-04 15:15:00,NIFTY 50,bullish,61.36,81.52,260,5242.52,102.74,5139.78,pro_LiqSweep+VP,intraday_square_off
2016-04-05 10:00:00,2016-04-05 11:00:00,NIFTY 50,bullish,53.21,53.34,325,44.08,95.41,-51.33,pro_LiqSweep+OTE+RSI_Div,stop_loss_premium_phase2
2016-04-11 10:30:00,2016-04-11 12:00:00,NIFTY 50,bullish,72.59,72.36,260,-61.41,99.59,-161.0,pro_VP+OTE,stop_loss_premium_phase3
2016-04-12 10:00:00,2016-04-12 11:30:00,NIFTY 50,bullish,156.11,168.55,65,808.29,77.16,731.13,pro_FVG+VP,stop_loss_premium_phase3
2016-04-22 10:45:00,2016-04-22 12:15:00,NIFTY 50,bullish,178.31,177.89,65,-27.19,79.39,-106.58,pro_VP+RSI_Div,stop_loss_premium_phase3
2016-04-22 14:15:00,2016-04-22 15:15:00,NIFTY 50,bullish,162.7,172.67,65,648.07,78.01,570.06,pro_LiqSweep+VP,intraday_square_off
2016-04-26 10:15:00,2016-04-26 12:00:00,NIFTY 50,bullish,63.5,74.31,325,3511.52,112.1,3399.42,pro_LiqSweep+VP+RSI_Div,stop_loss_premium_phase3
2016-05-02 09:45:00,2016-05-02 11:15:00,NIFTY 50,bearish,167.13,173.78,130,864.16,109.5,754.66,pro_LiqSweep+FVG+VWAP,stop_loss_premium_phase3
2016-05-06 14:15:00,2016-05-06 15:15:00,NIFTY 50,bullish,67.74,71.64,325,1268.9,111.16,1157.74,pro_LiqSweep+VP,intraday_square_off
2016-05-09 10:15:00,2016-05-09 11:45:00,NIFTY 50,bullish,104.87,111.63,195,1317.75,106.91,1210.84,pro_LiqSweep+VP,stop_loss_premium_phase3
2016-05-10 09:45:00,2016-05-10 11:15:00,NIFTY 50,bearish,61.47,70.79,325,3029.88,109.23,2920.65,pro_LiqSweep+RSI_Div+VWAP,stop_loss_premium_phase3
2016-05-16 14:15:00,2016-05-16 15:00:00,NIFTY 50,bullish,179.99,212.4,130,4213.46,121.27,4092.19,pro_LiqSweep+VP,target
2016-05-23 10:00:00,2016-05-23 11:30:00,NIFTY 50,bearish,98.58,99.94,195,266.42,101.26,165.16,pro_FVG+RSI_Div+VWAP,stop_loss_premium_phase3
2016-05-24 14:15:00,2016-05-24 15:15:00,NIFTY 50,bearish,150.77,140.22,130,-1371.25,98.83,-1470.08,pro_FVG+OTE+RSI_Div+VWAP,intraday_square_off
2016-05-27 14:15:00,2016-05-27 15:15:00,NIFTY 50,bullish,72.01,78.33,325,2054.62,116.7,1937.92,pro_LiqSweep+VP,intraday_square_off
2016-05-30 09:45:00,2016-05-30 11:15:00,NIFTY 50,bullish,109.83,109.58,195,-49.26,106.7,-155.96,pro_LiqSweep+FVG+VP,stop_loss_premium_phase3
2016-06-06 09:45:00,2016-06-06 11:15:00,NIFTY 50,bullish,57.23,57.11,390,-46.27,109.21,-155.48,pro_VP+OTE,stop_loss_premium_phase3
2016-06-06 14:15:00,2016-06-06 15:15:00,NIFTY 50,bullish,168.2,162.63,130,-723.74,106.51,-830.25,pro_LiqSweep+VP+OTE+RSI_Div,intraday_square_off
2016-06-10 10:00:00,2016-06-10 11:00:00,NIFTY 50,bullish,71.06,88.13,325,5546.62,123.26,5423.36,pro_LiqSweep+OTE+RSI_Div,target
2016-06-10 11:30:00,2016-06-10 12:45:00,NIFTY 50,bullish,160.07,159.71,130,-47.65,105.01,-152.66,pro_LiqSweep+FVG+VP,stop_loss_premium_phase2
2016-06-14 10:00:00,2016-06-14 11:30:00,NIFTY 50,bullish,70.45,70.47,325,6.24,110.93,-104.69,pro_LiqSweep+RSI_Div,stop_loss_premium_phase3
2016-06-17 14:15:00,2016-06-17 15:15:00,NIFTY 50,bearish,83.51,72.52,260,-2858.61,101.54,-2960.15,pro_FVG+RSI_Div+VWAP,intraday_square_off
2016-06-20 09:45:00,2016-06-20 11:15:00,NIFTY 50,bullish,173.93,173.74,130,-25.03,110.07,-135.1,pro_LiqSweep+VP+RSI_Div,stop_loss_premium_phase3
2016-06-20 11:30:00,2016-06-20 13:00:00,NIFTY 50,bullish,112.02,128.24,195,3162.84,114.71,3048.13,pro_LiqSweep+FVG+VP,stop_loss_premium_phase3
2016-06-20 14:15:00,2016-06-20 15:15:00,NIFTY 50,bullish,180.18,185.53,130,695.79,113.86,581.93,pro_LiqSweep+VP,intraday_square_off
2016-06-21 09:45:00,2016-06-21 11:15:00,NIFTY 50,bearish,46.54,44.04,585,-1464.35,119.85,-1584.2,pro_FVG+RSI_Div+VWAP,stop_loss_premium_phase3
2016-06-24 14:15:00,2016-06-24 15:00:00,NIFTY 50,bullish,165.19,200.8,130,4629.78,116.8,4512.98,pro_VP+RSI_Div,target
2016-06-28 10:00:00,2016-06-28 11:30:00,NIFTY 50,bullish,165.14,166.62,130,193.28,107.35,85.93,pro_FVG+VP,stop_loss_premium_phase3
2016-06-29 09:30:00,2016-06-29 09:45:00,NIFTY 50,bullish,217.12,191.21,65,-1683.88,82.89,-1766.77,pro_VP+OTE,target
2016-07-25 14:15:00,2016-07-25 15:15:00,NIFTY 50,bullish,177.17,185.81,130,1122.88,113.68,1009.2,pro_FVG+VP,intraday_square_off
2016-07-29 09:45:00,2016-07-29 11:30:00,NIFTY 50,bullish,84.12,89.9,325,1879.71,127.27,1752.44,pro_LiqSweep+FVG+VP,stop_loss_premium_phase3
2016-08-01 09:45:00,2016-08-01 11:15:00,NIFTY 50,bullish,69.49,76.01,390,2539.88,128.02,2411.86,pro_LiqSweep+FVG+VP,stop_loss_premium_phase3
2016-08-08 14:15:00,2016-08-08 15:15:00,NIFTY 50,bearish,50.54,44.89,520,-2938.77,114.09,-3052.86,pro_LiqSweep+RSI_Div+VWAP,intraday_square_off
2016-08-09 10:15:00,2016-08-09 11:45:00,NIFTY 50,bearish,154.55,154.2,130,-46.04,103.01,-149.05,pro_LiqSweep+RSI_Div+VWAP,stop_loss_premium_phase3
2016-08-16 09:30:00,2016-08-16 11:00:00,NIFTY 50,bullish,178.71,178.32,130,-51.12,111.74,-162.86,pro_LiqSweep+VP,stop_loss_premium_phase3
2016-08-16 11:15:00,2016-08-16 12:15:00,NIFTY 50,bullish,166.83,166.65,130,-23.29,107.5,-130.79,pro_LiqSweep+VP+RSI_Div,stop_loss_premium_phase2
2016-08-19 09:45:00,2016-08-19 11:15:00,NIFTY 50,bullish,56.42,56.52,455,48.43,118.74,-70.31,pro_LiqSweep+VP,stop_loss_premium_phase3
2016-08-19 11:30:00,2016-08-19 13:00:00,NIFTY 50,bullish,180.79,184.47,130,477.89,113.62,364.27,pro_FVG+VP+OTE,stop_loss_premium_phase3
2016-08-19 14:15:00,2016-08-19 15:15:00,NIFTY 50,bullish,170.27,178.33,130,1047.9,111.03,936.87,pro_VP+OTE,intraday_square_off
2016-08-23 09:45:00,2016-08-23 11:15:00,NIFTY 50,bullish,169.17,168.78,130,-51.18,108.29,-159.47,pro_LiqSweep+VP,stop_loss_premium_phase3
2016-08-23 11:30:00,2016-08-23 13:00:00,NIFTY 50,bullish,175.76,175.3,130,-59.89,110.66,-170.55,pro_VP+OTE,stop_loss_premium_phase3
2016-08-26 09:45:00,2016-08-26 11:15:00,NIFTY 50,bullish,173.18,170.06,130,-405.8,108.99,-514.79,pro_FVG+OTE+RSI_Div,stop_loss_premium_phase3
2016-08-26 11:30:00,2016-08-26 13:00:00,NIFTY 50,bullish,117.06,116.71,195,-67.61,110.58,-178.19,pro_LiqSweep+RSI_Div,stop_loss_premium_phase3
2016-08-29 09:45:00,2016-08-29 11:15:00,NIFTY 50,bullish,170.0,188.31,130,2380.41,113.76,2266.65,pro_LiqSweep+VP+OTE,stop_loss_premium_phase3
2016-08-29 11:30:00,2016-08-29 13:00:00,NIFTY 50,bullish,176.45,175.99,130,-60.06,110.91,-170.97,pro_LiqSweep+VP,stop_loss_premium_phase3
2016-08-29 14:15:00,2016-08-29 15:15:00,NIFTY 50,bullish,54.55,62.68,520,4224.86,135.12,4089.74,pro_LiqSweep+VP+RSI_Div,intraday_square_off
2016-09-02 10:00:00,2016-09-02 11:30:00,NIFTY 50,bullish,186.06,188.36,130,298.95,115.15,183.8,pro_FVG+OTE,stop_loss_premium_phase3
2016-09-09 10:15:00,2016-09-09 11:45:00,NIFTY 50,bearish,173.17,172.96,130,-27.6,109.79,-137.39,pro_LiqSweep+VP+VWAP,stop_loss_premium_phase3
2016-09-12 14:15:00,2016-09-12 15:15:00,NIFTY 50,bullish,178.43,172.66,130,-750.56,110.15,-860.71,pro_LiqSweep+VP,intraday_square_off
2016-09-19 10:00:00,2016-09-19 11:30:00,NIFTY 50,bearish,158.01,157.65,65,-23.4,75.73,-99.13,pro_LiqSweep+FVG+RSI_Div+VWAP,stop_loss_premium_phase3
2016-09-19 14:15:00,2016-09-19 15:15:00,NIFTY 50,bearish,53.24,59.88,520,3450.36,131.58,3318.78,pro_LiqSweep+OTE+VWAP,intraday_square_off
2016-09-30 10:30:00,2016-09-30 12:00:00,NIFTY 50,bullish,184.84,181.06,130,-491.38,113.02,-604.4,pro_LiqSweep+OTE+RSI_Div,stop_loss_premium_phase3
2016-09-30 14:15:00,2016-09-30 15:15:00,NIFTY 50,bullish,81.69,71.61,325,-3275.56,114.12,-3389.68,pro_LiqSweep+VP,intraday_square_off
2016-10-07 14:15:00,2016-10-07 15:15:00,NIFTY 50,bullish,76.67,77.65,390,384.25,131.23,253.02,pro_LiqSweep+VP+RSI_Div,intraday_square_off
2016-10-14 11:30:00,2016-10-14 13:00:00,NIFTY 50,bullish,115.59,115.26,260,-86.38,130.65,-217.03,pro_VP+RSI_Div,stop_loss_premium_phase3
2016-10-14 14:15:00,2016-10-14 15:15:00,NIFTY 50,bullish,67.01,61.49,390,-2153.9,115.34,-2269.24,pro_LiqSweep+VP,intraday_square_off
2016-10-21 09:45:00,2016-10-21 11:15:00,NIFTY 50,bullish,66.7,67.0,390,117.53,119.84,-2.31,pro_LiqSweep+VP+OTE,stop_loss_premium_phase3
2016-10-24 09:30:00,2016-10-24 09:45:00,NIFTY 50,bullish,212.65,186.72,65,-1685.04,82.08,-1767.12,pro_LiqSweep+VP+OTE,target
2016-10-25 14:15:00,2016-10-25 15:15:00,NIFTY 50,bullish,52.73,50.71,520,-1047.96,121.27,-1169.23,pro_VP+RSI_Div,intraday_square_off
2016-10-28 14:15:00,2016-10-28 15:15:00,NIFTY 50,bearish,73.41,79.54,325,1992.72,117.83,1874.89,pro_FVG+OTE+VWAP,intraday_square_off
2016-11-01 09:45:00,2016-11-01 11:15:00,NIFTY 50,bearish,164.51,164.12,130,-50.13,106.61,-156.74,pro_LiqSweep+FVG+RSI_Div+VWAP,stop_loss_premium_phase3
2016-11-01 11:30:00,2016-11-01 13:00:00,NIFTY 50,bearish,70.45,67.73,390,-1063.66,121.4,-1185.06,pro_LiqSweep+FVG+VWAP,stop_loss_premium_phase3
2016-11-01 14:15:00,2016-11-01 15:15:00,NIFTY 50,bearish,49.84,64.32,520,7533.79,135.33,7398.46,pro_LiqSweep+FVG+VWAP,intraday_square_off
2016-11-21 10:15:00,2016-11-21 10:45:00,NIFTY 50,bearish,152.42,187.22,195,6785.13,144.34,6640.79,pro_FVG+RSI_Div+VWAP,target
2016-12-05 14:15:00,2016-12-05 15:15:00,NIFTY 50,bullish,179.77,168.77,130,-1430.3,109.19,-1539.49,pro_FVG+VP,intraday_square_off
2016-12-06 14:15:00,2016-12-06 14:45:00,NIFTY 50,bearish,39.01,54.17,780,11828.63,157.02,11671.61,pro_LiqSweep+FVG+VWAP,target
2016-12-09 10:00:00,2016-12-09 11:30:00,NIFTY 50,bearish,149.19,153.45,130,553.68,102.35,451.33,pro_LiqSweep+OTE+VWAP,stop_loss_premium_phase3
2016-12-16 09:45:00,2016-12-16 11:15:00,NIFTY 50,bearish,160.7,167.05,130,825.58,107.09,718.49,pro_LiqSweep+RSI_Div+VWAP,stop_loss_premium_phase3
2016-12-19 10:45:00,2016-12-19 12:15:00,NIFTY 50,bearish,172.46,178.05,130,726.88,111.13,615.75,pro_LiqSweep+FVG+VWAP,stop_loss_premium_phase3
2016-12-20 09:45:00,2016-12-20 11:15:00,NIFTY 50,bullish,166.0,162.47,130,-458.63,106.28,-564.91,pro_FVG+VP,stop_loss_premium_phase3
2016-12-23 11:15:00,2016-12-23 12:45:00,NIFTY 50,bullish,177.44,186.34,130,1157.43,113.85,1043.58,pro_FVG+VP+RSI_Div,stop_loss_premium_phase3
2016-12-23 14:15:00,2016-12-23 15:15:00,NIFTY 50,bullish,74.6,68.86,325,-1862.92,110.7,-1973.62,pro_FVG+VP,intraday_square_off
2016-12-27 10:15:00,2016-12-27 11:45:00,NIFTY 50,bullish,55.01,61.87,455,3119.67,123.49,2996.18,pro_FVG+VP,stop_loss_premium_phase3
2016-12-30 14:15:00,2016-12-30 15:15:00,NIFTY 50,bullish,55.86,61.05,455,2360.98,122.95,2238.03,pro_LiqSweep+FVG+VP,intraday_square_off
2017-01-03 10:15:00,2017-01-03 11:15:00,NIFTY 50,bearish,78.18,77.93,325,-81.4,117.73,-199.13,pro_OTE+RSI_Div+VWAP,stop_loss_premium_phase2
2017-01-06 10:45:00,2017-01-06 12:15:00,NIFTY 50,bearish,89.25,100.54,260,2934.86,118.02,2816.84,pro_LiqSweep+RSI_Div+VWAP,stop_loss_premium_phase3
2017-01-17 10:15:00,2017-01-17 11:45:00,NIFTY 50,bullish,178.06,175.17,130,-375.91,110.82,-486.73,pro_FVG+VP,stop_loss_premium_phase3
2017-01-23 10:00:00,2017-01-23 11:30:00,NIFTY 50,bullish,104.32,116.76,260,3235.03,129.56,3105.47,pro_LiqSweep+FVG+VP+RSI_Div,stop_loss_premium_phase3
2017-01-23 14:15:00,2017-01-23 15:15:00,NIFTY 50,bullish,175.58,198.43,130,2969.44,117.03,2852.41,pro_FVG+VP,intraday_square_off
2017-01-24 10:00:00,2017-01-24 11:30:00,NIFTY 50,bullish,46.33,50.74,585,2583.77,128.11,2455.66,pro_FVG+VP,stop_loss_premium_phase3
2017-02-03 10:30:00,2017-02-03 12:00:00,NIFTY 50,bullish,184.73,184.3,130,-56.51,113.91,-170.42,pro_LiqSweep+VP,stop_loss_premium_phase3
2017-02-03 14:15:00,2017-02-03 15:15:00,NIFTY 50,bullish,66.1,71.14,455,2291.65,135.77,2155.88,pro_LiqSweep+VP,intraday_square_off
2017-02-06 14:15:00,2017-02-06 15:15:00,NIFTY 50,bearish,59.96,60.91,455,430.91,124.04,306.87,pro_FVG+OTE+RSI_Div+VWAP,intraday_square_off
2017-02-07 10:00:00,2017-02-07 11:15:00,NIFTY 50,bullish,59.55,59.37,455,-85.71,122.42,-208.13,pro_LiqSweep+VP,stop_loss_premium_phase2
2017-02-07 14:15:00,2017-02-07 15:15:00,NIFTY 50,bullish,43.23,41.66,650,-1017.55,123.23,-1140.78,pro_LiqSweep+FVG+VP,intraday_square_off
2017-02-14 09:45:00,2017-02-14 11:15:00,NIFTY 50,bullish,58.85,61.67,455,1284.1,124.45,1159.65,pro_LiqSweep+VP,stop_loss_premium_phase3
2017-02-14 11:30:00,2017-02-14 13:30:00,NIFTY 50,bullish,61.03,71.19,455,4622.14,134.3,4487.84,pro_LiqSweep+VP+RSI_Div,stop_loss_premium_phase3
2017-02-21 10:30:00,2017-02-21 12:15:00,NIFTY 50,bullish,177.52,181.96,130,576.25,112.65,463.6,pro_FVG+VP,stop_loss_premium_phase3
2017-02-21 14:15:00,2017-02-21 15:00:00,NIFTY 50,bullish,46.26,60.63,650,9338.67,150.74,9187.93,pro_LiqSweep+VP,target
2017-02-28 10:45:00,2017-02-28 12:15:00,NIFTY 50,bearish,154.13,167.69,195,2645.56,136.46,2509.1,pro_LiqSweep+RSI_Div+VWAP,stop_loss_premium_phase3
2017-03-07 09:30:00,2017-03-07 09:45:00,NIFTY 50,bullish,78.54,73.76,130,-621.8,74.29,-696.09,pro_VP+OTE,target
2017-03-10 09:45:00,2017-03-10 11:15:00,NIFTY 50,bullish,78.67,79.27,390,231.73,133.08,98.65,pro_LiqSweep+FVG+VP,stop_loss_premium_phase3
2017-03-20 14:15:00,2017-03-20 15:15:00,NIFTY 50,bullish,180.35,180.81,130,59.84,112.57,-52.73,pro_FVG+RSI_Div,intraday_square_off
2017-03-21 10:15:00,2017-03-21 11:45:00,NIFTY 50,bullish,44.49,41.77,780,-2125.3,139.26,-2264.56,pro_FVG+VP+OTE+RSI_Div,stop_loss_premium_phase3
2017-03-22 09:30:00,2017-03-22 11:00:00,NIFTY 50,bullish,121.13,116.98,195,-808.94,111.21,-920.15,pro_LiqSweep+OTE,stop_loss_premium_phase3
2017-04-03 09:30:00,2017-04-03 10:00:00,NIFTY 50,bullish,73.61,80.61,195,1365.27,90.05,1275.22,pro_LiqSweep+VP+RSI_Div,target
2017-04-11 11:00:00,2017-04-11 12:15:00,NIFTY 50,bullish,50.19,50.32,650,84.69,138.16,-53.47,pro_FVG+VP+RSI_Div,stop_loss_premium_phase2
2017-04-11 14:15:00,2017-04-11 15:15:00,NIFTY 50,bullish,46.31,47.76,715,1037.3,141.54,895.76,pro_LiqSweep+VP+RSI_Div,intraday_square_off
2017-04-17 14:15:00,2017-04-17 15:15:00,NIFTY 50,bullish,57.46,63.69,585,3639.93,148.49,3491.44,pro_LiqSweep+VP,intraday_square_off
2017-04-24 09:45:00,2017-04-24 11:15:00,NIFTY 50,bullish,162.67,167.51,195,943.73,137.48,806.25,pro_FVG+VP+RSI_Div,stop_loss_premium_phase3
2017-05-05 09:45:00,2017-05-05 11:15:00,NIFTY 50,bearish,171.6,173.1,195,292.1,140.94,151.16,pro_LiqSweep+RSI_Div+VWAP,stop_loss_premium_phase3
2017-05-15 09:45:00,2017-05-15 11:15:00,NIFTY 50,bullish,60.53,65.8,585,3079.78,152.29,2927.49,pro_FVG+VP+RSI_Div,stop_loss_premium_phase3
2017-05-15 14:15:00,2017-05-15 15:15:00,NIFTY 50,bullish,62.38,66.71,520,2249.7,142.25,2107.45,pro_LiqSweep+VP,intraday_square_off
2017-05-16 09:45:00,2017-05-16 10:45:00,NIFTY 50,bullish,52.2,49.67,650,-1642.23,138.12,-1780.35,pro_LiqSweep+VP,stop_loss_premium_phase2
2017-05-16 11:00:00,2017-05-16 12:30:00,NIFTY 50,bullish,170.98,170.84,195,-27.27,139.92,-167.19,pro_FVG+VP,stop_loss_premium_phase3
2017-05-29 10:00:00,2017-05-29 11:30:00,NIFTY 50,bearish,160.6,160.28,195,-61.82,134.22,-196.04,pro_LiqSweep+OTE+RSI_Div+VWAP,stop_loss_premium_phase3
2017-06-05 10:15:00,2017-06-05 11:45:00,NIFTY 50,bearish,53.1,52.94,650,-105.76,143.02,-248.78,pro_LiqSweep+OTE+RSI_Div+VWAP,stop_loss_premium_phase3
2017-06-09 11:00:00,2017-06-09 12:30:00,NIFTY 50,bullish,100.27,100.0,325,-87.18,137.7,-224.88,pro_VP+OTE,stop_loss_premium_phase3
2017-06-09 14:15:00,2017-06-09 15:00:00,NIFTY 50,bullish,69.87,83.54,455,6216.55,148.89,6067.66,pro_LiqSweep+VP,target
2017-06-12 10:15:00,2017-06-12 11:45:00,NIFTY 50,bullish,178.96,186.99,195,1564.99,147.64,1417.35,pro_LiqSweep+OTE,stop_loss_premium_phase3
2017-06-12 14:15:00,2017-06-12 15:15:00,NIFTY 50,bullish,167.36,181.22,195,2702.67,143.77,2558.9,pro_VP+OTE+RSI_Div,intraday_square_off
2017-06-16 11:00:00,2017-06-16 12:30:00,NIFTY 50,bullish,70.49,70.56,520,38.95,149.28,-110.33,pro_FVG+VP,stop_loss_premium_phase3
2017-06-16 14:15:00,2017-06-16 15:00:00,NIFTY 50,bullish,66.82,80.82,520,7276.62,159.37,7117.25,pro_LiqSweep+VP+OTE,target
2017-06-20 10:00:00,2017-06-20 11:30:00,NIFTY 50,bearish,44.22,44.13,910,-79.82,159.0,-238.82,pro_LiqSweep+RSI_Div+VWAP,stop_loss_premium_phase3
2017-06-20 14:15:00,2017-06-20 15:15:00,NIFTY 50,bullish,157.63,155.54,195,-407.46,131.87,-539.33,pro_LiqSweep+VP+OTE,intraday_square_off
2017-06-30 11:00:00,2017-06-30 12:30:00,NIFTY 50,bullish,193.87,193.42,195,-88.83,152.22,-241.05,pro_FVG+OTE,stop_loss_premium_phase3
2017-07-10 11:30:00,2017-07-10 12:30:00,NIFTY 50,bearish,91.57,91.59,390,9.38,146.6,-137.22,pro_OTE+RSI_Div+VWAP,stop_loss_premium_phase2
2017-07-14 09:45:00,2017-07-14 11:15:00,NIFTY 50,bullish,66.51,66.3,585,-125.38,155.21,-280.59,pro_LiqSweep+VP,stop_loss_premium_phase3
2017-07-21 10:00:00,2017-07-21 11:30:00,NIFTY 50,bullish,168.32,168.14,195,-35.41,138.46,-173.87,pro_FVG+VP,stop_loss_premium_phase3
2017-07-24 09:45:00,2017-07-24 11:15:00,NIFTY 50,bullish,109.87,119.99,325,3291.86,153.56,3138.3,pro_FVG+VP,stop_loss_premium_phase3
2017-07-24 11:30:00,2017-07-24 13:00:00,NIFTY 50,bullish,79.11,82.26,455,1431.17,150.41,1280.76,pro_FVG+VP,stop_loss_premium_phase3
2017-07-24 14:15:00,2017-07-24 15:15:00,NIFTY 50,bullish,180.95,168.57,195,-2415.58,140.26,-2555.84,pro_LiqSweep+VP,intraday_square_off
2017-07-25 11:15:00,2017-07-25 12:45:00,NIFTY 50,bearish,49.21,53.07,780,3009.61,160.42,2849.19,pro_LiqSweep+FVG+VWAP,stop_loss_premium_phase3
2017-07-28 14:15:00,2017-07-28 15:00:00,NIFTY 50,bullish,98.58,118.68,390,7838.88,170.86,7668.02,pro_VP+RSI_Div,target
2017-08-01 09:45:00,2017-08-01 11:15:00,NIFTY 50,bullish,57.83,59.61,715,1273.01,164.97,1108.04,pro_LiqSweep+VP,stop_loss_premium_phase3
2017-08-01 11:30:00,2017-08-01 13:00:00,NIFTY 50,bullish,49.32,54.09,845,4032.82,171.74,3861.08,pro_LiqSweep+FVG+VP,stop_loss_premium_phase3
2017-08-04 09:45:00,2017-08-04 11:15:00,NIFTY 50,bullish,183.52,183.37,195,-30.3,146.72,-177.02,pro_LiqSweep+VP,stop_loss_premium_phase3
2017-08-04 11:30:00,2017-08-04 13:00:00,NIFTY 50,bullish,162.23,161.82,260,-107.96,164.35,-272.31,pro_LiqSweep+RSI_Div,stop_loss_premium_phase3
2017-08-08 10:00:00,2017-08-08 11:15:00,NIFTY 50,bearish,60.81,60.61,715,-141.89,167.9,-309.79,pro_LiqSweep+VP+VWAP,stop_loss_premium_phase2
2017-08-08 11:30:00,2017-08-08 13:00:00,NIFTY 50,bearish,98.04,105.0,390,2711.62,159.37,2552.25,pro_LiqSweep+FVG+VWAP,stop_loss_premium_phase3
2017-08-21 11:15:00,2017-08-21 12:45:00,NIFTY 50,bearish,157.53,169.69,260,3163.71,167.9,2995.81,pro_FVG+OTE+VWAP,stop_loss_premium_phase3
2017-09-01 10:30:00,2017-09-01 12:00:00,NIFTY 50,bullish,84.3,84.36,520,32.13,169.25,-137.12,pro_FVG+VP,stop_loss_premium_phase3
2017-09-04 09:45:00,2017-09-04 11:15:00,NIFTY 50,bullish,166.88,166.72,260,-42.86,167.85,-210.71,pro_VP+OTE,stop_loss_premium_phase3
2017-09-05 11:30:00,2017-09-05 12:30:00,NIFTY 50,bullish,53.79,53.6,845,-155.34,173.34,-328.68,pro_FVG+VP,stop_loss_premium_phase2
2017-09-26 10:00:00,2017-09-26 11:30:00,NIFTY 50,bearish,94.19,107.14,455,5893.4,178.99,5714.41,pro_FVG+OTE+VWAP,stop_loss_premium_phase3
2017-10-03 10:00:00,2017-10-03 11:30:00,NIFTY 50,bearish,156.66,156.54,260,-30.74,160.48,-191.22,pro_LiqSweep+OTE+VWAP,stop_loss_premium_phase3
2017-10-06 09:45:00,2017-10-06 11:15:00,NIFTY 50,bullish,106.68,112.98,390,2459.57,168.21,2291.36,pro_LiqSweep+VP,stop_loss_premium_phase3
2017-10-10 09:45:00,2017-10-10 11:45:00,NIFTY 50,bullish,165.32,176.44,260,2890.3,172.96,2717.34,pro_FVG+VP,stop_loss_premium_phase3
2017-10-10 14:15:00,2017-10-10 15:15:00,NIFTY 50,bullish,162.3,166.33,260,1047.27,166.86,880.41,pro_FVG+VP,intraday_square_off
2017-10-17 09:45:00,2017-10-17 11:15:00,NIFTY 50,bullish,177.59,189.77,260,3164.28,182.42,2981.86,pro_FVG+VP,stop_loss_premium_phase3
2017-10-17 14:15:00,2017-10-17 15:15:00,NIFTY 50,bearish,165.15,171.47,260,1643.23,170.19,1473.04,pro_LiqSweep+FVG+VWAP,intraday_square_off
2017-10-24 10:30:00,2017-10-24 11:45:00,NIFTY 50,bullish,57.85,57.95,845,81.8,183.41,-101.61,pro_FVG+VP,stop_loss_premium_phase2
2017-10-25 09:30:00,2017-10-25 09:45:00,NIFTY 50,bullish,211.99,195.66,65,-1061.78,83.29,-1145.07,pro_LiqSweep+VP,target
2017-10-27 14:15:00,2017-10-27 15:00:00,NIFTY 50,bearish,145.97,168.6,325,7354.23,194.86,7159.37,pro_OTE+RSI_Div+VWAP,target
2017-10-31 09:45:00,2017-10-31 11:15:00,NIFTY 50,bullish,166.43,166.33,260,-27.33,167.56,-194.89,pro_LiqSweep+FVG+VP,stop_loss_premium_phase3
2017-11-07 10:00:00,2017-11-07 11:30:00,NIFTY 50,bearish,67.62,80.18,715,8977.66,200.83,8776.83,pro_LiqSweep+RSI_Div+VWAP,stop_loss_premium_phase3
2017-11-10 10:15:00,2017-11-10 11:45:00,NIFTY 50,bullish,165.12,172.12,260,1820.09,170.54,1649.55,pro_VP+OTE+RSI_Div,stop_loss_premium_phase3
2017-11-13 09:45:00,2017-11-13 11:45:00,NIFTY 50,bearish,164.37,184.58,325,6567.8,209.82,6357.98,pro_FVG+RSI_Div+VWAP,stop_loss_premium_phase3
2017-11-20 09:45:00,2017-11-20 11:15:00,NIFTY 50,bullish,60.68,60.47,845,-171.3,189.51,-360.81,pro_FVG+OTE,stop_loss_premium_phase3
2017-11-20 11:30:00,2017-11-20 13:00:00,NIFTY 50,bullish,59.98,59.85,910,-114.72,198.84,-313.56,pro_FVG+OTE,stop_loss_premium_phase3
2017-11-20 14:15:00,2017-11-20 15:15:00,NIFTY 50,bullish,61.34,66.29,845,4185.34,200.34,3985.0,pro_FVG+VP,intraday_square_off
2017-11-21 14:15:00,2017-11-21 15:15:00,NIFTY 50,bearish,59.98,54.4,910,-5079.5,188.29,-5267.79,pro_LiqSweep+OTE+VWAP,intraday_square_off
2017-11-24 09:45:00,2017-11-24 11:15:00,NIFTY 50,bullish,107.86,111.0,455,1431.3,186.81,1244.49,pro_LiqSweep+VP,stop_loss_premium_phase3
2017-11-27 14:15:00,2017-11-27 14:30:00,NIFTY 50,bullish,56.28,66.57,975,10028.15,221.22,9806.93,pro_VP+RSI_Div,target
2017-11-28 09:45:00,2017-11-28 11:15:00,NIFTY 50,bullish,48.66,55.95,1170,8529.57,223.76,8305.81,pro_VP+RSI_Div,stop_loss_premium_phase3
2017-11-29 09:30:00,2017-11-29 11:00:00,NIFTY 50,bullish,184.14,191.11,260,1814.05,184.28,1629.77,pro_VP+OTE,stop_loss_premium_phase3
2017-12-04 09:30:00,2017-12-04 09:45:00,NIFTY 50,bearish,138.81,119.14,65,-1278.15,69.59,-1347.74,pro_VP+RSI_Div+VWAP,target
2017-12-04 14:15:00,2017-12-04 15:15:00,NIFTY 50,bearish,77.96,86.04,715,5773.81,214.6,5559.21,pro_FVG+RSI_Div+VWAP,intraday_square_off
2017-12-08 14:15:00,2017-12-08 15:15:00,NIFTY 50,bullish,174.07,168.86,325,-1692.84,201.03,-1893.87,pro_LiqSweep+VP,intraday_square_off
2017-12-19 10:30:00,2017-12-19 12:00:00,NIFTY 50,bullish,175.14,177.71,325,836.15,207.37,628.78,pro_FVG+VP,stop_loss_premium_phase3
2017-12-22 09:45:00,2017-12-22 11:15:00,NIFTY 50,bullish,85.75,100.24,650,9421.26,222.34,9198.92,pro_LiqSweep+FVG+VP,stop_loss_premium_phase3
2017-12-26 09:30:00,2017-12-26 09:45:00,NIFTY 50,bullish,211.45,199.79,130,-1516.61,120.47,-1637.08,pro_FVG+VP+OTE,target
2017-12-26 11:30:00,2017-12-26 13:00:00,NIFTY 50,bullish,58.25,58.34,1040,95.56,215.98,-120.42,pro_VP+RSI_Div,stop_loss_premium_phase3
2017-12-29 14:15:00,2017-12-29 15:15:00,NIFTY 50,bullish,183.15,191.92,325,2852.7,218.91,2633.79,pro_LiqSweep+VP,intraday_square_off
2018-01-05 11:30:00,2018-01-05 13:00:00,NIFTY 50,bullish,73.2,76.33,845,2649.24,224.96,2424.28,pro_FVG+VP,stop_loss_premium_phase3
2018-01-09 09:45:00,2018-01-09 11:15:00,NIFTY 50,bullish,170.53,176.53,325,1948.57,205.58,1742.99,pro_LiqSweep+VP+OTE,stop_loss_premium_phase3
2018-01-09 11:30:00,2018-01-09 12:30:00,NIFTY 50,bullish,54.96,55.03,1105,75.42,216.37,-140.95,pro_LiqSweep+VP,stop_loss_premium_phase2
2018-01-09 14:15:00,2018-01-09 15:15:00,NIFTY 50,bullish,49.9,55.04,1235,6357.25,232.2,6125.05,pro_LiqSweep+VP,intraday_square_off
2018-01-16 10:30:00,2018-01-16 12:45:00,NIFTY 50,bullish,57.67,65.42,1105,8564.16,242.73,8321.43,pro_LiqSweep+VP+OTE,stop_loss_premium_phase3
2018-01-19 11:30:00,2018-01-19 13:00:00,NIFTY 50,bullish,180.98,180.84,325,-45.13,210.79,-255.92,pro_FVG+VP,stop_loss_premium_phase3
2018-02-20 14:15:00,2018-02-20 14:45:00,NIFTY 50,bearish,63.09,84.37,1040,22134.95,276.86,21858.09,pro_OTE+RSI_Div+VWAP,target
2018-02-23 09:45:00,2018-02-23 11:15:00,NIFTY 50,bullish,181.27,193.14,390,4630.19,253.78,4376.41,pro_LiqSweep+VP,stop_loss_premium_phase3
2018-02-23 11:30:00,2018-02-23 13:00:00,NIFTY 50,bullish,159.89,172.16,455,5579.39,261.52,5317.87,pro_LiqSweep+VP,stop_loss_premium_phase3
2018-03-06 14:15:00,2018-03-06 14:45:00,NIFTY 50,bearish,56.41,80.84,1300,31765.21,318.8,31446.41,pro_LiqSweep+RSI_Div+VWAP,target
2018-03-09 09:45:00,2018-03-09 11:15:00,NIFTY 50,bearish,171.1,170.62,455,-218.82,263.38,-482.2,pro_FVG+RSI_Div+VWAP,stop_loss_premium_phase3
2018-03-09 14:15:00,2018-03-09 14:45:00,NIFTY 50,bearish,95.91,120.57,845,20837.2,317.03,20520.17,pro_LiqSweep+RSI_Div+VWAP,target
2018-03-13 11:15:00,2018-03-13 12:45:00,NIFTY 50,bullish,86.88,89.88,975,2923.99,289.15,2634.84,pro_FVG+VP,stop_loss_premium_phase3
2018-03-19 10:15:00,2018-03-19 11:45:00,NIFTY 50,bullish,195.16,194.93,455,-102.71,294.08,-396.79,pro_LiqSweep+RSI_Div,stop_loss_premium_phase3
2018-03-26 09:45:00,2018-03-26 11:15:00,NIFTY 50,bullish,160.29,159.84,520,-235.14,278.65,-513.79,pro_LiqSweep+VP+RSI_Div,stop_loss_premium_phase3
2018-03-26 11:30:00,2018-03-26 13:00:00,NIFTY 50,bullish,111.67,128.88,780,13424.55,318.13,13106.42,pro_LiqSweep+OTE,stop_loss_premium_phase3
2018-03-26 14:15:00,2018-03-26 15:00:00,NIFTY 50,bullish,184.58,234.31,455,22624.3,329.02,22295.28,pro_LiqSweep+FVG+VP,target
2018-04-03 09:45:00,2018-04-03 10:45:00,NIFTY 50,bullish,172.84,172.36,520,-250.1,296.77,-546.87,pro_VP+RSI_Div,stop_loss_premium_phase2
2018-04-06 10:00:00,2018-04-06 11:00:00,NIFTY 50,bullish,80.72,80.47,1170,-289.85,309.39,-599.24,pro_FVG+VP+RSI_Div,stop_loss_premium_phase2
2018-04-06 14:15:00,2018-04-06 15:15:00,NIFTY 50,bullish,171.7,182.38,520,5554.12,307.47,5246.65,pro_LiqSweep+VP,intraday_square_off
2018-04-17 14:15:00,2018-04-17 15:15:00,NIFTY 50,bullish,56.92,57.78,1690,1443.83,317.97,1125.86,pro_LiqSweep+VP,intraday_square_off
2018-04-20 10:30:00,2018-04-20 12:00:00,NIFTY 50,bullish,76.51,76.31,1235,-243.46,309.62,-553.08,pro_LiqSweep+FVG+VP+OTE,stop_loss_premium_phase3
2018-04-20 14:15:00,2018-04-20 15:15:00,NIFTY 50,bullish,82.53,84.85,1170,2715.46,321.68,2393.78,pro_VP+RSI_Div,intraday_square_off
2018-04-24 14:15:00,2018-04-24 15:15:00,NIFTY 50,bullish,163.34,150.35,585,-7599.3,296.95,-7896.25,pro_FVG+VP+RSI_Div,intraday_square_off
2018-04-30 09:45:00,2018-04-30 12:15:00,NIFTY 50,bullish,74.85,88.2,1300,17354.54,354.87,16999.67,pro_FVG+VP,stop_loss_premium_phase3
2018-05-11 09:45:00,2018-05-11 11:15:00,NIFTY 50,bullish,110.59,119.34,910,7960.98,344.19,7616.79,pro_FVG+VP,stop_loss_premium_phase3
2018-05-11 14:15:00,2018-05-11 14:45:00,NIFTY 50,bullish,179.98,200.42,520,10628.37,330.25,10298.12,pro_LiqSweep+VP+RSI_Div,target
2018-05-14 09:45:00,2018-05-14 11:15:00,NIFTY 50,bullish,59.74,60.06,1755,570.27,340.15,230.12,pro_LiqSweep+VP+RSI_Div,stop_loss_premium_phase3
2018-05-14 11:30:00,2018-05-14 13:00:00,NIFTY 50,bullish,176.62,176.12,585,-290.94,334.11,-625.05,pro_LiqSweep+FVG+VP+RSI_Div,stop_loss_premium_phase3
2018-05-15 11:15:00,2018-05-15 12:45:00,NIFTY 50,bullish,166.47,163.04,585,-2003.48,313.94,-2317.42,pro_FVG+VP,stop_loss_premium_phase3
2018-05-21 09:30:00,2018-05-21 10:30:00,NIFTY 50,bullish,73.21,70.53,1105,-2957.6,266.02,-3223.62,pro_VP+OTE+RSI_Div,stop_loss_premium_phase2
2018-05-22 09:30:00,2018-05-22 11:00:00,NIFTY 50,bearish,67.45,59.58,1105,-8702.76,236.11,-8938.87,pro_VP+RSI_Div+VWAP,stop_loss_premium_phase3
2018-05-25 10:45:00,2018-05-25 12:15:00,NIFTY 50,bearish,148.56,154.62,650,3938.72,324.3,3614.42,pro_LiqSweep+RSI_Div+VWAP,stop_loss_premium_phase3
2018-05-28 11:15:00,2018-05-28 12:45:00,NIFTY 50,bearish,101.58,101.27,975,-301.47,322.17,-623.64,pro_LiqSweep+RSI_Div+VWAP,stop_loss_premium_phase3
2018-05-29 09:30:00,2018-05-29 09:45:00,NIFTY 50,bearish,83.83,85.77,455,883.34,155.23,728.11,pro_LiqSweep+RSI_Div+VWAP,target
2018-05-29 10:00:00,2018-05-29 11:30:00,NIFTY 50,bearish,163.73,163.56,585,-100.65,313.53,-414.18,pro_LiqSweep+RSI_Div+VWAP,stop_loss_premium_phase3
2018-06-01 11:00:00,2018-06-01 12:30:00,NIFTY 50,bearish,180.46,202.38,520,11395.35,332.57,11062.78,pro_LiqSweep+OTE+VWAP,stop_loss_premium_phase3
2018-06-04 09:30:00,2018-06-04 11:00:00,NIFTY 50,bearish,140.6,140.3,715,-215.26,326.5,-541.76,pro_LiqSweep+FVG+VWAP,stop_loss_premium_phase3
2018-06-04 11:15:00,2018-06-04 12:45:00,NIFTY 50,bearish,180.91,180.49,585,-249.39,341.18,-590.57,pro_LiqSweep+FVG+VWAP,stop_loss_premium_phase3
2018-06-05 11:30:00,2018-06-05 13:00:00,NIFTY 50,bullish,149.29,148.95,650,-221.75,316.77,-538.52,pro_LiqSweep+RSI_Div,stop_loss_premium_phase3
2018-06-15 09:45:00,2018-06-15 11:15:00,NIFTY 50,bullish,82.21,91.13,1235,11027.02,353.17,10673.85,pro_LiqSweep+VP,stop_loss_premium_phase3
2018-06-19 09:45:00,2018-06-19 11:45:00,NIFTY 50,bearish,58.09,71.58,1820,24552.01,393.63,24158.38,pro_LiqSweep+FVG+VWAP,stop_loss_premium_phase3
2018-06-22 09:45:00,2018-06-22 11:15:00,NIFTY 50,bullish,186.42,202.4,585,9351.42,370.56,8980.86,pro_LiqSweep+FVG,stop_loss_premium_phase3
2018-06-22 11:30:00,2018-06-22 13:30:00,NIFTY 50,bullish,109.25,125.36,1040,16753.36,399.01,16354.35,pro_LiqSweep+FVG+OTE,stop_loss_premium_phase3
2018-06-22 14:15:00,2018-06-22 14:45:00,NIFTY 50,bullish,177.05,201.86,650,16126.01,401.74,15724.27,pro_LiqSweep+VP,target
2018-06-26 11:00:00,2018-06-26 12:30:00,NIFTY 50,bullish,63.99,63.82,1950,-345.56,393.72,-739.28,pro_LiqSweep+VP,stop_loss_premium_phase3
2018-06-26 14:15:00,2018-06-26 15:15:00,NIFTY 50,bullish,52.77,42.24,2340,-24637.96,338.43,-24976.39,pro_LiqSweep+FVG+VP,intraday_square_off
2018-07-03 09:30:00,2018-07-03 11:00:00,NIFTY 50,bullish,79.19,83.48,1495,6407.42,390.29,6017.13,pro_FVG+VP+RSI_Div,stop_loss_premium_phase3
2018-07-03 14:15:00,2018-07-03 15:15:00,NIFTY 50,bullish,70.35,68.03,1690,-3920.4,369.73,-4290.13,pro_LiqSweep+VP,intraday_square_off
2018-07-17 09:45:00,2018-07-17 11:15:00,NIFTY 50,bullish,175.9,172.44,650,-2252.21,360.59,-2612.8,pro_VP+RSI_Div,stop_loss_premium_phase3
2018-07-20 09:45:00,2018-07-20 11:15:00,NIFTY 50,bullish,162.36,172.32,715,7116.79,385.39,6731.4,pro_LiqSweep+VP+RSI_Div,stop_loss_premium_phase3
2018-07-23 09:30:00,2018-07-23 11:00:00,NIFTY 50,bearish,69.69,80.16,1365,14294.64,342.32,13952.32,pro_LiqSweep+FVG+VWAP,stop_loss_premium_phase3
2018-07-23 11:15:00,2018-07-23 12:45:00,NIFTY 50,bullish,148.03,154.95,780,5397.8,379.99,5017.81,pro_FVG+VP,stop_loss_premium_phase3
2018-07-31 09:45:00,2018-07-31 10:45:00,NIFTY 50,bullish,64.59,64.38,1885,-387.74,385.17,-772.91,pro_LiqSweep+VP,stop_loss_premium_phase2
2018-07-31 11:15:00,2018-07-31 12:45:00,NIFTY 50,bullish,66.14,77.26,1820,20246.94,425.22,19821.72,pro_LiqSweep+VP,stop_loss_premium_phase3
2018-08-06 10:45:00,2018-08-06 12:15:00,NIFTY 50,bearish,153.01,160.29,845,6157.89,420.08,5737.81,pro_FVG+OTE+VWAP,stop_loss_premium_phase3
2018-08-10 14:15:00,2018-08-10 15:15:00,NIFTY 50,bearish,98.77,103.29,1300,5886.18,417.02,5469.16,pro_FVG+OTE+VWAP,intraday_square_off
2018-08-14 10:15:00,2018-08-14 11:45:00,NIFTY 50,bearish,56.23,61.41,2340,12119.45,439.13,11680.32,pro_FVG+RSI_Div+VWAP,stop_loss_premium_phase3
2018-08-14 14:15:00,2018-08-14 15:15:00,NIFTY 50,bearish,69.32,71.09,1950,3443.38,430.71,3012.67,pro_LiqSweep+RSI_Div+VWAP,intraday_square_off
2018-08-21 09:45:00,2018-08-21 11:15:00,NIFTY 50,bullish,66.25,74.22,2015,16063.39,452.85,15610.54,pro_LiqSweep+VP+OTE,stop_loss_premium_phase3
2018-08-21 11:30:00,2018-08-21 13:15:00,NIFTY 50,bullish,163.57,174.9,845,9572.15,452.18,9119.97,pro_LiqSweep+VP,stop_loss_premium_phase3
2018-08-21 14:15:00,2018-08-21 15:15:00,NIFTY 50,bullish,167.09,169.42,845,1972.42,444.3,1528.12,pro_LiqSweep+VP,intraday_square_off
2018-08-24 09:45:00,2018-08-24 10:45:00,NIFTY 50,bullish,81.32,81.37,1690,85.36,429.83,-344.47,pro_LiqSweep+VP,stop_loss_premium_phase2
2018-08-24 11:00:00,2018-08-24 12:30:00,NIFTY 50,bullish,187.39,190.9,715,2512.44,425.39,2087.05,pro_LiqSweep+VP+OTE+RSI_Div,stop_loss_premium_phase3
2018-08-24 14:15:00,2018-08-24 15:15:00,NIFTY 50,bullish,177.18,176.64,780,-420.98,430.9,-851.88,pro_LiqSweep+VP,intraday_square_off
2018-08-31 09:45:00,2018-08-31 10:45:00,NIFTY 50,bullish,190.42,190.23,715,-132.36,425.8,-558.16,pro_LiqSweep+VP+RSI_Div,stop_loss_premium_phase2
2018-08-31 11:00:00,2018-08-31 12:30:00,NIFTY 50,bullish,190.66,202.78,715,8664.43,444.99,8219.44,pro_LiqSweep+OTE,stop_loss_premium_phase3
2018-09-03 10:00:00,2018-09-03 11:30:00,NIFTY 50,bearish,99.86,106.61,1430,9655.72,465.11,9190.61,pro_OTE+RSI_Div+VWAP,stop_loss_premium_phase3
2018-09-25 10:45:00,2018-09-25 12:15:00,NIFTY 50,bullish,196.35,195.79,715,-397.29,437.03,-834.32,pro_VP+RSI_Div,stop_loss_premium_phase3
2018-09-28 09:45:00,2018-09-28 11:30:00,NIFTY 50,bullish,202.46,226.03,715,16848.78,485.87,16362.91,pro_LiqSweep+OTE+RSI_Div,stop_loss_premium_phase3
2018-10-09 10:00:00,2018-10-09 11:30:00,NIFTY 50,bearish,186.83,210.23,780,18248.4,491.54,17756.86,pro_OTE+RSI_Div+VWAP,stop_loss_premium_phase3
2018-10-09 14:15:00,2018-10-09 15:00:00,NIFTY 50,bearish,181.01,241.3,845,50942.11,581.17,50360.94,pro_LiqSweep+FVG+VWAP,target
2018-10-15 09:30:00,2018-10-15 11:15:00,NIFTY 50,bearish,146.11,166.22,1105,22216.45,543.74,21672.71,pro_LiqSweep+OTE+RSI_Div+VWAP,stop_loss_premium_phase3
2018-10-19 14:15:00,2018-10-19 15:15:00,NIFTY 50,bullish,199.94,196.91,845,-2561.89,511.91,-3073.8,pro_VP+RSI_Div,intraday_square_off
2018-10-30 10:45:00,2018-10-30 12:15:00,NIFTY 50,bullish,187.06,186.88,910,-162.49,520.56,-683.05,pro_FVG+VP,stop_loss_premium_phase3
2018-10-30 14:15:00,2018-10-30 15:15:00,NIFTY 50,bullish,110.0,102.91,1560,-11055.36,501.22,-11556.58,pro_LiqSweep+OTE,intraday_square_off
2018-11-02 14:15:00,2018-11-02 15:15:00,NIFTY 50,bearish,143.4,138.5,1170,-5734.5,501.91,-6236.41,pro_OTE+RSI_Div+VWAP,intraday_square_off
2018-11-05 14:15:00,2018-11-05 15:15:00,NIFTY 50,bullish,162.68,191.31,975,27917.55,547.95,27369.6,pro_FVG+OTE,intraday_square_off
2018-11-06 09:45:00,2018-11-06 11:00:00,NIFTY 50,bullish,107.74,107.5,1560,-380.67,514.11,-894.78,pro_LiqSweep+FVG+VP+RSI_Div,stop_loss_premium_phase2
2018-11-06 11:30:00,2018-11-06 13:00:00,NIFTY 50,bullish,158.95,170.29,1040,11797.16,532.29,11264.87,pro_LiqSweep+FVG,stop_loss_premium_phase3
2018-11-06 14:15:00,2018-11-06 15:15:00,NIFTY 50,bullish,171.13,198.58,975,26764.46,568.43,26196.03,pro_FVG+RSI_Div,intraday_square_off
2018-11-12 09:30:00,2018-11-12 09:45:00,NIFTY 50,bullish,142.87,132.2,325,-3466.61,169.04,-3635.65,pro_FVG+VP+OTE,target
2018-11-20 09:45:00,2018-11-20 11:00:00,NIFTY 50,bullish,98.82,98.88,1820,99.14,547.92,-448.78,pro_LiqSweep+VP,stop_loss_premium_phase2
2018-11-20 11:15:00,2018-11-20 12:45:00,NIFTY 50,bullish,87.25,87.02,2080,-490.91,551.2,-1042.11,pro_LiqSweep+FVG,stop_loss_premium_phase3
2018-11-27 10:15:00,2018-11-27 11:45:00,NIFTY 50,bullish,99.5,99.27,1820,-411.04,550.25,-961.29,pro_LiqSweep+VP,stop_loss_premium_phase3
2018-11-27 14:15:00,2018-11-27 15:15:00,NIFTY 50,bullish,157.59,180.07,1105,24838.28,584.6,24253.68,pro_LiqSweep+FVG+VP+RSI_Div,intraday_square_off
2018-11-30 11:15:00,2018-11-30 12:45:00,NIFTY 50,bullish,181.01,178.13,1040,-2993.12,564.69,-3557.81,pro_FVG+VP,stop_loss_premium_phase3
2018-12-04 10:00:00,2018-12-04 11:30:00,NIFTY 50,bullish,84.11,83.93,2210,-404.49,563.63,-968.12,pro_VP+OTE+RSI_Div,stop_loss_premium_phase3
2018-12-04 14:15:00,2018-12-04 15:15:00,NIFTY 50,bullish,175.99,176.96,1040,1001.08,558.68,442.4,pro_LiqSweep+FVG+VP+RSI_Div,intraday_square_off
2018-12-11 14:15:00,2018-12-11 15:15:00,NIFTY 50,bullish,167.21,174.72,1105,8292.75,579.02,7713.73,pro_FVG+VP,intraday_square_off
2018-12-14 10:30:00,2018-12-14 12:00:00,NIFTY 50,bullish,190.21,189.68,975,-520.73,562.17,-1082.9,pro_FVG+VP,stop_loss_premium_phase3
2018-12-14 14:15:00,2018-12-14 15:15:00,NIFTY 50,bullish,116.36,136.62,1625,32920.48,643.37,32277.11,pro_FVG+VP,intraday_square_off
2018-12-21 09:45:00,2018-12-21 10:15:00,NIFTY 50,bearish,166.76,197.53,1170,36000.85,666.7,35334.15,pro_FVG+OTE+VWAP,target
2018-12-31 09:30:00,2018-12-31 11:00:00,NIFTY 50,bearish,82.8,89.76,2470,17182.27,652.88,16529.39,pro_OTE+RSI_Div+VWAP,stop_loss_premium_phase3
2019-01-01 10:45:00,2019-01-01 12:15:00,NIFTY 50,bullish,59.45,63.13,3250,11970.98,610.32,11360.66,pro_FVG+OTE,stop_loss_premium_phase3
2019-01-01 14:15:00,2019-01-01 14:30:00,NIFTY 50,bullish,176.61,192.18,1170,18218.77,660.95,17557.82,pro_FVG+RSI_Div,target
2019-01-04 11:00:00,2019-01-04 13:00:00,NIFTY 50,bullish,194.69,229.39,1105,38346.84,727.41,37619.43,pro_LiqSweep+OTE+RSI_Div,stop_loss_premium_phase3
2019-01-04 14:15:00,2019-01-04 15:15:00,NIFTY 50,bullish,200.17,230.56,1105,33583.75,734.13,32849.62,pro_LiqSweep+FVG+OTE,intraday_square_off
2019-01-07 11:30:00,2019-01-07 13:00:00,NIFTY 50,bearish,157.98,154.96,1430,-4310.72,666.69,-4977.41,pro_FVG+RSI_Div+VWAP,stop_loss_premium_phase3
2019-01-08 09:45:00,2019-01-08 11:15:00,NIFTY 50,bullish,79.76,88.99,2925,26996.48,753.81,26242.67,pro_LiqSweep+FVG+OTE,stop_loss_premium_phase3
2019-01-08 14:15:00,2019-01-08 15:15:00,NIFTY 50,bullish,76.03,74.05,3120,-6174.85,694.22,-6869.07,pro_LiqSweep+VP+RSI_Div,intraday_square_off
2019-01-11 11:00:00,2019-01-11 12:00:00,NIFTY 50,bullish,181.95,181.78,1300,-221.85,704.96,-926.81,pro_VP+OTE,stop_loss_premium_phase2
2019-01-18 09:45:00,2019-01-18 11:15:00,NIFTY 50,bullish,170.67,170.18,1365,-671.04,694.08,-1365.12,pro_LiqSweep+VP,stop_loss_premium_phase3
2019-01-18 11:30:00,2019-01-18 13:00:00,NIFTY 50,bullish,171.99,171.5,1365,-663.54,699.1,-1362.64,pro_LiqSweep+VP,stop_loss_premium_phase3
2019-01-18 14:15:00,2019-01-18 15:15:00,NIFTY 50,bullish,86.22,91.01,2730,13090.6,730.02,12360.58,pro_VP+RSI_Div,intraday_square_off
2019-01-22 09:45:00,2019-01-22 11:30:00,NIFTY 50,bearish,50.44,59.38,3250,29048.85,565.15,28483.7,pro_LiqSweep+RSI_Div+VWAP,stop_loss_premium_phase3
2019-01-25 09:45:00,2019-01-25 11:15:00,NIFTY 50,bullish,190.22,190.06,1300,-220.06,734.9,-954.96,pro_LiqSweep+FVG+VP,stop_loss_premium_phase3
2019-01-25 11:30:00,2019-01-25 13:00:00,NIFTY 50,bullish,174.03,178.71,1365,6386.0,721.84,5664.16,pro_FVG+VP,stop_loss_premium_phase3
2019-01-29 10:00:00,2019-01-29 11:30:00,NIFTY 50,bullish,177.94,177.44,1365,-678.61,721.65,-1400.26,pro_VP+RSI_Div,stop_loss_premium_phase3
2019-02-04 14:15:00,2019-02-04 14:30:00,NIFTY 50,bullish,185.51,215.56,1300,39059.8,801.38,38258.42,pro_VP+RSI_Div,target
2019-02-05 09:45:00,2019-02-05 11:15:00,NIFTY 50,bearish,154.28,151.08,1625,-5196.48,733.8,-5930.28,pro_LiqSweep+FVG+OTE+VWAP,stop_loss_premium_phase3
2019-02-05 11:30:00,2019-02-05 12:30:00,NIFTY 50,bearish,102.0,102.01,2470,20.19,748.33,-728.14,pro_LiqSweep+FVG+VWAP,stop_loss_premium_phase2
2019-02-06 09:30:00,2019-02-06 11:00:00,NIFTY 50,bearish,91.65,91.93,2210,615.21,612.15,3.06,pro_LiqSweep+OTE+RSI_Div+VWAP,stop_loss_premium_phase3
2019-02-12 09:30:00,2019-02-12 11:15:00,NIFTY 50,bullish,70.5,77.18,2860,19123.67,648.94,18474.73,pro_LiqSweep+FVG+VP+RSI_Div,stop_loss_premium_phase3
2019-02-13 09:30:00,2019-02-13 09:45:00,NIFTY 50,bearish,177.38,184.59,1105,7959.2,609.57,7349.63,pro_LiqSweep+OTE+VWAP,target
2019-02-15 14:15:00,2019-02-15 15:15:00,NIFTY 50,bullish,188.62,200.87,1365,16718.79,799.23,15919.56,pro_LiqSweep+RSI_Div,intraday_square_off
2019-02-22 09:45:00,2019-02-22 11:15:00,NIFTY 50,bullish,180.41,193.99,1430,19427.02,806.42,18620.6,pro_FVG+VP+OTE,stop_loss_premium_phase3
2019-03-05 09:45:00,2019-03-05 10:30:00,NIFTY 50,bullish,158.88,198.39,1690,66773.21,936.41,65836.8,pro_LiqSweep+FVG+VP+RSI_Div,target
2019-03-05 10:45:00,2019-03-05 12:15:00,NIFTY 50,bullish,59.26,59.1,3250,-531.22,582.03,-1113.25,pro_LiqSweep+VP,stop_loss_premium_phase3
2019-03-08 10:45:00,2019-03-08 12:15:00,NIFTY 50,bullish,193.78,202.07,1430,11855.88,843.53,11012.35,pro_FVG+RSI_Div,stop_loss_premium_phase3
2019-03-08 14:15:00,2019-03-08 15:15:00,NIFTY 50,bullish,100.76,112.13,2860,32512.14,918.25,31593.89,pro_FVG+VP+RSI_Div,intraday_square_off
2019-03-11 10:00:00,2019-03-11 11:30:00,NIFTY 50,bullish,107.77,113.88,2730,16662.74,901.38,15761.36,pro_FVG+VP,stop_loss_premium_phase3
2019-03-11 14:15:00,2019-03-11 15:15:00,NIFTY 50,bullish,69.23,75.73,3250,21128.57,718.22,20410.35,pro_LiqSweep+VP,intraday_square_off
2019-03-19 09:45:00,2019-03-19 11:30:00,NIFTY 50,bullish,178.65,193.21,1690,24594.44,939.69,23654.75,pro_LiqSweep+FVG+VP,stop_loss_premium_phase3
2019-03-19 14:15:00,2019-03-19 15:00:00,NIFTY 50,bullish,166.07,195.96,1885,56343.76,1038.14,55305.62,pro_LiqSweep+VP,target
2019-03-22 10:30:00,2019-03-22 12:00:00,NIFTY 50,bullish,163.53,168.56,1950,9807.85,955.43,8852.42,pro_FVG+VP+RSI_Div,stop_loss_premium_phase3
2019-03-25 14:15:00,2019-03-25 14:45:00,NIFTY 50,bullish,64.1,81.22,3250,55619.66,745.23,54874.43,pro_LiqSweep+RSI_Div,target
2019-03-26 09:45:00,2019-03-26 11:15:00,NIFTY 50,bullish,70.99,70.84,3250,-487.39,688.17,-1175.56,pro_LiqSweep+VP+RSI_Div,stop_loss_premium_phase3
2019-03-26 11:30:00,2019-03-26 13:00:00,NIFTY 50,bullish,180.68,186.24,1885,10474.12,1017.25,9456.87,pro_LiqSweep+FVG+VP,stop_loss_premium_phase3
2019-04-05 09:45:00,2019-04-05 11:15:00,NIFTY 50,bullish,182.56,182.41,1885,-274.47,1004.23,-1278.7,pro_FVG+VP,stop_loss_premium_phase3
2019-04-05 14:15:00,2019-04-05 15:15:00,NIFTY 50,bullish,154.11,163.35,2210,20413.42,1038.39,19375.03,pro_FVG+VP,intraday_square_off
2019-04-08 09:45:00,2019-04-08 11:15:00,NIFTY 50,bullish,173.88,173.41,1950,-913.81,988.83,-1902.64,pro_LiqSweep+FVG+RSI_Div,stop_loss_premium_phase3
2019-04-08 11:30:00,2019-04-08 13:00:00,NIFTY 50,bullish,164.86,164.38,2080,-989.74,999.33,-1989.07,pro_LiqSweep+FVG+OTE,stop_loss_premium_phase3
2019-04-09 10:15:00,2019-04-09 11:45:00,NIFTY 50,bullish,183.7,183.19,1885,-961.44,1008.76,-1970.2,pro_FVG+VP,stop_loss_premium_phase3
2019-04-09 14:15:00,2019-04-09 15:15:00,NIFTY 50,bullish,66.25,81.92,3250,50922.91,754.63,50168.28,pro_LiqSweep+VP,intraday_square_off
2019-04-15 10:00:00,2019-04-15 11:30:00,NIFTY 50,bearish,113.99,110.97,3120,-9412.78,1016.87,-10429.65,pro_OTE+RSI_Div+VWAP,stop_loss_premium_phase3
2019-04-30 09:30:00,2019-04-30 10:30:00,NIFTY 50,bullish,131.97,129.82,2145,-4617.4,825.11,-5442.51,pro_FVG+VP,stop_loss_premium_phase2
2019-04-30 14:15:00,2019-04-30 15:00:00,NIFTY 50,bullish,83.1,115.81,3250,106313.8,1024.82,105288.98,pro_LiqSweep+VP+RSI_Div,target
2019-05-13 10:15:00,2019-05-13 12:15:00,NIFTY 50,bearish,183.66,202.35,2080,38863.36,1192.93,37670.43,pro_FVG+RSI_Div+VWAP,stop_loss_premium_phase3
2019-05-17 09:45:00,2019-05-17 11:15:00,NIFTY 50,bullish,206.76,214.27,1885,14159.34,1161.9,12997.44,pro_LiqSweep+VP,stop_loss_premium_phase3
2019-05-21 11:00:00,2019-05-21 12:30:00,NIFTY 50,bearish,176.82,192.06,2210,33677.24,1206.24,32471.0,pro_FVG+OTE+VWAP,stop_loss_premium_phase3
2019-05-27 09:30:00,2019-05-27 11:00:00,NIFTY 50,bearish,145.29,142.25,2210,-6703.28,926.46,-7629.74,pro_LiqSweep+FVG+VWAP,stop_loss_premium_phase3
2019-06-03 14:15:00,2019-06-03 15:15:00,NIFTY 50,bullish,84.05,97.69,3250,44318.18,901.6,43416.58,pro_VP+RSI_Div,intraday_square_off
2019-06-07 10:00:00,2019-06-07 11:30:00,NIFTY 50,bearish,171.95,193.14,2405,50966.1,1306.39,49659.71,pro_LiqSweep+FVG+RSI_Div+VWAP,stop_loss_premium_phase3
2019-06-10 09:30:00,2019-06-10 11:00:00,NIFTY 50,bearish,90.91,84.71,3250,-20130.43,826.56,-20956.99,pro_LiqSweep+FVG+VWAP,stop_loss_premium_phase3
2019-06-12 09:30:00,2019-06-12 09:45:00,NIFTY 50,bearish,117.0,84.94,585,-18752.71,197.79,-18950.5,pro_FVG+RSI_Div+VWAP,target
2019-06-18 14:15:00,2019-06-18 14:45:00,NIFTY 50,bearish,63.78,90.98,3250,88396.63,812.0,87584.63,pro_LiqSweep+FVG+OTE+VWAP,target
2019-06-21 11:00:00,2019-06-21 12:30:00,NIFTY 50,bullish,199.68,211.81,2145,26023.63,1294.46,24729.17,pro_LiqSweep+OTE,stop_loss_premium_phase3
2019-06-24 09:45:00,2019-06-24 11:15:00,NIFTY 50,bullish,191.7,193.75,2275,4662.08,1270.75,3391.33,pro_LiqSweep+FVG+RSI_Div,stop_loss_premium_phase3
2019-06-24 14:15:00,2019-06-24 15:15:00,NIFTY 50,bullish,79.01,81.7,3250,8765.61,780.38,7985.23,pro_LiqSweep+OTE+RSI_Div,intraday_square_off
2019-06-28 10:00:00,2019-06-28 11:30:00,NIFTY 50,bullish,190.75,187.38,2340,-7880.42,1272.54,-9152.96,pro_LiqSweep+OTE+RSI_Div,stop_loss_premium_phase3
2019-07-01 10:45:00,2019-07-01 12:15:00,NIFTY 50,bearish,113.41,113.15,3250,-831.74,1071.08,-1902.82,pro_LiqSweep+FVG+VWAP,stop_loss_premium_phase3
2019-07-02 10:00:00,2019-07-02 11:30:00,NIFTY 50,bullish,162.32,161.9,2730,-1150.28,1277.89,-2428.17,pro_VP+OTE+RSI_Div,stop_loss_premium_phase3
2019-07-09 14:15:00,2019-07-09 15:15:00,NIFTY 50,bullish,165.23,188.3,2665,61477.54,1403.29,60074.25,pro_LiqSweep+VP,intraday_square_off
2019-07-12 09:45:00,2019-07-12 11:15:00,NIFTY 50,bearish,174.91,174.66,2600,-649.09,1311.35,-1960.44,pro_LiqSweep+RSI_Div+VWAP,stop_loss_premium_phase3
2019-07-12 11:30:00,2019-07-12 13:00:00,NIFTY 50,bearish,164.28,170.43,2730,16781.87,1330.95,15450.92,pro_LiqSweep+OTE+VWAP,stop_loss_premium_phase3
2019-07-16 09:45:00,2019-07-16 11:15:00,NIFTY 50,bullish,175.98,175.77,2600,-539.95,1319.31,-1859.26,pro_VP+RSI_Div,stop_loss_premium_phase3
2019-07-23 09:45:00,2019-07-23 11:15:00,NIFTY 50,bearish,173.17,184.09,2665,29104.08,1393.37,27710.71,pro_LiqSweep+FVG+RSI_Div+VWAP,stop_loss_premium_phase3
2019-07-23 11:30:00,2019-07-23 13:00:00,NIFTY 50,bearish,158.89,158.52,2925,-1079.26,1338.2,-2417.46,pro_LiqSweep+FVG+OTE+VWAP,stop_loss_premium_phase3
2019-07-24 09:30:00,2019-07-24 09:45:00,NIFTY 50,bearish,77.46,73.77,1430,-5275.4,344.22,-5619.62,pro_FVG+OTE+VWAP,target
2019-08-13 09:30:00,2019-08-13 09:45:00,NIFTY 50,bearish,182.82,177.39,975,-5291.34,531.98,-5823.32,pro_LiqSweep+RSI_Div+VWAP,target
2019-08-16 09:45:00,2019-08-16 11:15:00,NIFTY 50,bearish,177.73,177.3,2600,-1107.51,1330.76,-2438.27,pro_LiqSweep+FVG+RSI_Div+VWAP,stop_loss_premium_phase3
2019-08-20 09:30:00,2019-08-20 10:00:00,NIFTY 50,bearish,96.46,134.14,3250,122428.29,1179.97,121248.32,pro_VP+RSI_Div+VWAP,target
2019-08-27 10:30:00,2019-08-27 12:00:00,NIFTY 50,bearish,157.64,169.94,3120,38360.78,1497.47,36863.31,pro_LiqSweep+RSI_Div+VWAP,stop_loss_premium_phase3
2019-09-09 10:30:00,2019-09-09 12:00:00,NIFTY 50,bullish,164.12,175.24,3055,33992.85,1514.71,32478.14,pro_FVG+VP,stop_loss_premium_phase3
2019-09-13 09:45:00,2019-09-13 11:15:00,NIFTY 50,bullish,177.23,176.73,2860,-1417.66,1454.72,-2872.38,pro_FVG+OTE+RSI_Div,stop_loss_premium_phase3
2019-09-13 11:30:00,2019-09-13 13:00:00,NIFTY 50,bullish,174.31,180.48,2925,18049.64,1504.4,16545.24,pro_FVG+OTE,stop_loss_premium_phase3
2019-09-13 14:15:00,2019-09-13 15:00:00,NIFTY 50,bullish,191.3,222.77,2665,83867.52,1644.27,82223.25,pro_VP+RSI_Div,target
2019-09-16 09:45:00,2019-09-16 11:15:00,NIFTY 50,bullish,182.0,201.72,2925,57687.9,1651.25,56036.65,pro_FVG+OTE+RSI_Div,stop_loss_premium_phase3
2019-09-27 09:45:00,2019-09-27 11:15:00,NIFTY 50,bearish,182.74,204.21,2990,64201.54,1704.24,62497.3,pro_LiqSweep+OTE+RSI_Div+VWAP,stop_loss_premium_phase3
2019-09-30 11:15:00,2019-09-30 12:45:00,NIFTY 50,bullish,159.46,163.18,3250,12089.95,1515.08,10574.87,pro_LiqSweep+RSI_Div,stop_loss_premium_phase3
2019-09-30 14:15:00,2019-09-30 15:15:00,NIFTY 50,bullish,115.77,91.94,3250,-77431.03,929.57,-78360.6,pro_LiqSweep+OTE,intraday_square_off
2019-10-04 14:15:00,2019-10-04 15:15:00,NIFTY 50,bearish,192.08,214.96,2795,63956.42,1677.15,62279.27,pro_LiqSweep+FVG+VWAP,intraday_square_off
2019-10-07 09:45:00,2019-10-07 11:15:00,NIFTY 50,bearish,206.62,206.13,2730,-1339.87,1614.07,-2953.94,pro_LiqSweep+FVG+VWAP,stop_loss_premium_phase3
2019-10-11 14:15:00,2019-10-11 15:15:00,NIFTY 50,bearish,186.35,187.8,2990,4331.88,1606.96,2724.92,pro_OTE+RSI_Div+VWAP,intraday_square_off
2019-10-25 10:00:00,2019-10-25 11:30:00,NIFTY 50,bearish,203.38,210.1,2730,18340.6,1631.28,16709.32,pro_LiqSweep+RSI_Div+VWAP,stop_loss_premium_phase3
2019-10-25 14:15:00,2019-10-25 15:15:00,NIFTY 50,bearish,169.53,160.98,3250,-27787.48,1521.38,-29308.86,pro_LiqSweep+FVG+VWAP,intraday_square_off
2019-11-01 14:15:00,2019-11-01 14:30:00,NIFTY 50,bullish,164.25,192.12,3250,90569.37,1725.3,88844.07,pro_LiqSweep+VP,target
2019-11-04 09:45:00,2019-11-04 11:15:00,NIFTY 50,bullish,186.09,207.7,3120,67402.2,1806.24,65595.96,pro_LiqSweep+VP,stop_loss_premium_phase3
2019-11-04 11:30:00,2019-11-04 13:00:00,NIFTY 50,bullish,190.56,190.35,3120,-659.24,1700.28,-2359.52,pro_LiqSweep+VP,stop_loss_premium_phase3
2019-11-05 09:30:00,2019-11-05 11:00:00,NIFTY 50,bullish,156.15,160.3,3055,12675.29,1401.62,11273.67,pro_LiqSweep+FVG+VP,stop_loss_premium_phase3
2019-11-05 11:15:00,2019-11-05 12:15:00,NIFTY 50,bullish,152.96,150.12,3250,-9239.74,1410.94,-10650.68,pro_LiqSweep+FVG+VP,stop_loss_premium_phase2
2019-11-06 09:30:00,2019-11-06 11:00:00,NIFTY 50,bullish,70.94,73.09,3250,6985.68,703.65,6282.03,pro_LiqSweep+OTE,stop_loss_premium_phase3
2019-11-08 11:00:00,2019-11-08 12:15:00,NIFTY 50,bearish,151.34,151.16,3250,-573.67,1414.73,-1988.4,pro_FVG+RSI_Div+VWAP,stop_loss_premium_phase2
2019-11-18 09:30:00,2019-11-18 09:45:00,NIFTY 50,bearish,132.61,128.48,1690,-6974.33,656.0,-7630.33,pro_OTE+RSI_Div+VWAP,target
2019-11-25 09:30:00,2019-11-25 09:45:00,NIFTY 50,bullish,218.87,208.08,975,-10513.9,618.68,-11132.58,pro_VP+OTE+RSI_Div,target
2019-11-25 10:15:00,2019-11-25 12:00:00,NIFTY 50,bullish,186.66,211.17,3185,78076.69,1867.6,76209.09,pro_FVG+VP+RSI_Div,stop_loss_premium_phase3
2019-11-26 10:15:00,2019-11-26 11:45:00,NIFTY 50,bullish,76.85,76.62,3250,-766.72,740.65,-1507.37,pro_FVG+VP,stop_loss_premium_phase3
2019-12-02 11:00:00,2019-12-02 12:30:00,NIFTY 50,bearish,168.53,168.39,3250,-460.45,1570.39,-2030.84,pro_LiqSweep+FVG+VWAP,stop_loss_premium_phase3
2019-12-03 10:15:00,2019-12-03 11:15:00,NIFTY 50,bullish,177.29,176.06,3250,-3970.57,1642.14,-5612.71,pro_LiqSweep+RSI_Div,stop_loss_premium_phase2
2019-12-17 09:45:00,2019-12-17 11:30:00,NIFTY 50,bullish,167.28,180.49,3250,42909.63,1651.38,41258.25,pro_LiqSweep+VP,stop_loss_premium_phase3
2019-12-17 14:15:00,2019-12-17 15:15:00,NIFTY 50,bullish,63.54,77.13,3250,44150.2,715.75,43434.45,pro_LiqSweep+VP,intraday_square_off
2019-12-23 14:15:00,2019-12-23 15:00:00,NIFTY 50,bullish,76.78,89.98,3250,42907.22,832.82,42074.4,pro_VP+OTE,target
2019-12-30 11:15:00,2019-12-30 12:45:00,NIFTY 50,bullish,172.49,169.65,3250,-9223.26,1587.62,-10810.88,pro_FVG+VP,stop_loss_premium_phase3
2020-01-17 14:15:00,2020-01-17 15:15:00,NIFTY 50,bearish,100.83,100.68,3250,-477.64,958.1,-1435.74,pro_FVG+OTE+VWAP,intraday_square_off
2020-01-21 14:15:00,2020-01-21 15:15:00,NIFTY 50,bullish,57.24,49.9,3250,-23854.95,514.18,-24369.13,pro_LiqSweep+VP+OTE,intraday_square_off
2020-02-01 14:15:00,2020-02-01 14:45:00,NIFTY 50,bearish,200.85,256.4,3120,173298.62,2159.57,171139.05,pro_FVG+RSI_Div+VWAP,target
2020-02-03 10:45:00,2020-02-03 11:45:00,NIFTY 50,bullish,212.54,212.25,3185,-920.18,1929.02,-2849.2,pro_FVG+OTE,stop_loss_premium_phase2
2020-02-07 11:00:00,2020-02-07 12:30:00,NIFTY 50,bullish,190.87,190.65,3250,-701.43,1771.92,-2473.35,pro_LiqSweep+VP+OTE,stop_loss_premium_phase3
2020-02-18 14:15:00,2020-02-18 15:00:00,NIFTY 50,bullish,56.76,75.64,3250,61344.84,691.02,60653.82,pro_LiqSweep+RSI_Div,target
2020-03-02 09:45:00,2020-03-02 11:15:00,NIFTY 50,bearish,212.08,223.06,3250,35684.96,2041.18,33643.78,pro_FVG+OTE+VWAP,stop_loss_premium_phase3
2020-03-02 11:30:00,2020-03-02 13:00:00,NIFTY 50,bearish,209.96,209.38,3250,-1893.65,1942.07,-3835.72,pro_FVG+OTE+VWAP,stop_loss_premium_phase3
2020-03-02 14:15:00,2020-03-02 14:45:00,NIFTY 50,bearish,167.51,223.69,3250,182591.9,1950.47,180641.43,pro_LiqSweep+FVG+OTE+RSI_Div+VWAP,target
2020-03-17 10:45:00,2020-03-17 12:15:00,NIFTY 50,bearish,211.8,244.86,3250,107448.41,2191.21,105257.2,pro_FVG+OTE+VWAP,stop_loss_premium_phase3
2020-03-31 11:15:00,2020-03-31 12:15:00,NIFTY 50,bearish,201.96,201.81,3250,-501.42,1872.7,-2374.12,pro_FVG+OTE+VWAP,stop_loss_premium_phase2
2020-04-13 14:15:00,2020-04-13 15:15:00,NIFTY 50,bullish,198.21,209.82,3250,37726.76,1920.09,35806.67,pro_FVG+RSI_Div,intraday_square_off
2020-04-20 14:15:00,2020-04-20 14:45:00,NIFTY 50,bearish,198.9,246.8,3250,155687.9,2177.11,153510.79,pro_LiqSweep+FVG+VWAP,target
2020-05-11 10:30:00,2020-05-11 12:00:00,NIFTY 50,bearish,184.65,209.9,3250,82076.02,1891.72,80184.3,pro_FVG+OTE+VWAP,stop_loss_premium_phase3
2020-05-11 14:15:00,2020-05-11 14:45:00,NIFTY 50,bearish,176.38,216.02,3250,128820.13,1916.36,126903.77,pro_VP+RSI_Div+VWAP,target
2020-05-15 10:15:00,2020-05-15 11:45:00,NIFTY 50,bearish,191.2,201.32,3250,32900.22,1846.35,31053.87,pro_FVG+RSI_Div+VWAP,stop_loss_premium_phase3
2020-05-18 10:15:00,2020-05-18 11:45:00,NIFTY 50,bearish,194.0,237.77,3250,142226.37,2104.21,140122.16,pro_LiqSweep+RSI_Div+VWAP,stop_loss_premium_phase3
2020-05-22 10:15:00,2020-05-22 11:45:00,NIFTY 50,bullish,199.85,198.66,3250,-3886.58,1846.42,-5733.0,pro_LiqSweep+OTE+RSI_Div,stop_loss_premium_phase3
2020-05-29 10:30:00,2020-05-29 12:00:00,NIFTY 50,bullish,196.62,205.55,3250,29020.72,1887.14,27133.58,pro_LiqSweep+VP,stop_loss_premium_phase3
2020-06-19 14:15:00,2020-06-19 15:15:00,NIFTY 50,bullish,199.01,226.52,3250,89400.31,2037.18,87363.13,pro_VP+RSI_Div,intraday_square_off
2020-06-23 09:45:00,2020-06-23 11:15:00,NIFTY 50,bullish,167.24,198.92,3250,102944.54,1778.66,101165.88,pro_LiqSweep+FVG,stop_loss_premium_phase3
2020-06-30 09:30:00,2020-06-30 09:45:00,NIFTY 50,bullish,251.84,234.27,1040,-18275.78,737.2,-19012.98,pro_LiqSweep+VP,target
2020-07-01 09:30:00,2020-07-01 11:00:00,NIFTY 50,bearish,130.31,130.79,3250,1547.45,1229.02,318.43,pro_VP+RSI_Div+VWAP,stop_loss_premium_phase3
2020-07-10 09:45:00,2020-07-10 10:45:00,NIFTY 50,bullish,189.25,188.73,3250,-1690.89,1755.24,-3446.13,pro_LiqSweep+VP,stop_loss_premium_phase2
2020-07-10 11:00:00,2020-07-10 12:30:00,NIFTY 50,bullish,166.4,166.36,3250,-143.34,1551.85,-1695.19,pro_LiqSweep+OTE,stop_loss_premium_phase3
2020-07-10 14:15:00,2020-07-10 15:15:00,NIFTY 50,bullish,183.64,190.93,3250,23701.01,1758.47,21942.54,pro_FVG+OTE,intraday_square_off
2020-07-15 09:30:00,2020-07-15 09:45:00,NIFTY 50,bullish,266.42,224.99,845,-35007.49,599.24,-35606.73,pro_FVG+OTE,target
2020-07-17 09:45:00,2020-07-17 11:15:00,NIFTY 50,bullish,204.9,212.56,3250,24891.43,1953.29,22938.14,pro_FVG+VP,stop_loss_premium_phase3
2020-07-17 14:15:00,2020-07-17 15:00:00,NIFTY 50,bullish,175.6,223.17,3250,154585.65,1964.08,152621.57,pro_LiqSweep+VP,target
2020-07-27 10:00:00,2020-07-27 11:30:00,NIFTY 50,bearish,172.74,172.54,3250,-647.39,1608.09,-2255.48,pro_LiqSweep+RSI_Div+VWAP,stop_loss_premium_phase3
2020-07-28 09:45:00,2020-07-28 11:15:00,NIFTY 50,bullish,182.29,181.89,3250,-1296.12,1693.08,-2989.2,pro_FVG+VP,stop_loss_premium_phase3
2020-07-28 11:30:00,2020-07-28 13:00:00,NIFTY 50,bullish,167.02,206.6,3250,128627.27,1831.26,126796.01,pro_FVG+VP,stop_loss_premium_phase3
2020-07-29 09:30:00,2020-07-29 09:45:00,NIFTY 50,bullish,141.75,135.66,2015,-12283.74,815.95,-13099.69,pro_VP+RSI_Div,target
2020-08-07 10:45:00,2020-08-07 12:15:00,NIFTY 50,bearish,216.32,212.3,3250,-13055.7,1975.84,-15031.54,pro_LiqSweep+RSI_Div+VWAP,stop_loss_premium_phase3
2020-08-18 09:45:00,2020-08-18 11:15:00,NIFTY 50,bullish,185.21,199.98,3250,48019.63,1824.33,46195.3,pro_LiqSweep+VP,stop_loss_premium_phase3
2020-08-18 11:30:00,2020-08-18 13:15:00,NIFTY 50,bullish,172.96,184.35,3250,37018.53,1690.17,35328.36,pro_LiqSweep+FVG+VP,stop_loss_premium_phase3
2020-08-18 14:15:00,2020-08-18 15:15:00,NIFTY 50,bullish,172.97,175.05,3250,6756.35,1625.92,5130.43,pro_LiqSweep+VP,intraday_square_off
2020-08-28 10:00:00,2020-08-28 11:30:00,NIFTY 50,bullish,185.44,220.35,3250,113446.58,1965.58,111481.0,pro_FVG+VP,target
2020-09-07 14:15:00,2020-09-07 15:15:00,NIFTY 50,bullish,166.37,188.57,3250,72166.67,1705.29,70461.38,pro_LiqSweep+VP,intraday_square_off
2020-09-08 14:15:00,2020-09-08 14:30:00,NIFTY 50,bearish,99.22,127.65,3250,92422.22,1141.05,91281.17,pro_FVG+OTE+VWAP,target
2020-09-21 10:30:00,2020-09-21 12:00:00,NIFTY 50,bearish,209.65,222.54,3250,41903.36,2032.4,39870.96,pro_LiqSweep+FVG+RSI_Div+VWAP,stop_loss_premium_phase3
2020-09-29 11:30:00,2020-09-29 13:00:00,NIFTY 50,bearish,154.59,185.2,3250,99484.61,1656.84,97827.77,pro_LiqSweep+FVG+VWAP,stop_loss_premium_phase3
2020-10-09 10:30:00,2020-10-09 12:00:00,NIFTY 50,bearish,194.03,193.49,3250,-1769.84,1798.29,-3568.13,pro_LiqSweep+FVG+OTE+VWAP,stop_loss_premium_phase3
2020-10-12 10:00:00,2020-10-12 11:00:00,NIFTY 50,bullish,165.82,165.4,3250,-1340.58,1544.01,-2884.59,pro_FVG+VP,stop_loss_premium_phase2
2020-10-12 11:15:00,2020-10-12 12:15:00,NIFTY 50,bullish,186.75,186.23,3250,-1689.69,1732.6,-3422.29,pro_FVG+RSI_Div,stop_loss_premium_phase2
2020-10-30 10:00:00,2020-10-30 11:00:00,NIFTY 50,bullish,209.11,208.91,3250,-662.33,1937.01,-2599.34,pro_FVG+VP,stop_loss_premium_phase2
2020-11-06 09:45:00,2020-11-06 10:45:00,NIFTY 50,bullish,204.79,204.31,3250,-1548.68,1896.02,-3444.7,pro_LiqSweep+VP,stop_loss_premium_phase2
2020-11-06 11:00:00,2020-11-06 12:45:00,NIFTY 50,bullish,194.23,241.8,3250,154620.81,2132.58,152488.23,pro_LiqSweep+VP,target
2020-11-09 09:30:00,2020-11-09 09:45:00,NIFTY 50,bullish,385.98,248.08,455,-62747.35,402.49,-63149.84,pro_FVG+VP,target
2020-11-13 14:15:00,2020-11-13 15:15:00,NIFTY 50,bullish,192.45,208.08,3250,50802.51,1895.73,48906.78,pro_LiqSweep+VP,intraday_square_off
2020-11-23 10:00:00,2020-11-23 11:30:00,NIFTY 50,bearish,186.27,196.89,3250,34526.95,1805.27,32721.68,pro_OTE+RSI_Div+VWAP,stop_loss_premium_phase3
2020-11-27 09:45:00,2020-11-27 11:15:00,NIFTY 50,bearish,185.2,196.05,3250,35274.73,1797.13,33477.6,pro_OTE+RSI_Div+VWAP,stop_loss_premium_phase3
2020-12-01 10:00:00,2020-12-01 11:30:00,NIFTY 50,bearish,171.84,171.36,3250,-1544.97,1598.04,-3143.01,pro_OTE+RSI_Div+VWAP,stop_loss_premium_phase3
2020-12-07 10:00:00,2020-12-07 11:30:00,NIFTY 50,bullish,189.77,191.58,3250,5871.07,1776.0,4095.07,pro_FVG+VP,stop_loss_premium_phase3
2020-12-08 14:15:00,2020-12-08 15:15:00,NIFTY 50,bearish,171.78,193.97,3250,72107.68,1754.16,70353.52,pro_OTE+RSI_Div+VWAP,intraday_square_off
2020-12-11 09:45:00,2020-12-11 11:15:00,NIFTY 50,bullish,192.43,201.49,3250,29445.34,1850.17,27595.17,pro_LiqSweep+VP,stop_loss_premium_phase3
2020-12-11 11:30:00,2020-12-11 13:00:00,NIFTY 50,bullish,185.33,199.14,3250,44889.19,1818.75,43070.44,pro_LiqSweep+FVG+VP,stop_loss_premium_phase3
2020-12-15 11:30:00,2020-12-15 13:00:00,NIFTY 50,bullish,159.14,178.0,3250,61278.14,1616.8,59661.34,pro_LiqSweep+OTE,stop_loss_premium_phase3
2020-12-15 14:15:00,2020-12-15 15:15:00,NIFTY 50,bullish,181.77,186.34,3250,14872.9,1722.74,13150.16,pro_LiqSweep+VP,intraday_square_off
2020-12-18 14:15:00,2020-12-18 15:15:00,NIFTY 50,bullish,173.43,187.12,3250,44513.58,1710.34,42803.24,pro_LiqSweep+VP+RSI_Div,intraday_square_off
2020-12-21 09:45:00,2020-12-21 11:15:00,NIFTY 50,bullish,169.43,175.0,3250,18111.09,1618.04,16493.05,pro_LiqSweep+VP,stop_loss_premium_phase3
2020-12-28 14:15:00,2020-12-28 15:15:00,NIFTY 50,bearish,100.61,97.22,3250,-11028.32,933.69,-11962.01,pro_LiqSweep+RSI_Div+VWAP,intraday_square_off
2020-12-29 09:45:00,2020-12-29 10:45:00,NIFTY 50,bullish,167.6,167.37,3250,-740.14,1561.39,-2301.53,pro_LiqSweep+VP,stop_loss_premium_phase2
2020-12-29 11:00:00,2020-12-29 12:30:00,NIFTY 50,bullish,113.69,113.42,3250,-881.08,1073.56,-1954.64,pro_LiqSweep+OTE,stop_loss_premium_phase3
2020-12-29 14:15:00,2020-12-29 15:15:00,NIFTY 50,bullish,187.72,198.28,3250,34325.34,1817.92,32507.42,pro_FVG+VP,intraday_square_off
2021-01-05 09:45:00,2021-01-05 11:30:00,NIFTY 50,bullish,163.42,190.49,3250,88003.86,1712.28,86291.58,pro_LiqSweep+VP,stop_loss_premium_phase3
2021-01-05 14:15:00,2021-01-05 15:15:00,NIFTY 50,bullish,174.83,213.76,3250,126507.01,1897.39,124609.62,pro_LiqSweep+VP+RSI_Div,intraday_square_off
2021-01-12 11:00:00,2021-01-12 12:30:00,NIFTY 50,bearish,141.75,141.42,3250,-1057.74,1326.93,-2384.67,pro_LiqSweep+OTE+RSI_Div+VWAP,stop_loss_premium_phase3
2021-01-15 10:00:00,2021-01-15 11:15:00,NIFTY 50,bearish,201.66,257.09,3250,180145.6,2254.07,177891.53,pro_LiqSweep+FVG+RSI_Div+VWAP,target
2021-01-19 10:15:00,2021-01-19 11:45:00,NIFTY 50,bearish,211.96,211.46,3250,-1610.3,1960.72,-3571.02,pro_LiqSweep+FVG+VWAP,stop_loss_premium_phase3
2021-01-25 11:15:00,2021-01-25 12:45:00,NIFTY 50,bearish,201.53,208.62,3250,23064.2,1918.86,21145.34,pro_LiqSweep+OTE+VWAP,stop_loss_premium_phase3
2021-02-10 09:30:00,2021-02-10 09:45:00,NIFTY 50,bearish,292.46,217.79,845,-63096.92,600.73,-63697.65,pro_LiqSweep+RSI_Div+VWAP,target
2021-02-16 09:45:00,2021-02-16 11:15:00,NIFTY 50,bullish,184.56,201.26,3250,54282.84,1831.8,52451.04,pro_FVG+VP,stop_loss_premium_phase3
2021-02-19 10:30:00,2021-02-19 12:00:00,NIFTY 50,bullish,205.54,202.21,3250,-10812.95,1883.14,-12696.09,pro_VP+RSI_Div,stop_loss_premium_phase3
2021-02-22 09:30:00,2021-02-22 11:00:00,NIFTY 50,bullish,225.47,199.56,3250,-84230.35,1907.3,-86137.65,pro_VP+OTE,stop_loss_premium_phase3
2021-03-08 11:00:00,2021-03-08 12:30:00,NIFTY 50,bearish,209.59,219.12,3250,30957.77,2008.58,28949.19,pro_LiqSweep+FVG+VWAP,stop_loss_premium_phase3
2021-03-19 11:15:00,2021-03-19 12:45:00,NIFTY 50,bullish,204.66,204.1,3250,-1820.24,1894.33,-3714.57,pro_FVG+RSI_Div,stop_loss_premium_phase3
2021-03-23 11:30:00,2021-03-23 13:00:00,NIFTY 50,bearish,193.7,194.63,3250,3030.78,1805.46,1225.32,pro_OTE+RSI_Div+VWAP,stop_loss_premium_phase3
2021-04-06 09:30:00,2021-04-06 11:00:00,NIFTY 50,bearish,178.46,195.17,3250,54323.73,1776.72,52547.01,pro_FVG+OTE+VWAP,stop_loss_premium_phase3
2021-04-13 10:00:00,2021-04-13 11:00:00,NIFTY 50,bullish,187.39,187.27,3250,-373.48,1741.15,-2114.63,pro_LiqSweep+VP,stop_loss_premium_phase2
2021-04-27 09:45:00,2021-04-27 11:15:00,NIFTY 50,bullish,177.64,191.03,3250,43541.37,1746.34,41795.03,pro_LiqSweep+VP+RSI_Div,stop_loss_premium_phase3
2021-04-27 11:30:00,2021-04-27 13:00:00,NIFTY 50,bullish,117.09,129.49,3250,40289.22,1191.85,39097.37,pro_LiqSweep+VP,stop_loss_premium_phase3
2021-05-03 14:15:00,2021-05-03 15:15:00,NIFTY 50,bullish,198.82,212.85,3250,45607.74,1942.31,43665.43,pro_LiqSweep+VP+RSI_Div,intraday_square_off
2021-05-04 14:15:00,2021-05-04 14:30:00,NIFTY 50,bearish,171.57,234.97,3250,206071.52,2037.07,204034.45,pro_LiqSweep+FVG+VWAP,target
2021-05-10 14:15:00,2021-05-10 15:15:00,NIFTY 50,bearish,155.3,156.4,3250,3575.84,1459.36,2116.48,pro_LiqSweep+OTE+RSI_Div+VWAP,intraday_square_off
2021-06-04 11:30:00,2021-06-04 13:00:00,NIFTY 50,bullish,192.79,211.09,3250,59476.65,1917.26,57559.39,pro_FVG+OTE,stop_loss_premium_phase3
2021-06-07 09:30:00,2021-06-07 10:00:00,NIFTY 50,bullish,229.13,235.99,3250,22298.43,2166.91,20131.52,pro_FVG+OTE,target
2021-06-08 10:30:00,2021-06-08 12:00:00,NIFTY 50,bearish,102.57,102.57,3250,20.56,974.88,-954.32,pro_LiqSweep+FVG+VWAP,stop_loss_premium_phase3
2021-06-15 14:15:00,2021-06-15 15:15:00,NIFTY 50,bearish,79.85,84.23,3250,14239.05,799.65,13439.4,pro_LiqSweep+OTE+VWAP,intraday_square_off
2021-06-25 10:15:00,2021-06-25 11:45:00,NIFTY 50,bearish,190.96,190.75,3250,-671.78,1772.84,-2444.62,pro_LiqSweep+FVG+VWAP,stop_loss_premium_phase3
2021-06-28 09:45:00,2021-06-28 11:15:00,NIFTY 50,bearish,156.08,180.65,3250,79830.45,1628.59,78201.86,pro_LiqSweep+RSI_Div+VWAP,stop_loss_premium_phase3
2021-06-28 11:30:00,2021-06-28 13:00:00,NIFTY 50,bearish,174.07,183.5,3250,30665.94,1686.67,28979.27,pro_LiqSweep+RSI_Div+VWAP,stop_loss_premium_phase3
2021-07-02 10:15:00,2021-07-02 11:45:00,NIFTY 50,bullish,170.28,168.54,3250,-5664.07,1575.17,-7239.24,pro_LiqSweep+VP+RSI_Div,stop_loss_premium_phase3
2021-07-02 14:15:00,2021-07-02 15:15:00,NIFTY 50,bullish,165.29,177.56,3250,39864.95,1626.86,38238.09,pro_LiqSweep+VP,intraday_square_off
2021-07-16 10:30:00,2021-07-16 12:15:00,NIFTY 50,bearish,140.46,176.42,3250,116862.24,1566.06,115296.18,pro_LiqSweep+FVG+RSI_Div+VWAP,target
2021-07-19 09:30:00,2021-07-19 09:45:00,NIFTY 50,bearish,212.21,171.12,1560,-64097.27,832.15,-64929.42,pro_LiqSweep+RSI_Div+VWAP,target
2021-07-23 10:00:00,2021-07-23 11:30:00,NIFTY 50,bearish,193.33,207.17,3250,45000.28,1891.34,43108.94,pro_FVG+OTE+RSI_Div+VWAP,stop_loss_premium_phase3
2021-07-26 11:00:00,2021-07-26 12:30:00,NIFTY 50,bearish,148.21,169.63,3250,69601.14,1535.63,68065.51,pro_OTE+RSI_Div+VWAP,stop_loss_premium_phase3
2021-07-26 14:15:00,2021-07-26 15:00:00,NIFTY 50,bearish,113.0,138.18,3250,81853.08,1243.22,80609.86,pro_FVG+RSI_Div+VWAP,target
2021-07-27 09:45:00,2021-07-27 11:15:00,NIFTY 50,bullish,166.83,166.44,3250,-1267.21,1553.36,-2820.57,pro_FVG+VP+RSI_Div,stop_loss_premium_phase3
2021-08-03 09:30:00,2021-08-03 10:30:00,NIFTY 50,bearish,88.64,83.95,3250,-15238.95,816.47,-16055.42,pro_LiqSweep+RSI_Div+VWAP,stop_loss_premium_phase2
2021-08-06 11:00:00,2021-08-06 12:30:00,NIFTY 50,bearish,189.76,189.26,3250,-1614.2,1759.97,-3374.17,pro_FVG+RSI_Div+VWAP,stop_loss_premium_phase3
2021-08-06 14:15:00,2021-08-06 15:15:00,NIFTY 50,bearish,162.51,188.96,3250,85975.13,1699.77,84275.36,pro_LiqSweep+FVG+VWAP,intraday_square_off
2021-08-09 09:45:00,2021-08-09 11:15:00,NIFTY 50,bullish,179.78,179.61,3250,-567.28,1671.98,-2239.26,pro_VP+RSI_Div,stop_loss_premium_phase3
2021-08-09 11:30:00,2021-08-09 13:00:00,NIFTY 50,bullish,163.28,160.28,3250,-9740.2,1503.2,-11243.4,pro_FVG+VP,stop_loss_premium_phase3
2021-08-09 14:15:00,2021-08-09 15:15:00,NIFTY 50,bullish,162.33,180.47,3250,58939.45,1640.69,57298.76,pro_LiqSweep+FVG+OTE+RSI_Div,intraday_square_off
2021-08-10 09:45:00,2021-08-10 11:15:00,NIFTY 50,bullish,185.3,209.76,3250,79515.43,1892.12,77623.31,pro_LiqSweep+FVG+VP,stop_loss_premium_phase3
2021-08-10 11:30:00,2021-08-10 13:00:00,NIFTY 50,bullish,161.11,160.74,3250,-1202.99,1501.74,-2704.73,pro_LiqSweep+VP,stop_loss_premium_phase3
2021-08-13 14:15:00,2021-08-13 15:15:00,NIFTY 50,bullish,195.96,202.49,3250,21222.12,1864.59,19357.53,pro_LiqSweep+VP,intraday_square_off
2021-08-16 09:45:00,2021-08-16 11:15:00,NIFTY 50,bullish,188.81,230.56,3250,135680.24,2043.34,133636.9,pro_LiqSweep+VP,target
2021-08-16 11:30:00,2021-08-16 13:00:00,NIFTY 50,bullish,167.69,175.91,3250,26704.07,1620.59,25083.48,pro_LiqSweep+FVG+VP,stop_loss_premium_phase3
2021-08-17 14:15:00,2021-08-17 15:15:00,NIFTY 50,bullish,110.7,149.38,3250,125708.36,1315.67,124392.69,pro_LiqSweep+VP,intraday_square_off
2021-08-23 11:00:00,2021-08-23 12:30:00,NIFTY 50,bearish,200.84,200.58,3250,-847.86,1861.85,-2709.71,pro_FVG+RSI_Div+VWAP,stop_loss_premium_phase3
2021-08-27 10:30:00,2021-08-27 12:00:00,NIFTY 50,bullish,196.84,216.97,3250,65423.41,1966.51,63456.9,pro_LiqSweep+VP+RSI_Div,stop_loss_premium_phase3
2021-08-31 09:45:00,2021-08-31 11:15:00,NIFTY 50,bullish,102.87,125.82,3250,74608.03,1136.17,73471.86,pro_FVG+VP,stop_loss_premium_phase3
2021-09-03 14:15:00,2021-09-03 15:15:00,NIFTY 50,bullish,181.88,207.75,3250,84093.93,1870.95,82222.98,pro_LiqSweep+VP,intraday_square_off
2021-09-28 09:45:00,2021-09-28 10:45:00,NIFTY 50,bullish,181.09,180.58,3250,-1664.03,1681.44,-3345.47,pro_LiqSweep+VP,stop_loss_premium_phase2
2021-09-28 11:30:00,2021-09-28 12:30:00,NIFTY 50,bullish,203.05,199.93,3250,-10127.29,1862.03,-11989.32,pro_LiqSweep+OTE,stop_loss_premium_phase2
2021-10-05 09:45:00,2021-10-05 11:15:00,NIFTY 50,bullish,113.95,131.64,3250,57495.74,1200.02,56295.72,pro_LiqSweep+VP+OTE,stop_loss_premium_phase3
2021-10-05 11:30:00,2021-10-05 12:45:00,NIFTY 50,bullish,165.29,215.34,3250,162659.26,1888.02,160771.24,pro_LiqSweep+VP,target
2021-10-05 14:15:00,2021-10-05 15:15:00,NIFTY 50,bullish,158.75,188.74,3250,97470.45,1690.21,95780.24,pro_LiqSweep+VP+RSI_Div,intraday_square_off
2021-10-12 14:15:00,2021-10-12 15:15:00,NIFTY 50,bullish,188.52,200.49,3250,38902.73,1834.89,37067.84,pro_LiqSweep+VP,intraday_square_off
2021-10-19 09:30:00,2021-10-19 10:00:00,NIFTY 50,bearish,104.06,205.55,3250,329836.58,1689.72,328146.86,pro_LiqSweep+OTE+RSI_Div+VWAP,target
2021-10-19 11:00:00,2021-10-19 12:30:00,NIFTY 50,bearish,208.0,207.79,3250,-683.68,1926.88,-2610.56,pro_FVG+OTE+VWAP,stop_loss_premium_phase3
2021-10-20 09:30:00,2021-10-20 09:45:00,NIFTY 50,bearish,258.2,203.55,1300,-71039.23,830.22,-71869.45,pro_LiqSweep+FVG+OTE+VWAP,target
2021-10-22 10:00:00,2021-10-22 11:15:00,NIFTY 50,bullish,212.51,212.01,3250,-1637.47,1965.72,-3603.19,pro_FVG+VP,stop_loss_premium_phase2
2021-10-22 11:30:00,2021-10-22 12:45:00,NIFTY 50,bullish,215.69,215.48,3250,-692.97,1996.47,-2689.44,pro_FVG+RSI_Div,stop_loss_premium_phase2
2021-10-26 09:45:00,2021-10-26 10:45:00,NIFTY 50,bullish,184.01,183.76,3250,-811.67,1709.69,-2521.36,pro_FVG+VP,stop_loss_premium_phase2
2021-11-09 14:15:00,2021-11-09 15:15:00,NIFTY 50,bullish,189.52,184.57,3250,-16081.07,1727.03,-17808.1,pro_LiqSweep+OTE+RSI_Div,intraday_square_off
2021-11-30 14:15:00,2021-11-30 15:00:00,NIFTY 50,bearish,203.49,295.37,3250,298605.18,2522.52,296082.66,pro_LiqSweep+FVG+RSI_Div+VWAP,target
2021-12-07 10:00:00,2021-12-07 11:00:00,NIFTY 50,bearish,206.23,206.02,3250,-680.54,1910.95,-2591.49,pro_LiqSweep+FVG+VWAP,stop_loss_premium_phase2
2021-12-10 09:45:00,2021-12-10 11:15:00,NIFTY 50,bullish,187.3,186.85,3250,-1478.11,1738.06,-3216.17,pro_LiqSweep+VP,stop_loss_premium_phase3
2021-12-10 11:30:00,2021-12-10 13:00:00,NIFTY 50,bullish,200.25,199.7,3250,-1792.29,1854.5,-3646.79,pro_LiqSweep+OTE,stop_loss_premium_phase3
2021-12-13 09:30:00,2021-12-13 09:45:00,NIFTY 50,bullish,291.42,221.56,1300,-90814.48,908.33,-91722.81,pro_LiqSweep+VP,target
2021-12-14 11:30:00,2021-12-14 13:15:00,NIFTY 50,bullish,196.66,241.24,3250,144873.41,2133.89,142739.52,pro_LiqSweep+OTE+RSI_Div,stop_loss_premium_phase3
2021-12-15 09:30:00,2021-12-15 10:30:00,NIFTY 50,bullish,210.98,211.54,3250,1839.76,1959.2,-119.44,pro_LiqSweep+OTE,stop_loss_premium_phase2
2021-12-21 14:15:00,2021-12-21 15:15:00,NIFTY 50,bearish,182.63,162.43,3250,-65620.88,1559.35,-67180.23,pro_FVG+RSI_Div+VWAP,intraday_square_off
2021-12-31 10:15:00,2021-12-31 12:00:00,NIFTY 50,bullish,205.15,223.78,3250,60537.24,2031.32,58505.92,pro_VP+RSI_Div,stop_loss_premium_phase3
2022-01-03 09:45:00,2022-01-03 11:15:00,NIFTY 50,bullish,196.99,212.77,3250,51290.07,1937.82,49352.25,pro_LiqSweep+VP,stop_loss_premium_phase3
2022-01-03 11:30:00,2022-01-03 13:15:00,NIFTY 50,bullish,203.07,247.33,3250,143865.17,2189.68,141675.49,pro_LiqSweep+VP,target
2022-01-04 09:45:00,2022-01-04 11:15:00,NIFTY 50,bullish,184.33,192.93,3250,27954.42,1773.72,26180.7,pro_LiqSweep+VP,stop_loss_premium_phase3
2022-01-04 11:30:00,2022-01-04 13:00:00,NIFTY 50,bullish,180.71,196.8,3250,52307.7,1792.77,50514.93,pro_LiqSweep+VP,stop_loss_premium_phase3
2022-01-04 14:15:00,2022-01-04 15:15:00,NIFTY 50,bullish,152.93,195.99,3250,139958.39,1727.89,138230.5,pro_LiqSweep+VP,intraday_square_off
2022-01-07 10:00:00,2022-01-07 11:15:00,NIFTY 50,bullish,211.54,210.95,3250,-1902.59,1956.35,-3858.94,pro_FVG+VP,stop_loss_premium_phase2
2022-01-07 11:30:00,2022-01-07 12:30:00,NIFTY 50,bullish,214.79,214.53,3250,-856.99,1987.97,-2844.96,pro_FVG+VP,stop_loss_premium_phase2
2022-01-11 10:30:00,2022-01-11 12:00:00,NIFTY 50,bullish,182.42,181.95,3250,-1526.26,1693.76,-3220.02,pro_LiqSweep+VP,stop_loss_premium_phase3
2022-01-11 14:15:00,2022-01-11 15:15:00,NIFTY 50,bullish,178.5,176.44,3250,-6683.25,1647.33,-8330.58,pro_LiqSweep+VP,intraday_square_off
2022-01-14 10:00:00,2022-01-14 11:30:00,NIFTY 50,bullish,187.68,187.44,3250,-794.53,1742.91,-2537.44,pro_FVG+VP,stop_loss_premium_phase3
2022-01-14 14:15:00,2022-01-14 15:15:00,NIFTY 50,bullish,169.24,181.64,3250,40299.04,1663.49,38635.55,pro_LiqSweep+VP,intraday_square_off
2022-01-17 09:45:00,2022-01-17 11:15:00,NIFTY 50,bullish,194.19,221.89,3250,90032.54,1994.94,88037.6,pro_LiqSweep+VP,stop_loss_premium_phase3
2022-01-17 14:15:00,2022-01-17 15:15:00,NIFTY 50,bullish,173.69,171.33,3250,-7680.26,1601.76,-9282.02,pro_LiqSweep+VP,intraday_square_off
2022-01-25 10:15:00,2022-01-25 11:45:00,NIFTY 50,bullish,215.67,233.8,3250,58936.17,2123.04,56813.13,pro_FVG+RSI_Div,stop_loss_premium_phase3
2022-01-25 14:15:00,2022-01-25 15:15:00,NIFTY 50,bullish,184.86,236.44,3250,167631.71,2075.52,165556.19,pro_LiqSweep+FVG+VP+RSI_Div,intraday_square_off
2022-02-25 14:15:00,2022-02-25 15:15:00,NIFTY 50,bearish,202.34,225.81,3250,76270.78,2039.35,74231.43,pro_FVG+OTE+VWAP,intraday_square_off
2022-03-09 09:30:00,2022-03-09 09:45:00,NIFTY 50,bullish,333.1,274.95,1105,-64257.23,934.86,-65192.09,pro_LiqSweep+VP,target
2022-03-11 10:00:00,2022-03-11 11:30:00,NIFTY 50,bullish,214.56,214.09,3250,-1500.09,1984.47,-3484.56,pro_LiqSweep+RSI_Div,stop_loss_premium_phase3
2022-03-11 14:15:00,2022-03-11 15:15:00,NIFTY 50,bullish,189.5,200.24,3250,34896.15,1835.27,33060.88,pro_LiqSweep+FVG,intraday_square_off
2022-03-14 10:00:00,2022-03-14 11:30:00,NIFTY 50,bullish,189.21,220.44,3250,101517.85,1974.28,99543.57,pro_LiqSweep+VP,stop_loss_premium_phase3
2022-03-23 09:30:00,2022-03-23 09:45:00,NIFTY 50,bullish,258.59,254.57,2080,-8367.15,1526.18,-9893.33,pro_FVG+VP,target
2022-04-01 09:45:00,2022-04-01 11:15:00,NIFTY 50,bullish,204.1,217.53,3250,43662.5,1985.94,41676.56,pro_LiqSweep+VP+RSI_Div,stop_loss_premium_phase3
2022-04-01 11:30:00,2022-04-01 13:00:00,NIFTY 50,bullish,194.28,202.4,3250,26403.54,1860.42,24543.12,pro_LiqSweep+FVG+VP,stop_loss_premium_phase3
2022-04-01 14:15:00,2022-04-01 15:00:00,NIFTY 50,bullish,168.92,208.73,3250,129383.05,1850.08,127532.97,pro_LiqSweep+VP,target
2022-04-19 14:15:00,2022-04-19 14:45:00,NIFTY 50,bearish,170.15,217.46,3250,153769.32,1913.01,151856.31,pro_FVG+OTE+VWAP,target
2022-04-29 10:00:00,2022-04-29 11:00:00,NIFTY 50,bearish,201.45,201.04,3250,-1309.14,1866.32,-3175.46,pro_OTE+RSI_Div+VWAP,stop_loss_premium_phase2
2022-05-04 09:30:00,2022-05-04 09:45:00,NIFTY 50,bullish,249.28,246.9,2730,-6512.04,1927.18,-8439.22,pro_LiqSweep+VP,target
2022-05-16 09:30:00,2022-05-16 11:00:00,NIFTY 50,bearish,190.33,204.79,3250,46995.97,1868.51,45127.46,pro_VP+RSI_Div+VWAP,stop_loss_premium_phase3
2022-05-23 14:15:00,2022-05-23 15:15:00,NIFTY 50,bearish,181.19,219.47,3250,124408.11,1950.44,122457.67,pro_LiqSweep+RSI_Div+VWAP,intraday_square_off
2022-05-24 10:00:00,2022-05-24 11:30:00,NIFTY 50,bearish,205.28,204.8,3250,-1556.05,1900.46,-3456.51,pro_LiqSweep+VP+VWAP,stop_loss_premium_phase3
2022-06-14 10:15:00,2022-06-14 11:45:00,NIFTY 50,bullish,209.0,245.27,3250,117870.56,2188.06,115682.5,pro_VP+RSI_Div,stop_loss_premium_phase3
2022-06-17 09:45:00,2022-06-17 11:15:00,NIFTY 50,bullish,215.19,214.91,3250,-905.3,1991.48,-2896.78,pro_LiqSweep+OTE+RSI_Div,stop_loss_premium_phase3
2022-06-28 14:15:00,2022-06-28 15:15:00,NIFTY 50,bullish,169.73,189.39,3250,63892.71,1718.1,62174.61,pro_VP+RSI_Div,intraday_square_off
2022-07-04 11:15:00,2022-07-04 12:45:00,NIFTY 50,bullish,214.17,228.57,3250,46815.52,2083.7,44731.82,pro_FVG+VP,stop_loss_premium_phase3
2022-07-04 14:15:00,2022-07-04 15:00:00,NIFTY 50,bullish,197.0,247.57,3250,164355.31,2178.36,162176.95,pro_LiqSweep+VP+RSI_Div,target
2022-07-05 14:15:00,2022-07-05 15:00:00,NIFTY 50,bearish,157.79,212.85,3250,178951.47,1854.78,177096.69,pro_LiqSweep+RSI_Div+VWAP,target
2022-08-12 09:45:00,2022-08-12 11:15:00,NIFTY 50,bullish,185.1,199.48,3250,46735.59,1820.62,44914.97,pro_FVG+VP,stop_loss_premium_phase3
2022-08-19 09:45:00,2022-08-19 11:00:00,NIFTY 50,bearish,162.85,196.08,3250,107996.0,1749.71,106246.29,pro_OTE+RSI_Div+VWAP,target
2022-08-26 09:45:00,2022-08-26 11:15:00,NIFTY 50,bearish,214.35,246.19,3250,103480.35,2205.83,101274.52,pro_LiqSweep+OTE+RSI_Div+VWAP,stop_loss_premium_phase3
2022-09-05 10:15:00,2022-09-05 11:45:00,NIFTY 50,bearish,189.22,205.43,3250,52685.69,1870.58,50815.11,pro_FVG+RSI_Div+VWAP,stop_loss_premium_phase3
2022-09-13 14:15:00,2022-09-13 15:15:00,NIFTY 50,bearish,169.96,171.27,3250,4258.21,1593.36,2664.85,pro_LiqSweep+RSI_Div+VWAP,intraday_square_off
2022-09-19 10:00:00,2022-09-19 11:30:00,NIFTY 50,bearish,200.9,200.68,3250,-738.64,1862.62,-2601.26,pro_FVG+OTE+RSI_Div+VWAP,stop_loss_premium_phase3
2022-09-20 09:30:00,2022-09-20 10:30:00,NIFTY 50,bearish,92.93,83.7,3250,-29981.94,823.87,-30805.81,pro_LiqSweep+OTE+VWAP,stop_loss_premium_phase2
2022-10-03 10:00:00,2022-10-03 11:30:00,NIFTY 50,bearish,200.02,213.26,3250,43016.75,1947.7,41069.05,pro_LiqSweep+RSI_Div+VWAP,stop_loss_premium_phase3
2022-10-06 09:30:00,2022-10-06 10:30:00,NIFTY 50,bearish,53.17,47.99,3250,-16834.36,492.26,-17326.62,pro_LiqSweep+RSI_Div+VWAP,stop_loss_premium_phase2
2022-10-07 10:15:00,2022-10-07 11:45:00,NIFTY 50,bullish,208.16,207.58,3250,-1874.59,1925.84,-3800.43,pro_FVG+OTE,stop_loss_premium_phase3
2022-10-28 09:45:00,2022-10-28 11:15:00,NIFTY 50,bullish,174.2,175.29,3250,3550.34,1630.22,1920.12,pro_LiqSweep+VP,stop_loss_premium_phase3
2022-11-04 09:45:00,2022-11-04 11:15:00,NIFTY 50,bullish,168.29,167.89,3250,-1293.83,1566.48,-2860.31,pro_VP+RSI_Div,stop_loss_premium_phase3
2022-11-15 11:15:00,2022-11-15 12:45:00,NIFTY 50,bullish,119.74,136.56,3250,54689.36,1246.39,53442.97,pro_LiqSweep+FVG,stop_loss_premium_phase3
2022-11-15 14:15:00,2022-11-15 15:00:00,NIFTY 50,bullish,183.62,231.69,3250,156231.64,2040.04,154191.6,pro_LiqSweep+FVG+VP,target
2022-11-21 09:30:00,2022-11-21 11:00:00,NIFTY 50,bullish,131.88,143.48,3250,37704.11,1320.09,36384.02,pro_VP+RSI_Div,stop_loss_premium_phase3
2022-11-22 11:00:00,2022-11-22 12:30:00,NIFTY 50,bullish,168.5,179.35,3250,35245.17,1646.09,33599.08,pro_LiqSweep+VP,stop_loss_premium_phase3
2022-11-25 10:00:00,2022-11-25 11:30:00,NIFTY 50,bullish,181.69,182.42,3250,2382.57,1695.5,687.07,pro_FVG+VP,stop_loss_premium_phase3
2022-11-29 14:15:00,2022-11-29 15:15:00,NIFTY 50,bearish,108.84,127.46,3250,60526.48,1160.23,59366.25,pro_LiqSweep+RSI_Div+VWAP,intraday_square_off
2022-12-12 11:30:00,2022-12-12 13:00:00,NIFTY 50,bullish,195.17,203.01,3250,25496.66,1866.52,23630.14,pro_VP+RSI_Div,stop_loss_premium_phase3
2022-12-13 09:45:00,2022-12-13 11:15:00,NIFTY 50,bullish,154.14,209.07,3250,178509.57,1820.87,176688.7,pro_LiqSweep+VP,target
2022-12-19 11:00:00,2022-12-19 12:30:00,NIFTY 50,bullish,189.98,210.19,3250,65683.5,1905.04,63778.46,pro_FVG+RSI_Div,stop_loss_premium_phase3
2022-12-20 11:15:00,2022-12-20 12:45:00,NIFTY 50,bullish,174.37,203.33,3250,94099.78,1824.33,92275.45,pro_LiqSweep+RSI_Div,stop_loss_premium_phase3
2022-12-20 14:15:00,2022-12-20 15:00:00,NIFTY 50,bullish,167.04,218.83,3250,168316.52,1915.87,166400.65,pro_LiqSweep+VP+RSI_Div,target
2022-12-26 10:00:00,2022-12-26 12:15:00,NIFTY 50,bullish,186.85,216.04,3250,94853.57,1938.82,92914.75,pro_FVG+VP+RSI_Div,stop_loss_premium_phase3
2023-01-02 10:45:00,2023-01-02 12:15:00,NIFTY 50,bullish,201.54,206.13,3250,14919.14,1901.71,13017.43,pro_LiqSweep+VP,stop_loss_premium_phase3
2023-01-04 09:30:00,2023-01-04 10:45:00,NIFTY 50,bullish,110.24,103.75,3250,-21111.1,999.34,-22110.44,pro_LiqSweep+VP,stop_loss_premium_phase2
2023-01-06 09:45:00,2023-01-06 11:00:00,NIFTY 50,bullish,204.76,204.52,3250,-772.1,1897.45,-2669.55,pro_VP+RSI_Div,stop_loss_premium_phase2
2023-01-10 11:30:00,2023-01-10 12:45:00,NIFTY 50,bullish,178.83,178.37,3250,-1496.53,1661.4,-3157.93,pro_FVG+RSI_Div,stop_loss_premium_phase2
2023-01-13 11:15:00,2023-01-13 12:15:00,NIFTY 50,bearish,185.01,184.49,3250,-1684.78,1716.86,-3401.64,pro_LiqSweep+FVG+OTE+VWAP,stop_loss_premium_phase2
2023-01-17 10:15:00,2023-01-17 11:45:00,NIFTY 50,bullish,186.22,185.7,3250,-1710.76,1727.77,-3438.53,pro_FVG+VP,stop_loss_premium_phase3
2023-01-30 10:00:00,2023-01-30 11:00:00,NIFTY 50,bullish,206.49,206.2,3250,-971.42,1912.7,-2884.12,pro_LiqSweep+RSI_Div,stop_loss_premium_phase2
2023-01-30 11:15:00,2023-01-30 12:45:00,NIFTY 50,bullish,220.36,238.47,3250,58865.93,2165.34,56700.59,pro_LiqSweep+RSI_Div,stop_loss_premium_phase3
2023-02-06 14:15:00,2023-02-06 15:15:00,NIFTY 50,bullish,168.63,170.9,3250,7380.93,1587.96,5792.97,pro_LiqSweep+VP+RSI_Div,intraday_square_off
2023-02-07 09:45:00,2023-02-07 11:15:00,NIFTY 50,bullish,177.68,191.1,3250,43629.9,1746.89,41883.01,pro_LiqSweep+VP,stop_loss_premium_phase3
2023-02-07 11:30:00,2023-02-07 12:30:00,NIFTY 50,bullish,171.81,171.32,3250,-1573.33,1597.69,-3171.02,pro_LiqSweep+VP+OTE,stop_loss_premium_phase2
2023-02-13 09:45:00,2023-02-13 11:15:00,NIFTY 50,bullish,120.58,120.26,3250,-1053.47,1135.51,-2188.98,pro_LiqSweep+VP+OTE,stop_loss_premium_phase3
2023-02-14 09:30:00,2023-02-14 10:45:00,NIFTY 50,bearish,140.19,136.45,3250,-12158.06,1289.28,-13447.34,pro_LiqSweep+FVG+VWAP,stop_loss_premium_phase2
2023-02-28 09:45:00,2023-02-28 10:45:00,NIFTY 50,bullish,194.48,194.02,3250,-1500.46,1802.92,-3303.38,pro_VP+RSI_Div,stop_loss_premium_phase2
2023-03-15 09:30:00,2023-03-15 11:00:00,NIFTY 50,bearish,112.65,133.28,3250,67056.99,1208.6,65848.39,pro_LiqSweep+FVG+VWAP,stop_loss_premium_phase3
2023-03-20 11:00:00,2023-03-20 12:00:00,NIFTY 50,bullish,202.15,201.89,3250,-822.37,1873.69,-2696.06,pro_LiqSweep+OTE,stop_loss_premium_phase2
2023-04-21 09:45:00,2023-04-21 11:15:00,NIFTY 50,bullish,199.68,199.17,3250,-1672.64,1849.6,-3522.24,pro_LiqSweep+VP,stop_loss_premium_phase3
2023-04-21 11:30:00,2023-04-21 13:00:00,NIFTY 50,bullish,186.16,185.64,3250,-1713.65,1727.23,-3440.88,pro_LiqSweep+VP+OTE,stop_loss_premium_phase3
2023-04-28 09:45:00,2023-04-28 11:30:00,NIFTY 50,bullish,192.78,213.54,3250,67461.81,1934.18,65527.63,pro_LiqSweep+FVG+VP,stop_loss_premium_phase3
2023-05-12 10:00:00,2023-05-12 11:30:00,NIFTY 50,bearish,195.33,195.12,3250,-692.73,1812.32,-2505.05,pro_LiqSweep+FVG+VWAP,stop_loss_premium_phase3
2023-05-19 11:15:00,2023-05-19 12:45:00,NIFTY 50,bullish,190.81,196.72,3250,19231.28,1813.76,17417.52,pro_LiqSweep+OTE,stop_loss_premium_phase3
2023-05-19 14:15:00,2023-05-19 15:15:00,NIFTY 50,bullish,200.51,229.35,3250,93710.19,2059.93,91650.26,pro_LiqSweep+VP,intraday_square_off
2023-05-22 14:15:00,2023-05-22 15:15:00,NIFTY 50,bearish,155.83,143.47,3250,-40183.08,1371.14,-41554.22,pro_LiqSweep+RSI_Div+VWAP,intraday_square_off
2023-05-23 14:15:00,2023-05-23 14:45:00,NIFTY 50,bearish,153.3,186.11,3250,106633.79,1660.37,104973.42,pro_LiqSweep+OTE+RSI_Div+VWAP,target
2023-05-30 09:45:00,2023-05-30 10:45:00,NIFTY 50,bullish,156.87,156.51,3250,-1168.96,1463.43,-2632.39,pro_LiqSweep+VP,stop_loss_premium_phase2
2023-05-30 11:00:00,2023-05-30 12:30:00,NIFTY 50,bullish,164.56,175.44,3250,35363.33,1610.71,33752.62,pro_LiqSweep+FVG+VP+RSI_Div,stop_loss_premium_phase3
2023-06-06 10:00:00,2023-06-06 11:00:00,NIFTY 50,bullish,112.39,109.79,3250,-8451.17,1045.65,-9496.82,pro_FVG+VP,stop_loss_premium_phase2
2023-06-06 11:30:00,2023-06-06 13:15:00,NIFTY 50,bullish,173.27,180.32,3250,22885.27,1662.97,21222.3,pro_FVG+VP,stop_loss_premium_phase3
2023-06-06 14:15:00,2023-06-06 15:00:00,NIFTY 50,bullish,166.77,191.85,3250,81519.45,1728.8,79790.65,pro_VP+OTE,target
2023-06-16 14:15:00,2023-06-16 14:45:00,NIFTY 50,bullish,178.42,205.9,3250,89313.92,1850.8,87463.12,pro_LiqSweep+VP+RSI_Div,target
2023-06-19 10:30:00,2023-06-19 12:00:00,NIFTY 50,bullish,184.49,180.57,3250,-12724.44,1688.69,-14413.13,pro_LiqSweep+FVG+VP,stop_loss_premium_phase3
2023-06-26 11:30:00,2023-06-26 13:00:00,NIFTY 50,bullish,165.84,171.23,3250,17523.31,1584.32,15938.99,pro_VP+OTE+RSI_Div,stop_loss_premium_phase3
2023-06-27 11:15:00,2023-06-27 12:45:00,NIFTY 50,bullish,185.93,195.53,3250,31198.2,1795.11,29403.09,pro_FVG+VP,stop_loss_premium_phase3
2023-07-07 10:45:00,2023-07-07 12:00:00,NIFTY 50,bullish,198.97,198.42,3250,-1791.2,1842.91,-3634.11,pro_VP+OTE+RSI_Div,stop_loss_premium_phase2
2023-07-10 14:15:00,2023-07-10 15:00:00,NIFTY 50,bearish,163.67,202.26,3250,125397.38,1794.11,123603.27,pro_FVG+OTE+VWAP,target
2023-07-14 10:00:00,2023-07-14 11:30:00,NIFTY 50,bullish,190.79,208.34,3250,57031.47,1894.0,55137.47,pro_FVG+OTE,stop_loss_premium_phase3
2023-07-24 14:15:00,2023-07-24 15:15:00,NIFTY 50,bearish,169.11,199.63,3250,99194.73,1787.55,97407.18,pro_LiqSweep+OTE+VWAP,intraday_square_off
2023-07-28 10:00:00,2023-07-28 11:30:00,NIFTY 50,bullish,206.28,208.63,3250,7645.19,1929.07,5716.12,pro_LiqSweep+OTE+RSI_Div,stop_loss_premium_phase3
2023-07-28 14:15:00,2023-07-28 15:15:00,NIFTY 50,bullish,191.62,216.5,3250,80861.11,1952.18,78908.93,pro_LiqSweep+OTE+RSI_Div,intraday_square_off
2023-07-31 09:45:00,2023-07-31 11:15:00,NIFTY 50,bullish,194.94,215.69,3250,67443.27,1953.65,65489.62,pro_LiqSweep+VP,stop_loss_premium_phase3
2023-07-31 11:30:00,2023-07-31 13:00:00,NIFTY 50,bullish,204.96,204.48,3250,-1562.45,1897.56,-3460.01,pro_LiqSweep+VP,stop_loss_premium_phase3
2023-08-02 09:30:00,2023-08-02 09:45:00,NIFTY 50,bearish,203.13,146.78,2470,-139172.75,1147.45,-140320.2,pro_FVG+OTE+RSI_Div+VWAP,target
2023-08-08 11:30:00,2023-08-08 13:00:00,NIFTY 50,bearish,161.61,161.14,3250,-1521.67,1505.55,-3027.22,pro_LiqSweep+VP+VWAP,stop_loss_premium_phase3
2023-08-21 09:45:00,2023-08-21 11:30:00,NIFTY 50,bullish,198.34,226.81,3250,92511.7,2037.75,90473.95,pro_FVG+VP,stop_loss_premium_phase3
2023-08-22 10:00:00,2023-08-22 11:30:00,NIFTY 50,bearish,161.45,157.72,3250,-12118.58,1481.63,-13600.21,pro_LiqSweep+RSI_Div+VWAP,stop_loss_premium_phase3
2023-08-28 11:30:00,2023-08-28 13:00:00,NIFTY 50,bearish,158.38,158.01,3250,-1206.07,1477.02,-2683.09,pro_LiqSweep+FVG+VWAP,stop_loss_premium_phase3
2023-09-15 09:45:00,2023-09-15 11:15:00,NIFTY 50,bullish,202.8,220.97,3250,59053.51,2006.89,57046.62,pro_LiqSweep+FVG+VP+RSI_Div,stop_loss_premium_phase3
2023-09-18 09:45:00,2023-09-18 11:15:00,NIFTY 50,bearish,145.06,152.24,3250,23322.35,1408.76,21913.59,pro_LiqSweep+FVG+RSI_Div+VWAP,stop_loss_premium_phase3
2023-09-25 14:15:00,2023-09-25 14:45:00,NIFTY 50,bullish,175.86,217.14,3250,134171.15,1922.97,132248.18,pro_FVG+OTE,target
2023-09-26 14:15:00,2023-09-26 15:15:00,NIFTY 50,bullish,189.79,177.39,3250,-40293.1,1677.96,-41971.06,pro_LiqSweep+VP,intraday_square_off
2023-09-29 10:15:00,2023-09-29 11:30:00,NIFTY 50,bearish,189.74,189.22,3250,-1690.44,1759.66,-3450.1,pro_LiqSweep+OTE+VWAP,stop_loss_premium_phase2
2023-10-03 09:45:00,2023-10-03 11:15:00,NIFTY 50,bearish,187.91,187.46,3250,-1454.96,1743.56,-3198.52,pro_LiqSweep+RSI_Div+VWAP,stop_loss_premium_phase3
2023-10-03 11:30:00,2023-10-03 13:00:00,NIFTY 50,bearish,191.44,192.91,3250,4781.45,1788.77,2992.68,pro_LiqSweep+FVG+VWAP,stop_loss_premium_phase3
2023-10-04 09:30:00,2023-10-04 09:45:00,NIFTY 50,bearish,288.85,217.0,2015,-144786.54,1359.02,-146145.56,pro_LiqSweep+FVG+RSI_Div+VWAP,target
2023-10-09 14:15:00,2023-10-09 15:15:00,NIFTY 50,bullish,190.41,175.85,3250,-47331.07,1668.68,-48999.75,pro_FVG+VP+OTE+RSI_Div,intraday_square_off
2023-10-16 10:45:00,2023-10-16 12:15:00,NIFTY 50,bearish,158.92,158.55,3250,-1188.29,1481.97,-2670.26,pro_FVG+OTE+VWAP,stop_loss_premium_phase3
2023-10-30 14:15:00,2023-10-30 15:15:00,NIFTY 50,bullish,193.15,214.42,3250,69146.31,1941.08,67205.23,pro_VP+RSI_Div,intraday_square_off
2023-10-31 10:00:00,2023-10-31 11:30:00,NIFTY 50,bearish,147.58,157.33,3250,31697.14,1449.3,30247.84,pro_LiqSweep+RSI_Div+VWAP,stop_loss_premium_phase3
2023-11-03 14:15:00,2023-11-03 14:45:00,NIFTY 50,bearish,163.53,189.61,3250,84762.99,1706.46,83056.53,pro_LiqSweep+RSI_Div+VWAP,target
2023-11-07 09:45:00,2023-11-07 11:30:00,NIFTY 50,bullish,182.47,205.5,3250,74875.16,1856.65,73018.51,pro_LiqSweep+VP,stop_loss_premium_phase3
2023-11-07 14:15:00,2023-11-07 15:15:00,NIFTY 50,bullish,168.15,175.54,3250,24026.27,1619.03,22407.24,pro_LiqSweep+VP,intraday_square_off
2023-11-20 10:30:00,2023-11-20 11:30:00,NIFTY 50,bullish,184.09,183.56,3250,-1738.4,1708.46,-3446.86,pro_LiqSweep+VP+RSI_Div,stop_loss_premium_phase2
2023-11-21 11:30:00,2023-11-21 12:30:00,NIFTY 50,bearish,172.75,172.69,3250,-222.99,1609.13,-1832.12,pro_LiqSweep+FVG+VWAP,stop_loss_premium_phase2
2023-11-22 09:30:00,2023-11-22 11:00:00,NIFTY 50,bearish,163.73,163.34,3250,-1282.41,1525.31,-2807.72,pro_LiqSweep+FVG+VWAP,stop_loss_premium_phase3
2023-11-28 09:45:00,2023-11-28 11:15:00,NIFTY 50,bullish,189.36,188.87,3250,-1601.67,1756.42,-3358.09,pro_LiqSweep+VP,stop_loss_premium_phase3
2023-11-28 11:30:00,2023-11-28 13:00:00,NIFTY 50,bullish,181.96,191.59,3250,31283.56,1759.42,29524.14,pro_LiqSweep+VP,stop_loss_premium_phase3
2023-12-01 14:15:00,2023-12-01 15:15:00,NIFTY 50,bearish,152.2,151.24,3250,-3095.12,1417.09,-4512.21,pro_LiqSweep+RSI_Div+VWAP,intraday_square_off
2023-12-08 11:15:00,2023-12-08 12:45:00,NIFTY 50,bullish,169.35,169.88,3250,1723.62,1582.45,141.17,pro_FVG+VP,stop_loss_premium_phase3
2023-12-19 09:45:00,2023-12-19 11:15:00,NIFTY 50,bearish,143.95,143.61,3250,-1097.7,1346.74,-2444.44,pro_LiqSweep+RSI_Div+VWAP,stop_loss_premium_phase3
2023-12-19 11:30:00,2023-12-19 12:30:00,NIFTY 50,bearish,169.49,166.5,3250,-9728.43,1559.39,-11287.82,pro_LiqSweep+FVG+VWAP,stop_loss_premium_phase2
2023-12-26 09:45:00,2023-12-26 10:45:00,NIFTY 50,bearish,187.25,184.41,3250,-9223.7,1721.07,-10944.77,pro_LiqSweep+RSI_Div+VWAP,stop_loss_premium_phase2
2023-12-27 09:30:00,2023-12-27 10:30:00,NIFTY 50,bearish,59.07,58.39,3250,-2217.0,576.72,-2793.72,pro_LiqSweep+RSI_Div+VWAP,stop_loss_premium_phase2
2023-12-29 09:45:00,2023-12-29 11:15:00,NIFTY 50,bullish,191.96,191.5,3250,-1483.45,1780.12,-3263.57,pro_LiqSweep+VP,stop_loss_premium_phase3
2023-12-29 11:30:00,2023-12-29 13:00:00,NIFTY 50,bullish,198.68,198.98,3250,960.33,1846.16,-885.83,pro_LiqSweep+VP,stop_loss_premium_phase3
2024-01-01 09:45:00,2024-01-01 11:30:00,NIFTY 50,bullish,195.24,205.36,3250,32873.81,1882.87,30990.94,pro_LiqSweep+FVG+VP+OTE,stop_loss_premium_phase3
2024-01-05 09:45:00,2024-01-05 10:45:00,NIFTY 50,bullish,180.94,180.42,3250,-1694.61,1680.01,-3374.62,pro_FVG+VP,stop_loss_premium_phase2
2024-01-05 11:00:00,2024-01-05 12:30:00,NIFTY 50,bullish,188.18,187.74,3250,-1438.92,1746.05,-3184.97,pro_FVG+VP,stop_loss_premium_phase3
2024-01-29 09:45:00,2024-01-29 11:15:00,NIFTY 50,bullish,202.88,227.95,3250,81497.07,2055.33,79441.74,pro_FVG+VP+RSI_Div,stop_loss_premium_phase3
2024-01-30 10:00:00,2024-01-30 11:30:00,NIFTY 50,bearish,202.92,254.68,3250,168200.4,2240.1,165960.3,pro_LiqSweep+OTE+RSI_Div+VWAP,stop_loss_premium_phase3
2024-02-06 14:15:00,2024-02-06 15:15:00,NIFTY 50,bullish,196.54,201.7,3250,16780.98,1860.38,14920.6,pro_FVG+VP,intraday_square_off
2024-02-09 10:00:00,2024-02-09 11:00:00,NIFTY 50,bullish,195.23,192.99,3250,-7274.67,1797.39,-9072.06,pro_LiqSweep+RSI_Div,stop_loss_premium_phase2
2024-02-09 11:15:00,2024-02-09 12:45:00,NIFTY 50,bullish,201.81,233.13,3250,101780.43,2088.84,99691.59,pro_LiqSweep+OTE,stop_loss_premium_phase3
2024-02-09 14:15:00,2024-02-09 15:15:00,NIFTY 50,bullish,198.13,205.92,3250,25317.83,1892.97,23424.86,pro_LiqSweep+VP,intraday_square_off
2024-02-12 09:45:00,2024-02-12 10:15:00,NIFTY 50,bearish,196.9,260.01,3250,205106.91,2264.09,202842.82,pro_LiqSweep+RSI_Div+VWAP,target
2024-02-13 10:00:00,2024-02-13 11:30:00,NIFTY 50,bullish,193.69,212.77,3250,62011.43,1930.8,60080.63,pro_LiqSweep+VP,stop_loss_premium_phase3
2024-02-16 14:15:00,2024-02-16 15:15:00,NIFTY 50,bearish,177.94,189.25,3250,36749.38,1734.65,35014.73,pro_OTE+RSI_Div+VWAP,intraday_square_off
2024-02-27 09:45:00,2024-02-27 11:15:00,NIFTY 50,bullish,157.34,156.97,3250,-1221.46,1467.65,-2689.11,pro_VP+RSI_Div,stop_loss_premium_phase3
2024-03-01 10:15:00,2024-03-01 12:00:00,NIFTY 50,bullish,217.83,257.02,3250,127381.07,2288.15,125092.92,pro_LiqSweep+VP,stop_loss_premium_phase3
2024-03-11 10:30:00,2024-03-11 11:45:00,NIFTY 50,bullish,197.92,197.46,3250,-1508.78,1834.04,-3342.82,pro_VP+OTE+RSI_Div,stop_loss_premium_phase2
2024-03-12 11:15:00,2024-03-12 12:45:00,NIFTY 50,bearish,207.47,206.98,3250,-1617.32,1920.18,-3537.5,pro_LiqSweep+FVG+VWAP,stop_loss_premium_phase3
2024-03-22 10:00:00,2024-03-22 11:45:00,NIFTY 50,bullish,208.89,238.53,3250,96332.8,2141.22,94191.58,pro_LiqSweep+VP+RSI_Div,stop_loss_premium_phase3
2024-04-01 10:15:00,2024-04-01 11:45:00,NIFTY 50,bearish,198.0,211.61,3250,44215.96,1931.99,42283.97,pro_LiqSweep+RSI_Div+VWAP,stop_loss_premium_phase3
2024-04-02 09:45:00,2024-04-02 11:00:00,NIFTY 50,bullish,120.1,119.78,3250,-1032.57,1131.2,-2163.77,pro_LiqSweep+VP+RSI_Div,stop_loss_premium_phase2
2024-04-02 11:15:00,2024-04-02 12:45:00,NIFTY 50,bullish,167.99,174.74,3250,21938.74,1613.18,20325.56,pro_LiqSweep+FVG+VP+RSI_Div,stop_loss_premium_phase3
2024-04-02 14:15:00,2024-04-02 15:15:00,NIFTY 50,bullish,185.5,209.75,3250,78799.43,1892.45,76906.98,pro_LiqSweep+FVG+VP+OTE+RSI_Div,intraday_square_off
2024-04-16 14:15:00,2024-04-16 15:15:00,NIFTY 50,bullish,166.9,195.89,3250,94220.82,1756.99,92463.83,pro_VP+RSI_Div,intraday_square_off
2024-04-22 09:30:00,2024-04-22 09:45:00,NIFTY 50,bullish,260.32,265.82,3250,17889.13,2439.58,15449.55,pro_FVG+VP,target
2024-04-23 09:45:00,2024-04-23 11:15:00,NIFTY 50,bearish,163.07,162.68,3250,-1253.6,1519.33,-2772.93,pro_OTE+RSI_Div+VWAP,stop_loss_premium_phase3
2024-04-29 09:45:00,2024-04-29 11:45:00,NIFTY 50,bullish,206.51,275.63,3250,224626.17,2392.58,222233.59,pro_FVG+VP,target
2024-04-30 11:00:00,2024-04-30 12:30:00,NIFTY 50,bearish,174.16,173.76,3250,-1302.55,1619.55,-2922.1,pro_LiqSweep+RSI_Div+VWAP,stop_loss_premium_phase3
2024-05-10 10:30:00,2024-05-10 11:45:00,NIFTY 50,bullish,204.96,204.76,3250,-643.69,1899.48,-2543.17,pro_FVG+RSI_Div,stop_loss_premium_phase2
2024-05-13 09:30:00,2024-05-13 11:00:00,NIFTY 50,bullish,151.63,161.27,3250,31318.77,1485.18,29833.59,pro_FVG+OTE,stop_loss_premium_phase3
2024-05-13 14:15:00,2024-05-13 15:15:00,NIFTY 50,bullish,210.12,207.9,3250,-7195.12,1932.21,-9127.33,pro_VP+RSI_Div,intraday_square_off
2024-05-14 10:15:00,2024-05-14 11:45:00,NIFTY 50,bearish,213.46,212.87,3250,-1914.17,1973.68,-3887.85,pro_OTE+RSI_Div+VWAP,stop_loss_premium_phase3
2024-05-17 09:45:00,2024-05-17 11:15:00,NIFTY 50,bullish,213.89,235.34,3250,69700.81,2129.89,67570.92,pro_FVG+VP,stop_loss_premium_phase3
2024-05-18 09:45:00,2024-05-21 09:45:00,NIFTY 50,bullish,170.91,184.59,3250,44458.39,1687.46,42770.93,pro_LiqSweep+FVG+VP,stop_loss_premium_phase3
2024-05-24 10:30:00,2024-05-24 12:00:00,NIFTY 50,bearish,205.9,205.67,3250,-767.09,1907.79,-2674.88,pro_OTE+RSI_Div+VWAP,stop_loss_premium_phase3
2024-05-27 11:00:00,2024-05-27 12:00:00,NIFTY 50,bearish,199.46,199.22,3250,-765.4,1849.51,-2614.91,pro_LiqSweep+OTE+VWAP,stop_loss_premium_phase2
2024-05-31 10:00:00,2024-05-31 11:30:00,NIFTY 50,bullish,200.16,199.64,3250,-1683.82,1853.88,-3537.7,pro_FVG+VP,stop_loss_premium_phase3
2024-05-31 14:15:00,2024-05-31 15:15:00,NIFTY 50,bullish,193.73,192.82,3250,-2980.43,1793.0,-4773.43,pro_VP+RSI_Div,intraday_square_off
2024-06-07 14:15:00,2024-06-07 15:15:00,NIFTY 50,bearish,195.62,181.12,3250,-47117.11,1716.22,-48833.33,pro_LiqSweep+FVG+RSI_Div+VWAP,intraday_square_off
2024-06-12 09:30:00,2024-06-12 10:30:00,NIFTY 50,bearish,161.38,160.42,3250,-3121.97,1500.14,-4622.11,pro_FVG+OTE+VWAP,stop_loss_premium_phase2
2024-06-14 11:30:00,2024-06-14 13:00:00,NIFTY 50,bullish,209.61,209.12,3250,-1610.23,1939.55,-3549.78,pro_FVG+VP,stop_loss_premium_phase3
2024-06-21 11:00:00,2024-06-21 12:30:00,NIFTY 50,bearish,194.59,194.33,3250,-859.55,1805.27,-2664.82,pro_LiqSweep+FVG+VWAP,stop_loss_premium_phase3
2024-06-24 10:00:00,2024-06-24 11:30:00,NIFTY 50,bullish,196.01,228.99,3250,107184.75,2047.88,105136.87,pro_LiqSweep+OTE+RSI_Div,stop_loss_premium_phase3
2024-06-25 09:45:00,2024-06-25 11:15:00,NIFTY 50,bullish,178.24,197.68,3250,63194.48,1793.6,61400.88,pro_LiqSweep+VP,stop_loss_premium_phase3
2024-06-25 11:30:00,2024-06-25 13:00:00,NIFTY 50,bullish,196.07,270.83,3250,242987.53,2337.14,240650.39,pro_LiqSweep+FVG+VP,target
2024-06-25 14:15:00,2024-06-25 15:15:00,NIFTY 50,bullish,173.0,203.64,3250,99586.94,1823.6,97763.34,pro_LiqSweep+VP,intraday_square_off
2024-07-08 09:45:00,2024-07-08 11:15:00,NIFTY 50,bullish,198.22,213.2,3250,48693.54,1943.47,46750.07,pro_LiqSweep+FVG+VP,stop_loss_premium_phase3
2024-07-08 11:30:00,2024-07-08 13:00:00,NIFTY 50,bullish,199.66,210.09,3250,33898.01,1925.0,31973.01,pro_LiqSweep+FVG+VP,stop_loss_premium_phase3
2024-07-08 14:15:00,2024-07-08 15:15:00,NIFTY 50,bullish,184.35,186.15,3250,5847.49,1726.91,4120.58,pro_LiqSweep+FVG+VP,intraday_square_off
2024-07-09 09:45:00,2024-07-09 11:30:00,NIFTY 50,bullish,196.83,209.6,3250,41490.38,1915.57,39574.81,pro_LiqSweep+VP,stop_loss_premium_phase3
2024-07-15 09:45:00,2024-07-15 10:45:00,NIFTY 50,bearish,191.11,190.89,3250,-696.01,1774.1,-2470.11,pro_LiqSweep+RSI_Div+VWAP,stop_loss_premium_phase2
2024-07-15 11:15:00,2024-07-15 12:45:00,NIFTY 50,bearish,204.36,205.54,3250,3832.65,1903.6,1929.05,pro_LiqSweep+RSI_Div+VWAP,stop_loss_premium_phase3
2024-07-15 14:15:00,2024-07-15 15:15:00,NIFTY 50,bearish,178.02,198.89,3250,67834.63,1801.44,66033.19,pro_LiqSweep+OTE+VWAP,intraday_square_off
2024-07-19 09:45:00,2024-07-19 11:15:00,NIFTY 50,bearish,196.97,223.38,3250,85823.39,2011.15,83812.24,pro_LiqSweep+OTE+VWAP,stop_loss_premium_phase3
2024-07-26 11:30:00,2024-07-26 12:45:00,NIFTY 50,bullish,187.38,245.32,3250,188313.35,2142.29,186171.06,pro_FVG+VP,target
2024-07-30 14:15:00,2024-07-30 15:00:00,NIFTY 50,bearish,182.27,256.24,3250,240416.33,2206.88,238209.45,pro_LiqSweep+FVG+OTE+RSI_Div+VWAP,target
2024-08-06 11:00:00,2024-08-06 12:45:00,NIFTY 50,bearish,210.79,229.53,3250,60913.38,2083.09,58830.29,pro_FVG+OTE+VWAP,stop_loss_premium_phase3
2024-08-12 10:45:00,2024-08-12 12:15:00,NIFTY 50,bearish,192.33,191.79,3250,-1743.39,1782.93,-3526.32,pro_FVG+OTE+VWAP,stop_loss_premium_phase3
2024-08-13 09:30:00,2024-08-13 09:45:00,NIFTY 50,bearish,241.18,230.49,3250,-34743.25,2154.57,-36897.82,pro_LiqSweep+OTE+VWAP,target
2024-08-20 09:45:00,2024-08-20 11:15:00,NIFTY 50,bullish,194.68,203.76,3250,29491.01,1870.63,27620.38,pro_LiqSweep+VP,stop_loss_premium_phase3
2024-08-20 11:30:00,2024-08-20 13:00:00,NIFTY 50,bullish,188.27,203.44,3250,49303.95,1854.8,47449.15,pro_LiqSweep+VP,stop_loss_premium_phase3
2024-08-21 09:30:00,2024-08-21 11:00:00,NIFTY 50,bullish,159.91,194.46,3250,112291.19,1732.19,110559.0,pro_LiqSweep+VP,stop_loss_premium_phase3
2024-08-27 10:00:00,2024-08-27 11:15:00,NIFTY 50,bearish,182.45,182.02,3250,-1399.39,1694.34,-3093.73,pro_LiqSweep+OTE+RSI_Div+VWAP,stop_loss_premium_phase2
2024-08-28 09:30:00,2024-08-28 09:45:00,NIFTY 50,bearish,194.45,197.9,3250,11191.65,1829.65,9362.0,pro_LiqSweep+OTE+VWAP,target
2024-09-03 10:45:00,2024-09-03 12:15:00,NIFTY 50,bullish,189.92,189.43,3250,-1594.04,1761.46,-3355.5,pro_VP+OTE+RSI_Div,stop_loss_premium_phase3
2024-09-09 11:00:00,2024-09-09 12:30:00,NIFTY 50,bullish,191.69,191.15,3250,-1728.09,1777.15,-3505.24,pro_FVG+VP,stop_loss_premium_phase3
2024-09-13 14:15:00,2024-09-13 15:15:00,NIFTY 50,bearish,195.44,205.35,3250,32204.33,1883.28,30321.05,pro_LiqSweep+OTE+VWAP,intraday_square_off
2024-09-16 11:15:00,2024-09-16 12:45:00,NIFTY 50,bearish,187.05,209.19,3250,71947.41,1891.89,70055.52,pro_LiqSweep+RSI_Div+VWAP,stop_loss_premium_phase3
2024-09-23 09:45:00,2024-09-23 11:15:00,NIFTY 50,bullish,228.59,228.28,3250,-1028.6,2112.43,-3141.03,pro_FVG+VP,stop_loss_premium_phase3
2024-09-23 11:30:00,2024-09-23 13:00:00,NIFTY 50,bullish,213.46,216.89,3250,11152.16,2001.46,9150.7,pro_FVG+VP,stop_loss_premium_phase3
2024-09-23 14:15:00,2024-09-23 15:15:00,NIFTY 50,bullish,203.37,209.31,3250,19275.47,1927.53,17347.94,pro_LiqSweep+VP,intraday_square_off
2024-09-24 09:45:00,2024-09-24 11:15:00,NIFTY 50,bullish,185.65,185.21,3250,-1435.62,1723.18,-3158.8,pro_LiqSweep+VP,stop_loss_premium_phase3
2024-09-24 11:30:00,2024-09-24 13:00:00,NIFTY 50,bearish,181.48,181.04,3250,-1415.9,1685.48,-3101.38,pro_LiqSweep+RSI_Div+VWAP,stop_loss_premium_phase3
2024-09-27 09:45:00,2024-09-27 11:15:00,NIFTY 50,bullish,207.8,211.99,3250,13643.96,1955.54,11688.42,pro_LiqSweep+VP,stop_loss_premium_phase3
2024-09-27 11:30:00,2024-09-27 13:00:00,NIFTY 50,bullish,194.65,201.4,3250,21953.12,1854.27,20098.85,pro_LiqSweep+VP,stop_loss_premium_phase3
2024-10-01 09:45:00,2024-10-01 10:45:00,NIFTY 50,bullish,172.32,172.16,3250,-512.68,1604.61,-2117.29,pro_VP+RSI_Div,stop_loss_premium_phase2
2024-10-04 10:15:00,2024-10-04 10:45:00,NIFTY 50,bullish,215.6,280.46,3250,210808.44,2445.36,208363.08,pro_LiqSweep+OTE+RSI_Div,target
2024-10-04 11:30:00,2024-10-04 12:15:00,NIFTY 50,bullish,213.77,279.7,3250,214278.29,2436.19,211842.1,pro_LiqSweep+VP,target
2024-10-07 09:45:00,2024-10-07 10:45:00,NIFTY 50,bullish,202.83,202.25,3250,-1858.78,1877.62,-3736.4,pro_LiqSweep+FVG,stop_loss_premium_phase2
2024-10-08 14:15:00,2024-10-08 15:15:00,NIFTY 50,bullish,199.91,182.99,3250,-54984.01,1738.28,-56722.29,pro_LiqSweep+VP,intraday_square_off
2024-10-11 10:00:00,2024-10-11 11:00:00,NIFTY 50,bullish,208.27,208.06,3250,-693.45,1929.36,-2622.81,pro_VP+RSI_Div,stop_loss_premium_phase2
2024-10-11 11:15:00,2024-10-11 12:45:00,NIFTY 50,bullish,193.14,207.93,3250,48070.55,1896.2,46174.35,pro_VP+RSI_Div,stop_loss_premium_phase3
2024-10-14 10:00:00,2024-10-14 11:30:00,NIFTY 50,bullish,195.11,205.17,3250,32697.01,1881.35,30815.66,pro_FVG+VP,stop_loss_premium_phase3
2024-10-21 10:15:00,2024-10-21 12:15:00,NIFTY 50,bearish,216.15,247.54,3250,102039.9,2219.03,99820.87,pro_LiqSweep+FVG+VWAP,stop_loss_premium_phase3
2024-10-22 09:30:00,2024-10-22 10:00:00,NIFTY 50,bearish,199.73,242.8,3250,139991.67,2151.24,137840.43,pro_FVG+OTE+VWAP,target
2024-10-22 11:00:00,2024-10-22 13:15:00,NIFTY 50,bearish,209.64,288.55,3250,256461.75,2488.54,253973.21,pro_FVG+RSI_Div+VWAP,target
2024-10-25 14:15:00,2024-10-25 15:00:00,NIFTY 50,bullish,206.34,257.21,3250,165339.36,2264.94,163074.42,pro_LiqSweep+RSI_Div,target
2024-10-28 09:45:00,2024-10-28 10:15:00,NIFTY 50,bullish,190.81,246.1,3250,179714.27,2155.01,177559.26,pro_LiqSweep+OTE+RSI_Div,target
2024-10-28 10:30:00,2024-10-28 12:00:00,NIFTY 50,bullish,197.73,197.27,3250,-1504.37,1832.29,-3336.66,pro_LiqSweep+VP,stop_loss_premium_phase3
2024-10-29 11:30:00,2024-10-29 13:15:00,NIFTY 50,bullish,190.53,235.49,3250,146145.54,2081.1,144064.44,pro_LiqSweep+RSI_Div,stop_loss_premium_phase3
2024-10-29 14:15:00,2024-10-29 15:15:00,NIFTY 50,bullish,190.61,227.52,3250,119954.02,2026.19,117927.83,pro_LiqSweep+VP+RSI_Div,intraday_square_off
2024-11-08 10:15:00,2024-11-08 12:15:00,NIFTY 50,bearish,197.81,228.46,3250,99589.1,2048.01,97541.09,pro_OTE+RSI_Div+VWAP,stop_loss_premium_phase3
2024-11-11 09:45:00,2024-11-11 10:30:00,NIFTY 50,bullish,209.31,264.52,3250,179410.5,2321.75,177088.75,pro_VP+RSI_Div,target
2024-11-11 11:30:00,2024-11-11 12:30:00,NIFTY 50,bullish,191.34,187.85,3250,-11337.87,1753.59,-13091.46,pro_FVG+VP,stop_loss_premium_phase2
2024-11-11 14:15:00,2024-11-11 15:15:00,NIFTY 50,bullish,198.19,209.37,3250,36325.11,1916.9,34408.21,pro_FVG+OTE,intraday_square_off
2024-11-18 11:00:00,2024-11-18 12:15:00,NIFTY 50,bullish,210.58,276.19,3250,213218.51,2405.13,210813.38,pro_LiqSweep+OTE,target
2024-11-19 09:30:00,2024-11-19 09:45:00,NIFTY 50,bullish,339.75,276.84,2405,-151295.06,1999.31,-153294.37,pro_LiqSweep+FVG,target
2024-11-19 14:15:00,2024-11-19 14:45:00,NIFTY 50,bearish,157.07,201.23,3250,143503.2,1772.9,141730.3,pro_OTE+RSI_Div+VWAP,target
2024-12-09 11:30:00,2024-12-09 12:30:00,NIFTY 50,bullish,200.63,200.43,3250,-654.16,1860.31,-2514.47,pro_LiqSweep+VP,stop_loss_premium_phase2
2024-12-09 14:15:00,2024-12-09 15:15:00,NIFTY 50,bullish,168.44,174.0,3250,18063.73,1609.03,16454.7,pro_VP+OTE,intraday_square_off
2024-12-10 09:45:00,2024-12-10 10:45:00,NIFTY 50,bullish,177.86,177.72,3250,-476.45,1654.81,-2131.26,pro_LiqSweep+VP,stop_loss_premium_phase2
2024-12-10 11:00:00,2024-12-10 12:15:00,NIFTY 50,bullish,175.96,175.46,3250,-1617.74,1635.13,-3252.87,pro_LiqSweep+VP+RSI_Div,stop_loss_premium_phase2
2024-12-10 14:15:00,2024-12-10 15:15:00,NIFTY 50,bullish,171.33,210.91,3250,128664.27,1870.27,126794.0,pro_LiqSweep+FVG,intraday_square_off
2024-12-13 14:15:00,2024-12-13 15:15:00,NIFTY 50,bullish,233.84,237.74,3250,12672.55,2189.04,10483.51,pro_FVG+VP,intraday_square_off
2024-12-17 10:15:00,2024-12-17 11:15:00,NIFTY 50,bearish,163.18,162.7,3250,-1559.01,1519.73,-3078.74,pro_LiqSweep+FVG+VWAP,stop_loss_premium_phase2
2024-12-24 09:45:00,2024-12-24 11:15:00,NIFTY 50,bearish,197.58,194.29,3250,-10683.87,1811.39,-12495.26,pro_LiqSweep+RSI_Div+VWAP,stop_loss_premium_phase3
2024-12-30 11:30:00,2024-12-30 12:30:00,NIFTY 50,bullish,211.31,210.82,3250,-1619.37,1954.9,-3574.27,pro_LiqSweep+VP,stop_loss_premium_phase2
2025-01-03 10:45:00,2025-01-03 11:15:00,NIFTY 50,bullish,187.78,239.53,3250,168172.28,2103.13,166069.15,pro_FVG+OTE,target
2025-01-06 09:45:00,2025-01-06 10:45:00,NIFTY 50,bearish,185.77,240.18,3250,176839.51,2103.31,174736.2,pro_LiqSweep+VP+VWAP,target
2025-01-06 11:30:00,2025-01-06 13:00:00,NIFTY 50,bearish,206.43,215.63,3250,29899.52,1977.77,27921.75,pro_LiqSweep+FVG+VWAP,stop_loss_premium_phase3
2025-01-10 11:15:00,2025-01-10 12:45:00,NIFTY 50,bullish,197.07,196.53,3250,-1774.17,1825.76,-3599.93,pro_LiqSweep+VP,stop_loss_premium_phase3
2025-01-20 10:00:00,2025-01-20 11:15:00,NIFTY 50,bearish,190.25,186.65,3250,-11692.81,1742.94,-13435.75,pro_LiqSweep+RSI_Div+VWAP,stop_loss_premium_phase2
2025-01-24 09:45:00,2025-01-24 10:15:00,NIFTY 50,bullish,197.05,241.44,3250,144271.73,2136.09,142135.64,pro_LiqSweep+VP,target
2025-01-28 14:15:00,2025-01-28 14:45:00,NIFTY 50,bearish,190.8,266.95,3250,247507.56,2299.09,245208.47,pro_LiqSweep+FVG+RSI_Div+VWAP,target
2025-02-07 09:45:00,2025-02-07 11:15:00,NIFTY 50,bullish,180.39,233.24,3250,171765.45,2043.93,169721.52,pro_LiqSweep+VP,target
2025-02-07 11:30:00,2025-02-07 12:30:00,NIFTY 50,bullish,204.51,204.32,3250,-623.87,1895.48,-2519.35,pro_LiqSweep+VP,stop_loss_premium_phase2
2025-02-11 09:30:00,2025-02-11 10:30:00,NIFTY 50,bullish,162.73,160.75,3250,-6424.9,1505.27,-7930.17,pro_LiqSweep+RSI_Div,stop_loss_premium_phase2
2025-02-17 11:00:00,2025-02-17 12:30:00,NIFTY 50,bullish,210.86,238.87,3250,91036.98,2147.78,88889.2,pro_FVG+VP,stop_loss_premium_phase3
2025-02-17 14:15:00,2025-02-17 15:15:00,NIFTY 50,bullish,190.75,220.15,3250,95555.63,1975.54,93580.09,pro_LiqSweep+VP,intraday_square_off
2025-02-18 10:00:00,2025-02-18 11:00:00,NIFTY 50,bullish,205.52,205.31,3250,-703.27,1904.48,-2607.75,pro_LiqSweep+VP,stop_loss_premium_phase2
2025-03-03 10:30:00,2025-03-03 12:00:00,NIFTY 50,bearish,205.0,218.41,3250,43596.15,1993.95,41602.2,pro_LiqSweep+FVG+VWAP,stop_loss_premium_phase3
2025-03-07 09:45:00,2025-03-07 11:30:00,NIFTY 50,bullish,211.6,247.29,3250,115981.99,2207.58,113774.41,pro_LiqSweep+VP,stop_loss_premium_phase3
2025-03-07 14:15:00,2025-03-07 15:15:00,NIFTY 50,bullish,198.99,186.72,3250,-39890.97,1762.07,-41653.04,pro_LiqSweep+VP,intraday_square_off
2025-03-11 09:30:00,2025-03-11 09:45:00,NIFTY 50,bearish,240.34,216.15,3250,-78602.97,2053.72,-80656.69,pro_VP+RSI_Div+VWAP,target
2025-03-17 09:45:00,2025-03-17 10:45:00,NIFTY 50,bullish,183.49,183.34,3250,-476.98,1705.65,-2182.63,pro_VP+RSI_Div,stop_loss_premium_phase2
2025-03-17 14:15:00,2025-03-17 15:15:00,NIFTY 50,bullish,175.17,179.44,3250,13893.82,1660.97,12232.85,pro_LiqSweep+FVG+VP,intraday_square_off
2025-03-25 10:15:00,2025-03-25 10:30:00,NIFTY 50,bearish,184.57,245.12,3250,196810.68,2134.94,194675.74,pro_OTE+RSI_Div+VWAP,target
2025-03-28 09:45:00,2025-03-28 10:45:00,NIFTY 50,bearish,164.1,163.65,3250,-1485.13,1528.22,-3013.35,pro_LiqSweep+RSI_Div+VWAP,stop_loss_premium_phase2
2025-03-28 14:15:00,2025-03-28 15:15:00,NIFTY 50,bullish,187.46,168.09,3250,-62937.51,1608.74,-64546.25,pro_LiqSweep+OTE+RSI_Div,intraday_square_off
2025-04-01 10:00:00,2025-04-01 11:00:00,NIFTY 50,bullish,194.42,194.16,3250,-852.57,1803.73,-2656.3,pro_LiqSweep+VP+RSI_Div,stop_loss_premium_phase2
2025-04-22 10:00:00,2025-04-22 11:30:00,NIFTY 50,bearish,174.18,173.76,3250,-1339.69,1619.62,-2959.31,pro_OTE+RSI_Div+VWAP,stop_loss_premium_phase3
2025-04-22 14:15:00,2025-04-22 15:15:00,NIFTY 50,bearish,180.19,197.86,3250,57405.52,1798.95,55606.57,pro_LiqSweep+OTE+VWAP,intraday_square_off
2025-05-02 10:30:00,2025-05-02 11:30:00,NIFTY 50,bullish,218.53,218.31,3250,-737.89,2022.08,-2759.97,pro_FVG+VP,stop_loss_premium_phase2
2025-05-06 10:00:00,2025-05-06 11:30:00,NIFTY 50,bearish,181.73,192.76,3250,35830.46,1767.01,34063.45,pro_LiqSweep+RSI_Div+VWAP,stop_loss_premium_phase3
2025-05-12 09:30:00,2025-05-12 09:45:00,NIFTY 50,bullish,578.19,263.82,975,-306511.18,964.19,-307475.37,pro_LiqSweep+RSI_Div,target
2025-05-13 10:30:00,2025-05-13 11:30:00,NIFTY 50,bearish,201.0,200.42,3250,-1895.2,1861.07,-3756.27,pro_VP+RSI_Div+VWAP,stop_loss_premium_phase2
2025-05-26 10:30:00,2025-05-26 12:00:00,NIFTY 50,bullish,197.59,213.93,3250,53091.65,1947.14,51144.51,pro_FVG+VP,stop_loss_premium_phase3
2025-05-26 14:15:00,2025-05-26 15:15:00,NIFTY 50,bullish,202.59,215.9,3250,43254.59,1971.4,41283.19,pro_LiqSweep+VP,intraday_square_off
2025-06-17 09:45:00,2025-06-17 11:15:00,NIFTY 50,bearish,187.17,190.22,3250,9912.78,1761.06,8151.72,pro_LiqSweep+RSI_Div+VWAP,stop_loss_premium_phase3
2025-06-20 09:45:00,2025-06-20 10:15:00,NIFTY 50,bullish,213.94,277.62,3250,206972.89,2422.2,204550.69,pro_LiqSweep+VP,target
2025-06-20 10:30:00,2025-06-20 12:00:00,NIFTY 50,bullish,206.0,222.46,3250,53511.43,2024.06,51487.37,pro_LiqSweep+VP,stop_loss_premium_phase3
2025-07-01 10:00:00,2025-07-01 11:30:00,NIFTY 50,bullish,196.88,196.37,3250,-1665.99,1824.26,-3490.25,pro_FVG+VP,stop_loss_premium_phase3
2025-07-01 14:15:00,2025-07-01 15:15:00,NIFTY 50,bullish,182.41,183.47,3250,3436.11,1704.25,1731.86,pro_LiqSweep+VP,intraday_square_off
2025-07-04 10:15:00,2025-07-04 11:45:00,NIFTY 50,bullish,200.4,205.08,3250,15185.39,1891.97,13293.42,pro_LiqSweep+RSI_Div,stop_loss_premium_phase3
2025-07-04 14:15:00,2025-07-04 14:30:00,NIFTY 50,bullish,199.77,232.31,3250,105754.97,2078.84,103676.13,pro_VP+RSI_Div,target
2025-07-07 10:15:00,2025-07-07 11:45:00,NIFTY 50,bullish,188.73,201.25,3250,40690.68,1840.61,38850.07,pro_FVG+VP,stop_loss_premium_phase3
2025-07-08 10:45:00,2025-07-08 12:15:00,NIFTY 50,bullish,177.8,177.33,3250,-1509.74,1651.99,-3161.73,pro_FVG+VP,stop_loss_premium_phase3
2025-07-15 14:15:00,2025-07-15 15:15:00,NIFTY 50,bullish,167.96,182.82,3250,48277.26,1668.91,46608.35,pro_LiqSweep+VP,intraday_square_off
2025-07-18 14:15:00,2025-07-18 15:15:00,NIFTY 50,bullish,186.88,174.98,3250,-38671.61,1655.15,-40326.76,pro_LiqSweep+OTE,intraday_square_off
2025-07-21 09:45:00,2025-07-21 11:15:00,NIFTY 50,bullish,204.42,225.17,3250,67458.6,2039.39,65419.21,pro_LiqSweep+VP+OTE,stop_loss_premium_phase3
2025-07-21 14:15:00,2025-07-21 15:15:00,NIFTY 50,bullish,176.51,216.04,3250,128473.03,1916.72,126556.31,pro_LiqSweep+FVG+VP,intraday_square_off
2025-07-22 09:45:00,2025-07-22 11:15:00,NIFTY 50,bullish,192.26,192.72,3250,1507.64,1789.21,-281.57,pro_LiqSweep+VP,stop_loss_premium_phase3
2025-07-22 14:15:00,2025-07-22 15:15:00,NIFTY 50,bullish,168.89,159.33,3250,-31063.61,1508.62,-32572.23,pro_LiqSweep+VP+OTE,intraday_square_off
2025-07-25 10:15:00,2025-07-25 11:45:00,NIFTY 50,bearish,185.79,191.26,3250,17778.6,1765.3,16013.3,pro_LiqSweep+VP+VWAP,stop_loss_premium_phase3
2025-08-04 10:15:00,2025-08-04 12:00:00,NIFTY 50,bullish,205.86,231.77,3250,84217.76,2088.08,82129.68,pro_LiqSweep+VP,stop_loss_premium_phase3
2025-08-05 10:30:00,2025-08-05 12:00:00,NIFTY 50,bearish,197.8,197.25,3250,-1788.72,1832.31,-3621.03,pro_LiqSweep+FVG+VWAP,stop_loss_premium_phase3
2025-08-06 09:30:00,2025-08-06 10:15:00,NIFTY 50,bullish,220.88,241.86,3250,68193.23,2189.88,66003.35,pro_VP+OTE+RSI_Div,target
2025-08-11 10:00:00,2025-08-11 11:30:00,NIFTY 50,bullish,202.92,230.24,3250,88770.72,2071.21,86699.51,pro_LiqSweep+VP,stop_loss_premium_phase3
2025-08-19 09:45:00,2025-08-19 11:15:00,NIFTY 50,bullish,170.82,188.71,3250,58135.67,1715.75,56419.92,pro_FVG+VP+OTE+RSI_Div,stop_loss_premium_phase3
2025-08-19 11:30:00,2025-08-19 13:00:00,NIFTY 50,bullish,167.54,201.31,3250,109738.91,1795.79,107943.12,pro_FVG+VP,stop_loss_premium_phase3
2025-08-19 14:15:00,2025-08-19 15:15:00,NIFTY 50,bullish,171.29,171.11,3250,-607.42,1595.1,-2202.52,pro_FVG+VP,intraday_square_off
2025-08-26 09:30:00,2025-08-26 09:45:00,NIFTY 50,bearish,323.9,211.46,2730,-306957.96,1855.17,-308813.13,pro_FVG+OTE+VWAP,target
2025-09-12 09:45:00,2025-09-12 11:15:00,NIFTY 50,bullish,178.37,233.9,3250,180487.9,2044.17,178443.73,pro_LiqSweep+VP+RSI_Div,target
2025-09-12 11:30:00,2025-09-12 13:00:00,NIFTY 50,bullish,166.15,165.68,3250,-1526.49,1546.67,-3073.16,pro_LiqSweep+VP+RSI_Div,stop_loss_premium_phase3
2025-09-15 09:30:00,2025-09-15 11:00:00,NIFTY 50,bullish,191.34,197.5,3250,20027.1,1820.28,18206.82,pro_LiqSweep+VP+RSI_Div,stop_loss_premium_phase3
2025-09-17 09:45:00,2025-09-17 11:15:00,NIFTY 50,bullish,198.63,207.08,3250,27463.1,1902.05,25561.05,pro_LiqSweep+VP,stop_loss_premium_phase3
2025-09-17 11:30:00,2025-09-17 13:00:00,NIFTY 50,bullish,191.9,202.67,3250,34999.79,1857.18,33142.61,pro_LiqSweep+VP,stop_loss_premium_phase3
2025-09-19 09:45:00,2025-09-19 11:15:00,NIFTY 50,bullish,183.96,187.51,3250,11553.36,1735.49,9817.87,pro_LiqSweep+VP+RSI_Div,stop_loss_premium_phase3
2025-09-22 09:30:00,2025-09-22 11:00:00,NIFTY 50,bullish,131.79,135.42,3250,11813.43,1264.22,10549.21,pro_FVG+VP,stop_loss_premium_phase3
2025-10-03 10:45:00,2025-10-03 12:15:00,NIFTY 50,bullish,191.3,219.5,3250,91657.75,1972.23,89685.52,pro_FVG+VP+OTE,stop_loss_premium_phase3
2025-10-08 09:45:00,2025-10-08 11:00:00,NIFTY 50,bearish,193.93,267.26,3250,238325.16,2307.89,236017.27,pro_LiqSweep+FVG+OTE+RSI_Div+VWAP,target
2025-10-08 11:15:00,2025-10-08 12:45:00,NIFTY 50,bearish,203.27,213.65,3250,33729.98,1957.31,31772.67,pro_LiqSweep+VP+VWAP,stop_loss_premium_phase3
2025-10-09 09:45:00,2025-10-09 11:30:00,NIFTY 50,bullish,197.98,280.11,3250,266901.2,2405.32,264495.88,pro_LiqSweep+FVG+VP+RSI_Div,target
2025-10-09 14:15:00,2025-10-09 15:15:00,NIFTY 50,bullish,187.83,216.99,3250,94775.48,1947.49,92827.99,pro_FVG+VP,intraday_square_off
2025-10-13 09:30:00,2025-10-13 09:45:00,NIFTY 50,bearish,244.4,199.0,3250,-147535.16,1943.82,-149478.98,pro_OTE+RSI_Div+VWAP,target
2025-10-15 09:45:00,2025-10-15 11:15:00,NIFTY 50,bullish,199.45,244.04,3250,144910.99,2159.19,142751.8,pro_LiqSweep+FVG+VP,stop_loss_premium_phase3
2025-10-16 09:45:00,2025-10-16 11:15:00,NIFTY 50,bullish,165.51,185.13,3250,63791.46,1679.7,62111.76,pro_LiqSweep+VP,stop_loss_premium_phase3
2025-10-16 11:30:00,2025-10-16 13:00:00,NIFTY 50,bullish,188.03,246.02,3250,188456.26,2148.5,186307.76,pro_LiqSweep+VP,target
2025-10-24 14:15:00,2025-10-24 15:15:00,NIFTY 50,bullish,196.65,213.92,3250,56145.68,1945.09,54200.59,pro_FVG+RSI_Div,intraday_square_off
2025-10-29 09:45:00,2025-10-29 11:15:00,NIFTY 50,bullish,209.02,233.09,3250,78228.81,2103.93,76124.88,pro_LiqSweep+FVG+VP,stop_loss_premium_phase3
2025-10-31 09:30:00,2025-10-31 10:30:00,NIFTY 50,bullish,209.39,208.52,3250,-2819.05,1934.95,-4754.0,pro_VP+OTE+RSI_Div,stop_loss_premium_phase2
2025-11-12 14:15:00,2025-11-12 15:15:00,NIFTY 50,bearish,191.35,193.12,3250,5761.74,1790.02,3971.72,pro_OTE+RSI_Div+VWAP,intraday_square_off
2025-11-13 10:00:00,2025-11-13 11:00:00,NIFTY 50,bullish,180.87,225.87,3250,146220.78,1993.97,144226.81,pro_LiqSweep+VP,target
2025-11-13 11:15:00,2025-11-13 12:45:00,NIFTY 50,bullish,173.5,181.56,3250,26207.24,1672.05,24535.19,pro_LiqSweep+VP,stop_loss_premium_phase3
2025-11-14 10:15:00,2025-11-14 11:45:00,NIFTY 50,bullish,200.79,237.82,3250,120357.06,2119.08,118237.98,pro_LiqSweep+FVG,stop_loss_premium_phase3
2025-11-14 14:15:00,2025-11-14 15:00:00,NIFTY 50,bullish,167.32,246.27,3250,256585.83,2106.08,254479.75,pro_LiqSweep+VP+OTE+RSI_Div,target
2025-11-19 10:45:00,2025-11-19 12:15:00,NIFTY 50,bearish,181.87,181.44,3250,-1379.62,1689.08,-3068.7,pro_FVG+OTE+VWAP,stop_loss_premium_phase3
2025-11-20 10:00:00,2025-11-20 11:30:00,NIFTY 50,bearish,194.81,194.62,3250,-616.89,1807.76,-2424.65,pro_OTE+RSI_Div+VWAP,stop_loss_premium_phase3
2025-12-03 14:15:00,2025-12-03 14:45:00,NIFTY 50,bullish,177.56,213.12,3250,115553.34,1898.82,113654.52,pro_LiqSweep+OTE,target
2025-12-04 09:45:00,2025-12-04 11:15:00,NIFTY 50,bullish,184.45,218.58,3250,110919.57,1951.25,108968.32,pro_LiqSweep+VP,stop_loss_premium_phase3
2025-12-04 11:30:00,2025-12-04 13:00:00,NIFTY 50,bullish,168.17,168.24,3250,246.14,1568.63,-1322.49,pro_LiqSweep+FVG+VP,stop_loss_premium_phase3
2025-12-05 09:30:00,2025-12-05 10:00:00,NIFTY 50,bullish,188.22,210.84,3250,73502.6,1905.78,71596.82,pro_VP+OTE,target
2025-12-05 10:15:00,2025-12-05 11:00:00,NIFTY 50,bullish,182.29,256.23,3250,240331.33,2206.85,238124.48,pro_LiqSweep+VP+RSI_Div,target
2025-12-05 14:15:00,2025-12-05 15:15:00,NIFTY 50,bullish,194.46,209.99,3250,50481.34,1913.24,48568.1,pro_LiqSweep+VP,intraday_square_off
2025-12-10 10:00:00,2025-12-10 11:00:00,NIFTY 50,bullish,211.37,210.87,3250,-1623.26,1955.41,-3578.67,pro_FVG+VP,stop_loss_premium_phase2
2025-12-10 11:30:00,2025-12-10 12:30:00,NIFTY 50,bullish,213.58,213.32,3250,-824.83,1977.07,-2801.9,pro_VP+OTE,stop_loss_premium_phase2
2025-12-11 10:15:00,2025-12-11 12:30:00,NIFTY 50,bullish,205.79,253.71,3250,155741.0,2239.58,153501.42,pro_LiqSweep+VP+RSI_Div,stop_loss_premium_phase3
2025-12-17 09:45:00,2025-12-17 10:45:00,NIFTY 50,bullish,209.31,209.06,3250,-805.79,1938.49,-2744.28,pro_LiqSweep+FVG+VP+RSI_Div,stop_loss_premium_phase2
2025-12-17 11:15:00,2025-12-17 12:45:00,NIFTY 50,bullish,194.26,193.81,3250,-1463.05,1800.98,-3264.03,pro_LiqSweep+VP+OTE,stop_loss_premium_phase3
2025-12-18 10:15:00,2025-12-18 11:45:00,NIFTY 50,bullish,201.77,216.12,3250,46623.63,1971.2,44652.43,pro_LiqSweep+VP,stop_loss_premium_phase3
2025-12-18 14:15:00,2025-12-18 15:15:00,NIFTY 50,bullish,201.82,224.41,3250,73400.88,2028.59,71372.29,pro_FVG+VP,intraday_square_off
2025-12-19 14:15:00,2025-12-19 15:15:00,NIFTY 50,bearish,153.51,153.54,3250,99.88,1435.81,-1335.93,pro_FVG+RSI_Div+VWAP,intraday_square_off
2025-12-24 09:45:00,2025-12-24 11:15:00,NIFTY 50,bullish,175.39,175.45,3250,197.93,1633.86,-1435.93,pro_LiqSweep+VP,stop_loss_premium_phase3
2025-12-24 11:30:00,2025-12-24 13:00:00,NIFTY 50,bullish,173.08,183.84,3250,34973.16,1686.91,33286.25,pro_LiqSweep+VP+RSI_Div,stop_loss_premium_phase3
2025-12-26 11:15:00,2025-12-26 12:45:00,NIFTY 50,bullish,200.1,197.21,3250,-9376.9,1836.95,-11213.85,pro_LiqSweep+FVG,stop_loss_premium_phase3
2025-12-31 09:45:00,2025-12-31 11:30:00,NIFTY 50,bullish,196.0,233.26,3250,121076.5,2077.33,118999.17,pro_LiqSweep+FVG+VP,stop_loss_premium_phase3
2026-01-01 09:45:00,2026-01-01 11:15:00,NIFTY 50,bearish,194.07,193.64,3250,-1407.42,1799.39,-3206.81,pro_LiqSweep+RSI_Div+VWAP,stop_loss_premium_phase3
2026-01-01 14:15:00,2026-01-01 15:15:00,NIFTY 50,bearish,166.15,171.79,3250,18310.5,1588.84,16721.66,pro_LiqSweep+OTE+VWAP,intraday_square_off
2026-01-02 10:30:00,2026-01-02 12:00:00,NIFTY 50,bullish,179.84,203.71,3250,77562.14,1838.64,75723.5,pro_FVG+VP+RSI_Div,stop_loss_premium_phase3
2026-01-02 14:15:00,2026-01-02 14:30:00,NIFTY 50,bearish,165.75,190.54,3250,80552.84,1717.59,78835.25,pro_LiqSweep+RSI_Div+VWAP,target
2026-01-07 10:15:00,2026-01-07 11:45:00,NIFTY 50,bullish,191.47,206.04,3250,47367.78,1879.59,45488.19,pro_LiqSweep+VP+RSI_Div,stop_loss_premium_phase3
2026-01-07 14:15:00,2026-01-07 15:00:00,NIFTY 50,bullish,178.65,211.81,3250,107795.83,1892.12,105903.71,pro_VP+OTE,target
2026-01-09 10:30:00,2026-01-09 11:30:00,NIFTY 50,bullish,195.74,195.57,3250,-544.95,1816.29,-2361.24,pro_VP+RSI_Div,stop_loss_premium_phase2
2026-01-14 10:00:00,2026-01-14 11:30:00,NIFTY 50,bullish,208.58,236.99,3250,92308.78,2129.95,90178.83,pro_LiqSweep+VP,stop_loss_premium_phase3
2026-01-14 14:15:00,2026-01-14 15:15:00,NIFTY 50,bearish,202.9,183.86,3250,-61855.12,1750.69,-63605.81,pro_LiqSweep+FVG+VWAP,intraday_square_off
2026-01-16 10:45:00,2026-01-16 12:15:00,NIFTY 50,bullish,212.2,211.61,3250,-1919.45,1962.32,-3881.77,pro_FVG+VP,stop_loss_premium_phase3
