entry_time,exit_time,symbol,direction,entry_price,exit_price,quantity,gross_pnl,costs,net_pnl,strategy,exit_reason
2015-01-20 09:45:00,2015-01-20 11:15:00,NIFTY BANK,bullish,108.38,123.74,60,921.48,67.26,854.22,pro_LiqSweep+VP,stop_loss_premium_phase3
2015-01-20 11:30:00,2015-01-20 13:00:00,NIFTY BANK,bullish,61.08,85.11,90,2163.14,67.1,2096.04,pro_LiqSweep+VP,stop_loss_premium_phase3
2015-02-03 09:30:00,2015-02-03 11:00:00,NIFTY BANK,bearish,166.95,198.14,30,935.73,63.13,872.6,pro_FVG+OTE+VWAP,stop_loss_premium_phase3
2015-02-10 11:00:00,2015-02-10 12:15:00,NIFTY BANK,bullish,206.45,205.89,30,-16.64,64.4,-81.04,pro_FVG+VP,stop_loss_premium_phase2
2015-03-03 11:15:00,2015-03-03 12:45:00,NIFTY BANK,bullish,173.48,185.45,30,358.84,62.45,296.39,pro_FVG+OTE+RSI_Div,stop_loss_premium_phase3
2015-03-10 11:00:00,2015-03-10 12:30:00,NIFTY BANK,bearish,190.67,190.15,30,-15.45,63.08,-78.53,pro_LiqSweep+FVG+OTE+VWAP,stop_loss_premium_phase3
2015-04-06 10:30:00,2015-04-06 12:00:00,NIFTY BANK,bearish,191.66,218.41,30,802.25,64.91,737.34,pro_OTE+RSI_Div+VWAP,stop_loss_premium_phase3
2015-04-15 09:30:00,2015-04-15 11:00:00,NIFTY BANK,bearish,48.91,58.06,150,1371.31,70.53,1300.78,pro_LiqSweep+FVG+VWAP,stop_loss_premium_phase3
2015-04-17 09:45:00,2015-04-17 11:15:00,NIFTY BANK,bearish,190.98,193.59,30,78.2,63.31,14.89,pro_LiqSweep+RSI_Div+VWAP,stop_loss_premium_phase3
2015-04-17 11:30:00,2015-04-17 13:00:00,NIFTY BANK,bearish,188.31,187.89,30,-12.49,62.89,-75.38,pro_LiqSweep+FVG+VWAP,stop_loss_premium_phase3
2015-04-21 14:15:00,2015-04-21 14:45:00,NIFTY BANK,bearish,185.16,254.25,30,2072.89,67.07,2005.82,pro_OTE+RSI_Div+VWAP,target
2015-05-04 10:00:00,2015-05-04 11:30:00,NIFTY BANK,bullish,178.35,194.51,30,484.66,63.12,421.54,pro_FVG+VP,stop_loss_premium_phase3
2015-05-08 10:30:00,2015-05-08 12:00:00,NIFTY BANK,bearish,208.61,202.58,30,-180.84,64.23,-245.07,pro_LiqSweep+FVG+VWAP,stop_loss_premium_phase3
2015-05-12 10:00:00,2015-05-12 11:30:00,NIFTY BANK,bearish,185.29,202.61,30,519.63,63.77,455.86,pro_FVG+RSI_Div+VWAP,stop_loss_premium_phase3
2015-05-26 10:30:00,2015-05-26 12:00:00,NIFTY BANK,bullish,185.44,205.6,30,604.82,63.97,540.85,pro_FVG+OTE+RSI_Div,stop_loss_premium_phase3
2015-05-29 09:45:00,2015-05-29 11:15:00,NIFTY BANK,bullish,163.9,196.96,60,1983.43,78.78,1904.65,pro_FVG+VP,stop_loss_premium_phase3
2015-05-29 11:30:00,2015-05-29 13:00:00,NIFTY BANK,bullish,187.79,181.87,60,-355.45,77.8,-433.25,pro_FVG+VP,stop_loss_premium_phase3
2015-06-12 10:30:00,2015-06-12 12:15:00,NIFTY BANK,bullish,205.31,237.83,30,975.61,66.41,909.2,pro_FVG+OTE+RSI_Div,stop_loss_premium_phase3
2015-06-12 14:15:00,2015-06-12 14:30:00,NIFTY BANK,bullish,204.34,257.41,30,1591.99,67.64,1524.35,pro_VP+RSI_Div,target
2015-06-15 10:45:00,2015-06-15 12:15:00,NIFTY BANK,bearish,209.99,209.43,60,-33.81,82.19,-116.0,pro_FVG+RSI_Div+VWAP,stop_loss_premium_phase3
2015-06-16 11:15:00,2015-06-16 12:45:00,NIFTY BANK,bullish,88.99,83.88,120,-612.55,75.61,-688.16,pro_FVG+OTE,stop_loss_premium_phase3
2015-06-16 14:15:00,2015-06-16 14:45:00,NIFTY BANK,bullish,62.58,96.08,180,6029.58,91.37,5938.21,pro_LiqSweep+VP+RSI_Div,target
2015-06-19 09:45:00,2015-06-19 11:30:00,NIFTY BANK,bullish,189.23,217.66,60,1706.08,82.42,1623.66,pro_LiqSweep+VP,stop_loss_premium_phase3
2015-06-22 10:00:00,2015-06-22 10:45:00,NIFTY BANK,bullish,190.75,248.77,60,3481.08,86.45,3394.63,pro_FVG+VP,target
2015-06-22 11:00:00,2015-06-22 12:30:00,NIFTY BANK,bullish,204.65,222.25,60,1056.21,83.62,972.59,pro_FVG+VP,stop_loss_premium_phase3
2015-07-03 10:00:00,2015-07-03 11:30:00,NIFTY BANK,bullish,161.11,161.36,90,22.5,87.6,-65.1,pro_FVG+VP,stop_loss_premium_phase3
2015-07-03 14:15:00,2015-07-03 15:15:00,NIFTY BANK,bullish,174.13,207.74,90,3025.44,97.24,2928.2,pro_LiqSweep+VP,intraday_square_off
2015-07-07 10:45:00,2015-07-07 12:15:00,NIFTY BANK,bullish,201.57,201.62,90,4.05,97.69,-93.64,pro_FVG+VP,stop_loss_premium_phase3
2015-07-17 14:15:00,2015-07-17 15:15:00,NIFTY BANK,bullish,83.54,59.04,210,-5145.46,85.08,-5230.54,pro_LiqSweep+VP,intraday_square_off
2015-07-20 11:15:00,2015-07-20 12:15:00,NIFTY BANK,bullish,169.01,169.23,90,20.14,89.57,-69.43,pro_LiqSweep+FVG,stop_loss_premium_phase2
2015-07-28 10:15:00,2015-07-28 11:45:00,NIFTY BANK,bearish,164.64,194.9,90,2722.91,94.23,2628.68,pro_FVG+OTE+VWAP,stop_loss_premium_phase3
2015-07-28 14:15:00,2015-07-28 15:15:00,NIFTY BANK,bearish,185.55,180.84,90,-423.81,92.77,-516.58,pro_FVG+OTE+VWAP,intraday_square_off
2015-08-10 09:30:00,2015-08-10 09:45:00,NIFTY BANK,bullish,217.19,214.77,30,-72.73,65.18,-137.91,pro_LiqSweep+OTE+RSI_Div,target
2015-08-10 14:15:00,2015-08-10 15:00:00,NIFTY BANK,bearish,79.57,107.07,210,5774.84,105.98,5668.86,pro_LiqSweep+OTE+VWAP,target
2015-08-11 09:45:00,2015-08-11 11:15:00,NIFTY BANK,bearish,192.46,197.96,90,495.0,96.45,398.55,pro_LiqSweep+FVG+VWAP,stop_loss_premium_phase3
2015-08-14 09:45:00,2015-08-14 11:15:00,NIFTY BANK,bullish,182.82,272.69,90,8088.64,110.19,7978.45,pro_LiqSweep+FVG+VP+RSI_Div,target
2015-08-14 11:30:00,2015-08-14 12:45:00,NIFTY BANK,bullish,175.36,244.55,90,6227.7,104.36,6123.34,pro_LiqSweep+VP,target
2015-08-31 09:30:00,2015-08-31 09:45:00,NIFTY BANK,bearish,244.1,245.43,30,40.06,67.66,-27.6,pro_LiqSweep+RSI_Div+VWAP,target
2015-09-08 09:45:00,2015-09-08 11:15:00,NIFTY BANK,bearish,185.94,222.8,90,3317.41,100.82,3216.59,pro_LiqSweep+FVG+VWAP,stop_loss_premium_phase3
2015-09-11 11:00:00,2015-09-11 12:30:00,NIFTY BANK,bearish,197.17,196.65,90,-47.34,96.48,-143.82,pro_FVG+OTE+VWAP,stop_loss_premium_phase3
2015-09-14 09:45:00,2015-09-14 11:30:00,NIFTY BANK,bullish,182.15,229.75,90,4283.6,101.93,4181.67,pro_LiqSweep+FVG,stop_loss_premium_phase3
2015-09-14 14:15:00,2015-09-14 15:15:00,NIFTY BANK,bullish,198.88,260.54,90,5550.21,108.81,5441.4,pro_LiqSweep+VP+RSI_Div,intraday_square_off
2015-09-15 10:00:00,2015-09-15 11:15:00,NIFTY BANK,bullish,198.66,198.11,120,-65.5,113.4,-178.9,pro_LiqSweep+FVG,stop_loss_premium_phase2
2015-09-15 11:30:00,2015-09-15 13:00:00,NIFTY BANK,bullish,172.32,204.47,120,3858.44,112.95,3745.49,pro_LiqSweep+FVG+OTE,stop_loss_premium_phase3
2015-09-21 09:30:00,2015-09-21 09:45:00,NIFTY BANK,bearish,351.95,250.75,30,-3036.24,70.13,-3106.37,pro_OTE+RSI_Div+VWAP,target
2015-09-22 14:15:00,2015-09-22 14:30:00,NIFTY BANK,bearish,168.67,234.11,120,7853.25,120.22,7733.03,pro_VP+RSI_Div+VWAP,target
2015-09-28 09:45:00,2015-09-28 10:45:00,NIFTY BANK,bearish,172.65,167.07,150,-837.01,117.49,-954.5,pro_FVG+OTE+VWAP,stop_loss_premium_phase2
2015-10-13 10:00:00,2015-10-13 11:30:00,NIFTY BANK,bullish,178.1,177.72,150,-57.9,121.42,-179.32,pro_FVG+OTE+RSI_Div,stop_loss_premium_phase3
2015-10-16 09:45:00,2015-10-16 11:15:00,NIFTY BANK,bullish,190.89,207.45,120,1987.74,115.17,1872.57,pro_FVG+RSI_Div,stop_loss_premium_phase3
2015-10-16 11:30:00,2015-10-16 13:00:00,NIFTY BANK,bullish,151.7,151.28,180,-75.41,123.03,-198.44,pro_FVG+OTE,stop_loss_premium_phase3
2015-10-16 14:15:00,2015-10-16 14:30:00,NIFTY BANK,bullish,110.05,148.39,240,9203.08,140.27,9062.81,pro_LiqSweep+VP+RSI_Div,target
2015-10-19 11:00:00,2015-10-19 12:30:00,NIFTY BANK,bearish,176.59,176.69,150,15.18,120.94,-105.76,pro_LiqSweep+OTE+VWAP,stop_loss_premium_phase3
2015-10-20 09:45:00,2015-10-20 11:15:00,NIFTY BANK,bullish,101.51,134.71,300,9958.15,153.12,9805.03,pro_LiqSweep+FVG,stop_loss_premium_phase3
2015-10-20 11:30:00,2015-10-20 13:00:00,NIFTY BANK,bullish,99.47,99.18,330,-95.91,138.34,-234.25,pro_LiqSweep+FVG+VP,stop_loss_premium_phase3
2015-10-26 10:00:00,2015-10-26 11:30:00,NIFTY BANK,bearish,151.31,150.91,210,-85.04,135.45,-220.49,pro_LiqSweep+RSI_Div+VWAP,stop_loss_premium_phase3
2015-10-27 14:15:00,2015-10-27 15:15:00,NIFTY BANK,bullish,53.74,58.53,360,1723.43,104.7,1618.73,pro_LiqSweep+FVG+VP,intraday_square_off
2015-10-30 09:45:00,2015-10-30 11:15:00,NIFTY BANK,bullish,186.23,213.7,120,3296.79,116.4,3180.39,pro_LiqSweep+FVG+VP,stop_loss_premium_phase3
2015-10-30 11:30:00,2015-10-30 13:00:00,NIFTY BANK,bullish,193.67,201.29,120,914.61,113.82,800.79,pro_LiqSweep+FVG+VP,stop_loss_premium_phase3
2015-11-02 09:45:00,2015-11-02 11:15:00,NIFTY BANK,bullish,189.08,195.2,120,733.92,111.9,622.02,pro_LiqSweep+FVG+VP,stop_loss_premium_phase3
2015-11-06 11:00:00,2015-11-06 12:30:00,NIFTY BANK,bullish,164.28,174.67,150,1559.49,119.09,1440.4,pro_LiqSweep+VP,stop_loss_premium_phase3
2015-11-27 10:15:00,2015-11-27 11:45:00,NIFTY BANK,bullish,193.58,203.44,120,1183.33,114.36,1068.97,pro_FVG+VP+RSI_Div,stop_loss_premium_phase3
2015-12-14 09:45:00,2015-12-14 11:15:00,NIFTY BANK,bullish,183.3,220.94,120,4517.23,118.01,4399.22,pro_LiqSweep+RSI_Div,stop_loss_premium_phase3
2015-12-14 11:30:00,2015-12-14 13:00:00,NIFTY BANK,bullish,177.05,202.87,150,3873.96,129.34,3744.62,pro_LiqSweep+FVG,stop_loss_premium_phase3
2015-12-15 14:15:00,2015-12-15 15:15:00,NIFTY BANK,bullish,54.27,80.03,510,13136.54,152.16,12984.38,pro_LiqSweep+VP+RSI_Div,intraday_square_off
2015-12-22 11:00:00,2015-12-22 12:30:00,NIFTY BANK,bearish,51.79,48.06,600,-2242.11,128.91,-2371.02,pro_LiqSweep+RSI_Div+VWAP,stop_loss_premium_phase3
2015-12-28 09:45:00,2015-12-28 11:15:00,NIFTY BANK,bullish,87.3,86.97,360,-119.89,134.41,-254.3,pro_FVG+VP,stop_loss_premium_phase3
2015-12-28 11:30:00,2015-12-28 13:00:00,NIFTY BANK,bullish,71.52,76.93,420,2270.46,135.62,2134.84,pro_FVG+VP,stop_loss_premium_phase3
2016-01-01 14:15:00,2016-01-01 15:15:00,NIFTY BANK,bullish,198.5,201.44,150,440.78,131.0,309.78,pro_LiqSweep+FVG+VP+RSI_Div,intraday_square_off
2016-01-15 10:15:00,2016-01-15 11:45:00,NIFTY BANK,bearish,196.03,207.28,150,1687.63,132.62,1555.01,pro_FVG+RSI_Div+VWAP,stop_loss_premium_phase3
2016-02-01 09:45:00,2016-02-01 11:15:00,NIFTY BANK,bearish,156.22,155.72,180,-89.74,125.26,-215.0,pro_LiqSweep+RSI_Div+VWAP,stop_loss_premium_phase3
2016-02-02 11:00:00,2016-02-02 12:00:00,NIFTY BANK,bearish,185.12,185.25,150,18.34,124.51,-106.17,pro_OTE+RSI_Div+VWAP,stop_loss_premium_phase2
2016-02-05 09:45:00,2016-02-05 10:30:00,NIFTY BANK,bullish,210.04,287.16,150,11567.72,159.47,11408.25,pro_LiqSweep+VP,target
2016-02-05 10:45:00,2016-02-05 12:15:00,NIFTY BANK,bullish,188.0,187.59,180,-74.58,141.21,-215.79,pro_LiqSweep+VP,stop_loss_premium_phase3
2016-02-08 14:15:00,2016-02-08 14:30:00,NIFTY BANK,bearish,179.0,233.99,180,9897.49,157.91,9739.58,pro_LiqSweep+OTE+VWAP,target
2016-02-16 09:30:00,2016-02-16 10:30:00,NIFTY BANK,bearish,232.5,252.14,60,1178.57,88.53,1090.04,pro_LiqSweep+RSI_Div+VWAP,target
2016-02-19 09:45:00,2016-02-19 11:15:00,NIFTY BANK,bullish,176.75,196.56,210,4161.22,159.34,4001.88,pro_LiqSweep+FVG,stop_loss_premium_phase3
2016-02-19 11:30:00,2016-02-19 13:00:00,NIFTY BANK,bullish,205.64,198.77,180,-1235.73,147.58,-1383.31,pro_LiqSweep+FVG,stop_loss_premium_phase3
2016-02-22 09:45:00,2016-02-22 11:15:00,NIFTY BANK,bullish,149.3,148.98,240,-76.59,146.75,-223.34,pro_VP+RSI_Div,stop_loss_premium_phase3
2016-02-29 09:45:00,2016-02-29 11:00:00,NIFTY BANK,bearish,171.17,170.64,210,-111.0,146.99,-257.99,pro_FVG+RSI_Div+VWAP,stop_loss_premium_phase2
2016-02-29 11:15:00,2016-02-29 11:45:00,NIFTY BANK,bearish,160.47,226.87,210,13943.94,170.63,13773.31,pro_FVG+OTE+RSI_Div+VWAP,target
2016-03-22 10:15:00,2016-03-22 11:45:00,NIFTY BANK,bullish,196.24,208.25,210,2522.45,167.24,2355.21,pro_LiqSweep+FVG,stop_loss_premium_phase3
2016-04-01 10:00:00,2016-04-01 11:30:00,NIFTY BANK,bullish,175.2,174.66,240,-131.26,163.93,-295.19,pro_LiqSweep+OTE+RSI_Div,stop_loss_premium_phase3
2016-04-01 14:15:00,2016-04-01 15:15:00,NIFTY BANK,bullish,186.25,179.1,210,-1500.94,152.85,-1653.79,pro_LiqSweep+VP+RSI_Div,intraday_square_off
2016-04-11 09:45:00,2016-04-11 11:15:00,NIFTY BANK,bullish,173.73,193.44,240,4730.19,173.29,4556.9,pro_LiqSweep+VP,stop_loss_premium_phase3
2016-04-12 10:00:00,2016-04-12 11:30:00,NIFTY BANK,bullish,201.57,221.88,210,4265.39,174.06,4091.33,pro_FVG+VP,stop_loss_premium_phase3
2016-04-13 09:30:00,2016-04-13 10:30:00,NIFTY BANK,bearish,50.46,45.82,690,-3198.39,137.28,-3335.67,pro_FVG+RSI_Div+VWAP,stop_loss_premium_phase2
2016-04-22 11:30:00,2016-04-22 13:00:00,NIFTY BANK,bullish,187.61,211.78,210,5075.5,167.63,4907.87,pro_FVG+OTE,stop_loss_premium_phase3
2016-04-25 11:00:00,2016-04-25 12:30:00,NIFTY BANK,bullish,189.75,189.82,210,15.03,158.12,-143.09,pro_LiqSweep+VP,stop_loss_premium_phase3
2016-04-29 11:15:00,2016-04-29 12:45:00,NIFTY BANK,bullish,194.04,196.41,210,497.34,161.65,335.69,pro_LiqSweep+VP,stop_loss_premium_phase3
2016-05-06 14:15:00,2016-05-06 15:15:00,NIFTY BANK,bullish,155.96,159.51,270,957.42,166.42,791.0,pro_LiqSweep+VP,intraday_square_off
2016-05-09 09:45:00,2016-05-09 11:15:00,NIFTY BANK,bullish,198.61,198.08,210,-111.93,163.03,-274.96,pro_LiqSweep+VP+RSI_Div,stop_loss_premium_phase3
2016-05-09 11:30:00,2016-05-09 13:00:00,NIFTY BANK,bullish,183.77,183.38,240,-94.55,169.73,-264.28,pro_LiqSweep+VP,stop_loss_premium_phase3
2016-05-24 14:15:00,2016-05-24 15:15:00,NIFTY BANK,bullish,57.08,66.08,690,6208.11,170.01,6038.1,pro_LiqSweep+VP,intraday_square_off
2016-05-30 14:15:00,2016-05-30 15:15:00,NIFTY BANK,bearish,200.56,233.91,210,7002.87,179.3,6823.57,pro_LiqSweep+FVG+VWAP,intraday_square_off
2016-06-06 09:45:00,2016-06-06 11:15:00,NIFTY BANK,bullish,202.85,202.41,210,-92.05,165.54,-257.59,pro_LiqSweep+VP,stop_loss_premium_phase3
2016-06-06 11:30:00,2016-06-06 13:00:00,NIFTY BANK,bullish,189.42,201.27,240,2844.4,179.76,2664.64,pro_LiqSweep+VP,stop_loss_premium_phase3
2016-06-14 09:30:00,2016-06-14 10:00:00,NIFTY BANK,bullish,127.08,134.74,90,689.44,80.49,608.95,pro_VP+OTE,target
2016-06-27 10:00:00,2016-06-27 11:30:00,NIFTY BANK,bullish,208.31,217.06,210,1836.84,172.84,1664.0,pro_FVG+VP,stop_loss_premium_phase3
2016-06-28 10:00:00,2016-06-28 11:30:00,NIFTY BANK,bearish,160.88,160.36,300,-157.6,181.18,-338.78,pro_LiqSweep+FVG+RSI_Div+VWAP,stop_loss_premium_phase3
2016-06-28 14:15:00,2016-06-28 15:15:00,NIFTY BANK,bullish,61.82,70.51,660,5739.39,172.94,5566.45,pro_LiqSweep+VP+RSI_Div,intraday_square_off
2016-07-18 14:15:00,2016-07-18 15:00:00,NIFTY BANK,bearish,171.02,220.91,270,13469.79,204.34,13265.45,pro_FVG+RSI_Div+VWAP,target
2016-07-29 11:30:00,2016-07-29 13:00:00,NIFTY BANK,bullish,152.43,151.96,330,-156.41,186.85,-343.26,pro_FVG+OTE,stop_loss_premium_phase3
2016-08-01 09:30:00,2016-08-01 09:45:00,NIFTY BANK,bullish,271.58,235.81,30,-1073.15,67.59,-1140.74,pro_LiqSweep+FVG+RSI_Div,target
2016-08-01 10:00:00,2016-08-01 11:30:00,NIFTY BANK,bullish,188.58,188.16,270,-112.73,188.65,-301.38,pro_LiqSweep+FVG+RSI_Div,stop_loss_premium_phase3
2016-08-09 10:00:00,2016-08-09 11:00:00,NIFTY BANK,bullish,59.3,59.16,870,-122.58,190.51,-313.09,pro_LiqSweep+VP+RSI_Div,stop_loss_premium_phase2
2016-08-10 09:30:00,2016-08-10 10:30:00,NIFTY BANK,bullish,156.82,156.4,330,-137.38,190.92,-328.3,pro_LiqSweep+VP+RSI_Div,stop_loss_premium_phase2
2016-08-16 11:15:00,2016-08-16 12:00:00,NIFTY BANK,bearish,184.37,261.91,270,20936.66,230.25,20706.41,pro_LiqSweep+FVG+OTE+VWAP,target
2016-08-22 10:00:00,2016-08-22 11:30:00,NIFTY BANK,bearish,180.28,192.5,300,3666.33,205.5,3460.83,pro_LiqSweep+RSI_Div+VWAP,stop_loss_premium_phase3
2016-08-22 14:15:00,2016-08-22 15:15:00,NIFTY BANK,bearish,98.22,112.81,600,8756.19,229.81,8526.38,pro_LiqSweep+FVG+VWAP,intraday_square_off
2016-08-23 14:15:00,2016-08-23 15:15:00,NIFTY BANK,bullish,62.51,78.41,780,12401.9,209.26,12192.64,pro_VP+OTE+RSI_Div,intraday_square_off
2016-08-29 09:45:00,2016-08-29 11:15:00,NIFTY BANK,bullish,89.59,97.74,690,5627.62,231.19,5396.43,pro_LiqSweep+VP+RSI_Div,stop_loss_premium_phase3
2016-08-29 14:15:00,2016-08-29 14:45:00,NIFTY BANK,bullish,57.49,77.08,1050,20564.6,258.92,20305.68,pro_LiqSweep+OTE,target
2016-09-02 10:15:00,2016-09-02 11:45:00,NIFTY BANK,bullish,206.14,220.52,330,4743.82,246.59,4497.23,pro_FVG+VP,stop_loss_premium_phase3
2016-09-20 14:15:00,2016-09-20 15:15:00,NIFTY BANK,bullish,59.68,59.29,1140,-443.93,235.6,-679.53,pro_LiqSweep+OTE,intraday_square_off
2016-09-27 10:45:00,2016-09-27 11:45:00,NIFTY BANK,bearish,103.71,103.35,690,-246.34,245.81,-492.15,pro_LiqSweep+FVG+VWAP,stop_loss_premium_phase2
2016-10-14 14:15:00,2016-10-14 15:15:00,NIFTY BANK,bullish,189.11,177.53,360,-4168.76,227.79,-4396.55,pro_LiqSweep+VP,intraday_square_off
2016-10-25 10:45:00,2016-10-25 12:15:00,NIFTY BANK,bearish,190.33,189.74,360,-214.72,237.42,-452.14,pro_FVG+RSI_Div+VWAP,stop_loss_premium_phase3
2016-10-28 10:45:00,2016-10-28 12:15:00,NIFTY BANK,bullish,202.06,207.43,330,1771.68,236.53,1535.15,pro_FVG+VP,stop_loss_premium_phase3
2016-11-18 11:00:00,2016-11-18 12:30:00,NIFTY BANK,bullish,189.21,196.89,360,2762.77,242.63,2520.14,pro_LiqSweep+OTE+RSI_Div,stop_loss_premium_phase3
2016-11-25 14:15:00,2016-11-25 15:15:00,NIFTY BANK,bearish,183.26,128.93,360,-19558.14,189.2,-19747.34,pro_LiqSweep+FVG+VWAP,intraday_square_off
2016-11-29 10:30:00,2016-11-29 12:00:00,NIFTY BANK,bearish,184.67,192.4,360,2781.76,238.12,2543.64,pro_FVG+RSI_Div+VWAP,stop_loss_premium_phase3
2016-12-13 10:00:00,2016-12-13 11:30:00,NIFTY BANK,bullish,200.73,200.11,330,-205.45,231.1,-436.55,pro_FVG+OTE,stop_loss_premium_phase3
2016-12-13 14:15:00,2016-12-13 15:15:00,NIFTY BANK,bullish,97.49,117.59,660,13266.51,254.46,13012.05,pro_VP+RSI_Div,intraday_square_off
2016-12-16 10:00:00,2016-12-16 11:30:00,NIFTY BANK,bearish,182.37,191.51,360,3290.52,236.9,3053.62,pro_LiqSweep+FVG+VWAP,stop_loss_premium_phase3
2016-12-19 09:30:00,2016-12-19 11:00:00,NIFTY BANK,bullish,138.99,178.89,390,15561.34,231.14,15330.2,pro_LiqSweep+VP,stop_loss_premium_phase3
2016-12-23 09:45:00,2016-12-23 11:15:00,NIFTY BANK,bullish,179.77,204.95,390,9820.25,263.18,9557.07,pro_LiqSweep+VP+OTE,stop_loss_premium_phase3
2016-12-23 11:30:00,2016-12-23 13:00:00,NIFTY BANK,bullish,190.38,189.97,390,-160.77,253.48,-414.25,pro_LiqSweep+VP,stop_loss_premium_phase3
2016-12-27 10:00:00,2016-12-27 11:30:00,NIFTY BANK,bullish,81.49,101.77,930,18861.36,298.21,18563.15,pro_VP+OTE,stop_loss_premium_phase3
2017-01-02 11:15:00,2017-01-02 12:45:00,NIFTY BANK,bearish,159.62,159.77,510,78.45,273.9,-195.45,pro_FVG+RSI_Div+VWAP,stop_loss_premium_phase3
2017-01-03 09:45:00,2017-01-03 10:45:00,NIFTY BANK,bearish,180.4,173.82,450,-2961.92,266.81,-3228.73,pro_LiqSweep+FVG+VWAP,stop_loss_premium_phase2
2017-01-03 14:15:00,2017-01-03 15:15:00,NIFTY BANK,bearish,81.3,90.01,990,8622.76,289.5,8333.26,pro_FVG+OTE+VWAP,intraday_square_off
2017-01-09 14:15:00,2017-01-09 15:15:00,NIFTY BANK,bearish,58.58,68.21,1290,12421.58,283.9,12137.68,pro_OTE+RSI_Div+VWAP,intraday_square_off
2017-01-16 09:45:00,2017-01-16 10:30:00,NIFTY BANK,bullish,170.92,219.78,480,23454.29,325.37,23128.92,pro_VP+RSI_Div,target
2017-01-23 09:45:00,2017-01-23 11:30:00,NIFTY BANK,bullish,179.56,204.02,510,12472.41,328.56,12143.85,pro_LiqSweep+OTE,stop_loss_premium_phase3
2017-01-24 09:45:00,2017-01-24 11:15:00,NIFTY BANK,bullish,103.17,102.88,900,-259.93,305.04,-564.97,pro_LiqSweep+VP,stop_loss_premium_phase3
2017-01-24 11:30:00,2017-01-24 13:00:00,NIFTY BANK,bullish,75.66,91.48,1230,19466.59,347.56,19119.03,pro_FVG+VP,stop_loss_premium_phase3
2017-02-13 10:15:00,2017-02-13 11:45:00,NIFTY BANK,bullish,200.3,199.85,480,-215.16,314.29,-529.45,pro_LiqSweep+VP,stop_loss_premium_phase3
2017-02-14 09:30:00,2017-02-14 11:00:00,NIFTY BANK,bullish,128.18,147.85,600,11805.31,286.32,11518.99,pro_FVG+VP,stop_loss_premium_phase3
2017-02-14 11:15:00,2017-02-14 12:30:00,NIFTY BANK,bullish,188.78,182.67,540,-3298.38,323.87,-3622.25,pro_LiqSweep+VP+RSI_Div,stop_loss_premium_phase2
2017-02-17 10:00:00,2017-02-17 11:30:00,NIFTY BANK,bearish,230.27,230.25,420,-8.99,316.31,-325.3,pro_FVG+OTE+VWAP,stop_loss_premium_phase3
2017-02-20 14:15:00,2017-02-20 15:15:00,NIFTY BANK,bullish,97.39,124.93,1020,28088.67,383.37,27705.3,pro_FVG+VP,intraday_square_off
2017-02-21 10:30:00,2017-02-21 12:15:00,NIFTY BANK,bullish,70.95,85.22,1500,21399.38,388.88,21010.5,pro_FVG+VP,stop_loss_premium_phase3
2017-03-06 10:00:00,2017-03-06 11:30:00,NIFTY BANK,bullish,180.88,180.31,600,-339.48,348.49,-687.97,pro_FVG+VP,stop_loss_premium_phase3
2017-03-07 10:00:00,2017-03-07 11:30:00,NIFTY BANK,bullish,62.39,62.22,1500,-255.95,307.09,-563.04,pro_LiqSweep+FVG+VP,stop_loss_premium_phase3
2017-03-07 14:15:00,2017-03-07 15:15:00,NIFTY BANK,bullish,61.92,64.1,1500,3276.21,312.63,2963.58,pro_FVG+OTE+RSI_Div,intraday_square_off
2017-03-17 09:45:00,2017-03-17 10:45:00,NIFTY BANK,bullish,194.03,193.97,570,-37.23,354.89,-392.12,pro_LiqSweep+FVG+RSI_Div,stop_loss_premium_phase2
2017-03-17 14:15:00,2017-03-17 15:15:00,NIFTY BANK,bullish,81.05,90.08,1380,12463.62,384.96,12078.66,pro_LiqSweep+FVG,intraday_square_off
2017-03-20 11:15:00,2017-03-20 12:45:00,NIFTY BANK,bullish,183.38,182.89,630,-308.99,368.04,-677.03,pro_LiqSweep+VP+OTE+RSI_Div,stop_loss_premium_phase3
2017-03-21 09:45:00,2017-03-21 10:45:00,NIFTY BANK,bullish,63.84,58.21,1500,-8443.81,295.73,-8739.54,pro_LiqSweep+VP+RSI_Div,stop_loss_premium_phase2
2017-03-21 14:15:00,2017-03-21 15:15:00,NIFTY BANK,bullish,63.3,65.28,1500,2977.22,317.75,2659.47,pro_LiqSweep+RSI_Div,intraday_square_off
2017-03-27 10:30:00,2017-03-27 12:00:00,NIFTY BANK,bearish,192.83,219.1,570,14975.33,384.91,14590.42,pro_FVG+RSI_Div+VWAP,stop_loss_premium_phase3
2017-04-10 10:00:00,2017-04-10 11:30:00,NIFTY BANK,bullish,168.56,187.55,690,13101.03,398.72,12702.31,pro_LiqSweep+OTE,stop_loss_premium_phase3
2017-04-10 14:15:00,2017-04-10 15:15:00,NIFTY BANK,bullish,102.77,115.21,1170,14556.78,412.75,14144.03,pro_LiqSweep+VP+RSI_Div,intraday_square_off
2017-04-11 09:45:00,2017-04-11 10:45:00,NIFTY BANK,bearish,83.79,78.29,1470,-8076.67,372.78,-8449.45,pro_LiqSweep+OTE+RSI_Div+VWAP,stop_loss_premium_phase2
2017-04-17 14:15:00,2017-04-17 15:15:00,NIFTY BANK,bullish,65.65,76.24,1500,15873.99,355.0,15518.99,pro_LiqSweep+OTE+RSI_Div,intraday_square_off
2017-04-24 09:45:00,2017-04-24 11:15:00,NIFTY BANK,bullish,195.69,198.83,630,1978.89,394.49,1584.4,pro_FVG+VP+RSI_Div,stop_loss_premium_phase3
2017-05-02 10:15:00,2017-05-02 11:15:00,NIFTY BANK,bullish,204.0,198.17,600,-3497.95,380.38,-3878.33,pro_FVG+VP,stop_loss_premium_phase2
2017-05-05 09:45:00,2017-05-05 11:15:00,NIFTY BANK,bearish,187.31,187.46,660,99.08,391.44,-292.36,pro_LiqSweep+OTE+VWAP,stop_loss_premium_phase3
2017-05-05 11:30:00,2017-05-05 13:00:00,NIFTY BANK,bearish,181.82,212.78,690,21364.23,441.75,20922.48,pro_LiqSweep+OTE+VWAP,stop_loss_premium_phase3
2017-05-08 09:45:00,2017-05-08 11:00:00,NIFTY BANK,bearish,210.55,210.7,600,87.34,398.94,-311.6,pro_LiqSweep+OTE+VWAP,stop_loss_premium_phase2
2017-05-15 09:30:00,2017-05-15 09:45:00,NIFTY BANK,bullish,266.92,250.63,120,-1954.44,132.18,-2086.62,pro_LiqSweep+OTE+RSI_Div,target
2017-05-15 10:00:00,2017-05-15 11:30:00,NIFTY BANK,bullish,158.51,176.96,810,14946.28,436.27,14510.01,pro_LiqSweep+VP+RSI_Div,stop_loss_premium_phase3
2017-05-16 09:45:00,2017-05-16 10:00:00,NIFTY BANK,bearish,69.08,104.66,1500,53367.69,449.02,52918.67,pro_LiqSweep+OTE+RSI_Div+VWAP,target
2017-05-26 14:15:00,2017-05-26 15:15:00,NIFTY BANK,bullish,204.28,212.62,720,6007.22,469.27,5537.95,pro_FVG+VP+RSI_Div,intraday_square_off
2017-05-29 10:45:00,2017-05-29 12:15:00,NIFTY BANK,bearish,193.59,212.89,750,14473.86,482.02,13991.84,pro_FVG+RSI_Div+VWAP,stop_loss_premium_phase3
2017-05-30 10:15:00,2017-05-30 11:45:00,NIFTY BANK,bullish,179.61,179.78,840,139.36,467.35,-327.99,pro_FVG+VP,stop_loss_premium_phase3
2017-06-02 14:15:00,2017-06-02 15:15:00,NIFTY BANK,bearish,169.38,189.59,900,18194.1,510.1,17684.0,pro_LiqSweep+OTE+VWAP,intraday_square_off
2017-06-06 10:30:00,2017-06-06 11:30:00,NIFTY BANK,bullish,72.26,72.57,1500,466.44,349.81,116.63,pro_LiqSweep+VP,stop_loss_premium_phase2
2017-06-07 09:30:00,2017-06-07 09:45:00,NIFTY BANK,bullish,91.02,91.27,480,120.6,169.03,-48.43,pro_VP+OTE+RSI_Div,target
2017-06-09 09:45:00,2017-06-09 10:45:00,NIFTY BANK,bearish,176.51,176.51,870,2.28,474.53,-472.25,pro_LiqSweep+RSI_Div+VWAP,stop_loss_premium_phase2
2017-06-16 09:45:00,2017-06-16 11:15:00,NIFTY BANK,bullish,175.99,175.67,870,-273.26,472.69,-745.95,pro_FVG+VP+RSI_Div,stop_loss_premium_phase3
2017-06-16 11:30:00,2017-06-16 13:00:00,NIFTY BANK,bullish,96.12,108.69,1500,18846.11,488.51,18357.6,pro_FVG+VP,stop_loss_premium_phase3
2017-06-20 11:30:00,2017-06-20 13:00:00,NIFTY BANK,bearish,186.31,217.66,840,26332.7,538.71,25793.99,pro_LiqSweep+OTE+VWAP,stop_loss_premium_phase3
2017-06-30 10:30:00,2017-06-30 12:00:00,NIFTY BANK,bullish,185.77,195.4,900,8670.03,530.9,8139.13,pro_FVG+OTE,stop_loss_premium_phase3
2017-07-03 11:30:00,2017-07-03 13:00:00,NIFTY BANK,bullish,161.82,162.95,1050,1182.61,522.55,660.06,pro_FVG+VP,stop_loss_premium_phase3
2017-07-03 14:15:00,2017-07-03 15:15:00,NIFTY BANK,bullish,87.7,85.6,1500,-3145.41,406.58,-3551.99,pro_VP+RSI_Div,intraday_square_off
2017-07-04 10:15:00,2017-07-04 11:15:00,NIFTY BANK,bullish,70.43,64.75,1500,-8533.22,323.06,-8856.28,pro_FVG+VP,stop_loss_premium_phase2
2017-07-04 14:15:00,2017-07-04 15:15:00,NIFTY BANK,bullish,83.93,62.15,1500,-32673.93,328.06,-33001.99,pro_LiqSweep+VP,intraday_square_off
2017-07-17 09:45:00,2017-07-17 11:15:00,NIFTY BANK,bullish,148.58,148.16,1050,-432.97,480.41,-913.38,pro_FVG+VP,stop_loss_premium_phase3
2017-07-17 14:15:00,2017-07-17 15:15:00,NIFTY BANK,bullish,72.42,66.41,1500,-9005.43,330.33,-9335.76,pro_LiqSweep+VP,intraday_square_off
2017-07-18 11:15:00,2017-07-18 12:45:00,NIFTY BANK,bearish,181.07,181.07,840,-5.92,470.46,-476.38,pro_LiqSweep+FVG+VWAP,stop_loss_premium_phase3
2017-07-26 09:30:00,2017-07-26 10:45:00,NIFTY BANK,bearish,75.1,75.16,1500,93.34,360.87,-267.53,pro_LiqSweep+OTE+VWAP,stop_loss_premium_phase2
2017-07-31 09:45:00,2017-07-31 11:15:00,NIFTY BANK,bullish,175.13,233.21,870,50533.59,578.64,49954.95,pro_VP+RSI_Div,target
2017-08-04 10:00:00,2017-08-04 11:00:00,NIFTY BANK,bullish,188.12,187.55,870,-492.82,501.59,-994.41,pro_LiqSweep+RSI_Div,stop_loss_premium_phase2
2017-08-04 11:15:00,2017-08-04 12:45:00,NIFTY BANK,bullish,188.06,215.82,870,24153.4,553.85,23599.55,pro_LiqSweep+OTE+RSI_Div,stop_loss_premium_phase3
2017-08-28 09:45:00,2017-08-28 11:15:00,NIFTY BANK,bullish,200.19,202.11,870,1672.36,535.42,1136.94,pro_LiqSweep+VP+RSI_Div,stop_loss_premium_phase3
2017-08-28 11:30:00,2017-08-28 13:00:00,NIFTY BANK,bullish,179.18,178.7,960,-466.36,524.89,-991.25,pro_LiqSweep+VP,stop_loss_premium_phase3
2017-09-05 14:15:00,2017-09-05 15:15:00,NIFTY BANK,bearish,73.36,83.6,1500,15354.3,386.08,14968.22,pro_OTE+RSI_Div+VWAP,intraday_square_off
2017-09-12 09:45:00,2017-09-12 10:45:00,NIFTY BANK,bearish,109.13,102.96,1500,-9257.9,483.04,-9740.94,pro_LiqSweep+OTE+VWAP,stop_loss_premium_phase2
2017-09-26 09:30:00,2017-09-26 11:00:00,NIFTY BANK,bullish,189.03,198.07,720,6506.96,439.78,6067.18,pro_LiqSweep+VP+RSI_Div,stop_loss_premium_phase3
2017-10-06 09:45:00,2017-10-06 11:15:00,NIFTY BANK,bullish,176.31,175.92,990,-378.29,532.12,-910.41,pro_FVG+VP,stop_loss_premium_phase3
2017-10-06 14:15:00,2017-10-06 15:15:00,NIFTY BANK,bullish,84.53,111.43,1500,40353.64,485.84,39867.8,pro_FVG+VP,intraday_square_off
2017-10-09 10:00:00,2017-10-09 11:15:00,NIFTY BANK,bullish,107.84,107.63,1500,-302.39,496.69,-799.08,pro_VP+RSI_Div,stop_loss_premium_phase2
2017-10-09 11:30:00,2017-10-09 12:30:00,NIFTY BANK,bullish,90.26,90.53,1500,413.74,424.83,-11.09,pro_FVG+VP,stop_loss_premium_phase2
2017-10-10 14:15:00,2017-10-10 15:15:00,NIFTY BANK,bullish,73.22,79.1,1500,8806.77,371.58,8435.19,pro_FVG+VP,intraday_square_off
2017-10-16 09:45:00,2017-10-16 10:45:00,NIFTY BANK,bearish,164.85,236.8,1140,82021.63,744.59,81277.04,pro_LiqSweep+OTE+RSI_Div+VWAP,target
2017-10-17 10:00:00,2017-10-17 11:00:00,NIFTY BANK,bearish,160.11,159.61,1290,-640.62,620.6,-1261.22,pro_OTE+RSI_Div+VWAP,stop_loss_premium_phase2
2017-10-18 09:30:00,2017-10-18 09:45:00,NIFTY BANK,bearish,379.56,255.62,60,-7436.12,94.76,-7530.88,pro_LiqSweep+FVG+VWAP,target
2017-10-24 11:00:00,2017-10-24 12:30:00,NIFTY BANK,bullish,199.11,238.43,1020,40103.52,697.66,39405.86,pro_FVG+VP,stop_loss_premium_phase3
2017-10-30 10:00:00,2017-10-30 11:30:00,NIFTY BANK,bullish,170.1,182.24,1260,15301.95,676.16,14625.79,pro_VP+RSI_Div,stop_loss_premium_phase3
2017-10-30 14:15:00,2017-10-30 15:15:00,NIFTY BANK,bullish,201.13,183.82,1080,-18688.13,611.94,-19300.07,pro_VP+RSI_Div,intraday_square_off
2017-10-31 09:45:00,2017-10-31 10:45:00,NIFTY BANK,bullish,94.72,95.05,1500,491.9,443.63,48.27,pro_LiqSweep+VP,stop_loss_premium_phase2
2017-10-31 11:00:00,2017-10-31 12:30:00,NIFTY BANK,bullish,105.15,120.61,1500,23196.11,535.43,22660.68,pro_LiqSweep+VP+OTE,stop_loss_premium_phase3
2017-11-06 11:00:00,2017-11-06 12:30:00,NIFTY BANK,bearish,191.94,202.03,1140,11498.14,680.57,10817.57,pro_LiqSweep+OTE+VWAP,stop_loss_premium_phase3
2017-11-07 11:00:00,2017-11-07 12:30:00,NIFTY BANK,bearish,161.42,160.92,1380,-693.43,665.63,-1359.06,pro_FVG+RSI_Div+VWAP,stop_loss_premium_phase3
2017-11-20 14:15:00,2017-11-20 15:15:00,NIFTY BANK,bullish,77.73,75.68,1500,-3062.61,365.13,-3427.74,pro_FVG+VP+RSI_Div,intraday_square_off
2017-11-21 09:45:00,2017-11-21 11:15:00,NIFTY BANK,bullish,104.06,118.0,1500,20913.36,526.02,20387.34,pro_FVG+VP,stop_loss_premium_phase3
2017-11-27 10:15:00,2017-11-27 11:45:00,NIFTY BANK,bullish,204.03,203.6,1110,-480.77,676.41,-1157.18,pro_VP+OTE,stop_loss_premium_phase3
2017-11-27 14:15:00,2017-11-27 14:30:00,NIFTY BANK,bullish,78.11,96.58,1500,27706.79,432.15,27274.64,pro_LiqSweep+VP,target
2017-11-28 09:45:00,2017-11-28 11:15:00,NIFTY BANK,bullish,102.29,110.89,1500,12899.29,501.62,12397.67,pro_LiqSweep+VP,stop_loss_premium_phase3
2017-12-08 14:15:00,2017-12-08 15:15:00,NIFTY BANK,bearish,152.45,171.39,1500,28419.67,743.98,27675.69,pro_LiqSweep+RSI_Div+VWAP,intraday_square_off
2017-12-19 09:45:00,2017-12-19 11:15:00,NIFTY BANK,bullish,197.14,215.22,1230,22237.1,769.27,21467.83,pro_LiqSweep+VP,stop_loss_premium_phase3
2017-12-19 11:30:00,2017-12-19 13:00:00,NIFTY BANK,bullish,177.91,183.25,1380,7363.79,746.08,6617.71,pro_LiqSweep+VP+RSI_Div,stop_loss_premium_phase3
2017-12-19 14:15:00,2017-12-19 15:15:00,NIFTY BANK,bullish,77.09,92.04,1500,22411.81,416.67,21995.14,pro_LiqSweep+VP,intraday_square_off
2017-12-26 14:15:00,2017-12-26 15:00:00,NIFTY BANK,bullish,77.28,102.9,1500,38424.77,451.5,37973.27,pro_VP+RSI_Div,target
2017-12-29 09:45:00,2017-12-29 11:15:00,NIFTY BANK,bearish,163.6,163.15,1500,-670.13,728.67,-1398.8,pro_LiqSweep+OTE+VWAP,stop_loss_premium_phase3
2017-12-29 11:30:00,2017-12-29 13:00:00,NIFTY BANK,bearish,178.18,186.22,1470,11819.48,801.23,11018.25,pro_LiqSweep+OTE+VWAP,stop_loss_premium_phase3
2018-01-01 09:45:00,2018-01-01 11:15:00,NIFTY BANK,bearish,76.77,76.54,1500,-341.44,366.92,-708.36,pro_LiqSweep+OTE+VWAP,stop_loss_premium_phase3
2018-01-01 11:30:00,2018-01-01 13:00:00,NIFTY BANK,bearish,76.78,88.85,1500,18101.73,406.2,17695.53,pro_LiqSweep+OTE+VWAP,stop_loss_premium_phase3
2018-01-05 09:45:00,2018-01-05 11:15:00,NIFTY BANK,bullish,171.07,178.45,1500,11060.57,784.81,10275.76,pro_LiqSweep+VP+RSI_Div,stop_loss_premium_phase3
2018-01-05 11:30:00,2018-01-05 13:00:00,NIFTY BANK,bullish,105.94,105.64,1500,-450.7,488.47,-939.17,pro_LiqSweep+VP,stop_loss_premium_phase3
2018-01-05 14:15:00,2018-01-05 15:15:00,NIFTY BANK,bearish,177.62,151.76,1500,-38786.77,706.13,-39492.9,pro_LiqSweep+OTE+RSI_Div+VWAP,intraday_square_off
2018-01-09 09:45:00,2018-01-09 11:15:00,NIFTY BANK,bullish,90.06,104.28,1500,21329.76,468.49,20861.27,pro_LiqSweep+FVG+OTE,stop_loss_premium_phase3
2018-01-09 11:30:00,2018-01-09 13:00:00,NIFTY BANK,bullish,76.95,71.93,1500,-7536.3,352.4,-7888.7,pro_LiqSweep+VP,stop_loss_premium_phase3
2018-01-09 14:15:00,2018-01-09 15:15:00,NIFTY BANK,bullish,77.33,74.54,1500,-4183.01,361.11,-4544.12,pro_LiqSweep+VP+RSI_Div,intraday_square_off
2018-01-12 09:45:00,2018-01-12 11:15:00,NIFTY BANK,bullish,166.69,166.17,1500,-783.69,741.33,-1525.02,pro_LiqSweep+FVG+VP,stop_loss_premium_phase3
2018-01-12 11:30:00,2018-01-12 12:30:00,NIFTY BANK,bullish,186.73,186.15,1410,-810.06,778.15,-1588.21,pro_LiqSweep+FVG+VP,stop_loss_premium_phase2
2018-01-16 09:45:00,2018-01-16 10:45:00,NIFTY BANK,bullish,91.52,91.63,1500,161.26,429.56,-268.3,pro_LiqSweep+VP,stop_loss_premium_phase2
2018-01-17 09:30:00,2018-01-17 11:00:00,NIFTY BANK,bullish,106.25,118.02,1500,17651.38,528.25,17123.13,pro_VP+OTE+RSI_Div,stop_loss_premium_phase3
2018-01-19 10:15:00,2018-01-19 11:45:00,NIFTY BANK,bullish,211.25,218.34,1260,8931.35,806.92,8124.43,pro_FVG+VP,stop_loss_premium_phase3
2018-01-19 14:15:00,2018-01-19 15:00:00,NIFTY BANK,bullish,177.2,245.21,1500,102022.17,1003.79,101018.38,pro_FVG+VP,target
2018-01-22 10:15:00,2018-01-22 11:45:00,NIFTY BANK,bullish,193.75,214.08,1500,30489.58,920.8,29568.78,pro_FVG+VP,stop_loss_premium_phase3
2018-02-12 09:45:00,2018-02-12 11:15:00,NIFTY BANK,bullish,169.1,202.12,1500,49522.75,858.36,48664.39,pro_FVG+VP,stop_loss_premium_phase3
2018-02-12 11:30:00,2018-02-12 13:00:00,NIFTY BANK,bearish,179.5,179.01,1500,-737.67,794.91,-1532.58,pro_LiqSweep+FVG+VWAP,stop_loss_premium_phase3
2018-02-16 09:45:00,2018-02-16 11:00:00,NIFTY BANK,bullish,203.23,202.76,1500,-708.62,894.01,-1602.63,pro_LiqSweep+FVG+RSI_Div,stop_loss_premium_phase2
2018-02-20 11:00:00,2018-02-20 12:30:00,NIFTY BANK,bearish,166.31,174.02,1500,11565.35,766.0,10799.35,pro_LiqSweep+OTE+VWAP,stop_loss_premium_phase3
2018-02-20 14:15:00,2018-02-20 14:45:00,NIFTY BANK,bearish,199.82,270.46,1500,105969.16,1106.6,104862.56,pro_LiqSweep+OTE+VWAP,target
2018-02-23 09:45:00,2018-02-23 12:00:00,NIFTY BANK,bullish,207.82,263.91,1500,84127.45,1093.58,83033.87,pro_LiqSweep+FVG+VP,stop_loss_premium_phase3
2018-03-09 10:00:00,2018-03-09 11:45:00,NIFTY BANK,bearish,192.94,213.04,1500,30156.49,916.69,29239.8,pro_OTE+RSI_Div+VWAP,stop_loss_premium_phase3
2018-03-13 11:30:00,2018-03-13 13:00:00,NIFTY BANK,bullish,191.62,226.9,1500,52924.08,959.58,51964.5,pro_FVG+VP,stop_loss_premium_phase3
2018-03-13 14:15:00,2018-03-13 15:15:00,NIFTY BANK,bearish,200.71,204.18,1500,5204.48,896.05,4308.43,pro_LiqSweep+RSI_Div+VWAP,intraday_square_off
2018-03-26 09:45:00,2018-03-26 10:45:00,NIFTY BANK,bullish,156.84,156.95,1500,153.54,702.22,-548.68,pro_LiqSweep+VP+RSI_Div,stop_loss_premium_phase2
2018-03-26 11:00:00,2018-03-26 12:15:00,NIFTY BANK,bullish,183.73,258.15,1500,111629.53,1051.49,110578.04,pro_LiqSweep+VP+RSI_Div,target
2018-04-03 10:30:00,2018-04-03 12:00:00,NIFTY BANK,bullish,163.79,163.92,1500,195.02,731.31,-536.29,pro_FVG+VP,stop_loss_premium_phase3
2018-04-06 10:00:00,2018-04-06 11:30:00,NIFTY BANK,bullish,207.19,206.6,1500,-875.21,910.18,-1785.39,pro_FVG+RSI_Div,stop_loss_premium_phase3
2018-04-09 11:30:00,2018-04-09 12:30:00,NIFTY BANK,bearish,189.63,183.86,1500,-8641.45,820.36,-9461.81,pro_OTE+RSI_Div+VWAP,stop_loss_premium_phase2
2018-04-10 14:15:00,2018-04-10 15:15:00,NIFTY BANK,bearish,81.2,89.91,1500,13056.35,413.93,12642.42,pro_LiqSweep+OTE+RSI_Div+VWAP,intraday_square_off
2018-04-13 09:45:00,2018-04-13 11:15:00,NIFTY BANK,bullish,204.18,203.72,1500,-680.17,898.03,-1578.2,pro_FVG+VP,stop_loss_premium_phase3
2018-04-16 10:00:00,2018-04-16 11:30:00,NIFTY BANK,bullish,189.35,188.92,1500,-642.72,836.22,-1478.94,pro_LiqSweep+RSI_Div,stop_loss_premium_phase3
2018-04-18 09:30:00,2018-04-18 11:00:00,NIFTY BANK,bearish,214.44,177.54,900,-33210.76,513.65,-33724.41,pro_OTE+RSI_Div+VWAP,stop_loss_premium_phase3
2018-04-23 10:45:00,2018-04-23 12:15:00,NIFTY BANK,bearish,216.14,215.55,1500,-877.44,947.53,-1824.97,pro_LiqSweep+OTE+VWAP,stop_loss_premium_phase3
2018-04-24 10:15:00,2018-04-24 11:45:00,NIFTY BANK,bearish,170.23,164.53,1500,-8552.23,739.59,-9291.82,pro_LiqSweep+OTE+RSI_Div+VWAP,stop_loss_premium_phase3
2018-04-27 09:45:00,2018-04-27 11:15:00,NIFTY BANK,bullish,185.0,184.5,1500,-755.52,817.83,-1573.35,pro_FVG+VP,stop_loss_premium_phase3
2018-04-30 09:45:00,2018-04-30 11:30:00,NIFTY BANK,bullish,183.83,206.38,1500,33826.87,886.47,32940.4,pro_FVG+VP,stop_loss_premium_phase3
2018-05-02 09:30:00,2018-05-02 09:45:00,NIFTY BANK,bullish,258.88,241.59,390,-6743.64,313.82,-7057.46,pro_FVG+VP+OTE,target
2018-05-14 09:45:00,2018-05-14 11:15:00,NIFTY BANK,bullish,161.18,191.19,1500,45019.04,815.71,44203.33,pro_LiqSweep+VP,stop_loss_premium_phase3
2018-05-22 09:45:00,2018-05-22 10:45:00,NIFTY BANK,bullish,150.59,150.78,1500,283.04,676.38,-393.34,pro_LiqSweep+VP,stop_loss_premium_phase2
2018-05-22 11:00:00,2018-05-22 12:30:00,NIFTY BANK,bullish,199.04,229.78,1500,46118.36,976.09,45142.27,pro_LiqSweep+FVG+VP,stop_loss_premium_phase3
2018-05-25 10:15:00,2018-05-25 11:45:00,NIFTY BANK,bullish,193.46,210.91,1500,26175.86,910.4,25265.46,pro_FVG+VP,stop_loss_premium_phase3
2018-05-25 14:15:00,2018-05-25 15:15:00,NIFTY BANK,bullish,192.66,171.92,1500,-31110.12,785.24,-31895.36,pro_LiqSweep+VP,intraday_square_off
2018-05-29 09:45:00,2018-05-29 10:45:00,NIFTY BANK,bearish,187.86,187.95,1500,132.49,831.65,-699.16,pro_FVG+RSI_Div+VWAP,stop_loss_premium_phase2
2018-05-29 11:30:00,2018-05-29 13:00:00,NIFTY BANK,bearish,157.23,201.36,1500,66189.77,844.26,65345.51,pro_LiqSweep+FVG+VWAP,stop_loss_premium_phase3
2018-06-05 14:15:00,2018-06-05 14:45:00,NIFTY BANK,bullish,198.86,291.11,1500,138372.69,1171.51,137201.18,pro_LiqSweep+OTE+RSI_Div,target
2018-06-08 14:15:00,2018-06-08 15:00:00,NIFTY BANK,bullish,155.18,202.97,1500,71687.67,847.37,70840.3,pro_LiqSweep+VP+RSI_Div,target
2018-06-15 10:00:00,2018-06-15 11:30:00,NIFTY BANK,bullish,171.1,170.65,1500,-667.26,759.97,-1427.23,pro_LiqSweep+VP+OTE+RSI_Div,stop_loss_premium_phase3
2018-06-22 09:45:00,2018-06-22 11:15:00,NIFTY BANK,bullish,159.91,181.83,1500,32871.87,784.6,32087.27,pro_FVG+RSI_Div,stop_loss_premium_phase3
2018-06-25 11:30:00,2018-06-25 13:00:00,NIFTY BANK,bearish,206.39,221.33,1500,22417.63,956.37,21461.26,pro_FVG+OTE+VWAP,stop_loss_premium_phase3
2018-06-26 11:30:00,2018-06-26 13:00:00,NIFTY BANK,bullish,164.02,200.82,1500,55192.54,849.23,54343.31,pro_LiqSweep+VP,stop_loss_premium_phase3
2018-07-02 09:30:00,2018-07-02 10:30:00,NIFTY BANK,bullish,150.4,145.3,1500,-7655.07,658.73,-8313.8,pro_VP+OTE+RSI_Div,stop_loss_premium_phase2
2018-07-03 09:30:00,2018-07-03 10:30:00,NIFTY BANK,bullish,177.76,177.66,1500,-142.53,788.9,-931.43,pro_VP+RSI_Div,stop_loss_premium_phase2
2018-07-13 09:45:00,2018-07-13 10:45:00,NIFTY BANK,bullish,189.64,182.66,1500,-10466.56,816.55,-11283.11,pro_FVG+RSI_Div,stop_loss_premium_phase2
2018-07-17 09:45:00,2018-07-17 11:15:00,NIFTY BANK,bullish,165.09,164.56,1500,-792.7,734.61,-1527.31,pro_FVG+VP,stop_loss_premium_phase3
2018-07-17 11:30:00,2018-07-17 13:00:00,NIFTY BANK,bullish,172.17,183.94,1500,17646.04,803.41,16842.63,pro_FVG+VP+RSI_Div,stop_loss_premium_phase3
2018-07-20 10:00:00,2018-07-20 11:30:00,NIFTY BANK,bearish,193.15,209.81,1500,24984.59,906.57,24078.02,pro_FVG+RSI_Div+VWAP,stop_loss_premium_phase3
2018-07-23 09:30:00,2018-07-23 11:00:00,NIFTY BANK,bearish,129.93,149.38,1500,29174.51,651.57,28522.94,pro_LiqSweep+FVG+OTE+VWAP,stop_loss_premium_phase3
2018-07-27 09:45:00,2018-07-27 11:15:00,NIFTY BANK,bullish,190.78,197.86,1500,10615.67,866.14,9749.53,pro_LiqSweep+FVG+VP,stop_loss_premium_phase3
2018-07-27 11:30:00,2018-07-27 13:00:00,NIFTY BANK,bullish,198.96,208.8,1500,14756.39,909.08,13847.31,pro_LiqSweep+VP,stop_loss_premium_phase3
2018-07-31 09:45:00,2018-07-31 10:45:00,NIFTY BANK,bullish,168.63,168.12,1500,-768.45,749.48,-1517.93,pro_LiqSweep+VP,stop_loss_premium_phase2
2018-07-31 14:15:00,2018-07-31 15:15:00,NIFTY BANK,bullish,83.14,93.85,1500,16074.35,428.4,15645.95,pro_LiqSweep+OTE,intraday_square_off
2018-08-06 11:15:00,2018-08-06 12:45:00,NIFTY BANK,bearish,196.53,196.01,1500,-777.74,865.89,-1643.63,pro_LiqSweep+RSI_Div+VWAP,stop_loss_premium_phase3
2018-08-10 09:45:00,2018-08-10 11:15:00,NIFTY BANK,bearish,188.56,188.13,1500,-636.21,832.92,-1469.13,pro_LiqSweep+RSI_Div+VWAP,stop_loss_premium_phase3
2018-08-14 09:45:00,2018-08-14 10:45:00,NIFTY BANK,bullish,162.53,162.03,1500,-751.55,724.05,-1475.6,pro_LiqSweep+VP+RSI_Div,stop_loss_premium_phase2
2018-08-14 11:00:00,2018-08-14 12:45:00,NIFTY BANK,bullish,186.3,214.91,1500,42923.1,916.12,42006.98,pro_FVG+VP+RSI_Div,stop_loss_premium_phase3
2018-08-20 10:30:00,2018-08-20 12:00:00,NIFTY BANK,bullish,192.75,202.45,1500,14552.34,882.72,13669.62,pro_FVG+VP,stop_loss_premium_phase3
2018-08-21 09:45:00,2018-08-21 11:15:00,NIFTY BANK,bullish,84.41,84.85,1500,657.15,400.93,256.22,pro_FVG+VP,stop_loss_premium_phase3
2018-08-21 11:30:00,2018-08-21 13:15:00,NIFTY BANK,bullish,84.53,98.83,1500,21438.87,445.65,20993.22,pro_FVG+VP,stop_loss_premium_phase3
2018-08-21 14:15:00,2018-08-21 15:15:00,NIFTY BANK,bullish,84.67,100.7,1500,24036.14,451.75,23584.39,pro_LiqSweep+FVG+VP,intraday_square_off
2018-08-31 09:45:00,2018-08-31 10:45:00,NIFTY BANK,bullish,183.9,183.97,1500,102.46,815.05,-712.59,pro_LiqSweep+VP,stop_loss_premium_phase2
2018-09-03 10:15:00,2018-09-03 11:45:00,NIFTY BANK,bearish,179.65,187.08,1500,11143.42,820.78,10322.64,pro_LiqSweep+RSI_Div+VWAP,stop_loss_premium_phase3
2018-09-07 14:15:00,2018-09-07 14:45:00,NIFTY BANK,bullish,161.04,207.65,1500,69923.18,868.09,69055.09,pro_VP+RSI_Div,target
2018-09-25 11:00:00,2018-09-25 12:00:00,NIFTY BANK,bullish,200.47,200.57,1500,150.56,884.34,-733.78,pro_VP+RSI_Div,stop_loss_premium_phase2
2018-09-28 10:00:00,2018-09-28 11:30:00,NIFTY BANK,bullish,224.76,319.54,1500,142169.29,1287.7,140881.59,pro_LiqSweep+OTE+RSI_Div,target
2018-10-03 09:30:00,2018-10-03 10:45:00,NIFTY BANK,bullish,260.85,314.48,960,51478.36,853.53,50624.83,pro_FVG+VP,target
2018-10-05 11:15:00,2018-10-05 12:45:00,NIFTY BANK,bearish,243.46,257.46,1500,21007.05,1108.11,19898.94,pro_FVG+OTE+VWAP,stop_loss_premium_phase3
2018-10-09 14:15:00,2018-10-09 15:00:00,NIFTY BANK,bearish,170.7,242.79,1500,108130.82,989.66,107141.16,pro_LiqSweep+FVG+VWAP,target
2018-10-30 10:30:00,2018-10-30 12:00:00,NIFTY BANK,bearish,184.49,237.02,1500,78790.86,984.85,77806.01,pro_LiqSweep+RSI_Div+VWAP,stop_loss_premium_phase3
2018-11-02 14:15:00,2018-11-02 15:15:00,NIFTY BANK,bearish,183.24,184.81,1500,2363.27,817.1,1546.17,pro_OTE+RSI_Div+VWAP,intraday_square_off
2018-11-06 11:15:00,2018-11-06 12:45:00,NIFTY BANK,bullish,163.61,208.7,1500,67636.18,873.95,66762.23,pro_FVG+VP,stop_loss_premium_phase3
2018-11-13 11:30:00,2018-11-13 13:00:00,NIFTY BANK,bullish,166.43,190.38,1500,35935.64,818.31,35117.33,pro_LiqSweep+RSI_Div,stop_loss_premium_phase3
2018-11-13 14:15:00,2018-11-13 15:15:00,NIFTY BANK,bullish,201.55,241.62,1500,60116.45,1016.32,59100.13,pro_LiqSweep+VP,intraday_square_off
2018-11-16 14:15:00,2018-11-16 15:15:00,NIFTY BANK,bearish,210.65,210.82,1500,250.83,927.03,-676.2,pro_OTE+RSI_Div+VWAP,intraday_square_off
2018-11-27 14:15:00,2018-11-27 15:15:00,NIFTY BANK,bullish,197.38,207.2,1500,14736.93,902.44,13834.49,pro_LiqSweep+VP,intraday_square_off
2018-11-30 14:15:00,2018-11-30 14:30:00,NIFTY BANK,bullish,183.49,235.95,1500,78694.7,980.47,77714.23,pro_LiqSweep+OTE,target
2018-12-14 10:30:00,2018-12-14 12:00:00,NIFTY BANK,bullish,183.81,183.24,1500,-855.73,812.64,-1668.37,pro_FVG+VP,stop_loss_premium_phase3
2018-12-28 14:15:00,2018-12-28 15:15:00,NIFTY BANK,bearish,208.66,226.45,1500,26684.35,974.92,25709.43,pro_LiqSweep+RSI_Div+VWAP,intraday_square_off
2019-01-01 09:45:00,2019-01-01 11:15:00,NIFTY BANK,bullish,174.15,202.8,1500,42978.17,865.51,42112.66,pro_FVG+RSI_Div,stop_loss_premium_phase3
2019-01-01 11:30:00,2019-01-01 13:00:00,NIFTY BANK,bullish,166.8,166.44,1500,-535.96,742.32,-1278.28,pro_FVG+OTE,stop_loss_premium_phase3
2019-01-02 09:30:00,2019-01-02 09:45:00,NIFTY BANK,bullish,127.98,106.36,1200,-25945.31,419.39,-26364.7,pro_VP+RSI_Div,target
2019-01-04 09:45:00,2019-01-04 12:00:00,NIFTY BANK,bullish,193.57,244.87,1500,76959.96,1018.84,75941.12,pro_LiqSweep+OTE+RSI_Div,stop_loss_premium_phase3
2019-01-07 14:15:00,2019-01-07 14:45:00,NIFTY BANK,bearish,146.97,194.63,1500,71489.25,812.71,70676.54,pro_OTE+RSI_Div+VWAP,target
2019-01-11 09:45:00,2019-01-11 10:45:00,NIFTY BANK,bullish,182.64,176.24,1500,-9605.49,789.16,-10394.65,pro_LiqSweep+VP,stop_loss_premium_phase2
2019-01-14 09:45:00,2019-01-14 11:15:00,NIFTY BANK,bearish,168.6,168.22,1500,-577.88,749.76,-1327.64,pro_LiqSweep+FVG+VWAP,stop_loss_premium_phase3
2019-01-15 09:45:00,2019-01-15 11:15:00,NIFTY BANK,bullish,108.1,118.62,1500,15772.87,531.97,15240.9,pro_LiqSweep+FVG+VP,stop_loss_premium_phase3
2019-01-15 11:30:00,2019-01-15 12:30:00,NIFTY BANK,bullish,81.55,81.77,1500,330.2,388.31,-58.11,pro_LiqSweep+VP,stop_loss_premium_phase2
2019-01-15 14:15:00,2019-01-15 15:15:00,NIFTY BANK,bullish,81.94,85.81,1500,5808.74,401.59,5407.15,pro_FVG+VP,intraday_square_off
2019-01-29 09:45:00,2019-01-29 11:15:00,NIFTY BANK,bullish,174.1,167.04,1500,-10593.03,751.41,-11344.44,pro_LiqSweep+OTE,stop_loss_premium_phase3
2019-01-29 11:30:00,2019-01-29 12:45:00,NIFTY BANK,bullish,202.55,201.99,1500,-839.85,890.91,-1730.76,pro_LiqSweep+OTE+RSI_Div,stop_loss_premium_phase2
2019-02-05 09:45:00,2019-02-05 11:15:00,NIFTY BANK,bullish,174.03,197.5,1500,35199.47,848.5,34350.97,pro_FVG+VP,stop_loss_premium_phase3
2019-02-18 09:30:00,2019-02-18 11:00:00,NIFTY BANK,bullish,187.1,188.96,1500,2797.45,834.12,1963.33,pro_LiqSweep+VP,stop_loss_premium_phase3
2019-02-25 09:45:00,2019-02-25 11:15:00,NIFTY BANK,bullish,176.09,192.45,1500,24540.54,834.44,23706.1,pro_LiqSweep+FVG+VP+RSI_Div,stop_loss_premium_phase3
2019-02-25 11:30:00,2019-02-25 13:30:00,NIFTY BANK,bullish,195.65,224.11,1500,42690.05,954.65,41735.4,pro_LiqSweep+VP,stop_loss_premium_phase3
2019-03-05 09:45:00,2019-03-05 11:15:00,NIFTY BANK,bullish,92.83,122.42,1500,44395.89,529.08,43866.81,pro_LiqSweep+VP,stop_loss_premium_phase3
2019-03-05 11:30:00,2019-03-05 12:45:00,NIFTY BANK,bullish,81.22,131.76,1500,75809.04,547.44,75261.6,pro_LiqSweep+FVG+VP,target
2019-03-12 09:30:00,2019-03-12 09:45:00,NIFTY BANK,bullish,209.94,154.69,660,-36461.6,355.25,-36816.85,pro_LiqSweep+VP,target
2019-03-19 14:15:00,2019-03-19 15:15:00,NIFTY BANK,bullish,105.79,115.48,1500,14527.83,519.69,14008.14,pro_LiqSweep+VP,intraday_square_off
2019-03-25 14:15:00,2019-03-25 15:00:00,NIFTY BANK,bullish,160.76,224.83,1500,96095.21,922.6,95172.61,pro_LiqSweep+VP,target
2019-03-26 10:00:00,2019-03-26 11:15:00,NIFTY BANK,bullish,172.3,171.82,1500,-717.41,764.88,-1482.29,pro_LiqSweep+FVG+VP,stop_loss_premium_phase2
2019-03-26 11:30:00,2019-03-26 13:00:00,NIFTY BANK,bullish,167.9,178.55,1500,15979.03,782.01,15197.02,pro_LiqSweep+FVG+VP,stop_loss_premium_phase3
2019-04-05 14:15:00,2019-04-05 15:15:00,NIFTY BANK,bullish,188.03,236.27,1500,72364.07,985.94,71378.13,pro_LiqSweep+OTE,intraday_square_off
2019-04-08 09:45:00,2019-04-08 11:15:00,NIFTY BANK,bullish,186.07,185.64,1500,-640.03,822.52,-1462.55,pro_LiqSweep+FVG,stop_loss_premium_phase3
2019-04-08 11:30:00,2019-04-08 13:00:00,NIFTY BANK,bullish,178.14,181.32,1500,4765.82,800.92,3964.9,pro_FVG+VP,stop_loss_premium_phase3
2019-04-12 10:00:00,2019-04-12 11:30:00,NIFTY BANK,bullish,212.38,214.86,1500,3731.41,941.63,2789.78,pro_LiqSweep+VP,stop_loss_premium_phase3
2019-04-22 11:30:00,2019-04-22 13:00:00,NIFTY BANK,bearish,218.8,247.25,1500,42674.95,1051.28,41623.67,pro_FVG+RSI_Div+VWAP,stop_loss_premium_phase3
2019-04-30 14:15:00,2019-04-30 15:00:00,NIFTY BANK,bullish,179.0,250.85,1500,107777.13,1023.54,106753.59,pro_LiqSweep+RSI_Div,target
2019-05-14 14:15:00,2019-05-14 15:15:00,NIFTY BANK,bullish,169.81,115.27,1500,-81798.76,582.07,-82380.83,pro_LiqSweep+VP+RSI_Div,intraday_square_off
2019-05-17 09:45:00,2019-05-17 11:15:00,NIFTY BANK,bullish,207.38,206.92,1500,-695.97,911.38,-1607.35,pro_LiqSweep+VP,stop_loss_premium_phase3
2019-05-17 11:30:00,2019-05-17 13:00:00,NIFTY BANK,bullish,196.31,243.63,1500,70977.5,1017.58,69959.92,pro_LiqSweep+VP,stop_loss_premium_phase3
2019-05-21 09:45:00,2019-05-21 11:15:00,NIFTY BANK,bearish,187.3,216.3,1500,43504.28,921.54,42582.74,pro_LiqSweep+OTE+VWAP,stop_loss_premium_phase3
2019-05-27 09:45:00,2019-05-27 11:15:00,NIFTY BANK,bullish,258.15,257.4,1500,-1119.36,1122.38,-2241.74,pro_FVG+VP,stop_loss_premium_phase3
2019-05-27 11:30:00,2019-05-27 12:45:00,NIFTY BANK,bullish,196.88,196.44,1500,-655.84,867.61,-1523.45,pro_VP+RSI_Div,stop_loss_premium_phase2
2019-05-28 11:15:00,2019-05-28 12:15:00,NIFTY BANK,bullish,166.42,166.51,1500,144.24,742.17,-597.93,pro_FVG+OTE,stop_loss_premium_phase2
2019-06-03 11:15:00,2019-06-03 12:45:00,NIFTY BANK,bullish,198.96,224.9,1500,38898.55,960.43,37938.12,pro_LiqSweep+VP+RSI_Div,stop_loss_premium_phase3
2019-06-07 10:30:00,2019-06-07 12:00:00,NIFTY BANK,bullish,300.01,315.1,1500,22639.63,1347.65,21291.98,pro_LiqSweep+FVG,stop_loss_premium_phase3
2019-06-14 10:00:00,2019-06-14 11:30:00,NIFTY BANK,bearish,215.98,241.27,1500,37946.99,1029.42,36917.57,pro_LiqSweep+FVG+VWAP,stop_loss_premium_phase3
2019-06-18 14:15:00,2019-06-18 14:45:00,NIFTY BANK,bearish,179.28,248.79,1500,104273.53,1017.27,103256.26,pro_FVG+OTE+VWAP,target
2019-06-24 14:15:00,2019-06-24 15:15:00,NIFTY BANK,bullish,180.75,164.29,1500,-24683.94,749.19,-25433.13,pro_LiqSweep+VP+OTE,intraday_square_off
2019-06-28 09:45:00,2019-06-28 11:15:00,NIFTY BANK,bearish,220.3,261.88,1500,62371.45,1099.39,61272.06,pro_LiqSweep+FVG+VWAP,stop_loss_premium_phase3
2019-07-16 09:45:00,2019-07-16 10:45:00,NIFTY BANK,bullish,171.16,171.06,1500,-147.63,761.35,-908.98,pro_LiqSweep+VP+RSI_Div,stop_loss_premium_phase2
2019-07-26 14:15:00,2019-07-26 15:15:00,NIFTY BANK,bullish,181.59,183.02,1500,2144.52,809.75,1334.77,pro_LiqSweep+VP,intraday_square_off
2019-07-30 10:30:00,2019-07-30 12:00:00,NIFTY BANK,bearish,188.12,235.43,1500,70971.15,983.35,69987.8,pro_FVG+OTE+VWAP,stop_loss_premium_phase3
2019-08-19 09:45:00,2019-08-19 11:15:00,NIFTY BANK,bearish,184.94,184.47,1500,-693.19,817.68,-1510.87,pro_LiqSweep+OTE+RSI_Div+VWAP,stop_loss_premium_phase3
2019-08-23 14:15:00,2019-08-23 15:15:00,NIFTY BANK,bullish,216.41,171.13,1500,-67913.48,806.12,-68719.6,pro_LiqSweep+VP,intraday_square_off
2019-08-30 09:45:00,2019-08-30 10:45:00,NIFTY BANK,bullish,286.94,286.81,1500,-189.99,1244.54,-1434.53,pro_LiqSweep+VP,stop_loss_premium_phase2
2019-09-11 09:30:00,2019-09-11 09:45:00,NIFTY BANK,bullish,287.81,282.88,900,-4441.15,758.59,-5199.74,pro_LiqSweep+VP,target
2019-09-13 10:15:00,2019-09-13 11:45:00,NIFTY BANK,bullish,224.11,244.37,1500,30382.52,1047.29,29335.23,pro_FVG+RSI_Div,stop_loss_premium_phase3
2019-09-23 14:15:00,2019-09-23 15:15:00,NIFTY BANK,bearish,357.06,361.0,1500,5897.69,1550.2,4347.49,pro_LiqSweep+OTE+VWAP,intraday_square_off
2019-10-07 10:00:00,2019-10-07 11:30:00,NIFTY BANK,bearish,340.44,427.5,1500,130593.62,1745.96,128847.66,pro_LiqSweep+FVG+VWAP,stop_loss_premium_phase3
2019-10-11 14:15:00,2019-10-11 15:15:00,NIFTY BANK,bearish,311.31,338.11,1500,40196.25,1432.14,38764.11,pro_LiqSweep+FVG+RSI_Div+VWAP,intraday_square_off
2019-10-14 10:15:00,2019-10-14 11:45:00,NIFTY BANK,bearish,256.02,255.95,1500,-110.75,1115.65,-1226.4,pro_LiqSweep+OTE+VWAP,stop_loss_premium_phase3
2019-10-15 11:30:00,2019-10-15 13:00:00,NIFTY BANK,bearish,196.93,236.49,1500,59341.17,995.4,58345.77,pro_LiqSweep+FVG+OTE+VWAP,stop_loss_premium_phase3
2019-10-18 09:45:00,2019-10-18 10:45:00,NIFTY BANK,bullish,190.32,190.55,1500,337.89,842.37,-504.48,pro_LiqSweep+FVG+VP,stop_loss_premium_phase2
2019-10-18 14:15:00,2019-10-18 15:15:00,NIFTY BANK,bullish,189.49,187.48,1500,-3007.96,831.77,-3839.73,pro_LiqSweep+VP,intraday_square_off
2019-11-04 14:15:00,2019-11-04 15:15:00,NIFTY BANK,bearish,190.02,229.0,1500,58466.46,964.71,57501.75,pro_LiqSweep+RSI_Div+VWAP,intraday_square_off
2019-11-11 14:15:00,2019-11-11 15:00:00,NIFTY BANK,bullish,168.78,243.13,1500,111529.37,988.88,110540.49,pro_LiqSweep+VP,target
2019-11-18 10:15:00,2019-11-18 11:30:00,NIFTY BANK,bullish,196.09,195.65,1500,-651.93,864.31,-1516.24,pro_LiqSweep+OTE,stop_loss_premium_phase2
2019-11-18 14:15:00,2019-11-18 15:15:00,NIFTY BANK,bullish,192.85,196.81,1500,5933.18,864.82,5068.36,pro_LiqSweep+OTE,intraday_square_off
2019-11-19 09:45:00,2019-11-19 10:30:00,NIFTY BANK,bullish,164.55,244.86,1500,120460.75,990.22,119470.53,pro_LiqSweep+VP,target
2019-11-19 10:45:00,2019-11-19 12:15:00,NIFTY BANK,bullish,196.17,252.47,1500,84448.44,1045.61,83402.83,pro_LiqSweep+VP,stop_loss_premium_phase3
2019-11-22 09:45:00,2019-11-22 11:15:00,NIFTY BANK,bearish,173.09,181.64,1500,12829.54,796.97,12032.57,pro_LiqSweep+VP+RSI_Div+VWAP,stop_loss_premium_phase3
2019-11-25 09:45:00,2019-11-25 11:15:00,NIFTY BANK,bullish,204.68,224.6,1500,29891.47,965.12,28926.35,pro_LiqSweep+VP,stop_loss_premium_phase3
2019-11-25 11:30:00,2019-11-25 13:00:00,NIFTY BANK,bullish,165.41,164.96,1500,-683.77,736.22,-1419.99,pro_LiqSweep+VP,stop_loss_premium_phase3
2019-11-25 14:15:00,2019-11-25 15:15:00,NIFTY BANK,bullish,152.08,161.13,1500,13571.27,710.88,12860.39,pro_LiqSweep+VP,intraday_square_off
2019-12-03 09:45:00,2019-12-03 10:45:00,NIFTY BANK,bullish,168.28,167.76,1500,-781.84,747.96,-1529.8,pro_LiqSweep+OTE,stop_loss_premium_phase2
2019-12-16 10:00:00,2019-12-16 11:30:00,NIFTY BANK,bearish,200.35,217.6,1500,25881.63,938.52,24943.11,pro_FVG+RSI_Div+VWAP,stop_loss_premium_phase3
2019-12-17 09:45:00,2019-12-17 11:15:00,NIFTY BANK,bullish,161.81,169.91,1500,12160.08,748.46,11411.62,pro_VP+RSI_Div,stop_loss_premium_phase3
2019-12-17 11:30:00,2019-12-17 13:00:00,NIFTY BANK,bullish,168.64,197.35,1500,43069.09,842.72,42226.37,pro_VP+RSI_Div,stop_loss_premium_phase3
2019-12-18 09:30:00,2019-12-18 10:30:00,NIFTY BANK,bullish,107.01,91.18,1500,-23739.02,443.39,-24182.41,pro_FVG+VP+OTE,stop_loss_premium_phase2
2019-12-23 09:45:00,2019-12-23 11:15:00,NIFTY BANK,bullish,179.57,179.17,1500,-586.99,795.5,-1382.49,pro_LiqSweep+VP,stop_loss_premium_phase3
2019-12-23 11:30:00,2019-12-23 13:00:00,NIFTY BANK,bullish,180.0,184.52,1500,6766.71,812.96,5953.75,pro_LiqSweep+VP,stop_loss_premium_phase3
2019-12-30 09:45:00,2019-12-30 11:15:00,NIFTY BANK,bullish,181.35,190.06,1500,13061.71,831.96,12229.75,pro_LiqSweep+VP,stop_loss_premium_phase3
2019-12-30 11:30:00,2019-12-30 12:30:00,NIFTY BANK,bullish,191.9,191.28,1500,-938.13,846.24,-1784.37,pro_LiqSweep+FVG,stop_loss_premium_phase2
2020-01-13 10:45:00,2020-01-13 12:30:00,NIFTY BANK,bullish,185.24,206.87,1500,32447.17,889.42,31557.75,pro_FVG+VP,stop_loss_premium_phase3
2020-01-17 11:30:00,2020-01-17 13:00:00,NIFTY BANK,bullish,197.6,213.94,1500,24513.6,924.13,23589.47,pro_FVG+OTE,stop_loss_premium_phase3
2020-02-01 11:00:00,2020-02-01 12:00:00,NIFTY BANK,bearish,232.75,312.58,1500,119752.26,1273.38,118478.88,pro_FVG+OTE+VWAP,target
2020-02-01 14:15:00,2020-02-01 15:00:00,NIFTY BANK,bearish,480.82,670.07,1500,283874.56,2657.85,281216.71,pro_LiqSweep+FVG+VWAP,target
2020-03-02 09:45:00,2020-03-02 11:15:00,NIFTY BANK,bearish,261.93,270.44,1500,12768.15,1167.69,11600.46,pro_FVG+OTE+VWAP,stop_loss_premium_phase3
2020-03-02 11:30:00,2020-03-02 13:15:00,NIFTY BANK,bearish,225.08,252.39,1500,40963.37,1073.84,39889.53,pro_FVG+OTE+VWAP,stop_loss_premium_phase3
2020-03-02 14:15:00,2020-03-02 14:45:00,NIFTY BANK,bearish,199.31,287.89,1500,132870.57,1161.68,131708.89,pro_LiqSweep+FVG+RSI_Div+VWAP,target
2020-03-17 10:00:00,2020-03-17 11:30:00,NIFTY BANK,bearish,279.99,367.12,1500,130684.55,1493.83,129190.72,pro_FVG+OTE+VWAP,stop_loss_premium_phase3
2020-03-31 11:30:00,2020-03-31 12:30:00,NIFTY BANK,bearish,207.99,207.99,1500,-12.82,915.38,-928.2,pro_LiqSweep+FVG+VWAP,stop_loss_premium_phase2
2020-03-31 14:15:00,2020-03-31 15:15:00,NIFTY BANK,bearish,216.8,273.16,1500,84546.28,1131.94,83414.34,pro_LiqSweep+OTE+VWAP,intraday_square_off
2020-04-13 11:30:00,2020-04-13 12:30:00,NIFTY BANK,bullish,297.1,296.4,1500,-1041.48,1285.12,-2326.6,pro_FVG+OTE,stop_loss_premium_phase2
2020-04-20 09:45:00,2020-04-20 10:45:00,NIFTY BANK,bearish,332.47,332.99,1500,777.33,1436.67,-659.34,pro_OTE+RSI_Div+VWAP,stop_loss_premium_phase2
2020-04-21 10:45:00,2020-04-21 12:15:00,NIFTY BANK,bullish,237.25,236.7,1500,-814.85,1035.79,-1850.64,pro_LiqSweep+FVG,stop_loss_premium_phase3
2020-05-11 14:15:00,2020-05-11 15:00:00,NIFTY BANK,bearish,186.96,256.71,1500,104629.22,1050.08,103579.14,pro_VP+RSI_Div+VWAP,target
2020-05-22 10:00:00,2020-05-22 11:00:00,NIFTY BANK,bullish,258.86,258.85,1500,-17.37,1127.71,-1145.08,pro_LiqSweep+RSI_Div,stop_loss_premium_phase2
2020-05-22 14:15:00,2020-05-22 15:15:00,NIFTY BANK,bullish,234.32,242.07,1500,11621.31,1050.0,10571.31,pro_LiqSweep+OTE,intraday_square_off
2020-05-29 11:00:00,2020-05-29 12:30:00,NIFTY BANK,bullish,361.58,360.56,1500,-1528.06,1553.25,-3081.31,pro_LiqSweep+FVG,stop_loss_premium_phase3
2020-06-02 09:30:00,2020-06-02 11:00:00,NIFTY BANK,bearish,138.86,196.75,1500,86836.57,811.47,86025.1,pro_LiqSweep+FVG+VWAP,stop_loss_premium_phase3
2020-06-23 09:30:00,2020-06-23 09:45:00,NIFTY BANK,bearish,212.74,263.62,1500,76325.24,1097.52,75227.72,pro_OTE+RSI_Div+VWAP,target
2020-07-06 09:30:00,2020-07-06 11:00:00,NIFTY BANK,bearish,101.44,101.86,1500,624.4,471.97,152.43,pro_LiqSweep+RSI_Div+VWAP,stop_loss_premium_phase3
2020-07-07 10:30:00,2020-07-07 11:30:00,NIFTY BANK,bullish,199.44,199.38,1500,-77.73,879.52,-957.25,pro_FVG+OTE,stop_loss_premium_phase2
2020-07-14 14:15:00,2020-07-14 15:15:00,NIFTY BANK,bullish,173.3,205.34,1500,48055.04,872.79,47182.25,pro_LiqSweep+OTE,intraday_square_off
2020-07-24 14:15:00,2020-07-24 15:15:00,NIFTY BANK,bullish,212.78,190.98,1500,-32696.86,865.86,-33562.72,pro_FVG+RSI_Div,intraday_square_off
2020-08-04 14:15:00,2020-08-04 15:15:00,NIFTY BANK,bearish,203.11,190.78,1500,-18489.81,855.69,-19345.5,pro_FVG+OTE+RSI_Div+VWAP,intraday_square_off
2020-08-07 09:45:00,2020-08-07 11:15:00,NIFTY BANK,bullish,278.48,278.32,1500,-236.63,1209.13,-1445.76,pro_LiqSweep+OTE,stop_loss_premium_phase3
2020-08-07 11:30:00,2020-08-07 13:00:00,NIFTY BANK,bullish,203.22,230.23,1500,40512.2,981.63,39530.57,pro_LiqSweep+OTE+RSI_Div,stop_loss_premium_phase3
2020-08-10 10:00:00,2020-08-10 11:30:00,NIFTY BANK,bullish,186.49,200.33,1500,20757.25,869.78,19887.47,pro_FVG+VP,stop_loss_premium_phase3
2020-08-11 09:30:00,2020-08-11 09:45:00,NIFTY BANK,bullish,355.74,246.15,660,-72324.39,546.77,-72871.16,pro_FVG+OTE,target
2020-08-18 11:00:00,2020-08-18 12:30:00,NIFTY BANK,bullish,185.4,194.54,1500,13708.71,850.26,12858.45,pro_FVG+VP,stop_loss_premium_phase3
2020-08-19 09:30:00,2020-08-19 09:45:00,NIFTY BANK,bullish,360.84,280.51,720,-57840.14,647.2,-58487.34,pro_LiqSweep+VP,target
2020-08-28 09:45:00,2020-08-28 10:30:00,NIFTY BANK,bullish,185.1,262.76,1500,116494.17,1067.54,115426.63,pro_LiqSweep+VP,target
2020-08-28 10:45:00,2020-08-28 11:30:00,NIFTY BANK,bullish,227.64,320.79,1500,139737.6,1294.54,138443.06,pro_LiqSweep+VP,target
2020-09-07 10:30:00,2020-09-07 12:00:00,NIFTY BANK,bullish,290.52,313.52,1500,34500.89,1333.25,33167.64,pro_LiqSweep+FVG+OTE,stop_loss_premium_phase3
2020-09-08 09:45:00,2020-09-08 10:45:00,NIFTY BANK,bearish,178.24,178.34,1500,143.14,791.52,-648.38,pro_LiqSweep+FVG+VWAP,stop_loss_premium_phase2
2020-09-08 11:30:00,2020-09-08 12:45:00,NIFTY BANK,bearish,203.64,203.19,1500,-678.91,895.8,-1574.71,pro_LiqSweep+OTE+VWAP,stop_loss_premium_phase2
2020-09-11 10:45:00,2020-09-11 11:45:00,NIFTY BANK,bullish,257.82,257.77,1500,-73.26,1123.25,-1196.51,pro_LiqSweep+OTE,stop_loss_premium_phase2
2020-09-11 14:15:00,2020-09-11 14:45:00,NIFTY BANK,bullish,214.09,278.78,1500,97038.88,1147.18,95891.7,pro_LiqSweep+OTE,target
2020-10-12 09:45:00,2020-10-12 11:00:00,NIFTY BANK,bullish,191.99,191.41,1500,-874.61,846.76,-1721.37,pro_LiqSweep+VP,stop_loss_premium_phase2
2020-10-13 14:15:00,2020-10-13 15:15:00,NIFTY BANK,bullish,187.21,201.7,1500,21722.37,874.86,20847.51,pro_LiqSweep+OTE+RSI_Div,intraday_square_off
2020-10-26 09:45:00,2020-10-26 11:15:00,NIFTY BANK,bullish,193.7,200.19,1500,9729.86,876.44,8853.42,pro_LiqSweep+OTE,stop_loss_premium_phase3
2020-10-27 09:30:00,2020-10-27 11:00:00,NIFTY BANK,bullish,201.57,266.57,1500,97495.62,1095.92,96399.7,pro_LiqSweep+OTE,stop_loss_premium_phase3
2020-11-02 09:30:00,2020-11-02 09:45:00,NIFTY BANK,bullish,475.02,410.19,720,-46674.43,899.7,-47574.13,pro_LiqSweep+OTE,target
2020-11-06 09:45:00,2020-11-06 11:15:00,NIFTY BANK,bullish,222.86,243.18,1500,30490.74,1042.29,29448.45,pro_LiqSweep+VP,stop_loss_premium_phase3
2020-11-06 11:30:00,2020-11-06 12:45:00,NIFTY BANK,bullish,211.38,300.75,1500,134056.01,1214.62,132841.39,pro_LiqSweep+VP,target
2020-11-06 14:15:00,2020-11-06 15:15:00,NIFTY BANK,bullish,211.26,267.14,1500,83822.42,1107.27,82715.15,pro_LiqSweep+FVG+VP,intraday_square_off
2020-11-23 09:45:00,2020-11-23 11:15:00,NIFTY BANK,bearish,389.32,445.46,1500,84211.1,1851.37,82359.73,pro_LiqSweep+OTE+VWAP,stop_loss_premium_phase3
2020-11-24 09:30:00,2020-11-24 10:30:00,NIFTY BANK,bearish,216.73,210.36,1500,-9556.2,931.57,-10487.77,pro_OTE+RSI_Div+VWAP,stop_loss_premium_phase2
2020-11-27 09:45:00,2020-11-27 11:15:00,NIFTY BANK,bearish,393.78,427.26,1500,50217.5,1797.72,48419.78,pro_LiqSweep+OTE+VWAP,stop_loss_premium_phase3
2020-11-27 11:30:00,2020-11-27 13:00:00,NIFTY BANK,bearish,341.67,334.33,1500,-11004.66,1450.0,-12454.66,pro_LiqSweep+OTE+VWAP,stop_loss_premium_phase3
2020-11-27 14:15:00,2020-11-27 14:45:00,NIFTY BANK,bearish,202.85,271.94,1500,103635.24,1114.3,102520.94,pro_OTE+RSI_Div+VWAP,target
2020-12-08 10:00:00,2020-12-08 11:30:00,NIFTY BANK,bearish,193.75,253.07,1500,88975.17,1045.15,87930.02,pro_LiqSweep+RSI_Div+VWAP,stop_loss_premium_phase3
2020-12-08 14:15:00,2020-12-08 15:15:00,NIFTY BANK,bearish,197.67,219.67,1500,32996.37,942.49,32053.88,pro_LiqSweep+OTE+VWAP,intraday_square_off
2020-12-11 09:45:00,2020-12-11 11:15:00,NIFTY BANK,bullish,239.42,238.87,1500,-828.09,1044.82,-1872.91,pro_LiqSweep+VP+RSI_Div,stop_loss_premium_phase3
2020-12-11 11:30:00,2020-12-11 13:00:00,NIFTY BANK,bullish,227.81,267.59,1500,59670.13,1125.02,58545.11,pro_LiqSweep+FVG,stop_loss_premium_phase3
2020-12-16 09:30:00,2020-12-16 09:45:00,NIFTY BANK,bullish,269.68,273.33,1500,5474.23,1184.54,4289.69,pro_FVG+VP,target
2020-12-18 14:15:00,2020-12-18 15:15:00,NIFTY BANK,bearish,214.87,190.8,1500,-36092.54,867.35,-36959.89,pro_FVG+OTE+VWAP,intraday_square_off
2020-12-21 09:45:00,2020-12-21 11:15:00,NIFTY BANK,bearish,183.47,182.98,1500,-743.24,811.47,-1554.71,pro_FVG+RSI_Div+VWAP,stop_loss_premium_phase3
2020-12-21 11:30:00,2020-12-21 12:45:00,NIFTY BANK,bearish,211.38,292.3,1500,121378.78,1187.64,120191.14,pro_FVG+RSI_Div+VWAP,target
2020-12-29 10:45:00,2020-12-29 12:15:00,NIFTY BANK,bullish,205.31,233.83,1500,42775.06,995.17,41779.89,pro_FVG+VP,stop_loss_premium_phase3
2020-12-29 14:15:00,2020-12-29 15:15:00,NIFTY BANK,bullish,205.7,211.25,1500,8329.57,923.53,7406.04,pro_FVG+VP,intraday_square_off
2021-01-05 09:45:00,2021-01-05 11:00:00,NIFTY BANK,bullish,174.53,257.33,1500,124195.61,1039.81,123155.8,pro_LiqSweep+RSI_Div,target
2021-01-05 11:15:00,2021-01-05 12:45:00,NIFTY BANK,bullish,217.39,240.78,1500,35085.04,1029.24,34055.8,pro_LiqSweep+VP,stop_loss_premium_phase3
2021-01-05 14:15:00,2021-01-05 15:15:00,NIFTY BANK,bullish,172.88,182.85,1500,14959.38,800.65,14158.73,pro_VP+RSI_Div,intraday_square_off
2021-01-12 09:45:00,2021-01-12 11:15:00,NIFTY BANK,bullish,185.85,205.5,1500,29478.69,885.66,28593.03,pro_LiqSweep+RSI_Div,stop_loss_premium_phase3
2021-01-13 09:30:00,2021-01-13 09:45:00,NIFTY BANK,bullish,324.57,294.89,1170,-34731.04,1030.12,-35761.16,pro_VP+RSI_Div,target
2021-01-15 10:45:00,2021-01-15 12:45:00,NIFTY BANK,bullish,188.23,225.7,1500,56204.14,952.42,55251.72,pro_LiqSweep+RSI_Div,stop_loss_premium_phase3
2021-01-18 09:30:00,2021-01-18 10:30:00,NIFTY BANK,bullish,292.45,295.45,1500,4500.58,1277.51,3223.07,pro_LiqSweep+OTE,stop_loss_premium_phase2
2021-02-09 14:15:00,2021-02-09 14:45:00,NIFTY BANK,bearish,188.02,293.8,1500,158675.42,1169.43,157505.99,pro_LiqSweep+RSI_Div+VWAP,target
2021-02-12 09:45:00,2021-02-12 10:45:00,NIFTY BANK,bullish,327.09,434.23,1500,160700.8,1754.27,158946.53,pro_LiqSweep+VP,target
2021-02-12 11:00:00,2021-02-12 12:30:00,NIFTY BANK,bullish,321.42,320.69,1500,-1095.41,1386.54,-2481.95,pro_LiqSweep+VP,stop_loss_premium_phase3
2021-02-16 09:45:00,2021-02-16 11:15:00,NIFTY BANK,bullish,214.19,259.18,1500,67484.64,1084.75,66399.89,pro_FVG+VP,stop_loss_premium_phase3
2021-02-19 10:30:00,2021-02-19 11:30:00,NIFTY BANK,bullish,434.08,426.93,1500,-10728.75,1836.33,-12565.08,pro_FVG+RSI_Div,stop_loss_premium_phase2
2021-02-23 11:00:00,2021-02-23 11:30:00,NIFTY BANK,bearish,321.61,467.97,1500,219551.44,1856.5,217694.94,pro_LiqSweep+OTE+VWAP,target
2021-03-23 09:45:00,2021-03-23 10:45:00,NIFTY BANK,bullish,247.46,367.1,1500,179454.7,1461.76,177992.94,pro_FVG+VP,target
2021-03-26 09:45:00,2021-03-26 11:15:00,NIFTY BANK,bearish,684.68,683.89,1500,-1190.02,2902.66,-4092.68,pro_LiqSweep+OTE+VWAP,stop_loss_premium_phase3
2021-03-26 11:30:00,2021-03-26 13:00:00,NIFTY BANK,bearish,628.18,626.57,1500,-2416.28,2664.23,-5080.51,pro_LiqSweep+OTE+VWAP,stop_loss_premium_phase3
2021-04-16 09:45:00,2021-04-16 11:15:00,NIFTY BANK,bearish,467.11,493.69,1500,39871.34,2081.81,37789.53,pro_LiqSweep+FVG+OTE+VWAP,stop_loss_premium_phase3
2021-04-19 14:15:00,2021-04-19 15:00:00,NIFTY BANK,bullish,232.29,344.28,1500,167996.4,1374.04,166622.36,pro_FVG+VP,target
2021-04-27 09:45:00,2021-04-27 11:15:00,NIFTY BANK,bullish,202.18,261.9,1500,89574.11,1081.62,88492.49,pro_LiqSweep+FVG+OTE,stop_loss_premium_phase3
2021-04-27 11:30:00,2021-04-27 13:00:00,NIFTY BANK,bullish,212.35,246.75,1500,51598.14,1043.32,50554.82,pro_LiqSweep+FVG+VP,stop_loss_premium_phase3
2021-04-27 14:15:00,2021-04-27 15:15:00,NIFTY BANK,bullish,179.88,195.36,1500,23209.48,847.42,22362.06,pro_LiqSweep+VP,intraday_square_off
2021-05-03 11:00:00,2021-05-03 12:15:00,NIFTY BANK,bullish,450.89,450.44,1500,-670.42,1927.87,-2598.29,pro_FVG+OTE,stop_loss_premium_phase2
2021-05-14 09:45:00,2021-05-14 10:45:00,NIFTY BANK,bullish,258.9,258.29,1500,-914.45,1125.96,-2040.41,pro_LiqSweep+OTE+RSI_Div,stop_loss_premium_phase2
2021-05-14 11:00:00,2021-05-14 12:00:00,NIFTY BANK,bullish,311.1,310.2,1500,-1348.04,1342.91,-2690.95,pro_LiqSweep+OTE,stop_loss_premium_phase2
2021-05-31 09:45:00,2021-05-31 11:15:00,NIFTY BANK,bullish,233.11,287.28,1500,81255.76,1193.05,80062.71,pro_LiqSweep+VP,stop_loss_premium_phase3
2021-05-31 11:30:00,2021-05-31 13:15:00,NIFTY BANK,bullish,236.2,279.82,1500,65422.01,1172.27,64249.74,pro_LiqSweep+FVG+VP+RSI_Div,stop_loss_premium_phase3
2021-05-31 14:15:00,2021-05-31 15:15:00,NIFTY BANK,bullish,173.86,210.24,1500,54575.07,888.97,53686.1,pro_LiqSweep+VP,intraday_square_off
2021-06-04 09:45:00,2021-06-04 10:45:00,NIFTY BANK,bullish,183.11,182.7,1500,-609.96,810.24,-1420.2,pro_LiqSweep+VP,stop_loss_premium_phase2
2021-06-07 10:45:00,2021-06-07 12:30:00,NIFTY BANK,bearish,202.82,222.38,1500,29331.62,956.19,28375.43,pro_LiqSweep+RSI_Div+VWAP,stop_loss_premium_phase3
2021-06-07 14:15:00,2021-06-07 15:15:00,NIFTY BANK,bearish,154.51,184.62,1500,45158.37,788.19,44370.18,pro_LiqSweep+OTE+VWAP,intraday_square_off
2021-06-11 10:15:00,2021-06-11 11:15:00,NIFTY BANK,bearish,203.0,272.36,1500,104037.55,1115.79,102921.76,pro_LiqSweep+OTE+VWAP,target
2021-06-28 10:00:00,2021-06-28 11:30:00,NIFTY BANK,bearish,206.13,244.31,1500,57265.86,1029.4,56236.46,pro_FVG+RSI_Div+VWAP,stop_loss_premium_phase3
2021-07-02 09:45:00,2021-07-02 11:15:00,NIFTY BANK,bullish,203.69,203.25,1500,-658.26,896.04,-1554.3,pro_LiqSweep+OTE,stop_loss_premium_phase3
2021-07-02 14:15:00,2021-07-02 15:15:00,NIFTY BANK,bullish,199.49,186.84,1500,-18989.41,839.55,-19828.96,pro_LiqSweep+VP,intraday_square_off
2021-07-07 09:30:00,2021-07-07 10:45:00,NIFTY BANK,bearish,203.55,268.9,1500,98029.27,1105.31,96923.96,pro_LiqSweep+OTE+RSI_Div+VWAP,target
2021-07-09 11:00:00,2021-07-09 12:30:00,NIFTY BANK,bullish,315.94,315.12,1500,-1236.43,1363.38,-2599.81,pro_FVG+OTE,stop_loss_premium_phase3
2021-07-23 10:30:00,2021-07-23 12:00:00,NIFTY BANK,bullish,335.49,376.59,1500,61649.53,1578.69,60070.84,pro_FVG+VP+RSI_Div,stop_loss_premium_phase3
2021-07-26 14:15:00,2021-07-26 15:15:00,NIFTY BANK,bearish,199.56,241.81,1500,63363.27,1014.96,62348.31,pro_FVG+OTE+VWAP,intraday_square_off
2021-07-27 10:45:00,2021-07-27 12:15:00,NIFTY BANK,bearish,173.64,195.82,1500,33276.46,842.75,32433.71,pro_LiqSweep+OTE+RSI_Div+VWAP,stop_loss_premium_phase3
2021-08-06 09:45:00,2021-08-06 11:45:00,NIFTY BANK,bearish,280.08,321.53,1500,62184.81,1348.52,60836.29,pro_LiqSweep+OTE+RSI_Div+VWAP,stop_loss_premium_phase3
2021-08-09 09:45:00,2021-08-09 10:45:00,NIFTY BANK,bullish,218.91,218.97,1500,86.57,961.15,-874.58,pro_VP+RSI_Div,stop_loss_premium_phase2
2021-08-10 09:45:00,2021-08-10 10:45:00,NIFTY BANK,bullish,203.79,203.16,1500,-933.55,895.86,-1829.41,pro_LiqSweep+FVG+VP,stop_loss_premium_phase2
2021-08-10 11:00:00,2021-08-10 12:30:00,NIFTY BANK,bullish,196.82,223.57,1500,40128.52,954.1,39174.42,pro_LiqSweep+VP,stop_loss_premium_phase3
2021-08-13 09:45:00,2021-08-13 11:15:00,NIFTY BANK,bullish,176.82,171.4,1500,-8139.0,767.98,-8906.98,pro_LiqSweep+FVG+VP,stop_loss_premium_phase3
2021-08-13 11:30:00,2021-08-13 13:00:00,NIFTY BANK,bullish,193.32,192.8,1500,-778.83,852.5,-1631.33,pro_LiqSweep+FVG+VP,stop_loss_premium_phase3
2021-08-13 14:15:00,2021-08-13 15:15:00,NIFTY BANK,bearish,184.21,191.96,1500,11614.74,840.84,10773.9,pro_LiqSweep+OTE+RSI_Div+VWAP,intraday_square_off
2021-08-16 10:00:00,2021-08-16 11:00:00,NIFTY BANK,bearish,194.35,194.38,1500,39.33,858.53,-819.2,pro_LiqSweep+OTE+RSI_Div+VWAP,stop_loss_premium_phase2
2021-08-16 11:30:00,2021-08-16 13:00:00,NIFTY BANK,bearish,187.08,204.15,1500,25607.15,882.55,24724.6,pro_LiqSweep+OTE+VWAP,stop_loss_premium_phase3
2021-08-27 09:45:00,2021-08-27 10:45:00,NIFTY BANK,bearish,194.25,194.32,1500,107.38,858.26,-750.88,pro_LiqSweep+FVG+VWAP,stop_loss_premium_phase2
2021-08-31 11:00:00,2021-08-31 12:30:00,NIFTY BANK,bullish,218.61,248.28,1500,44510.92,1054.35,43456.57,pro_FVG+VP,stop_loss_premium_phase3
2021-09-03 09:45:00,2021-09-03 10:45:00,NIFTY BANK,bullish,205.22,204.59,1500,-953.47,901.81,-1855.28,pro_FVG+VP,stop_loss_premium_phase2
2021-09-13 09:45:00,2021-09-13 11:15:00,NIFTY BANK,bearish,210.82,222.89,1500,18105.02,965.72,17139.3,pro_LiqSweep+FVG+VWAP,stop_loss_premium_phase3
2021-10-05 09:30:00,2021-10-05 09:45:00,NIFTY BANK,bearish,206.08,213.75,1500,11500.55,931.89,10568.66,pro_OTE+RSI_Div+VWAP,target
2021-10-05 11:00:00,2021-10-05 12:30:00,NIFTY BANK,bullish,169.85,189.21,1500,29038.34,817.94,28220.4,pro_LiqSweep+FVG,stop_loss_premium_phase3
2021-10-05 14:15:00,2021-10-05 15:15:00,NIFTY BANK,bullish,156.22,196.61,1500,60576.97,828.13,59748.84,pro_LiqSweep+VP,intraday_square_off
2021-10-12 10:00:00,2021-10-12 11:30:00,NIFTY BANK,bullish,182.63,182.06,1500,-862.76,807.71,-1670.47,pro_LiqSweep+VP,stop_loss_premium_phase3
2021-10-18 14:15:00,2021-10-18 15:15:00,NIFTY BANK,bearish,202.16,234.02,1500,47788.78,992.67,46796.11,pro_OTE+RSI_Div+VWAP,intraday_square_off
2021-10-19 11:30:00,2021-10-19 13:00:00,NIFTY BANK,bearish,249.91,249.23,1500,-1016.75,1088.22,-2104.97,pro_FVG+OTE+VWAP,stop_loss_premium_phase3
2021-10-22 09:45:00,2021-10-22 11:15:00,NIFTY BANK,bullish,378.12,479.0,1500,151321.12,1947.33,149373.79,pro_LiqSweep+VP,stop_loss_premium_phase3
2021-10-26 14:15:00,2021-10-26 15:15:00,NIFTY BANK,bullish,255.7,235.26,1500,-30658.81,1049.36,-31708.17,pro_LiqSweep+VP,intraday_square_off
2021-11-08 09:45:00,2021-11-08 11:15:00,NIFTY BANK,bullish,492.82,491.49,1500,-1990.07,2100.1,-4090.17,pro_LiqSweep+RSI_Div,stop_loss_premium_phase3
2021-11-09 09:45:00,2021-11-09 10:45:00,NIFTY BANK,bullish,195.31,194.88,1500,-647.29,861.09,-1508.38,pro_LiqSweep+VP+RSI_Div,stop_loss_premium_phase2
2021-11-09 14:15:00,2021-11-09 15:15:00,NIFTY BANK,bearish,208.05,217.7,1500,14480.05,946.42,13533.63,pro_FVG+RSI_Div+VWAP,intraday_square_off
2021-12-06 09:45:00,2021-12-06 10:45:00,NIFTY BANK,bearish,257.22,257.26,1500,56.43,1121.02,-1064.59,pro_FVG+RSI_Div+VWAP,stop_loss_premium_phase2
2021-12-10 09:45:00,2021-12-10 11:15:00,NIFTY BANK,bullish,262.53,288.71,1500,39273.84,1226.55,38047.29,pro_LiqSweep+FVG+OTE,stop_loss_premium_phase3
2021-12-10 11:30:00,2021-12-10 12:45:00,NIFTY BANK,bullish,213.1,212.63,1500,-713.94,935.22,-1649.16,pro_LiqSweep+FVG+OTE,stop_loss_premium_phase2
2021-12-10 14:15:00,2021-12-10 15:15:00,NIFTY BANK,bullish,188.54,253.47,1500,97393.49,1041.29,96352.2,pro_LiqSweep+FVG+RSI_Div,intraday_square_off
2021-12-14 11:30:00,2021-12-14 12:00:00,NIFTY BANK,bullish,198.02,312.34,1500,171472.77,1238.41,170234.36,pro_LiqSweep+OTE+RSI_Div,target
2021-12-14 14:15:00,2021-12-14 15:15:00,NIFTY BANK,bullish,211.87,257.06,1500,67786.49,1075.74,66710.75,pro_LiqSweep+FVG+RSI_Div,intraday_square_off
2021-12-28 14:15:00,2021-12-28 14:45:00,NIFTY BANK,bearish,185.31,256.12,1500,106217.42,1046.59,105170.83,pro_OTE+RSI_Div+VWAP,target
2021-12-31 09:45:00,2021-12-31 11:15:00,NIFTY BANK,bullish,246.0,245.35,1500,-973.62,1071.98,-2045.6,pro_LiqSweep+VP+RSI_Div,stop_loss_premium_phase3
2021-12-31 11:30:00,2021-12-31 13:15:00,NIFTY BANK,bullish,211.39,227.61,1500,24336.81,981.32,23355.49,pro_LiqSweep+FVG+VP,stop_loss_premium_phase3
2022-01-03 09:30:00,2022-01-03 09:45:00,NIFTY BANK,bullish,267.37,264.88,1500,-3735.1,1155.29,-4890.39,pro_FVG+VP+OTE,target
2022-01-03 11:30:00,2022-01-03 13:15:00,NIFTY BANK,bullish,207.24,302.68,1500,143152.85,1216.67,141936.18,pro_FVG+VP,target
2022-01-11 10:30:00,2022-01-11 12:15:00,NIFTY BANK,bullish,200.02,243.05,1500,64542.97,1019.37,63523.6,pro_LiqSweep+RSI_Div,stop_loss_premium_phase3
2022-01-11 14:15:00,2022-01-11 15:15:00,NIFTY BANK,bullish,171.87,184.65,1500,19165.38,805.38,18360.0,pro_LiqSweep+VP,intraday_square_off
2022-01-14 11:15:00,2022-01-14 12:45:00,NIFTY BANK,bullish,240.15,275.35,1500,52810.4,1161.92,51648.48,pro_LiqSweep+RSI_Div,stop_loss_premium_phase3
2022-01-14 14:15:00,2022-01-14 15:15:00,NIFTY BANK,bullish,201.93,228.14,1500,39313.81,973.68,38340.13,pro_LiqSweep+VP,intraday_square_off
2022-01-17 10:30:00,2022-01-17 12:00:00,NIFTY BANK,bearish,194.5,213.37,1500,28304.5,919.27,27385.23,pro_LiqSweep+RSI_Div+VWAP,stop_loss_premium_phase3
2022-01-25 10:00:00,2022-01-25 11:45:00,NIFTY BANK,bullish,547.97,594.31,1500,69505.49,2482.33,67023.16,pro_LiqSweep+RSI_Div,stop_loss_premium_phase3
2022-02-04 09:45:00,2022-02-04 11:15:00,NIFTY BANK,bearish,296.73,366.2,1500,104204.43,1507.39,102697.04,pro_LiqSweep+OTE+RSI_Div+VWAP,stop_loss_premium_phase3
2022-02-25 14:15:00,2022-02-25 15:15:00,NIFTY BANK,bearish,342.16,374.64,1500,48727.69,1579.05,47148.64,pro_LiqSweep+FVG+OTE+VWAP,intraday_square_off
2022-03-07 11:00:00,2022-03-07 12:30:00,NIFTY BANK,bullish,587.63,652.08,1500,96685.65,2705.66,93979.99,pro_FVG+VP,stop_loss_premium_phase3
2022-03-11 11:00:00,2022-03-11 12:30:00,NIFTY BANK,bearish,683.67,682.73,1500,-1412.2,2897.99,-4310.19,pro_LiqSweep+FVG+VWAP,stop_loss_premium_phase3
2022-03-14 09:30:00,2022-03-14 09:45:00,NIFTY BANK,bullish,475.7,488.15,1500,18670.98,2072.57,16598.41,pro_LiqSweep+FVG+OTE+RSI_Div,target
2022-03-22 09:45:00,2022-03-22 11:15:00,NIFTY BANK,bullish,181.32,212.58,1500,46882.81,903.77,45979.04,pro_FVG+RSI_Div,stop_loss_premium_phase3
2022-03-22 11:30:00,2022-03-22 12:30:00,NIFTY BANK,bullish,184.68,179.02,1500,-8501.43,800.03,-9301.46,pro_FVG+OTE,stop_loss_premium_phase2
2022-03-22 14:15:00,2022-03-22 15:15:00,NIFTY BANK,bullish,203.68,249.26,1500,68369.54,1042.79,67326.75,pro_VP+RSI_Div,intraday_square_off
2022-04-01 09:45:00,2022-04-01 11:15:00,NIFTY BANK,bullish,205.47,238.97,1500,50254.68,1011.73,49242.95,pro_LiqSweep+VP,stop_loss_premium_phase3
2022-04-01 11:30:00,2022-04-01 12:30:00,NIFTY BANK,bullish,281.92,372.27,1500,135531.3,1512.17,134019.13,pro_LiqSweep+VP,target
2022-04-05 10:30:00,2022-04-05 11:30:00,NIFTY BANK,bearish,221.51,215.26,1500,-9378.67,951.88,-10330.55,pro_LiqSweep+FVG+VWAP,stop_loss_premium_phase2
2022-04-08 10:00:00,2022-04-08 10:15:00,NIFTY BANK,bearish,294.89,389.0,1500,141154.37,1578.3,139576.07,pro_LiqSweep+RSI_Div+VWAP,target
2022-04-08 10:30:00,2022-04-08 12:00:00,NIFTY BANK,bearish,399.2,426.78,1500,41360.81,1801.51,39559.3,pro_LiqSweep+RSI_Div+VWAP,stop_loss_premium_phase3
2022-04-08 14:15:00,2022-04-08 15:15:00,NIFTY BANK,bullish,263.65,249.05,1500,-21902.0,1101.14,-23003.14,pro_LiqSweep+VP+RSI_Div,intraday_square_off
2022-04-20 09:30:00,2022-04-20 09:45:00,NIFTY BANK,bearish,511.24,307.56,690,-140543.04,730.01,-141273.05,pro_LiqSweep+FVG+OTE+VWAP,target
2022-04-29 10:30:00,2022-04-29 11:30:00,NIFTY BANK,bearish,211.9,211.26,1500,-951.51,929.68,-1881.19,pro_OTE+RSI_Div+VWAP,stop_loss_premium_phase2
2022-05-16 09:30:00,2022-05-16 10:30:00,NIFTY BANK,bearish,317.32,314.59,1500,-4087.7,1363.06,-5450.76,pro_LiqSweep+VP+VWAP,stop_loss_premium_phase2
2022-05-16 10:45:00,2022-05-16 12:15:00,NIFTY BANK,bearish,497.92,575.16,1500,115860.92,2372.0,113488.92,pro_LiqSweep+OTE+VWAP,stop_loss_premium_phase3
2022-05-23 14:15:00,2022-05-23 15:15:00,NIFTY BANK,bearish,204.09,275.34,1500,106878.44,1126.36,105752.08,pro_LiqSweep+RSI_Div+VWAP,intraday_square_off
2022-05-24 09:45:00,2022-05-24 11:15:00,NIFTY BANK,bearish,219.27,218.78,1500,-741.74,960.91,-1702.65,pro_LiqSweep+RSI_Div+VWAP,stop_loss_premium_phase3
2022-05-27 14:15:00,2022-05-27 15:15:00,NIFTY BANK,bearish,197.38,216.99,1500,29410.52,933.65,28476.87,pro_LiqSweep+RSI_Div+VWAP,intraday_square_off
2022-06-13 14:15:00,2022-06-13 15:15:00,NIFTY BANK,bullish,175.54,233.54,1500,87000.9,964.93,86035.97,pro_LiqSweep+RSI_Div,intraday_square_off
2022-06-14 09:45:00,2022-06-14 11:00:00,NIFTY BANK,bullish,214.56,325.19,1500,165948.13,1295.67,164652.46,pro_LiqSweep+OTE+RSI_Div,target
2022-06-14 11:15:00,2022-06-14 12:15:00,NIFTY BANK,bullish,198.98,198.54,1500,-661.31,876.38,-1537.69,pro_LiqSweep+VP+RSI_Div,stop_loss_premium_phase2
2022-06-17 09:45:00,2022-06-17 11:15:00,NIFTY BANK,bullish,508.72,508.18,1500,-815.93,2168.97,-2984.9,pro_LiqSweep+OTE+RSI_Div,stop_loss_premium_phase3
2022-06-20 10:00:00,2022-06-20 11:30:00,NIFTY BANK,bearish,354.78,394.36,1500,59365.85,1654.35,57711.5,pro_LiqSweep+RSI_Div+VWAP,stop_loss_premium_phase3
2022-06-20 14:15:00,2022-06-20 15:15:00,NIFTY BANK,bullish,195.85,237.22,1500,62055.78,996.68,61059.1,pro_LiqSweep+OTE+RSI_Div,intraday_square_off
2022-06-29 09:30:00,2022-06-29 11:00:00,NIFTY BANK,bullish,79.69,106.17,1500,39726.54,464.3,39262.24,pro_VP+RSI_Div,stop_loss_premium_phase3
2022-07-04 11:15:00,2022-07-04 12:45:00,NIFTY BANK,bullish,192.04,203.42,1500,17071.81,885.12,16186.69,pro_FVG+VP,stop_loss_premium_phase3
2022-07-04 14:15:00,2022-07-04 15:00:00,NIFTY BANK,bullish,203.19,290.43,1500,130862.62,1173.63,129688.99,pro_LiqSweep+VP,target
2022-07-15 11:00:00,2022-07-15 12:30:00,NIFTY BANK,bullish,182.08,203.43,1500,32031.98,875.33,31156.65,pro_LiqSweep+RSI_Div,stop_loss_premium_phase3
2022-07-18 09:30:00,2022-07-18 09:45:00,NIFTY BANK,bullish,277.99,254.07,1500,-35886.57,1131.28,-37017.85,pro_LiqSweep+VP,target
2022-07-25 10:15:00,2022-07-25 11:45:00,NIFTY BANK,bearish,190.76,216.07,1500,37971.71,924.21,37047.5,pro_FVG+RSI_Div+VWAP,stop_loss_premium_phase3
2022-07-26 11:00:00,2022-07-26 12:00:00,NIFTY BANK,bearish,207.18,207.22,1500,48.49,912.13,-863.64,pro_LiqSweep+FVG+VWAP,stop_loss_premium_phase2
2022-08-02 09:30:00,2022-08-02 10:30:00,NIFTY BANK,bullish,122.25,114.9,1500,-11019.8,534.07,-11553.87,pro_FVG+VP,stop_loss_premium_phase2
2022-08-02 11:00:00,2022-08-02 11:45:00,NIFTY BANK,bullish,184.0,263.48,1500,119226.73,1068.77,118157.96,pro_FVG+VP,target
2022-08-08 10:15:00,2022-08-08 11:45:00,NIFTY BANK,bearish,190.63,199.92,1500,13929.74,872.56,13057.18,pro_LiqSweep+OTE+VWAP,stop_loss_premium_phase3
2022-08-10 09:30:00,2022-08-10 10:30:00,NIFTY BANK,bearish,153.1,153.31,1500,318.36,686.94,-368.58,pro_LiqSweep+RSI_Div+VWAP,stop_loss_premium_phase2
2022-08-16 09:30:00,2022-08-16 09:45:00,NIFTY BANK,bullish,397.48,245.81,1050,-159257.03,869.97,-160127.0,pro_LiqSweep+VP,target
2022-09-05 09:45:00,2022-09-05 11:15:00,NIFTY BANK,bullish,218.53,246.67,1500,42201.89,1049.13,41152.76,pro_FVG+VP,stop_loss_premium_phase3
2022-09-05 11:30:00,2022-09-05 13:00:00,NIFTY BANK,bullish,237.17,270.45,1500,49918.65,1143.35,48775.3,pro_FVG+VP,stop_loss_premium_phase3
2022-09-06 10:45:00,2022-09-06 11:45:00,NIFTY BANK,bearish,183.87,183.92,1500,82.82,814.88,-732.06,pro_FVG+RSI_Div+VWAP,stop_loss_premium_phase2
2022-10-10 10:00:00,2022-10-10 11:30:00,NIFTY BANK,bullish,281.64,388.43,1500,160193.51,1563.45,158630.06,pro_FVG+RSI_Div,target
2022-10-17 10:15:00,2022-10-17 11:45:00,NIFTY BANK,bullish,308.6,331.75,1500,34729.92,1409.21,33320.71,pro_VP+RSI_Div,stop_loss_premium_phase3
2022-10-17 14:15:00,2022-10-17 15:15:00,NIFTY BANK,bullish,196.42,240.99,1500,66858.27,1009.26,65849.01,pro_LiqSweep+VP,intraday_square_off
2022-10-21 14:15:00,2022-10-21 15:15:00,NIFTY BANK,bearish,195.63,164.06,1500,-47341.43,763.11,-48104.54,pro_LiqSweep+RSI_Div+VWAP,intraday_square_off
2022-10-25 09:45:00,2022-10-25 11:30:00,NIFTY BANK,bearish,238.04,282.41,1500,66554.45,1182.37,65372.08,pro_LiqSweep+OTE+RSI_Div+VWAP,stop_loss_premium_phase3
2022-10-27 09:30:00,2022-10-27 11:15:00,NIFTY BANK,bearish,143.48,222.24,1500,118145.99,897.34,117248.65,pro_OTE+RSI_Div+VWAP,stop_loss_premium_phase3
2022-10-28 10:15:00,2022-10-28 11:15:00,NIFTY BANK,bullish,233.1,233.15,1500,75.16,1020.35,-945.19,pro_FVG+VP,stop_loss_premium_phase2
2022-10-31 09:30:00,2022-10-31 09:45:00,NIFTY BANK,bullish,298.01,262.9,1500,-52657.92,1179.17,-53837.09,pro_FVG+OTE,target
2022-11-21 14:15:00,2022-11-21 15:15:00,NIFTY BANK,bullish,163.93,211.58,1500,71474.38,883.45,70590.93,pro_LiqSweep+VP+RSI_Div,intraday_square_off
2022-11-22 09:45:00,2022-11-22 11:15:00,NIFTY BANK,bullish,162.53,169.05,1500,9788.44,746.44,9042.0,pro_LiqSweep+VP+RSI_Div,stop_loss_premium_phase3
2022-11-22 11:30:00,2022-11-22 13:00:00,NIFTY BANK,bullish,127.47,139.56,1500,18137.47,617.85,17519.62,pro_LiqSweep+VP,stop_loss_premium_phase3
2022-11-22 14:15:00,2022-11-22 15:15:00,NIFTY BANK,bullish,127.68,140.09,1500,18624.67,619.75,18004.92,pro_LiqSweep+VP,intraday_square_off
2022-11-25 11:15:00,2022-11-25 12:15:00,NIFTY BANK,bullish,192.25,192.2,1500,-81.09,849.53,-930.62,pro_FVG+OTE,stop_loss_premium_phase2
2022-11-28 09:30:00,2022-11-28 11:00:00,NIFTY BANK,bullish,184.85,184.51,1500,-516.02,817.71,-1333.73,pro_LiqSweep+OTE,stop_loss_premium_phase3
2022-11-29 11:30:00,2022-11-29 13:00:00,NIFTY BANK,bearish,175.29,200.36,1500,37607.05,858.87,36748.18,pro_OTE+RSI_Div+VWAP,stop_loss_premium_phase3
2022-12-02 14:15:00,2022-12-02 15:15:00,NIFTY BANK,bullish,199.06,209.39,1500,15490.39,911.07,14579.32,pro_LiqSweep+VP+OTE,intraday_square_off
2022-12-12 14:15:00,2022-12-12 15:15:00,NIFTY BANK,bullish,192.93,230.46,1500,56281.35,972.22,55309.13,pro_LiqSweep+VP,intraday_square_off
2022-12-13 09:45:00,2022-12-13 11:15:00,NIFTY BANK,bullish,199.2,228.92,1500,44576.48,973.48,43603.0,pro_LiqSweep+VP,stop_loss_premium_phase3
2022-12-13 14:15:00,2022-12-13 15:15:00,NIFTY BANK,bullish,131.51,149.9,1500,27583.23,654.81,26928.42,pro_LiqSweep+VP,intraday_square_off
2022-12-21 09:30:00,2022-12-21 09:45:00,NIFTY BANK,bullish,397.47,274.78,1200,-147228.97,1061.41,-148290.38,pro_VP+RSI_Div,target
2022-12-26 09:45:00,2022-12-26 11:15:00,NIFTY BANK,bullish,264.52,285.84,1500,31977.23,1219.36,30757.87,pro_LiqSweep+VP+RSI_Div,stop_loss_premium_phase3
2023-01-02 09:45:00,2023-01-02 11:15:00,NIFTY BANK,bullish,198.69,198.14,1500,-822.08,874.83,-1696.91,pro_LiqSweep+VP,stop_loss_premium_phase3
2023-01-02 11:30:00,2023-01-02 12:45:00,NIFTY BANK,bullish,217.96,217.29,1500,-1006.64,954.89,-1961.53,pro_LiqSweep+FVG+VP,stop_loss_premium_phase2
2023-01-05 11:00:00,2023-01-05 12:00:00,NIFTY BANK,bullish,300.4,300.21,1500,-287.1,1300.51,-1587.61,pro_LiqSweep+RSI_Div,stop_loss_premium_phase2
2023-01-12 14:15:00,2023-01-12 15:15:00,NIFTY BANK,bullish,226.18,254.49,1500,42471.85,1081.61,41390.24,pro_LiqSweep+OTE,intraday_square_off
2023-01-13 10:15:00,2023-01-13 11:45:00,NIFTY BANK,bearish,245.16,259.47,1500,21463.74,1116.18,20347.56,pro_LiqSweep+RSI_Div+VWAP,stop_loss_premium_phase3
2023-01-19 09:45:00,2023-01-19 11:15:00,NIFTY BANK,bullish,190.8,190.39,1500,-618.44,842.34,-1460.78,pro_LiqSweep+VP,stop_loss_premium_phase3
2023-02-02 11:15:00,2023-02-02 12:45:00,NIFTY BANK,bullish,886.98,907.51,1500,30796.89,3815.12,26981.77,pro_FVG+OTE,stop_loss_premium_phase3
2023-02-03 09:30:00,2023-02-03 09:45:00,NIFTY BANK,bullish,775.6,629.66,810,-118211.38,1544.08,-119755.46,pro_VP+RSI_Div,target
2023-02-06 10:15:00,2023-02-06 11:45:00,NIFTY BANK,bearish,216.56,237.68,1500,31671.06,1018.52,30652.54,pro_FVG+RSI_Div+VWAP,stop_loss_premium_phase3
2023-02-10 11:30:00,2023-02-10 13:00:00,NIFTY BANK,bearish,183.16,195.24,1500,18126.62,850.29,17276.33,pro_LiqSweep+RSI_Div+VWAP,stop_loss_premium_phase3
2023-02-20 11:00:00,2023-02-20 12:00:00,NIFTY BANK,bullish,190.3,190.47,1500,257.36,842.08,-584.72,pro_FVG+VP,stop_loss_premium_phase2
2023-02-23 11:30:00,2023-02-23 13:00:00,NIFTY BANK,bearish,393.34,429.65,1500,54458.95,1804.9,52654.05,pro_FVG+OTE+VWAP,stop_loss_premium_phase3
2023-02-27 09:45:00,2023-02-27 10:45:00,NIFTY BANK,bullish,217.33,217.49,1500,236.91,954.9,-717.99,pro_LiqSweep+VP,stop_loss_premium_phase2
2023-02-27 11:15:00,2023-02-27 12:45:00,NIFTY BANK,bullish,215.47,238.37,1500,34359.42,1019.66,33339.76,pro_LiqSweep+VP,stop_loss_premium_phase3
2023-02-27 14:15:00,2023-02-27 15:15:00,NIFTY BANK,bullish,196.84,245.93,1500,73631.98,1025.43,72606.55,pro_FVG+VP,intraday_square_off
2023-03-02 09:45:00,2023-03-02 10:45:00,NIFTY BANK,bearish,182.76,182.2,1500,-836.83,808.3,-1645.13,pro_LiqSweep+FVG+VWAP,stop_loss_premium_phase2
2023-03-02 14:15:00,2023-03-02 15:15:00,NIFTY BANK,bearish,208.3,226.94,1500,27958.65,976.15,26982.5,pro_LiqSweep+FVG+VWAP,intraday_square_off
2023-03-09 09:45:00,2023-03-09 11:00:00,NIFTY BANK,bearish,217.13,217.25,1500,176.53,953.94,-777.41,pro_FVG+OTE+VWAP,stop_loss_premium_phase2
2023-03-13 10:00:00,2023-03-13 11:00:00,NIFTY BANK,bullish,195.56,195.13,1500,-648.16,862.13,-1510.29,pro_LiqSweep+VP,stop_loss_premium_phase2
2023-03-31 14:15:00,2023-03-31 15:15:00,NIFTY BANK,bearish,184.74,178.11,1500,-9948.71,797.18,-10745.89,pro_LiqSweep+RSI_Div+VWAP,intraday_square_off
2023-04-03 10:00:00,2023-04-03 11:15:00,NIFTY BANK,bullish,193.04,192.45,1500,-889.36,851.09,-1740.45,pro_VP+RSI_Div,stop_loss_premium_phase2
2023-04-06 10:30:00,2023-04-06 12:00:00,NIFTY BANK,bullish,209.07,233.94,1500,37305.71,999.24,36306.47,pro_FVG+VP,stop_loss_premium_phase3
2023-04-10 09:45:00,2023-04-10 11:15:00,NIFTY BANK,bullish,179.72,189.16,1500,14160.55,827.51,13333.04,pro_FVG+OTE+RSI_Div,stop_loss_premium_phase3
2023-04-13 09:45:00,2023-04-13 11:00:00,NIFTY BANK,bullish,211.42,210.93,1500,-741.33,928.15,-1669.48,pro_LiqSweep+VP,stop_loss_premium_phase2
2023-04-20 10:00:00,2023-04-20 11:30:00,NIFTY BANK,bullish,200.97,201.89,1500,1374.15,889.01,485.14,pro_FVG+VP,stop_loss_premium_phase3
2023-04-21 09:30:00,2023-04-21 09:45:00,NIFTY BANK,bullish,277.76,286.06,1500,12451.02,1233.09,11217.93,pro_LiqSweep+VP,target
2023-04-21 10:45:00,2023-04-21 12:00:00,NIFTY BANK,bullish,200.08,194.46,1500,-8429.52,864.45,-9293.97,pro_LiqSweep+FVG+VP+OTE,stop_loss_premium_phase2
2023-04-28 10:00:00,2023-04-28 11:30:00,NIFTY BANK,bullish,198.42,218.04,1500,29436.47,938.02,28498.45,pro_VP+RSI_Div,stop_loss_premium_phase3
2023-05-08 10:00:00,2023-05-08 11:30:00,NIFTY BANK,bullish,254.7,283.28,1500,42870.45,1201.52,41668.93,pro_VP+RSI_Div,stop_loss_premium_phase3
2023-05-08 14:15:00,2023-05-08 15:15:00,NIFTY BANK,bullish,193.91,197.25,1500,5007.81,867.25,4140.56,pro_LiqSweep+VP,intraday_square_off
2023-05-11 14:15:00,2023-05-11 14:45:00,NIFTY BANK,bearish,200.33,265.55,1500,97830.83,1091.44,96739.39,pro_OTE+RSI_Div+VWAP,target
2023-05-12 11:15:00,2023-05-12 12:45:00,NIFTY BANK,bearish,214.68,213.98,1500,-1047.77,941.08,-1988.85,pro_LiqSweep+OTE+VWAP,stop_loss_premium_phase3
2023-05-15 09:45:00,2023-05-15 11:15:00,NIFTY BANK,bullish,208.07,246.17,1500,57149.57,1037.24,56112.33,pro_LiqSweep+VP,stop_loss_premium_phase3
2023-05-15 11:30:00,2023-05-15 13:00:00,NIFTY BANK,bullish,193.48,208.68,1500,22798.71,903.32,21895.39,pro_LiqSweep+VP,stop_loss_premium_phase3
2023-05-22 09:45:00,2023-05-22 11:15:00,NIFTY BANK,bullish,193.22,192.72,1500,-757.15,852.15,-1609.3,pro_LiqSweep+VP,stop_loss_premium_phase3
2023-05-22 11:30:00,2023-05-22 12:30:00,NIFTY BANK,bullish,185.56,185.15,1500,-623.86,820.45,-1444.31,pro_LiqSweep+VP,stop_loss_premium_phase2
2023-05-22 14:15:00,2023-05-22 15:00:00,NIFTY BANK,bullish,196.78,278.11,1500,121992.85,1128.02,120864.83,pro_LiqSweep+VP,target
2023-05-26 09:30:00,2023-05-26 11:15:00,NIFTY BANK,bullish,247.68,262.34,1500,21992.18,1127.81,20864.37,pro_VP+RSI_Div,target
2023-06-05 11:15:00,2023-06-05 12:45:00,NIFTY BANK,bearish,195.96,223.05,1500,40621.94,951.57,39670.37,pro_LiqSweep+FVG+VWAP,stop_loss_premium_phase3
2023-06-05 14:15:00,2023-06-05 15:15:00,NIFTY BANK,bearish,131.86,156.22,1500,36542.27,675.32,35866.95,pro_LiqSweep+FVG+RSI_Div+VWAP,intraday_square_off
2023-06-12 09:45:00,2023-06-12 11:15:00,NIFTY BANK,bullish,186.63,201.01,1500,21566.52,872.11,20694.41,pro_LiqSweep+OTE,stop_loss_premium_phase3
2023-06-12 11:30:00,2023-06-12 13:00:00,NIFTY BANK,bullish,201.36,210.14,1500,13172.47,915.74,12256.73,pro_LiqSweep+VP+OTE,stop_loss_premium_phase3
2023-06-12 14:15:00,2023-06-12 15:15:00,NIFTY BANK,bullish,131.53,142.56,1500,16538.98,631.4,15907.58,pro_LiqSweep+VP+OTE,intraday_square_off
2023-06-26 09:45:00,2023-06-26 11:15:00,NIFTY BANK,bullish,168.48,168.02,1500,-688.79,749.0,-1437.79,pro_LiqSweep+FVG+VP,stop_loss_premium_phase3
2023-06-26 11:30:00,2023-06-26 13:00:00,NIFTY BANK,bullish,160.25,186.11,1500,38787.55,798.6,37988.95,pro_LiqSweep+OTE,stop_loss_premium_phase3
2023-06-26 14:15:00,2023-06-26 15:15:00,NIFTY BANK,bullish,131.31,160.46,1500,43725.33,688.28,43037.05,pro_LiqSweep+VP,intraday_square_off
2023-07-06 09:45:00,2023-07-06 11:15:00,NIFTY BANK,bullish,213.14,212.66,1500,-721.47,935.37,-1656.84,pro_LiqSweep+VP+OTE+RSI_Div,stop_loss_premium_phase3
2023-07-06 11:30:00,2023-07-06 13:00:00,NIFTY BANK,bullish,194.25,193.73,1500,-768.78,856.39,-1625.17,pro_LiqSweep+VP,stop_loss_premium_phase3
2023-07-06 14:15:00,2023-07-06 15:15:00,NIFTY BANK,bullish,194.18,218.41,1500,36344.2,935.02,35409.18,pro_LiqSweep+VP+RSI_Div,intraday_square_off
2023-07-10 10:30:00,2023-07-10 11:30:00,NIFTY BANK,bullish,204.15,203.53,1500,-924.04,897.4,-1821.44,pro_FVG+VP+RSI_Div,stop_loss_premium_phase2
2023-07-10 14:15:00,2023-07-10 15:15:00,NIFTY BANK,bearish,189.7,151.96,1500,-56611.2,718.66,-57329.86,pro_LiqSweep+FVG+VWAP,intraday_square_off
2023-07-17 09:45:00,2023-07-17 11:15:00,NIFTY BANK,bullish,197.81,201.16,1500,5013.81,883.58,4130.23,pro_LiqSweep+VP+RSI_Div,stop_loss_premium_phase3
2023-07-17 11:30:00,2023-07-17 13:15:00,NIFTY BANK,bullish,200.43,310.72,1500,165439.58,1235.63,164203.95,pro_LiqSweep+VP,target
2023-07-21 10:00:00,2023-07-21 11:30:00,NIFTY BANK,bearish,282.6,300.82,1500,27333.7,1284.96,26048.74,pro_OTE+RSI_Div+VWAP,stop_loss_premium_phase3
2023-07-24 10:45:00,2023-07-24 11:45:00,NIFTY BANK,bullish,208.61,208.13,1500,-706.37,916.46,-1622.83,pro_FVG+VP,stop_loss_premium_phase2
2023-07-31 09:30:00,2023-07-31 10:15:00,NIFTY BANK,bullish,206.22,247.66,1500,62171.15,1040.18,61130.97,pro_LiqSweep+VP,target
2023-07-31 14:15:00,2023-07-31 15:15:00,NIFTY BANK,bearish,137.12,127.97,1500,-13726.26,590.39,-14316.65,pro_FVG+OTE+RSI_Div+VWAP,intraday_square_off
2023-08-10 09:45:00,2023-08-10 10:30:00,NIFTY BANK,bearish,195.08,259.33,1500,96373.59,1066.44,95307.15,pro_FVG+OTE+VWAP,target
2023-08-10 11:00:00,2023-08-10 12:30:00,NIFTY BANK,bearish,294.05,293.19,1500,-1290.2,1271.87,-2562.07,pro_FVG+RSI_Div+VWAP,stop_loss_premium_phase3
2023-08-14 14:15:00,2023-08-14 15:15:00,NIFTY BANK,bullish,173.62,154.33,1500,-28938.9,710.4,-29649.3,pro_LiqSweep+VP+RSI_Div,intraday_square_off
2023-08-17 09:45:00,2023-08-17 11:15:00,NIFTY BANK,bullish,214.96,261.67,1500,70064.57,1093.49,68971.08,pro_LiqSweep+VP+RSI_Div,stop_loss_premium_phase3
2023-08-17 11:30:00,2023-08-17 12:30:00,NIFTY BANK,bullish,180.95,176.64,1500,-6467.53,788.78,-7256.31,pro_LiqSweep+VP+RSI_Div,stop_loss_premium_phase2
2023-08-25 14:15:00,2023-08-25 15:15:00,NIFTY BANK,bullish,188.31,180.08,1500,-12351.63,806.98,-13158.61,pro_FVG+VP+RSI_Div,intraday_square_off
2023-09-07 09:45:00,2023-09-07 11:00:00,NIFTY BANK,bullish,218.85,285.23,1500,99572.46,1172.46,98400.0,pro_VP+RSI_Div,target
2023-09-07 11:30:00,2023-09-07 13:00:00,NIFTY BANK,bullish,194.82,194.38,1500,-660.48,858.99,-1519.47,pro_FVG+VP,stop_loss_premium_phase3
2023-09-14 10:00:00,2023-09-14 11:30:00,NIFTY BANK,bullish,219.75,255.04,1500,52935.54,1077.03,51858.51,pro_FVG+VP,stop_loss_premium_phase3
2023-09-18 09:45:00,2023-09-18 11:15:00,NIFTY BANK,bearish,194.53,214.5,1500,29954.38,922.91,29031.47,pro_LiqSweep+RSI_Div+VWAP,stop_loss_premium_phase3
2023-09-25 09:45:00,2023-09-25 10:45:00,NIFTY BANK,bullish,183.52,183.15,1500,-552.61,812.08,-1364.69,pro_LiqSweep+OTE,stop_loss_premium_phase2
2023-09-28 10:30:00,2023-09-28 12:00:00,NIFTY BANK,bearish,215.57,248.17,1500,48893.91,1051.02,47842.89,pro_LiqSweep+OTE+VWAP,stop_loss_premium_phase3
2023-10-06 14:15:00,2023-10-06 15:15:00,NIFTY BANK,bearish,189.74,206.62,1500,25321.97,893.06,24428.91,pro_FVG+OTE+VWAP,intraday_square_off
2023-10-12 09:45:00,2023-10-12 11:15:00,NIFTY BANK,bullish,200.68,219.56,1500,28317.5,945.08,27372.42,pro_FVG+VP,stop_loss_premium_phase3
2023-10-12 11:30:00,2023-10-12 13:00:00,NIFTY BANK,bullish,190.5,190.08,1500,-637.58,841.04,-1478.62,pro_FVG+VP+RSI_Div,stop_loss_premium_phase3
2023-10-12 14:15:00,2023-10-12 15:15:00,NIFTY BANK,bullish,198.65,207.91,1500,13879.19,905.93,12973.26,pro_LiqSweep+FVG+VP+OTE,intraday_square_off
2023-10-16 09:45:00,2023-10-16 10:45:00,NIFTY BANK,bearish,170.99,170.47,1500,-775.14,759.31,-1534.45,pro_LiqSweep+FVG+VWAP,stop_loss_premium_phase2
2023-10-16 11:00:00,2023-10-16 12:00:00,NIFTY BANK,bearish,182.11,182.11,1500,-8.77,807.35,-816.12,pro_LiqSweep+FVG+VWAP,stop_loss_premium_phase2
2023-10-30 10:15:00,2023-10-30 11:30:00,NIFTY BANK,bullish,168.77,240.74,1500,107945.84,981.24,106964.6,pro_FVG+OTE,target
2023-11-03 14:15:00,2023-11-03 14:30:00,NIFTY BANK,bearish,164.99,214.72,1500,74593.79,894.51,73699.28,pro_OTE+RSI_Div+VWAP,target
2023-11-10 11:00:00,2023-11-10 12:30:00,NIFTY BANK,bullish,205.45,229.51,1500,36093.08,981.54,35111.54,pro_LiqSweep+VP,stop_loss_premium_phase3
2023-11-20 11:30:00,2023-11-20 12:45:00,NIFTY BANK,bearish,186.81,186.22,1500,-881.69,825.09,-1706.78,pro_LiqSweep+FVG+VWAP,stop_loss_premium_phase2
2023-11-23 10:00:00,2023-11-23 11:30:00,NIFTY BANK,bearish,208.04,235.37,1500,41001.46,1002.77,39998.69,pro_FVG+RSI_Div+VWAP,stop_loss_premium_phase3
2023-11-24 09:45:00,2023-11-24 10:30:00,NIFTY BANK,bullish,184.51,229.3,1500,67190.32,960.24,66230.08,pro_VP+RSI_Div,target
2023-11-24 11:30:00,2023-11-24 13:00:00,NIFTY BANK,bullish,170.3,169.77,1500,-786.78,756.38,-1543.16,pro_FVG+VP,stop_loss_premium_phase3
2023-12-07 11:15:00,2023-12-07 12:45:00,NIFTY BANK,bullish,258.18,277.98,1500,29712.34,1188.06,28524.28,pro_LiqSweep+VP,stop_loss_premium_phase3
2023-12-07 14:15:00,2023-12-07 15:15:00,NIFTY BANK,bearish,212.46,234.26,1500,32694.69,1003.57,31691.12,pro_LiqSweep+RSI_Div+VWAP,intraday_square_off
2023-12-08 09:45:00,2023-12-08 11:00:00,NIFTY BANK,bullish,185.1,184.61,1500,-730.72,818.27,-1548.99,pro_LiqSweep+VP,stop_loss_premium_phase2
2023-12-08 11:15:00,2023-12-08 12:15:00,NIFTY BANK,bullish,197.2,197.17,1500,-48.94,870.25,-919.19,pro_LiqSweep+VP+RSI_Div,stop_loss_premium_phase2
2023-12-11 11:15:00,2023-12-11 12:45:00,NIFTY BANK,bearish,189.31,188.79,1500,-781.21,835.77,-1616.98,pro_FVG+OTE+VWAP,stop_loss_premium_phase3
2023-12-14 11:15:00,2023-12-14 12:45:00,NIFTY BANK,bearish,2.06,20.92,1500,28283.61,115.94,28167.67,pro_FVG+RSI_Div+VWAP,stop_loss_premium_phase3
2023-12-21 10:30:00,2023-12-21 12:00:00,NIFTY BANK,bullish,8731.8,8714.75,390,-6648.67,9509.61,-16158.28,pro_FVG+OTE,stop_loss_premium_phase3
2024-01-04 09:45:00,2024-01-04 11:15:00,NIFTY BANK,bullish,10097.55,10105.58,330,2651.01,9325.66,-6674.65,pro_LiqSweep+VP,stop_loss_premium_phase3
2024-01-04 11:30:00,2024-01-04 13:00:00,NIFTY BANK,bullish,7910.6,7868.18,420,-17816.66,9255.04,-27071.7,pro_LiqSweep+VP,stop_loss_premium_phase3
2024-01-04 14:15:00,2024-01-04 15:15:00,NIFTY BANK,bullish,8094.21,8081.28,420,-5431.87,9495.97,-14927.84,pro_FVG+VP,intraday_square_off
2024-01-29 09:30:00,2024-01-29 09:45:00,NIFTY BANK,bullish,606.12,410.21,930,-182189.26,1228.42,-183417.68,pro_LiqSweep+OTE,target
2024-02-08 11:00:00,2024-02-08 12:30:00,NIFTY BANK,bearish,306.75,305.94,1500,-1213.24,1325.07,-2538.31,pro_LiqSweep+VP+VWAP,stop_loss_premium_phase3
2024-02-08 14:15:00,2024-02-08 15:00:00,NIFTY BANK,bearish,338.2,476.74,1500,207812.01,1900.81,205911.2,pro_LiqSweep+RSI_Div+VWAP,target
2024-02-09 10:30:00,2024-02-09 12:30:00,NIFTY BANK,bullish,365.83,429.03,1500,94809.98,1775.84,93034.14,pro_FVG+RSI_Div,stop_loss_premium_phase3
2024-02-09 14:15:00,2024-02-09 15:15:00,NIFTY BANK,bullish,219.55,280.72,1500,91750.33,1158.76,90591.57,pro_LiqSweep+FVG+VP,intraday_square_off
2024-02-12 10:45:00,2024-02-12 12:15:00,NIFTY BANK,bearish,196.36,291.98,1500,143428.56,1171.85,142256.71,pro_FVG+RSI_Div+VWAP,target
2024-02-15 14:15:00,2024-02-15 15:15:00,NIFTY BANK,bullish,284.34,323.55,1500,58817.55,1359.17,57458.38,pro_FVG+VP,intraday_square_off
2024-02-16 14:15:00,2024-02-16 15:15:00,NIFTY BANK,bearish,204.83,241.83,1500,55498.13,1020.23,54477.9,pro_LiqSweep+RSI_Div+VWAP,intraday_square_off
2024-03-04 11:15:00,2024-03-04 12:45:00,NIFTY BANK,bearish,193.48,199.16,1500,8519.45,872.93,7646.52,pro_LiqSweep+FVG+RSI_Div+VWAP,stop_loss_premium_phase3
2024-03-14 10:45:00,2024-03-14 12:15:00,NIFTY BANK,bullish,436.58,506.57,1500,104977.22,2092.8,102884.42,pro_LiqSweep+VP,stop_loss_premium_phase3
2024-03-18 14:15:00,2024-03-18 15:15:00,NIFTY BANK,bullish,230.47,177.48,1500,-79487.12,840.22,-80327.34,pro_FVG+VP,intraday_square_off
2024-03-22 09:45:00,2024-03-22 11:15:00,NIFTY BANK,bullish,11138.52,11110.94,240,-6617.36,7472.23,-14089.59,pro_LiqSweep+VP,stop_loss_premium_phase3
2024-04-05 14:15:00,2024-04-05 15:00:00,NIFTY BANK,bullish,8003.01,8032.29,450,13175.1,10097.06,3078.04,pro_VP+RSI_Div,target
2024-04-18 14:15:00,2024-04-18 15:00:00,NIFTY BANK,bearish,338.17,473.4,1500,202852.11,1890.12,200961.99,pro_LiqSweep+RSI_Div+VWAP,target
2024-04-22 09:30:00,2024-04-22 09:45:00,NIFTY BANK,bullish,8605.2,8556.52,420,-20445.39,10061.28,-30506.67,pro_FVG+VP,target
2024-04-26 14:15:00,2024-04-26 15:00:00,NIFTY BANK,bearish,2.16,69.88,1500,101580.14,272.2,101307.94,pro_FVG+RSI_Div+VWAP,target
2024-04-29 09:45:00,2024-04-29 10:15:00,NIFTY BANK,bullish,7642.96,7724.84,480,39306.23,10339.81,28966.42,pro_FVG+VP,target
2024-04-29 11:00:00,2024-04-29 12:30:00,NIFTY BANK,bullish,8570.04,8590.54,420,8611.16,10081.97,-1470.81,pro_FVG+VP,stop_loss_premium_phase3
2024-04-30 09:30:00,2024-04-30 09:45:00,NIFTY BANK,bullish,7415.36,7439.01,480,11349.65,9976.36,1373.29,pro_FVG+VP,target
2024-05-02 10:15:00,2024-05-02 11:15:00,NIFTY BANK,bullish,441.92,440.79,1500,-1699.76,1888.26,-3588.02,pro_LiqSweep+OTE+RSI_Div,stop_loss_premium_phase2
2024-05-03 09:45:00,2024-05-03 10:45:00,NIFTY BANK,bullish,182.33,182.41,1500,121.89,808.55,-686.66,pro_LiqSweep+VP,stop_loss_premium_phase2
2024-05-17 14:15:00,2024-05-17 15:15:00,NIFTY BANK,bullish,8001.11,7967.69,450,-15041.73,10034.69,-25076.42,pro_LiqSweep+VP,intraday_square_off
2024-05-18 09:45:00,2024-05-21 09:45:00,NIFTY BANK,bullish,8003.12,7958.01,450,-20303.41,10026.02,-30329.43,pro_LiqSweep+VP,stop_loss_premium_phase3
2024-05-24 09:45:00,2024-05-24 10:45:00,NIFTY BANK,bearish,3.76,3.76,1500,-0.92,62.9,-63.82,pro_LiqSweep+RSI_Div+VWAP,stop_loss_premium_phase2
2024-06-07 11:00:00,2024-06-07 12:45:00,NIFTY BANK,bullish,6600.42,6625.68,540,13641.43,9994.74,3646.69,pro_LiqSweep+VP+RSI_Div,stop_loss_premium_phase3
2024-06-14 10:00:00,2024-06-14 11:30:00,NIFTY BANK,bullish,6430.69,6414.82,570,-9046.93,10228.3,-19275.23,pro_LiqSweep+VP,stop_loss_premium_phase3
2024-06-24 09:30:00,2024-06-24 10:30:00,NIFTY BANK,bearish,35.86,35.16,1500,-1048.24,194.64,-1242.88,pro_LiqSweep+RSI_Div+VWAP,stop_loss_premium_phase2
2024-06-24 11:00:00,2024-06-24 12:30:00,NIFTY BANK,bullish,5148.27,5164.86,690,11449.62,9956.9,1492.72,pro_LiqSweep+FVG,stop_loss_premium_phase3
2024-06-28 14:15:00,2024-06-28 15:15:00,NIFTY BANK,bearish,8.72,110.3,1500,152368.88,407.61,151961.27,pro_LiqSweep+FVG+VWAP,intraday_square_off
2024-07-02 09:30:00,2024-07-02 11:00:00,NIFTY BANK,bullish,3292.96,3323.8,900,27757.1,8353.5,19403.6,pro_LiqSweep+VP,stop_loss_premium_phase3
2024-07-08 09:30:00,2024-07-08 10:00:00,NIFTY BANK,bullish,5125.55,5122.62,720,-2106.25,10312.35,-12418.6,pro_FVG+VP,target
2024-07-08 10:15:00,2024-07-08 11:45:00,NIFTY BANK,bullish,5143.24,5112.39,720,-22215.06,10305.04,-32520.1,pro_LiqSweep+VP+RSI_Div,stop_loss_premium_phase3
2024-07-12 09:30:00,2024-07-12 09:45:00,NIFTY BANK,bullish,5170.65,5120.3,690,-34738.04,9901.66,-44639.7,pro_FVG+VP+RSI_Div,target
2024-07-12 10:30:00,2024-07-12 12:15:00,NIFTY BANK,bearish,8.22,47.44,1500,58831.97,206.6,58625.37,pro_FVG+OTE+VWAP,stop_loss_premium_phase3
2024-07-19 10:00:00,2024-07-19 11:30:00,NIFTY BANK,bullish,5230.66,5217.22,690,-9272.86,10071.04,-19343.9,pro_FVG+OTE,stop_loss_premium_phase3
2024-07-26 09:45:00,2024-07-26 11:30:00,NIFTY BANK,bullish,7494.92,7476.42,480,-8878.19,10039.61,-18917.8,pro_LiqSweep+VP,stop_loss_premium_phase3
2024-08-01 09:45:00,2024-08-01 11:15:00,NIFTY BANK,bullish,4851.4,4824.36,750,-20280.73,10129.43,-30410.16,pro_FVG+VP,stop_loss_premium_phase3
2024-08-22 14:15:00,2024-08-22 15:15:00,NIFTY BANK,bearish,5.25,0.0,1500,-7878.91,52.37,-7931.28,pro_LiqSweep+OTE+RSI_Div+VWAP,intraday_square_off
2024-08-23 09:45:00,2024-08-23 11:15:00,NIFTY BANK,bullish,7494.21,7453.82,480,-19390.2,10016.32,-29406.52,pro_LiqSweep+FVG,stop_loss_premium_phase3
2024-08-23 11:30:00,2024-08-23 13:00:00,NIFTY BANK,bullish,5458.7,5426.65,660,-21151.77,10027.93,-31179.7,pro_LiqSweep+VP,stop_loss_premium_phase3
2024-08-23 14:15:00,2024-08-23 15:15:00,NIFTY BANK,bullish,7494.24,7416.72,480,-37211.57,9978.46,-47190.03,pro_LiqSweep+VP,intraday_square_off
2024-09-05 09:45:00,2024-09-05 11:15:00,NIFTY BANK,bullish,5226.6,5195.98,690,-21128.91,10038.03,-31166.94,pro_LiqSweep+FVG+VP+RSI_Div,stop_loss_premium_phase3
2024-09-05 11:30:00,2024-09-05 13:00:00,NIFTY BANK,bullish,5225.21,5195.98,690,-20168.78,10037.4,-30206.18,pro_LiqSweep+VP+OTE,stop_loss_premium_phase3
2024-09-09 10:45:00,2024-09-09 12:15:00,NIFTY BANK,bullish,191.05,229.39,1500,57511.92,966.98,56544.94,pro_LiqSweep+VP,stop_loss_premium_phase3
2024-09-16 14:15:00,2024-09-16 15:15:00,NIFTY BANK,bullish,4707.49,4674.0,780,-26126.78,10209.65,-36336.43,pro_FVG+VP,intraday_square_off
2024-09-26 09:45:00,2024-09-26 11:15:00,NIFTY BANK,bullish,4155.12,4155.82,870,615.77,10108.2,-9492.43,pro_LiqSweep+VP,stop_loss_premium_phase3
2024-09-26 11:30:00,2024-09-26 13:00:00,NIFTY BANK,bullish,3919.88,3915.55,930,-4024.05,10183.31,-14207.36,pro_LiqSweep+VP,stop_loss_premium_phase3
2024-09-26 14:15:00,2024-09-26 14:30:00,NIFTY BANK,bullish,3918.72,3966.35,930,44302.83,10283.06,34019.77,pro_LiqSweep+VP,target
2024-09-27 09:45:00,2024-09-27 11:15:00,NIFTY BANK,bullish,4013.23,4002.89,900,-9308.59,10078.62,-19387.21,pro_LiqSweep+VP,stop_loss_premium_phase3
2024-10-04 10:15:00,2024-10-04 10:45:00,NIFTY BANK,bullish,4851.26,4977.02,750,94323.44,10372.83,83950.61,pro_LiqSweep+OTE+RSI_Div,target
2024-10-04 11:15:00,2024-10-04 12:45:00,NIFTY BANK,bullish,5057.59,5101.77,720,31807.43,10248.3,21559.13,pro_LiqSweep+VP,stop_loss_premium_phase3
2024-10-11 09:45:00,2024-10-11 11:15:00,NIFTY BANK,bullish,5226.75,5213.33,690,-9260.42,10063.55,-19323.97,pro_LiqSweep+OTE,stop_loss_premium_phase3
2024-10-21 10:00:00,2024-10-21 11:00:00,NIFTY BANK,bearish,7.99,7.97,1500,-15.2,80.5,-95.7,pro_FVG+RSI_Div+VWAP,stop_loss_premium_phase2
2024-10-24 09:45:00,2024-10-24 10:00:00,NIFTY BANK,bullish,5226.57,5265.93,690,27153.35,10140.65,17012.7,pro_LiqSweep+OTE+RSI_Div,target
2024-10-24 10:15:00,2024-10-24 11:45:00,NIFTY BANK,bullish,4999.91,4987.29,720,-9087.14,10045.78,-19132.92,pro_LiqSweep+VP,stop_loss_premium_phase3
2024-10-24 14:15:00,2024-10-24 15:15:00,NIFTY BANK,bullish,5074.83,5039.17,720,-25677.68,10160.62,-35838.3,pro_LiqSweep+FVG+VP,intraday_square_off
2024-10-31 10:15:00,2024-10-31 11:45:00,NIFTY BANK,bullish,4779.05,4751.19,750,-20894.48,9977.13,-30871.61,pro_FVG+RSI_Div,stop_loss_premium_phase3
2024-11-08 10:30:00,2024-11-08 12:00:00,NIFTY BANK,bearish,228.9,265.25,1500,54537.68,1118.63,53419.05,pro_LiqSweep+RSI_Div+VWAP,stop_loss_premium_phase3
2024-11-11 09:45:00,2024-11-11 10:45:00,NIFTY BANK,bullish,5075.81,5182.12,720,76548.12,10379.94,66168.18,pro_LiqSweep+FVG,target
2024-11-11 11:00:00,2024-11-11 12:30:00,NIFTY BANK,bullish,4707.3,4695.7,780,-9046.98,10245.55,-19292.53,pro_LiqSweep+VP,stop_loss_premium_phase3
2024-11-18 10:00:00,2024-11-18 11:30:00,NIFTY BANK,bullish,7184.79,7169.13,510,-7985.85,10227.08,-18212.93,pro_LiqSweep+VP,stop_loss_premium_phase3
2024-11-18 14:15:00,2024-11-18 15:15:00,NIFTY BANK,bullish,6181.49,6173.1,570,-4785.68,9842.08,-14627.76,pro_LiqSweep+VP,intraday_square_off
2024-11-21 11:15:00,2024-11-21 12:15:00,NIFTY BANK,bearish,3.11,3.11,1500,-0.6,60.18,-60.78,pro_LiqSweep+FVG+VWAP,stop_loss_premium_phase2
2024-11-28 10:30:00,2024-11-28 12:00:00,NIFTY BANK,bullish,4513.96,4504.16,810,-7943.88,10205.09,-18148.97,pro_FVG+VP,stop_loss_premium_phase3
2024-11-28 14:15:00,2024-11-28 15:15:00,NIFTY BANK,bullish,4779.06,4745.17,750,-25423.28,9967.53,-35390.81,pro_LiqSweep+FVG,intraday_square_off
2024-11-29 09:45:00,2024-11-29 11:15:00,NIFTY BANK,bullish,4634.06,4606.55,780,-21452.01,10060.2,-31512.21,pro_LiqSweep+FVG,stop_loss_premium_phase3
2024-11-29 11:30:00,2024-11-29 13:00:00,NIFTY BANK,bullish,4708.29,4678.57,750,-22287.06,9826.48,-32113.54,pro_LiqSweep+VP+RSI_Div,stop_loss_premium_phase3
2024-12-02 10:00:00,2024-12-02 11:30:00,NIFTY BANK,bearish,6.51,33.35,1500,40256.94,159.98,40096.96,pro_FVG+RSI_Div+VWAP,stop_loss_premium_phase3
2024-12-05 09:45:00,2024-12-05 10:45:00,NIFTY BANK,bullish,245.12,244.56,1500,-840.45,1068.57,-1909.02,pro_LiqSweep+FVG+VP,stop_loss_premium_phase2
2024-12-05 14:15:00,2024-12-05 15:15:00,NIFTY BANK,bullish,4531.51,4443.96,780,-68290.47,9738.01,-78028.48,pro_LiqSweep+VP,intraday_square_off
2024-12-13 14:15:00,2024-12-13 15:15:00,NIFTY BANK,bullish,3765.32,3800.43,960,33699.88,10177.88,23522.0,pro_FVG+VP,intraday_square_off
2024-12-16 10:00:00,2024-12-16 11:30:00,NIFTY BANK,bullish,3561.41,3540.18,1020,-21662.07,10110.06,-31772.13,pro_FVG+VP,stop_loss_premium_phase3
2024-12-26 09:45:00,2024-12-26 11:15:00,NIFTY BANK,bullish,5076.7,5044.86,690,-21969.86,9748.41,-31718.27,pro_LiqSweep+FVG,stop_loss_premium_phase3
2024-12-26 14:15:00,2024-12-26 15:15:00,NIFTY BANK,bullish,5864.42,5840.33,600,-14455.1,9808.17,-24263.27,pro_LiqSweep+FVG+OTE+RSI_Div,intraday_square_off
2024-12-27 09:45:00,2024-12-27 11:15:00,NIFTY BANK,bullish,5151.23,5139.16,690,-8327.71,9920.53,-18248.24,pro_LiqSweep+VP+RSI_Div,stop_loss_premium_phase3
2024-12-27 11:30:00,2024-12-27 13:00:00,NIFTY BANK,bullish,5149.08,5120.12,690,-19985.97,9891.62,-29877.59,pro_LiqSweep+VP,stop_loss_premium_phase3
2024-12-30 10:15:00,2024-12-30 11:30:00,NIFTY BANK,bullish,5227.04,5287.75,690,41891.57,10172.88,31718.69,pro_VP+RSI_Div,target
2025-01-02 09:45:00,2025-01-02 11:15:00,NIFTY BANK,bullish,5864.17,5875.17,600,6600.02,9852.52,-3252.5,pro_LiqSweep+VP,stop_loss_premium_phase3
2025-01-02 11:30:00,2025-01-02 13:00:00,NIFTY BANK,bullish,5226.2,5212.79,690,-9252.0,10062.53,-19314.53,pro_LiqSweep+VP+RSI_Div,stop_loss_premium_phase3
2025-01-02 14:15:00,2025-01-02 15:15:00,NIFTY BANK,bullish,5074.33,5069.26,690,-3492.12,9783.15,-13275.27,pro_LiqSweep+VP,intraday_square_off
2025-01-10 10:15:00,2025-01-10 11:15:00,NIFTY BANK,bearish,5.88,5.82,1500,-93.88,71.55,-165.43,pro_LiqSweep+FVG+VWAP,stop_loss_premium_phase2
2025-01-20 09:30:00,2025-01-20 09:45:00,NIFTY BANK,bullish,7688.94,7611.37,450,-34904.41,9601.53,-44505.94,pro_FVG+OTE+RSI_Div,target
2025-01-21 09:30:00,2025-01-21 10:00:00,NIFTY BANK,bearish,40.95,102.35,1500,92092.4,413.97,91678.43,pro_OTE+RSI_Div+VWAP,target
2025-01-24 11:00:00,2025-01-24 12:30:00,NIFTY BANK,bullish,246.37,262.11,1500,23624.06,1125.81,22498.25,pro_LiqSweep+VP+RSI_Div,stop_loss_premium_phase3
2025-01-30 09:45:00,2025-01-30 11:15:00,NIFTY BANK,bullish,189.43,229.08,1500,59479.93,964.4,58515.53,pro_LiqSweep+VP,stop_loss_premium_phase3
2025-01-31 11:30:00,2025-01-31 13:00:00,NIFTY BANK,bullish,7367.07,7406.46,480,18906.53,9927.92,8978.61,pro_FVG+VP,stop_loss_premium_phase3
2025-02-21 09:45:00,2025-02-21 11:00:00,NIFTY BANK,bearish,3.73,3.71,1500,-19.89,62.71,-82.6,pro_LiqSweep+RSI_Div+VWAP,stop_loss_premium_phase2
2025-02-21 11:15:00,2025-02-21 12:15:00,NIFTY BANK,bearish,4.81,4.81,1500,-1.77,67.26,-69.03,pro_LiqSweep+RSI_Div+VWAP,stop_loss_premium_phase2
2025-02-28 09:30:00,2025-02-28 09:45:00,NIFTY BANK,bearish,271.61,46.85,1080,-242734.22,347.34,-243081.56,pro_LiqSweep+RSI_Div+VWAP,target
2025-03-03 10:30:00,2025-03-03 11:45:00,NIFTY BANK,bearish,4.09,4.07,1500,-28.86,64.21,-93.07,pro_LiqSweep+FVG+VWAP,stop_loss_premium_phase2
2025-03-06 10:00:00,2025-03-06 11:00:00,NIFTY BANK,bearish,5.31,5.31,1500,-3.87,69.37,-73.24,pro_LiqSweep+RSI_Div+VWAP,stop_loss_premium_phase2
2025-03-07 11:00:00,2025-03-07 12:30:00,NIFTY BANK,bullish,7554.49,7512.07,450,-19085.85,9466.8,-28552.65,pro_FVG+VP,stop_loss_premium_phase3
2025-03-07 14:15:00,2025-03-07 15:15:00,NIFTY BANK,bullish,7733.65,7701.62,450,-14412.52,9701.09,-24113.61,pro_LiqSweep+RSI_Div,intraday_square_off
2025-03-13 09:45:00,2025-03-13 10:45:00,NIFTY BANK,bearish,3.18,3.16,1500,-26.94,60.42,-87.36,pro_LiqSweep+OTE+VWAP,stop_loss_premium_phase2
2025-03-28 11:00:00,2025-03-28 12:30:00,NIFTY BANK,bullish,214.44,237.46,1500,34533.36,1015.75,33517.61,pro_FVG+VP+RSI_Div,stop_loss_premium_phase3
2025-04-03 14:15:00,2025-04-03 15:15:00,NIFTY BANK,bullish,5149.25,5140.64,690,-5941.72,9921.81,-15863.53,pro_LiqSweep+FVG+VP+RSI_Div,intraday_square_off
2025-04-07 14:15:00,2025-04-07 15:15:00,NIFTY BANK,bullish,6600.96,6693.99,540,50234.23,10073.37,40160.86,pro_LiqSweep+FVG+OTE,intraday_square_off
2025-04-11 14:15:00,2025-04-11 15:15:00,NIFTY BANK,bearish,4.02,11.54,1500,11273.98,87.96,11186.02,pro_LiqSweep+FVG+OTE+RSI_Div+VWAP,intraday_square_off
2025-04-21 14:15:00,2025-04-21 15:15:00,NIFTY BANK,bearish,48.08,55.5,1500,11126.99,271.55,10855.44,pro_LiqSweep+RSI_Div+VWAP,intraday_square_off
2025-04-25 11:00:00,2025-04-25 12:15:00,NIFTY BANK,bearish,21.54,21.45,1500,-132.08,136.83,-268.91,pro_LiqSweep+VP+VWAP,stop_loss_premium_phase2
2025-05-09 14:15:00,2025-05-09 15:15:00,NIFTY BANK,bullish,3562.71,3574.58,990,11752.98,9887.36,1865.62,pro_LiqSweep+RSI_Div,intraday_square_off
2025-05-19 09:45:00,2025-05-19 10:15:00,NIFTY BANK,bullish,3042.92,3102.82,1170,70082.86,10103.6,59979.26,pro_LiqSweep+VP,target
2025-05-19 10:30:00,2025-05-19 12:00:00,NIFTY BANK,bullish,2456.24,2470.23,1470,20553.64,10138.7,10414.94,pro_LiqSweep+VP+RSI_Div,stop_loss_premium_phase3
2025-05-19 14:15:00,2025-05-19 15:15:00,NIFTY BANK,bearish,49.42,39.1,1500,-15477.99,220.57,-15698.56,pro_LiqSweep+RSI_Div+VWAP,intraday_square_off
2025-05-22 14:15:00,2025-05-22 14:30:00,NIFTY BANK,bullish,3531.4,3572.69,1020,42118.41,10160.48,31957.93,pro_LiqSweep+OTE,target
2025-05-23 09:45:00,2025-05-23 11:30:00,NIFTY BANK,bullish,3042.02,3076.57,1170,40424.49,10037.59,30386.9,pro_LiqSweep+VP+RSI_Div,stop_loss_premium_phase3
2025-05-26 10:00:00,2025-05-26 11:30:00,NIFTY BANK,bullish,2646.31,2641.28,1350,-6801.63,9974.36,-16775.99,pro_FVG+VP,stop_loss_premium_phase3
2025-05-29 09:45:00,2025-05-29 11:15:00,NIFTY BANK,bullish,2197.18,2192.62,1500,-6843.65,9204.11,-16047.76,pro_LiqSweep+OTE,stop_loss_premium_phase3
2025-05-30 14:15:00,2025-05-30 15:15:00,NIFTY BANK,bullish,2764.16,2754.9,1290,-11939.72,9944.62,-21884.34,pro_FVG+VP,intraday_square_off
2025-06-02 09:45:00,2025-06-02 10:45:00,NIFTY BANK,bearish,50.6,50.53,1500,-103.69,258.21,-361.9,pro_LiqSweep+FVG+VWAP,stop_loss_premium_phase2
2025-06-05 09:45:00,2025-06-05 11:15:00,NIFTY BANK,bullish,2642.11,2636.67,1350,-7353.4,9957.4,-17310.8,pro_LiqSweep+VP,stop_loss_premium_phase3
2025-06-05 11:30:00,2025-06-05 12:00:00,NIFTY BANK,bullish,2582.24,2656.76,1380,102836.68,10182.35,92654.33,pro_LiqSweep+VP,target
2025-06-19 14:15:00,2025-06-19 15:15:00,NIFTY BANK,bearish,60.68,89.94,1500,43897.25,393.83,43503.42,pro_LiqSweep+RSI_Div+VWAP,intraday_square_off
2025-06-20 09:45:00,2025-06-20 10:15:00,NIFTY BANK,bullish,2579.95,2668.34,1410,124631.37,10435.3,114196.07,pro_LiqSweep+VP,target
2025-06-20 10:30:00,2025-06-20 12:00:00,NIFTY BANK,bullish,2336.4,2358.79,1500,33594.56,9871.23,23723.33,pro_LiqSweep+VP,stop_loss_premium_phase3
2025-06-26 09:45:00,2025-06-26 11:15:00,NIFTY BANK,bullish,1771.04,1757.2,1500,-20761.48,7395.72,-28157.2,pro_LiqSweep+VP,stop_loss_premium_phase3
2025-06-26 11:30:00,2025-06-26 12:00:00,NIFTY BANK,bullish,1772.84,1852.4,1500,119334.77,7701.15,111633.62,pro_LiqSweep+VP+OTE,target
2025-06-27 09:30:00,2025-06-27 11:00:00,NIFTY BANK,bullish,1261.99,1328.15,1500,99238.62,5526.04,93712.58,pro_FVG+VP,stop_loss_premium_phase3
2025-06-27 11:15:00,2025-06-27 12:45:00,NIFTY BANK,bullish,208.96,236.29,1500,40997.51,1006.6,39990.91,pro_LiqSweep+VP,stop_loss_premium_phase3
2025-06-27 14:15:00,2025-06-27 15:15:00,NIFTY BANK,bullish,1288.07,1329.11,1500,61564.01,5554.75,56009.26,pro_LiqSweep+VP,intraday_square_off
2025-06-30 11:30:00,2025-06-30 13:00:00,NIFTY BANK,bullish,1288.43,1312.33,1500,35843.24,5501.6,30341.64,pro_LiqSweep+OTE,stop_loss_premium_phase3
2025-07-04 10:00:00,2025-07-04 11:30:00,NIFTY BANK,bullish,1599.37,1616.93,1500,26343.88,6779.29,19564.59,pro_LiqSweep+OTE+RSI_Div,stop_loss_premium_phase3
2025-07-04 14:15:00,2025-07-04 14:30:00,NIFTY BANK,bullish,1770.57,1833.19,1500,93943.93,7637.66,86306.27,pro_VP+RSI_Div,target
2025-07-11 09:45:00,2025-07-11 11:15:00,NIFTY BANK,bullish,1525.19,1512.41,1500,-19174.66,6372.89,-25547.55,pro_LiqSweep+VP,stop_loss_premium_phase3
2025-07-11 14:15:00,2025-07-11 15:15:00,NIFTY BANK,bullish,1771.53,1780.1,1500,12853.48,7469.26,5384.22,pro_LiqSweep+OTE+RSI_Div,intraday_square_off
2025-07-14 10:00:00,2025-07-14 11:30:00,NIFTY BANK,bullish,1771.51,1768.07,1500,-5159.96,7430.88,-12590.84,pro_LiqSweep+VP+RSI_Div,stop_loss_premium_phase3
2025-07-14 14:15:00,2025-07-14 14:45:00,NIFTY BANK,bullish,1853.51,1910.18,1500,85010.78,7964.88,77045.9,pro_LiqSweep+VP+OTE,target
2025-07-24 09:45:00,2025-07-24 11:15:00,NIFTY BANK,bearish,189.21,188.7,1500,-765.1,835.36,-1600.46,pro_LiqSweep+FVG+VWAP,stop_loss_premium_phase3
2025-08-04 09:45:00,2025-08-04 10:45:00,NIFTY BANK,bearish,49.59,49.94,1500,522.78,255.3,267.48,pro_LiqSweep+VP+VWAP,stop_loss_premium_phase2
2025-08-07 14:15:00,2025-08-07 14:45:00,NIFTY BANK,bullish,3201.62,3251.8,1170,58702.96,10596.12,48106.84,pro_LiqSweep+RSI_Div,target
2025-08-11 09:45:00,2025-08-11 11:15:00,NIFTY BANK,bullish,3104.99,3137.17,1200,38619.95,10498.0,28121.95,pro_LiqSweep+VP,stop_loss_premium_phase3
2025-08-11 11:30:00,2025-08-11 13:00:00,NIFTY BANK,bullish,3040.5,3033.0,1230,-9219.49,10434.75,-19654.24,pro_LiqSweep+VP,stop_loss_premium_phase3
2025-08-14 10:00:00,2025-08-14 11:30:00,NIFTY BANK,bullish,3042.3,3034.81,1230,-9202.97,10440.94,-19643.91,pro_FVG+VP+RSI_Div,stop_loss_premium_phase3
2025-08-18 09:30:00,2025-08-18 09:45:00,NIFTY BANK,bullish,3462.97,3170.35,810,-237021.18,7348.97,-244370.15,pro_LiqSweep+VP+OTE,target
2025-08-18 14:15:00,2025-08-18 15:15:00,NIFTY BANK,bearish,181.24,206.69,1500,38181.08,884.9,37296.18,pro_FVG+RSI_Div+VWAP,intraday_square_off
2025-08-22 10:00:00,2025-08-22 11:30:00,NIFTY BANK,bearish,48.56,76.92,1500,42542.69,340.36,42202.33,pro_VP+RSI_Div+VWAP,stop_loss_premium_phase3
2025-09-03 14:15:00,2025-09-03 15:00:00,NIFTY BANK,bullish,4529.96,4591.91,810,50179.81,10364.73,39815.08,pro_LiqSweep+VP,target
2025-09-12 09:45:00,2025-09-12 11:15:00,NIFTY BANK,bullish,3241.24,3233.29,1140,-9068.75,10310.41,-19379.16,pro_LiqSweep+VP+OTE,stop_loss_premium_phase3
2025-09-12 11:30:00,2025-09-12 13:00:00,NIFTY BANK,bullish,3221.62,3199.38,1140,-25352.62,10213.53,-35566.15,pro_LiqSweep+VP,stop_loss_premium_phase3
2025-09-12 14:15:00,2025-09-12 15:15:00,NIFTY BANK,bullish,3221.34,3206.14,1140,-17328.01,10229.71,-27557.72,pro_FVG+VP,intraday_square_off
2025-09-17 09:45:00,2025-09-17 11:15:00,NIFTY BANK,bullish,3042.49,3035.01,1230,-9201.21,10441.59,-19642.8,pro_LiqSweep+VP,stop_loss_premium_phase3
2025-09-17 11:30:00,2025-09-17 13:00:00,NIFTY BANK,bullish,3042.04,3059.8,1230,21847.29,10506.08,11341.21,pro_LiqSweep+VP,stop_loss_premium_phase3
2025-09-19 10:15:00,2025-09-19 11:45:00,NIFTY BANK,bullish,2456.79,2451.83,1500,-7448.26,10286.51,-17734.77,pro_LiqSweep+RSI_Div,stop_loss_premium_phase3
2025-09-22 09:30:00,2025-09-22 09:45:00,NIFTY BANK,bullish,2490.82,2490.9,1500,121.7,10444.65,-10322.95,pro_VP+OTE,target
2025-10-03 10:00:00,2025-10-03 11:30:00,NIFTY BANK,bullish,2198.29,2193.84,1500,-6681.15,9209.11,-15890.26,pro_VP+RSI_Div,stop_loss_premium_phase3
2025-10-09 11:30:00,2025-10-09 12:45:00,NIFTY BANK,bullish,216.56,216.08,1500,-719.7,949.64,-1669.34,pro_FVG+VP,stop_loss_premium_phase2
2025-10-15 09:45:00,2025-10-15 10:45:00,NIFTY BANK,bullish,1854.83,1947.69,1500,139287.76,8085.83,131201.93,pro_LiqSweep+VP,target
2025-10-15 11:00:00,2025-10-15 12:30:00,NIFTY BANK,bullish,1600.21,1600.95,1500,1108.21,6729.16,-5620.95,pro_LiqSweep+VP,stop_loss_premium_phase3
2025-10-29 10:00:00,2025-10-29 11:30:00,NIFTY BANK,bullish,345.37,377.42,1500,48067.7,1591.05,46476.65,pro_FVG+VP+RSI_Div,stop_loss_premium_phase3
2025-10-29 14:15:00,2025-10-29 15:15:00,NIFTY BANK,bullish,581.82,559.12,1500,-34056.6,2403.43,-36460.03,pro_LiqSweep+VP,intraday_square_off
2025-11-12 14:15:00,2025-11-12 15:15:00,NIFTY BANK,bearish,546.14,577.17,1500,46555.8,2425.88,44129.92,pro_LiqSweep+RSI_Div+VWAP,intraday_square_off
2025-11-13 10:30:00,2025-11-13 12:00:00,NIFTY BANK,bullish,525.99,545.81,1500,29725.01,2306.01,27419.0,pro_FVG+VP,stop_loss_premium_phase3
2025-11-14 11:15:00,2025-11-14 12:45:00,NIFTY BANK,bullish,584.22,608.24,1500,36031.23,2562.46,33468.77,pro_FVG+VP,stop_loss_premium_phase3
2025-11-17 09:30:00,2025-11-17 09:45:00,NIFTY BANK,bullish,914.55,754.18,1230,-197249.01,2758.13,-200007.14,pro_VP+OTE+RSI_Div,target
2025-11-19 11:15:00,2025-11-19 12:30:00,NIFTY BANK,bullish,351.9,417.43,1500,98300.3,1725.11,96575.19,pro_FVG+OTE+RSI_Div,target
2025-11-20 10:00:00,2025-11-20 11:30:00,NIFTY BANK,bearish,945.22,942.91,1500,-3467.98,3985.36,-7453.34,pro_LiqSweep+OTE+RSI_Div+VWAP,stop_loss_premium_phase3
2025-11-26 10:15:00,2025-11-26 11:45:00,NIFTY BANK,bullish,153.37,165.98,1500,18905.1,727.6,18177.5,pro_FVG+VP,stop_loss_premium_phase3
2025-12-04 11:00:00,2025-12-04 12:00:00,NIFTY BANK,bullish,175.18,169.48,1500,-8554.93,760.24,-9315.17,pro_FVG+VP,stop_loss_premium_phase2
2025-12-05 09:45:00,2025-12-05 10:00:00,NIFTY BANK,bullish,225.62,307.93,1500,123475.84,1251.53,122224.31,pro_LiqSweep+VP,target
2025-12-05 10:15:00,2025-12-05 11:45:00,NIFTY BANK,bullish,153.41,210.45,1500,85564.95,869.5,84695.45,pro_LiqSweep+VP+RSI_Div,stop_loss_premium_phase3
2025-12-05 14:15:00,2025-12-05 15:15:00,NIFTY BANK,bullish,135.33,150.92,1500,23376.39,661.81,22714.58,pro_LiqSweep+VP,intraday_square_off
2025-12-11 11:00:00,2025-12-11 12:30:00,NIFTY BANK,bullish,248.55,327.78,1500,118845.35,1337.41,117507.94,pro_FVG+VP+RSI_Div,stop_loss_premium_phase3
2025-12-17 09:45:00,2025-12-17 11:15:00,NIFTY BANK,bullish,282.27,281.51,1500,-1145.72,1223.02,-2368.74,pro_LiqSweep+FVG+VP+RSI_Div,stop_loss_premium_phase3
2025-12-24 09:45:00,2025-12-24 11:15:00,NIFTY BANK,bullish,227.55,229.51,1500,2945.64,1003.29,1942.35,pro_LiqSweep+VP,stop_loss_premium_phase3
2025-12-24 11:30:00,2025-12-24 13:00:00,NIFTY BANK,bullish,226.54,228.48,1500,2903.0,999.01,1903.99,pro_LiqSweep+FVG+VP,stop_loss_premium_phase3
2025-12-26 10:45:00,2025-12-26 12:15:00,NIFTY BANK,bullish,281.52,281.36,1500,-237.78,1221.8,-1459.58,pro_LiqSweep+VP+OTE+RSI_Div,stop_loss_premium_phase3
2025-12-26 14:15:00,2025-12-26 15:15:00,NIFTY BANK,bullish,350.84,364.49,1500,20473.74,1555.2,18918.54,pro_LiqSweep+VP+RSI_Div,intraday_square_off
2025-12-31 14:15:00,2025-12-31 15:00:00,NIFTY BANK,bearish,1288.27,1342.11,1500,80754.28,5596.43,75157.85,pro_LiqSweep+RSI_Div+VWAP,target
2026-01-01 09:45:00,2026-01-01 11:15:00,NIFTY BANK,bearish,1151.3,1149.14,1500,-3240.54,4846.05,-8086.59,pro_LiqSweep+RSI_Div+VWAP,stop_loss_premium_phase3
2026-01-01 11:30:00,2026-01-01 13:00:00,NIFTY BANK,bearish,1151.51,1165.56,1500,21067.01,4898.65,16168.36,pro_LiqSweep+OTE+RSI_Div+VWAP,stop_loss_premium_phase3
2026-01-02 10:00:00,2026-01-02 11:00:00,NIFTY BANK,bullish,78.07,77.93,1500,-221.35,372.62,-593.97,pro_FVG+VP+RSI_Div,stop_loss_premium_phase2
2026-01-07 10:30:00,2026-01-07 12:00:00,NIFTY BANK,bullish,92.35,127.78,1500,53133.99,545.68,52588.31,pro_FVG+RSI_Div,stop_loss_premium_phase3
2026-01-07 14:15:00,2026-01-07 15:15:00,NIFTY BANK,bullish,103.76,170.27,1500,99758.46,692.45,99066.01,pro_FVG+VP+OTE,intraday_square_off
2026-01-09 10:30:00,2026-01-09 11:30:00,NIFTY BANK,bullish,135.45,135.66,1500,321.8,613.26,-291.46,pro_VP+RSI_Div,stop_loss_premium_phase2
2026-01-12 14:15:00,2026-01-12 15:15:00,NIFTY BANK,bullish,176.06,179.12,1500,4590.67,791.86,3798.81,pro_FVG+VP,intraday_square_off
2026-01-20 10:00:00,2026-01-20 11:30:00,NIFTY BANK,bearish,1151.99,1155.14,1500,4727.61,4865.89,-138.28,pro_LiqSweep+RSI_Div+VWAP,stop_loss_premium_phase3
