entry_time,exit_time,symbol,direction,entry_price,exit_price,quantity,gross_pnl,costs,net_pnl,strategy,exit_reason
2015-01-13 14:15:00,2015-01-13 15:15:00,NIFTY 50,bullish,25.33,19.24,195,-1188.56,58.42,-1246.98,pro_LiqSweep+FVG+VP,intraday_square_off
2015-01-20 09:30:00,2015-01-20 10:45:00,NIFTY 50,bearish,14.76,13.59,325,-380.06,59.74,-439.8,pro_LiqSweep+OTE+RSI_Div+VWAP,stop_loss_premium_phase2
2015-01-23 10:45:00,2015-01-23 12:15:00,NIFTY 50,bearish,64.59,64.44,65,-9.71,58.86,-68.57,pro_FVG+OTE+VWAP,stop_loss_premium_phase3
2015-02-03 10:45:00,2015-02-03 11:45:00,NIFTY 50,bearish,53.71,76.37,65,1473.05,60.05,1413.0,pro_FVG+OTE+VWAP,target
2015-02-06 14:15:00,2015-02-06 15:15:00,NIFTY 50,bearish,43.13,48.81,130,738.82,64.37,674.45,pro_FVG+RSI_Div+VWAP,intraday_square_off
2015-02-13 10:30:00,2015-02-13 13:00:00,NIFTY 50,bullish,52.45,61.31,130,1151.6,68.62,1082.98,pro_FVG+VP,stop_loss_premium_phase3
2015-02-16 11:15:00,2015-02-16 12:45:00,NIFTY 50,bearish,53.44,53.33,130,-13.98,66.5,-80.48,pro_FVG+OTE+VWAP,stop_loss_premium_phase3
2015-02-23 09:30:00,2015-02-23 10:00:00,NIFTY 50,bearish,57.12,65.7,65,558.06,58.72,499.34,pro_FVG+OTE+VWAP,target
2015-03-23 10:15:00,2015-03-23 11:45:00,NIFTY 50,bullish,58.07,58.21,130,17.68,68.24,-50.56,pro_LiqSweep+OTE+RSI_Div,stop_loss_premium_phase3
2015-04-06 09:45:00,2015-04-06 11:15:00,NIFTY 50,bullish,55.46,60.98,130,717.31,68.79,648.52,pro_LiqSweep+VP,stop_loss_premium_phase3
2015-04-06 11:30:00,2015-04-06 13:00:00,NIFTY 50,bullish,46.16,48.26,130,272.5,64.48,208.02,pro_FVG+VP,stop_loss_premium_phase3
2015-04-10 09:45:00,2015-04-10 11:15:00,NIFTY 50,bullish,53.67,53.99,130,42.26,66.7,-24.44,pro_LiqSweep+VP+RSI_Div,stop_loss_premium_phase3
2015-04-10 14:15:00,2015-04-10 15:15:00,NIFTY 50,bullish,37.68,45.39,195,1502.26,70.84,1431.42,pro_LiqSweep+VP+RSI_Div,intraday_square_off
2015-04-17 11:00:00,2015-04-17 12:30:00,NIFTY 50,bearish,65.1,70.98,130,763.87,72.38,691.49,pro_LiqSweep+FVG+VWAP,stop_loss_premium_phase3
2015-04-28 11:00:00,2015-04-28 12:00:00,NIFTY 50,bullish,49.71,47.11,130,-337.65,64.47,-402.12,pro_FVG+VP,stop_loss_premium_phase2
2015-05-12 10:00:00,2015-05-12 11:30:00,NIFTY 50,bearish,47.14,50.78,130,473.06,65.26,407.8,pro_FVG+RSI_Div+VWAP,stop_loss_premium_phase3
2015-05-15 14:15:00,2015-05-15 14:45:00,NIFTY 50,bearish,40.31,52.43,195,2361.63,74.1,2287.53,pro_FVG+OTE+VWAP,target
2015-05-19 14:15:00,2015-05-19 15:15:00,NIFTY 50,bullish,31.6,34.14,260,661.48,71.47,590.01,pro_FVG+VP,intraday_square_off
2015-06-01 09:45:00,2015-06-01 11:00:00,NIFTY 50,bearish,47.17,44.61,195,-498.81,71.73,-570.54,pro_LiqSweep+OTE+VWAP,stop_loss_premium_phase2
2015-06-01 14:15:00,2015-06-01 15:15:00,NIFTY 50,bearish,25.38,26.5,325,365.1,70.93,294.17,pro_LiqSweep+FVG+VWAP,intraday_square_off
2015-06-03 09:30:00,2015-06-03 11:15:00,NIFTY 50,bearish,65.2,73.08,65,512.69,60.08,452.61,pro_LiqSweep+VP+VWAP,target
2015-06-08 10:15:00,2015-06-08 11:45:00,NIFTY 50,bearish,54.07,57.99,130,509.61,67.84,441.77,pro_LiqSweep+FVG+VWAP,stop_loss_premium_phase3
2015-06-16 14:15:00,2015-06-16 14:45:00,NIFTY 50,bullish,23.83,35.84,390,4680.43,83.02,4597.41,pro_LiqSweep+VP+RSI_Div,target
2015-06-19 09:45:00,2015-06-19 11:15:00,NIFTY 50,bullish,39.91,44.18,260,1108.42,78.44,1029.98,pro_FVG+VP,stop_loss_premium_phase3
2015-06-23 11:30:00,2015-06-23 12:30:00,NIFTY 50,bearish,33.32,30.91,390,-937.86,81.37,-1019.23,pro_LiqSweep+FVG+VWAP,stop_loss_premium_phase2
2015-06-26 11:30:00,2015-06-26 13:00:00,NIFTY 50,bearish,46.46,55.78,260,2422.51,85.97,2336.54,pro_FVG+RSI_Div+VWAP,stop_loss_premium_phase3
2015-06-30 10:30:00,2015-06-30 12:00:00,NIFTY 50,bullish,55.79,55.68,195,-22.53,77.43,-99.96,pro_LiqSweep+VP,stop_loss_premium_phase3
2015-07-01 09:30:00,2015-07-01 09:45:00,NIFTY 50,bullish,54.38,46.76,65,-495.45,55.98,-551.43,pro_LiqSweep+VP,target
2015-07-03 09:45:00,2015-07-03 11:15:00,NIFTY 50,bullish,53.59,54.18,195,114.95,76.52,38.43,pro_LiqSweep+VP,stop_loss_premium_phase3
2015-07-03 11:30:00,2015-07-03 12:45:00,NIFTY 50,bullish,56.77,54.33,195,-475.04,77.0,-552.04,pro_LiqSweep+VP,stop_loss_premium_phase2
2015-07-15 09:30:00,2015-07-15 09:45:00,NIFTY 50,bullish,58.34,47.85,65,-681.45,56.3,-737.75,pro_FVG+OTE+RSI_Div,target
2015-07-17 09:45:00,2015-07-17 11:15:00,NIFTY 50,bearish,46.6,44.03,260,-670.62,79.49,-750.11,pro_LiqSweep+RSI_Div+VWAP,stop_loss_premium_phase3
2015-07-21 10:00:00,2015-07-21 12:00:00,NIFTY 50,bearish,28.39,36.12,390,3015.39,84.42,2930.97,pro_LiqSweep+OTE+VWAP,stop_loss_premium_phase3
2015-08-04 09:45:00,2015-08-04 11:00:00,NIFTY 50,bearish,29.5,29.41,390,-35.19,79.14,-114.33,pro_LiqSweep+FVG+VWAP,stop_loss_premium_phase2
2015-08-04 11:30:00,2015-08-04 12:30:00,NIFTY 50,bullish,30.07,30.23,390,64.07,79.97,-15.9,pro_LiqSweep+VP,stop_loss_premium_phase2
2015-08-07 09:45:00,2015-08-07 11:15:00,NIFTY 50,bullish,48.9,46.37,260,-655.55,81.18,-736.73,pro_LiqSweep+VP+RSI_Div,stop_loss_premium_phase3
2015-08-17 09:45:00,2015-08-17 11:15:00,NIFTY 50,bearish,59.2,68.35,195,1784.02,83.12,1700.9,pro_LiqSweep+FVG+RSI_Div+VWAP,stop_loss_premium_phase3
2015-08-17 11:30:00,2015-08-17 12:30:00,NIFTY 50,bullish,46.5,64.25,260,4615.57,90.66,4524.91,pro_LiqSweep+FVG,target
2015-08-18 09:30:00,2015-08-18 09:45:00,NIFTY 50,bullish,58.98,56.69,65,-148.92,57.55,-206.47,pro_LiqSweep+FVG,target
2015-08-28 14:15:00,2015-08-28 15:15:00,NIFTY 50,bearish,67.19,66.16,195,-201.72,83.23,-284.95,pro_LiqSweep+RSI_Div+VWAP,intraday_square_off
2015-08-31 10:30:00,2015-08-31 12:00:00,NIFTY 50,bullish,78.24,78.03,195,-41.31,89.57,-130.88,pro_LiqSweep+OTE,stop_loss_premium_phase3
2015-09-04 14:15:00,2015-09-04 15:15:00,NIFTY 50,bullish,69.41,68.86,195,-108.07,84.64,-192.71,pro_LiqSweep+RSI_Div,intraday_square_off
2015-09-08 10:30:00,2015-09-08 11:30:00,NIFTY 50,bearish,37.09,37.02,390,-27.34,87.4,-114.74,pro_LiqSweep+FVG+VWAP,stop_loss_premium_phase2
2015-09-15 09:45:00,2015-09-15 11:15:00,NIFTY 50,bullish,23.55,25.95,455,1092.78,79.34,1013.44,pro_FVG+VP,stop_loss_premium_phase3
2015-09-21 11:00:00,2015-09-21 12:30:00,NIFTY 50,bullish,46.46,48.9,325,792.46,90.9,701.56,pro_FVG+OTE,stop_loss_premium_phase3
2015-09-23 09:30:00,2015-09-23 09:45:00,NIFTY 50,bearish,68.44,49.7,65,-1217.98,56.99,-1274.97,pro_FVG+RSI_Div+VWAP,target
2015-09-28 10:00:00,2015-09-28 11:30:00,NIFTY 50,bearish,64.39,64.21,195,-34.78,82.07,-116.85,pro_LiqSweep+RSI_Div+VWAP,stop_loss_premium_phase3
2015-10-14 09:30:00,2015-10-14 11:00:00,NIFTY 50,bullish,27.83,30.31,260,646.82,68.71,578.11,pro_LiqSweep+VP+OTE,stop_loss_premium_phase3
2015-10-16 10:00:00,2015-10-16 11:30:00,NIFTY 50,bullish,30.6,30.73,455,55.51,86.07,-30.56,pro_LiqSweep+VP+OTE,stop_loss_premium_phase3
2015-10-19 11:15:00,2015-10-19 13:15:00,NIFTY 50,bullish,24.6,32.27,520,3991.39,91.28,3900.11,pro_LiqSweep+VP,stop_loss_premium_phase3
2015-10-19 14:15:00,2015-10-19 15:15:00,NIFTY 50,bullish,25.0,27.91,455,1322.91,81.67,1241.24,pro_LiqSweep+VP+RSI_Div,intraday_square_off
2015-10-20 09:45:00,2015-10-20 11:15:00,NIFTY 50,bullish,24.96,29.35,715,3134.69,103.53,3031.16,pro_LiqSweep+VP+RSI_Div,stop_loss_premium_phase3
2015-10-20 11:30:00,2015-10-20 13:00:00,NIFTY 50,bullish,24.75,26.64,585,1107.72,89.84,1017.88,pro_LiqSweep+FVG+VP,stop_loss_premium_phase3
2015-10-30 14:15:00,2015-10-30 15:15:00,NIFTY 50,bearish,30.9,32.41,520,782.66,93.58,689.08,pro_LiqSweep+VP+VWAP,intraday_square_off
2015-11-03 09:30:00,2015-11-03 09:45:00,NIFTY 50,bullish,50.7,34.97,65,-1022.24,54.2,-1076.44,pro_LiqSweep+VP,target
2015-11-09 09:30:00,2015-11-09 11:15:00,NIFTY 50,bullish,16.34,27.61,780,8787.57,101.36,8686.21,pro_LiqSweep+VP,stop_loss_premium_phase3
2015-11-23 09:45:00,2015-11-23 11:15:00,NIFTY 50,bullish,36.56,36.45,455,-49.2,93.38,-142.58,pro_FVG+OTE,stop_loss_premium_phase3
2015-11-23 11:30:00,2015-11-23 12:45:00,NIFTY 50,bullish,38.14,38.0,455,-65.2,95.35,-160.55,pro_LiqSweep+FVG,stop_loss_premium_phase2
2015-11-24 14:15:00,2015-11-24 15:15:00,NIFTY 50,bearish,23.83,29.51,585,3322.35,93.05,3229.3,pro_OTE+RSI_Div+VWAP,intraday_square_off
2015-11-27 09:45:00,2015-11-27 11:15:00,NIFTY 50,bullish,24.54,27.02,650,1609.54,95.02,1514.52,pro_LiqSweep+VP,stop_loss_premium_phase3
2015-11-30 09:45:00,2015-11-30 11:15:00,NIFTY 50,bearish,34.09,40.54,585,3768.82,110.72,3658.1,pro_LiqSweep+RSI_Div+VWAP,stop_loss_premium_phase3
2015-12-11 10:30:00,2015-12-11 11:30:00,NIFTY 50,bullish,49.27,49.1,390,-66.05,100.53,-166.58,pro_LiqSweep+VP,stop_loss_premium_phase2
2015-12-14 09:45:00,2015-12-14 11:15:00,NIFTY 50,bullish,62.79,76.47,325,4445.76,113.44,4332.32,pro_LiqSweep+OTE+RSI_Div,stop_loss_premium_phase3
2015-12-14 11:30:00,2015-12-14 13:15:00,NIFTY 50,bullish,60.55,70.59,325,3263.17,108.9,3154.27,pro_LiqSweep+VP+RSI_Div,stop_loss_premium_phase3
2015-12-15 11:15:00,2015-12-15 12:45:00,NIFTY 50,bullish,38.68,44.76,585,3553.87,117.73,3436.14,pro_FVG+VP,stop_loss_premium_phase3
2015-12-21 10:30:00,2015-12-21 12:00:00,NIFTY 50,bullish,32.37,32.53,780,121.27,117.73,3.54,pro_LiqSweep+VP,stop_loss_premium_phase3
2016-01-01 11:30:00,2016-01-01 13:00:00,NIFTY 50,bullish,23.93,24.04,910,103.92,108.01,-4.09,pro_FVG+VP,stop_loss_premium_phase3
2016-01-29 09:45:00,2016-01-29 12:00:00,NIFTY 50,bullish,48.68,68.75,455,9129.88,128.26,9001.62,pro_FVG+VP,target
2016-02-01 10:15:00,2016-02-01 11:45:00,NIFTY 50,bearish,38.14,44.98,650,4446.06,125.64,4320.42,pro_LiqSweep+RSI_Div+VWAP,stop_loss_premium_phase3
2016-02-05 11:00:00,2016-02-05 12:30:00,NIFTY 50,bullish,60.3,64.66,455,1983.1,127.77,1855.33,pro_FVG+VP,stop_loss_premium_phase3
2016-02-08 09:45:00,2016-02-08 10:45:00,NIFTY 50,bearish,37.7,35.21,715,-1780.3,118.42,-1898.72,pro_FVG+OTE+VWAP,stop_loss_premium_phase2
2016-02-16 09:45:00,2016-02-16 10:45:00,NIFTY 50,bearish,27.01,26.96,780,-35.72,105.75,-141.47,pro_LiqSweep+RSI_Div+VWAP,stop_loss_premium_phase2
2016-02-19 10:45:00,2016-02-19 12:15:00,NIFTY 50,bullish,71.55,71.4,390,-60.09,124.73,-184.82,pro_FVG+VP,stop_loss_premium_phase3
2016-02-19 14:15:00,2016-02-19 15:15:00,NIFTY 50,bullish,26.68,27.07,585,232.13,91.12,141.01,pro_FVG+VP+RSI_Div,intraday_square_off
2016-02-22 14:15:00,2016-02-22 15:15:00,NIFTY 50,bullish,27.04,25.6,715,-1030.29,98.81,-1129.1,pro_FVG+VP,intraday_square_off
2016-02-23 10:00:00,2016-02-23 11:30:00,NIFTY 50,bearish,21.52,23.4,715,1344.09,92.88,1251.21,pro_FVG+RSI_Div+VWAP,stop_loss_premium_phase3
2016-03-08 09:45:00,2016-03-08 10:45:00,NIFTY 50,bullish,34.41,34.35,715,-44.44,115.57,-160.01,pro_LiqSweep+VP,stop_loss_premium_phase2
2016-03-08 11:00:00,2016-03-08 12:00:00,NIFTY 50,bullish,32.69,32.56,650,-85.1,106.15,-191.25,pro_LiqSweep+VP,stop_loss_premium_phase2
2016-03-11 09:45:00,2016-03-11 11:15:00,NIFTY 50,bullish,46.1,46.81,585,420.98,123.14,297.84,pro_LiqSweep+VP,stop_loss_premium_phase3
2016-03-11 11:30:00,2016-03-11 13:00:00,NIFTY 50,bullish,44.59,56.03,650,7434.0,143.67,7290.33,pro_LiqSweep+FVG+VP,stop_loss_premium_phase3
2016-03-15 10:00:00,2016-03-15 11:30:00,NIFTY 50,bullish,24.04,25.99,910,1775.82,111.85,1663.97,pro_LiqSweep+OTE+RSI_Div,stop_loss_premium_phase3
2016-03-21 09:45:00,2016-03-21 11:15:00,NIFTY 50,bullish,48.08,54.66,650,4277.2,143.26,4133.94,pro_FVG+VP,stop_loss_premium_phase3
2016-03-21 14:15:00,2016-03-21 15:00:00,NIFTY 50,bullish,22.95,31.46,845,7192.31,116.45,7075.86,pro_LiqSweep+VP,target
2016-03-22 10:30:00,2016-03-22 12:00:00,NIFTY 50,bullish,24.19,24.12,975,-73.48,112.69,-186.17,pro_LiqSweep+VP,stop_loss_premium_phase3
2016-03-28 10:15:00,2016-03-28 12:00:00,NIFTY 50,bearish,49.73,56.01,520,3263.68,126.1,3137.58,pro_LiqSweep+FVG+VWAP,stop_loss_premium_phase3
2016-04-01 09:45:00,2016-04-01 10:45:00,NIFTY 50,bullish,65.52,65.59,390,29.53,118.37,-88.84,pro_LiqSweep+OTE,stop_loss_premium_phase2
2016-04-01 11:00:00,2016-04-01 12:30:00,NIFTY 50,bullish,68.43,68.28,390,-57.52,121.35,-178.87,pro_LiqSweep+OTE+RSI_Div,stop_loss_premium_phase3
2016-04-04 09:30:00,2016-04-04 09:45:00,NIFTY 50,bullish,82.89,76.27,65,-430.47,61.28,-491.75,pro_LiqSweep+FVG+OTE,target
2016-04-04 10:00:00,2016-04-04 11:30:00,NIFTY 50,bullish,57.31,57.42,455,48.3,119.87,-71.57,pro_LiqSweep+VP,stop_loss_premium_phase3
2016-04-04 14:15:00,2016-04-04 15:15:00,NIFTY 50,bullish,33.18,47.17,780,10905.58,142.42,10763.16,pro_LiqSweep+VP,intraday_square_off
2016-04-05 10:00:00,2016-04-05 11:00:00,NIFTY 50,bullish,27.27,24.67,910,-2368.99,111.22,-2480.21,pro_LiqSweep+OTE+RSI_Div,stop_loss_premium_phase2
2016-04-11 10:30:00,2016-04-11 12:00:00,NIFTY 50,bullish,22.83,22.72,910,-96.93,104.8,-201.73,pro_VP+OTE,stop_loss_premium_phase3
2016-04-12 10:00:00,2016-04-12 11:30:00,NIFTY 50,bullish,54.69,62.04,520,3823.19,134.47,3688.72,pro_FVG+VP,stop_loss_premium_phase3
2016-04-22 10:45:00,2016-04-22 12:30:00,NIFTY 50,bullish,44.66,44.57,650,-56.89,127.86,-184.75,pro_VP+RSI_Div,stop_loss_premium_phase3
2016-04-22 14:15:00,2016-04-22 15:15:00,NIFTY 50,bullish,23.69,27.45,1235,4640.06,138.49,4501.57,pro_LiqSweep+VP,intraday_square_off
2016-04-26 10:15:00,2016-04-26 12:00:00,NIFTY 50,bullish,33.79,41.34,910,6868.25,147.37,6720.88,pro_LiqSweep+VP+RSI_Div,stop_loss_premium_phase3
2016-05-02 09:45:00,2016-05-02 11:15:00,NIFTY 50,bearish,67.83,72.13,455,1957.25,137.24,1820.01,pro_LiqSweep+FVG+VWAP,stop_loss_premium_phase3
2016-05-06 14:15:00,2016-05-06 15:15:00,NIFTY 50,bullish,40.17,43.06,780,2254.95,139.19,2115.76,pro_LiqSweep+VP,intraday_square_off
2016-05-09 10:15:00,2016-05-09 11:45:00,NIFTY 50,bullish,46.73,51.02,715,3068.43,146.69,2921.74,pro_LiqSweep+VP,stop_loss_premium_phase3
2016-05-10 09:45:00,2016-05-10 11:15:00,NIFTY 50,bearish,29.81,36.12,1105,6966.83,153.69,6813.14,pro_LiqSweep+RSI_Div+VWAP,stop_loss_premium_phase3
2016-05-16 14:15:00,2016-05-16 15:00:00,NIFTY 50,bullish,30.75,45.03,1170,16709.58,182.83,16526.75,pro_LiqSweep+VP,target
2016-05-23 10:00:00,2016-05-23 11:30:00,NIFTY 50,bearish,40.72,40.6,975,-115.36,157.43,-272.79,pro_FVG+RSI_Div+VWAP,stop_loss_premium_phase3
2016-05-24 14:15:00,2016-05-24 15:15:00,NIFTY 50,bearish,25.35,20.31,1365,-6873.32,128.86,-7002.18,pro_FVG+OTE+RSI_Div+VWAP,intraday_square_off
2016-05-27 14:15:00,2016-05-27 15:15:00,NIFTY 50,bullish,43.79,48.53,845,4006.47,158.69,3847.78,pro_LiqSweep+VP,intraday_square_off
2016-05-30 09:45:00,2016-05-30 11:15:00,NIFTY 50,bullish,48.68,48.58,780,-77.88,152.7,-230.58,pro_LiqSweep+FVG+VP,stop_loss_premium_phase3
2016-06-06 09:45:00,2016-06-06 11:15:00,NIFTY 50,bullish,31.29,31.24,1235,-67.22,154.6,-221.82,pro_VP+OTE,stop_loss_premium_phase3
2016-06-06 14:15:00,2016-06-06 15:15:00,NIFTY 50,bullish,24.68,23.14,1560,-2412.13,149.23,-2561.36,pro_LiqSweep+VP+OTE+RSI_Div,intraday_square_off
2016-06-10 10:00:00,2016-06-10 11:00:00,NIFTY 50,bullish,42.32,54.91,910,11456.48,178.72,11277.76,pro_LiqSweep+OTE+RSI_Div,target
2016-06-10 11:30:00,2016-06-10 12:30:00,NIFTY 50,bullish,32.22,32.09,1235,-164.97,157.58,-322.55,pro_LiqSweep+FVG+VP,stop_loss_premium_phase2
2016-06-14 09:45:00,2016-06-14 11:15:00,NIFTY 50,bullish,24.34,25.67,1430,1901.61,148.09,1753.52,pro_VP+RSI_Div,stop_loss_premium_phase3
2016-06-14 11:30:00,2016-06-14 13:00:00,NIFTY 50,bullish,24.47,24.63,1365,217.93,140.61,77.32,pro_LiqSweep+VP,stop_loss_premium_phase3
2016-06-17 14:15:00,2016-06-17 15:15:00,NIFTY 50,bearish,24.6,19.39,1430,-7450.88,129.23,-7580.11,pro_FVG+RSI_Div+VWAP,intraday_square_off
2016-06-20 09:45:00,2016-06-20 11:15:00,NIFTY 50,bullish,40.32,40.45,975,122.02,156.86,-34.84,pro_LiqSweep+VP+RSI_Div,stop_loss_premium_phase3
2016-06-20 11:30:00,2016-06-20 13:00:00,NIFTY 50,bullish,51.96,62.48,715,7527.93,166.59,7361.34,pro_LiqSweep+FVG+VP,stop_loss_premium_phase3
2016-06-20 14:15:00,2016-06-20 15:15:00,NIFTY 50,bullish,24.85,27.27,1365,3296.8,148.62,3148.18,pro_LiqSweep+VP,intraday_square_off
2016-06-21 09:45:00,2016-06-21 11:15:00,NIFTY 50,bearish,24.71,22.3,1430,-3441.11,138.21,-3579.32,pro_FVG+RSI_Div+VWAP,stop_loss_premium_phase3
2016-06-24 14:15:00,2016-06-24 15:00:00,NIFTY 50,bullish,74.58,97.26,520,11791.77,180.2,11611.57,pro_VP+RSI_Div,target
2016-06-28 10:00:00,2016-06-28 11:30:00,NIFTY 50,bullish,24.32,25.08,1560,1183.67,155.29,1028.38,pro_FVG+VP,stop_loss_premium_phase3
2016-07-25 14:15:00,2016-07-25 15:15:00,NIFTY 50,bullish,26.1,29.97,1430,5527.3,162.83,5364.47,pro_FVG+VP,intraday_square_off
2016-07-29 09:45:00,2016-07-29 11:30:00,NIFTY 50,bullish,32.38,32.28,1365,-132.72,169.91,-302.63,pro_LiqSweep+FVG+VP,stop_loss_premium_phase3
2016-08-01 09:45:00,2016-08-01 11:15:00,NIFTY 50,bullish,26.1,29.04,1625,4772.64,175.39,4597.25,pro_LiqSweep+FVG+VP,stop_loss_premium_phase3
2016-08-02 09:30:00,2016-08-02 09:45:00,NIFTY 50,bullish,58.75,55.84,130,-378.33,67.65,-445.98,pro_FVG+OTE,target
2016-08-08 14:15:00,2016-08-08 15:15:00,NIFTY 50,bearish,26.04,22.53,1755,-6146.61,161.29,-6307.9,pro_LiqSweep+RSI_Div+VWAP,intraday_square_off
2016-08-16 09:30:00,2016-08-16 11:00:00,NIFTY 50,bullish,33.77,33.57,585,-116.89,101.92,-218.81,pro_LiqSweep+VP,stop_loss_premium_phase3
2016-08-16 11:15:00,2016-08-16 12:15:00,NIFTY 50,bullish,25.93,23.62,1625,-3748.22,156.47,-3904.69,pro_LiqSweep+VP+RSI_Div,stop_loss_premium_phase2
2016-08-17 09:30:00,2016-08-17 12:15:00,NIFTY 50,bullish,36.73,38.5,260,460.38,74.75,385.63,pro_FVG+OTE,target
2016-08-19 09:45:00,2016-08-19 10:45:00,NIFTY 50,bullish,29.48,29.65,1495,248.17,170.38,77.79,pro_LiqSweep+VP,stop_loss_premium_phase2
2016-08-19 11:00:00,2016-08-19 12:30:00,NIFTY 50,bullish,26.93,31.04,1560,6413.03,177.73,6235.3,pro_FVG+VP+OTE,stop_loss_premium_phase3
2016-08-23 09:45:00,2016-08-23 11:15:00,NIFTY 50,bullish,25.98,25.92,1755,-92.27,173.87,-266.14,pro_LiqSweep+VP,stop_loss_premium_phase3
2016-08-23 11:30:00,2016-08-23 13:00:00,NIFTY 50,bullish,26.04,26.0,1495,-60.33,155.4,-215.73,pro_VP+OTE,stop_loss_premium_phase3
2016-08-26 09:45:00,2016-08-26 11:15:00,NIFTY 50,bullish,41.1,38.61,1105,-2747.74,167.73,-2915.47,pro_FVG+OTE+RSI_Div,stop_loss_premium_phase3
2016-08-26 11:30:00,2016-08-26 13:00:00,NIFTY 50,bullish,56.44,53.78,780,-2071.64,165.3,-2236.94,pro_LiqSweep+RSI_Div,stop_loss_premium_phase3
2016-08-29 09:45:00,2016-08-29 12:15:00,NIFTY 50,bullish,28.0,37.02,1560,14064.26,198.68,13865.58,pro_LiqSweep+VP+OTE,stop_loss_premium_phase3
2016-08-29 14:15:00,2016-08-29 15:15:00,NIFTY 50,bullish,26.15,31.43,1625,8571.49,183.69,8387.8,pro_LiqSweep+VP+RSI_Div,intraday_square_off
2016-09-02 10:00:00,2016-09-02 11:30:00,NIFTY 50,bullish,45.31,46.71,1105,1540.97,189.81,1351.16,pro_FVG+OTE,stop_loss_premium_phase3
2016-09-09 10:15:00,2016-09-09 11:45:00,NIFTY 50,bearish,38.63,36.38,1300,-2934.57,180.72,-3115.29,pro_LiqSweep+VP+VWAP,stop_loss_premium_phase3
2016-09-12 14:15:00,2016-09-12 15:15:00,NIFTY 50,bullish,26.14,24.11,1885,-3811.22,176.19,-3987.41,pro_LiqSweep+VP,intraday_square_off
2016-09-19 10:00:00,2016-09-19 11:30:00,NIFTY 50,bearish,54.68,54.56,715,-89.8,155.81,-245.61,pro_LiqSweep+FVG+RSI_Div+VWAP,stop_loss_premium_phase3
2016-09-19 14:15:00,2016-09-19 15:15:00,NIFTY 50,bearish,26.47,30.75,1820,7784.79,197.83,7586.96,pro_LiqSweep+OTE+VWAP,intraday_square_off
2016-09-30 10:30:00,2016-09-30 12:00:00,NIFTY 50,bullish,184.84,181.06,260,-982.76,178.85,-1161.61,pro_LiqSweep+OTE+RSI_Div,stop_loss_premium_phase3
2016-09-30 14:15:00,2016-09-30 15:15:00,NIFTY 50,bullish,30.27,24.98,1625,-8607.73,165.8,-8773.53,pro_LiqSweep+VP,intraday_square_off
2016-10-07 14:15:00,2016-10-07 15:15:00,NIFTY 50,bullish,26.32,26.86,1560,849.03,163.26,685.77,pro_LiqSweep+VP+RSI_Div,intraday_square_off
2016-10-14 11:30:00,2016-10-14 13:00:00,NIFTY 50,bullish,57.31,57.12,845,-157.62,181.63,-339.25,pro_VP+RSI_Div,stop_loss_premium_phase3
2016-10-14 14:15:00,2016-10-14 15:15:00,NIFTY 50,bullish,39.14,35.21,1235,-4856.86,171.39,-5028.25,pro_LiqSweep+VP,intraday_square_off
2016-10-21 09:45:00,2016-10-21 11:15:00,NIFTY 50,bullish,39.07,39.33,1170,310.32,175.06,135.26,pro_LiqSweep+VP+OTE,stop_loss_premium_phase3
2016-10-24 09:30:00,2016-10-24 09:45:00,NIFTY 50,bullish,42.67,33.29,195,-1828.76,66.47,-1895.23,pro_LiqSweep+VP+OTE,target
2016-10-25 14:15:00,2016-10-25 15:15:00,NIFTY 50,bullish,26.07,24.87,1625,-1947.26,160.93,-2108.19,pro_VP+RSI_Div,intraday_square_off
2016-11-01 09:45:00,2016-11-01 11:15:00,NIFTY 50,bearish,25.92,25.87,1625,-67.66,164.25,-231.91,pro_LiqSweep+FVG+RSI_Div+VWAP,stop_loss_premium_phase3
2016-11-01 11:30:00,2016-11-01 13:00:00,NIFTY 50,bearish,26.01,23.55,1560,-3840.92,151.97,-3992.89,pro_LiqSweep+FVG+VWAP,stop_loss_premium_phase3
2016-11-01 14:15:00,2016-11-01 15:15:00,NIFTY 50,bearish,26.23,34.81,1430,12265.61,177.67,12087.94,pro_LiqSweep+FVG+VWAP,intraday_square_off
2016-11-21 10:15:00,2016-11-21 10:45:00,NIFTY 50,bearish,57.99,78.36,780,15892.0,206.86,15685.14,pro_FVG+RSI_Div+VWAP,target
2016-12-05 14:15:00,2016-12-05 15:15:00,NIFTY 50,bullish,29.43,25.06,1755,-7675.94,174.61,-7850.55,pro_FVG+VP,intraday_square_off
2016-12-06 14:15:00,2016-12-06 14:45:00,NIFTY 50,bearish,24.52,32.31,2015,15689.88,218.08,15471.8,pro_LiqSweep+FVG+VWAP,target
2016-12-09 10:00:00,2016-12-09 11:30:00,NIFTY 50,bearish,41.98,44.44,1235,3038.79,197.93,2840.86,pro_LiqSweep+OTE+VWAP,stop_loss_premium_phase3
2016-12-16 09:45:00,2016-12-16 11:15:00,NIFTY 50,bearish,57.0,60.91,910,3559.7,199.12,3360.58,pro_LiqSweep+RSI_Div+VWAP,stop_loss_premium_phase3
2016-12-19 10:45:00,2016-12-19 12:15:00,NIFTY 50,bearish,26.8,29.29,1950,4869.72,202.97,4666.75,pro_LiqSweep+FVG+VWAP,stop_loss_premium_phase3
2016-12-20 11:15:00,2016-12-20 12:45:00,NIFTY 50,bullish,24.34,23.03,2275,-2965.98,194.98,-3160.96,pro_LiqSweep+VP+OTE,stop_loss_premium_phase3
2016-12-23 11:15:00,2016-12-23 12:45:00,NIFTY 50,bullish,40.33,44.66,1365,5912.47,212.96,5699.51,pro_FVG+VP+RSI_Div,stop_loss_premium_phase3
2016-12-23 14:15:00,2016-12-23 15:15:00,NIFTY 50,bullish,46.11,41.87,1235,-5235.81,194.53,-5430.34,pro_FVG+VP,intraday_square_off
2016-12-27 09:45:00,2016-12-27 11:15:00,NIFTY 50,bullish,23.72,31.09,1950,14388.68,206.49,14182.19,pro_VP+OTE,stop_loss_premium_phase3
2016-12-30 10:30:00,2016-12-30 12:30:00,NIFTY 50,bullish,36.99,41.32,1560,6758.04,222.14,6535.9,pro_FVG+VP,stop_loss_premium_phase3
2016-12-30 14:15:00,2016-12-30 15:15:00,NIFTY 50,bullish,28.32,31.79,2015,6994.25,220.86,6773.39,pro_LiqSweep+FVG+VP,intraday_square_off
2017-01-03 10:15:00,2017-01-03 11:15:00,NIFTY 50,bearish,24.74,22.19,2015,-5129.7,175.01,-5304.71,pro_OTE+RSI_Div+VWAP,stop_loss_premium_phase2
2017-01-06 10:45:00,2017-01-06 12:15:00,NIFTY 50,bearish,30.12,36.19,2015,12231.27,242.11,11989.16,pro_LiqSweep+RSI_Div+VWAP,stop_loss_premium_phase3
2017-01-17 10:15:00,2017-01-17 11:15:00,NIFTY 50,bullish,25.23,22.91,2340,-5420.55,199.94,-5620.49,pro_FVG+VP,stop_loss_premium_phase2
2017-01-23 10:00:00,2017-01-23 11:30:00,NIFTY 50,bullish,42.16,49.73,1495,11311.83,246.65,11065.18,pro_LiqSweep+FVG+VP+RSI_Div,stop_loss_premium_phase3
2017-01-23 14:15:00,2017-01-23 15:15:00,NIFTY 50,bullish,25.23,34.47,2210,20420.56,245.78,20174.78,pro_FVG+VP,intraday_square_off
2017-01-24 10:00:00,2017-01-24 11:30:00,NIFTY 50,bullish,25.22,27.88,2535,6732.31,239.45,6492.86,pro_FVG+VP,stop_loss_premium_phase3
2017-02-03 10:30:00,2017-02-03 12:00:00,NIFTY 50,bullish,46.13,46.04,1560,-142.54,247.14,-389.68,pro_LiqSweep+VP,stop_loss_premium_phase3
2017-02-06 09:30:00,2017-02-06 09:45:00,NIFTY 50,bullish,57.54,44.48,195,-2546.39,73.01,-2619.4,pro_LiqSweep+VP,target
2017-02-06 14:15:00,2017-02-06 15:15:00,NIFTY 50,bearish,29.69,30.38,2405,1658.63,249.43,1409.2,pro_FVG+OTE+RSI_Div+VWAP,intraday_square_off
2017-02-07 10:00:00,2017-02-07 11:00:00,NIFTY 50,bullish,29.77,29.67,2405,-241.11,245.93,-487.04,pro_LiqSweep+VP,stop_loss_premium_phase2
2017-02-07 14:15:00,2017-02-07 15:15:00,NIFTY 50,bullish,26.38,25.49,2730,-2419.12,242.43,-2661.55,pro_LiqSweep+FVG+VP,intraday_square_off
2017-02-14 09:45:00,2017-02-14 11:15:00,NIFTY 50,bullish,30.95,32.92,2275,4462.15,252.66,4209.49,pro_LiqSweep+VP,stop_loss_premium_phase3
2017-02-14 11:30:00,2017-02-14 13:30:00,NIFTY 50,bullish,30.81,37.74,2340,16200.88,282.3,15918.58,pro_LiqSweep+VP+RSI_Div,stop_loss_premium_phase3
2017-02-21 10:30:00,2017-02-21 12:15:00,NIFTY 50,bullish,26.65,28.61,2665,5222.17,255.95,4966.22,pro_FVG+VP,stop_loss_premium_phase3
2017-02-21 14:15:00,2017-02-21 15:00:00,NIFTY 50,bullish,26.69,34.99,2665,22122.23,292.15,21830.08,pro_LiqSweep+VP,target
2017-02-28 11:15:00,2017-02-28 12:45:00,NIFTY 50,bearish,26.77,27.37,2795,1693.0,258.99,1434.01,pro_LiqSweep+RSI_Div+VWAP,stop_loss_premium_phase3
2017-03-07 09:30:00,2017-03-07 09:45:00,NIFTY 50,bullish,42.83,39.64,455,-1452.5,98.34,-1550.84,pro_VP+OTE,target
2017-03-10 09:45:00,2017-03-10 11:15:00,NIFTY 50,bullish,26.87,27.24,2925,1087.55,268.23,819.32,pro_LiqSweep+FVG+VP,stop_loss_premium_phase3
2017-03-21 10:15:00,2017-03-21 11:45:00,NIFTY 50,bullish,27.56,25.01,2730,-6972.59,241.76,-7214.35,pro_FVG+VP+OTE+RSI_Div,stop_loss_premium_phase3
2017-03-31 14:15:00,2017-03-31 15:15:00,NIFTY 50,bullish,35.88,27.62,2210,-18260.37,229.05,-18489.42,pro_LiqSweep+VP,intraday_square_off
2017-04-11 11:00:00,2017-04-11 12:30:00,NIFTY 50,bullish,27.84,25.31,2535,-6394.91,229.96,-6624.87,pro_FVG+VP+RSI_Div,stop_loss_premium_phase3
2017-04-11 14:15:00,2017-04-11 15:15:00,NIFTY 50,bullish,27.62,28.46,2665,2254.68,256.8,1997.88,pro_LiqSweep+VP+RSI_Div,intraday_square_off
2017-04-17 14:15:00,2017-04-17 15:15:00,NIFTY 50,bullish,28.88,33.05,2470,10297.45,267.63,10029.82,pro_LiqSweep+VP,intraday_square_off
2017-04-24 09:45:00,2017-04-24 11:15:00,NIFTY 50,bullish,33.13,35.32,2340,5130.47,273.86,4856.61,pro_FVG+VP+RSI_Div,stop_loss_premium_phase3
2017-05-05 09:45:00,2017-05-05 11:15:00,NIFTY 50,bearish,29.93,30.76,2535,2106.85,262.83,1844.02,pro_LiqSweep+RSI_Div+VWAP,stop_loss_premium_phase3
2017-05-15 09:45:00,2017-05-15 11:15:00,NIFTY 50,bullish,34.1,37.83,2340,8727.49,287.81,8439.68,pro_FVG+VP+RSI_Div,stop_loss_premium_phase3
2017-05-15 14:15:00,2017-05-15 15:15:00,NIFTY 50,bullish,32.63,35.65,2470,7458.92,287.37,7171.55,pro_LiqSweep+VP,intraday_square_off
2017-05-16 09:45:00,2017-05-16 10:45:00,NIFTY 50,bullish,28.51,26.09,2925,-7084.3,264.18,-7348.48,pro_LiqSweep+VP,stop_loss_premium_phase2
2017-05-16 11:00:00,2017-05-16 12:30:00,NIFTY 50,bullish,28.52,28.69,2730,466.95,264.88,202.07,pro_FVG+VP,stop_loss_premium_phase3
2017-05-29 10:00:00,2017-05-29 11:00:00,NIFTY 50,bearish,58.02,57.91,1365,-142.58,267.28,-409.86,pro_LiqSweep+OTE+RSI_Div+VWAP,stop_loss_premium_phase2
2017-05-29 11:15:00,2017-05-29 12:45:00,NIFTY 50,bearish,66.91,66.75,1170,-181.68,264.65,-446.33,pro_LiqSweep+OTE+VWAP,stop_loss_premium_phase3
2017-06-05 10:15:00,2017-06-05 11:30:00,NIFTY 50,bearish,29.17,29.07,2795,-257.38,273.5,-530.88,pro_LiqSweep+OTE+RSI_Div+VWAP,stop_loss_premium_phase2
2017-06-09 11:00:00,2017-06-09 12:30:00,NIFTY 50,bullish,38.13,38.01,2080,-232.82,267.39,-500.21,pro_VP+OTE,stop_loss_premium_phase3
2017-06-12 10:15:00,2017-06-12 11:45:00,NIFTY 50,bullish,28.94,32.68,2795,10449.33,294.5,10154.83,pro_LiqSweep+OTE,stop_loss_premium_phase3
2017-06-16 14:15:00,2017-06-16 15:00:00,NIFTY 50,bullish,28.81,34.96,2860,17587.96,313.87,17274.09,pro_LiqSweep+VP+OTE,target
2017-06-20 10:45:00,2017-06-20 12:15:00,NIFTY 50,bearish,29.05,28.96,2990,-261.06,288.36,-549.42,pro_LiqSweep+RSI_Div+VWAP,stop_loss_premium_phase3
2017-06-20 14:15:00,2017-06-20 15:15:00,NIFTY 50,bullish,29.02,28.5,2990,-1548.53,285.36,-1833.89,pro_LiqSweep+VP+OTE,intraday_square_off
2017-06-30 11:00:00,2017-06-30 12:30:00,NIFTY 50,bullish,59.06,58.87,1430,-283.16,281.64,-564.8,pro_FVG+OTE,stop_loss_premium_phase3
2017-07-10 11:30:00,2017-07-10 12:30:00,NIFTY 50,bearish,34.65,34.8,2470,375.93,286.14,89.79,pro_OTE+RSI_Div+VWAP,stop_loss_premium_phase2
2017-07-14 09:45:00,2017-07-14 10:45:00,NIFTY 50,bullish,38.83,38.69,2210,-318.5,285.35,-603.85,pro_LiqSweep+VP,stop_loss_premium_phase2
2017-07-21 10:00:00,2017-07-21 11:30:00,NIFTY 50,bullish,29.67,27.35,2925,-6778.76,274.25,-7053.01,pro_FVG+VP,stop_loss_premium_phase3
2017-07-24 09:45:00,2017-07-24 11:15:00,NIFTY 50,bullish,49.62,56.13,1690,10998.84,303.94,10694.9,pro_FVG+VP,stop_loss_premium_phase3
2017-07-24 11:30:00,2017-07-24 13:00:00,NIFTY 50,bullish,29.78,31.38,2925,4668.24,299.56,4368.68,pro_FVG+VP,stop_loss_premium_phase3
2017-07-25 11:15:00,2017-07-25 12:45:00,NIFTY 50,bearish,30.1,32.52,2925,7083.52,307.27,6776.25,pro_LiqSweep+FVG+VWAP,stop_loss_premium_phase3
2017-07-28 14:15:00,2017-07-28 15:00:00,NIFTY 50,bullish,36.74,48.32,2470,28602.29,360.58,28241.71,pro_VP+RSI_Div,target
2017-08-01 09:45:00,2017-08-01 10:45:00,NIFTY 50,bullish,30.23,30.18,3250,-172.25,320.25,-492.5,pro_LiqSweep+VP,stop_loss_premium_phase2
2017-08-01 11:00:00,2017-08-01 12:45:00,NIFTY 50,bullish,30.33,34.91,3185,14575.58,347.03,14228.55,pro_LiqSweep+FVG+VP,stop_loss_premium_phase3
2017-08-04 09:45:00,2017-08-04 10:45:00,NIFTY 50,bullish,41.93,42.08,2405,357.99,328.6,29.39,pro_LiqSweep+VP,stop_loss_premium_phase2
2017-08-04 11:30:00,2017-08-04 13:00:00,NIFTY 50,bullish,36.42,39.87,2730,9408.32,343.93,9064.39,pro_LiqSweep+RSI_Div,stop_loss_premium_phase3
2017-08-08 10:00:00,2017-08-08 11:00:00,NIFTY 50,bearish,32.39,32.26,3185,-403.88,333.42,-737.3,pro_LiqSweep+VP+VWAP,stop_loss_premium_phase2
2017-08-08 11:15:00,2017-08-08 12:45:00,NIFTY 50,bearish,46.22,52.55,2210,13982.77,361.18,13621.59,pro_LiqSweep+FVG+VWAP,stop_loss_premium_phase3
2017-08-21 11:15:00,2017-08-21 13:00:00,NIFTY 50,bearish,55.91,74.86,1885,35733.74,416.45,35317.29,pro_FVG+OTE+VWAP,target
2017-09-01 10:30:00,2017-09-01 12:00:00,NIFTY 50,bullish,30.11,27.55,3250,-8336.8,301.82,-8638.62,pro_FVG+VP,stop_loss_premium_phase3
2017-09-04 09:45:00,2017-09-04 11:15:00,NIFTY 50,bullish,29.88,27.5,3250,-7735.67,301.02,-8036.69,pro_VP+OTE,stop_loss_premium_phase3
2017-09-05 11:30:00,2017-09-05 12:30:00,NIFTY 50,bullish,29.88,29.76,3250,-398.65,316.63,-715.28,pro_FVG+VP,stop_loss_premium_phase2
2017-09-26 10:00:00,2017-09-26 11:45:00,NIFTY 50,bearish,35.2,40.7,3120,17167.55,389.3,16778.25,pro_FVG+OTE+VWAP,stop_loss_premium_phase3
2017-10-03 10:00:00,2017-10-03 11:00:00,NIFTY 50,bearish,52.34,52.45,2210,253.69,369.61,-115.92,pro_LiqSweep+OTE+VWAP,stop_loss_premium_phase2
2017-10-06 09:45:00,2017-10-06 11:15:00,NIFTY 50,bullish,43.77,47.72,2600,10269.04,385.69,9883.35,pro_LiqSweep+VP,stop_loss_premium_phase3
2017-10-10 09:45:00,2017-10-10 11:45:00,NIFTY 50,bullish,30.12,34.08,3250,12860.69,346.99,12513.7,pro_FVG+VP,stop_loss_premium_phase3
2017-10-17 09:45:00,2017-10-17 11:15:00,NIFTY 50,bullish,30.78,36.06,3250,17152.24,362.09,16790.15,pro_FVG+VP,stop_loss_premium_phase3
2017-10-24 10:30:00,2017-10-24 12:00:00,NIFTY 50,bullish,31.49,29.05,3250,-7921.48,315.12,-8236.6,pro_FVG+VP,stop_loss_premium_phase3
2017-10-25 09:30:00,2017-10-25 09:45:00,NIFTY 50,bullish,46.07,40.84,520,-2721.45,108.08,-2829.53,pro_LiqSweep+VP,target
2017-10-27 14:15:00,2017-10-27 15:00:00,NIFTY 50,bearish,39.24,51.15,3120,37148.92,466.89,36682.03,pro_OTE+RSI_Div+VWAP,target
2017-10-31 09:45:00,2017-10-31 10:45:00,NIFTY 50,bullish,31.29,31.31,3250,66.33,330.36,-264.03,pro_LiqSweep+FVG+VP,stop_loss_premium_phase2
2017-11-07 10:00:00,2017-11-07 11:30:00,NIFTY 50,bearish,38.95,48.05,3250,29578.53,462.34,29116.19,pro_LiqSweep+RSI_Div+VWAP,stop_loss_premium_phase3
2017-11-10 10:15:00,2017-11-10 11:45:00,NIFTY 50,bullish,66.75,71.22,2080,9288.06,453.33,8834.73,pro_VP+OTE+RSI_Div,stop_loss_premium_phase3
2017-11-13 09:45:00,2017-11-13 11:45:00,NIFTY 50,bearish,68.48,81.18,2015,25590.99,485.62,25105.37,pro_FVG+RSI_Div+VWAP,stop_loss_premium_phase3
2017-11-20 10:00:00,2017-11-20 12:15:00,NIFTY 50,bullish,32.92,37.24,3250,14033.62,374.81,13658.81,pro_FVG+OTE+RSI_Div,stop_loss_premium_phase3
2017-11-20 14:15:00,2017-11-20 15:15:00,NIFTY 50,bullish,33.13,36.59,3250,11259.96,370.76,10889.2,pro_FVG+VP,intraday_square_off
2017-11-24 09:45:00,2017-11-24 11:15:00,NIFTY 50,bullish,48.08,50.15,3185,6585.52,487.38,6098.14,pro_LiqSweep+VP,stop_loss_premium_phase3
2017-11-28 09:45:00,2017-11-28 11:15:00,NIFTY 50,bullish,31.09,35.56,3250,14549.69,359.3,14190.39,pro_VP+RSI_Div,stop_loss_premium_phase3
2017-11-29 09:30:00,2017-11-29 11:00:00,NIFTY 50,bullish,34.25,37.21,2340,6926.74,284.96,6641.78,pro_VP+OTE,stop_loss_premium_phase3
2017-12-04 09:30:00,2017-12-04 09:45:00,NIFTY 50,bearish,65.11,53.54,455,-5260.89,118.45,-5379.34,pro_VP+RSI_Div+VWAP,target
2017-12-04 14:15:00,2017-12-04 15:15:00,NIFTY 50,bearish,30.29,34.26,3250,12910.02,348.6,12561.42,pro_FVG+RSI_Div+VWAP,intraday_square_off
2017-12-08 14:15:00,2017-12-08 15:15:00,NIFTY 50,bullish,31.07,29.12,3250,-6325.18,314.71,-6639.89,pro_LiqSweep+VP,intraday_square_off
2017-12-19 10:30:00,2017-12-19 12:00:00,NIFTY 50,bullish,35.0,36.37,3250,4472.08,373.21,4098.87,pro_FVG+VP,stop_loss_premium_phase3
2017-12-22 09:45:00,2017-12-22 11:15:00,NIFTY 50,bullish,31.57,39.38,3250,25385.33,386.68,24998.65,pro_LiqSweep+FVG+VP,stop_loss_premium_phase3
2017-12-26 09:30:00,2017-12-26 09:45:00,NIFTY 50,bullish,47.44,42.55,780,-3807.61,142.07,-3949.68,pro_FVG+VP+OTE,target
2017-12-26 11:30:00,2017-12-26 13:00:00,NIFTY 50,bullish,31.5,29.09,3250,-7838.11,315.45,-8153.56,pro_VP+RSI_Div,stop_loss_premium_phase3
2017-12-29 14:15:00,2017-12-29 15:15:00,NIFTY 50,bullish,35.25,39.52,3250,13886.19,395.49,13490.7,pro_LiqSweep+VP,intraday_square_off
2018-01-05 11:30:00,2018-01-05 13:00:00,NIFTY 50,bullish,31.64,33.18,3250,5008.07,343.99,4664.08,pro_FVG+VP,stop_loss_premium_phase3
2018-01-09 09:45:00,2018-01-09 11:15:00,NIFTY 50,bullish,31.93,34.34,3250,7855.28,352.65,7502.63,pro_LiqSweep+VP+OTE,stop_loss_premium_phase3
2018-01-09 11:30:00,2018-01-09 12:30:00,NIFTY 50,bullish,31.74,29.53,3250,-7191.75,318.96,-7510.71,pro_LiqSweep+VP,stop_loss_premium_phase2
2018-01-09 14:15:00,2018-01-09 15:15:00,NIFTY 50,bullish,31.98,35.19,3250,10406.44,358.59,10047.85,pro_LiqSweep+VP,intraday_square_off
2018-01-16 09:45:00,2018-01-16 10:15:00,NIFTY 50,bearish,32.64,43.26,3250,34504.06,415.77,34088.29,pro_LiqSweep+RSI_Div+VWAP,target
2018-01-16 10:30:00,2018-01-16 12:45:00,NIFTY 50,bullish,31.99,37.22,3250,16996.61,372.68,16623.93,pro_LiqSweep+VP+OTE,stop_loss_premium_phase3
2018-01-19 11:30:00,2018-01-19 13:00:00,NIFTY 50,bullish,63.25,60.42,2925,-8260.2,544.44,-8804.64,pro_FVG+VP,stop_loss_premium_phase3
2018-02-20 14:15:00,2018-02-20 14:45:00,NIFTY 50,bearish,34.93,49.89,3250,48619.48,466.48,48153.0,pro_OTE+RSI_Div+VWAP,target
2018-02-23 09:45:00,2018-02-23 11:15:00,NIFTY 50,bullish,49.96,56.07,3250,19870.06,541.26,19328.8,pro_LiqSweep+VP,stop_loss_premium_phase3
2018-02-23 11:30:00,2018-02-23 13:00:00,NIFTY 50,bullish,61.79,69.28,3185,23850.86,645.6,23205.26,pro_LiqSweep+VP,stop_loss_premium_phase3
2018-03-06 14:15:00,2018-03-06 14:45:00,NIFTY 50,bearish,30.73,47.0,3250,52884.24,437.6,52446.64,pro_LiqSweep+RSI_Div+VWAP,target
2018-03-09 09:45:00,2018-03-09 11:15:00,NIFTY 50,bearish,82.58,82.32,2600,-664.8,643.27,-1308.07,pro_FVG+RSI_Div+VWAP,stop_loss_premium_phase3
2018-03-09 14:15:00,2018-03-09 14:45:00,NIFTY 50,bearish,35.92,49.96,3250,45617.11,469.06,45148.05,pro_LiqSweep+RSI_Div+VWAP,target
2018-03-13 11:15:00,2018-03-13 12:45:00,NIFTY 50,bullish,34.08,35.84,3250,5719.18,367.58,5351.6,pro_FVG+VP,stop_loss_premium_phase3
2018-03-19 10:15:00,2018-03-19 11:45:00,NIFTY 50,bullish,65.6,63.06,3250,-8247.97,622.92,-8870.89,pro_LiqSweep+RSI_Div,stop_loss_premium_phase3
2018-03-26 09:45:00,2018-03-26 10:45:00,NIFTY 50,bullish,58.29,55.77,3250,-8183.54,556.98,-8740.52,pro_LiqSweep+VP+RSI_Div,stop_loss_premium_phase2
2018-03-26 11:00:00,2018-03-26 12:30:00,NIFTY 50,bullish,50.91,60.2,3250,30187.52,571.81,29615.71,pro_LiqSweep+OTE+RSI_Div,stop_loss_premium_phase3
2018-03-26 14:15:00,2018-03-26 15:00:00,NIFTY 50,bullish,44.9,69.19,3250,78960.72,621.15,78339.57,pro_LiqSweep+FVG+VP,target
2018-04-03 09:45:00,2018-04-03 10:45:00,NIFTY 50,bullish,30.61,30.49,3250,-395.75,323.22,-718.97,pro_VP+RSI_Div,stop_loss_premium_phase2
2018-04-06 10:00:00,2018-04-06 11:00:00,NIFTY 50,bullish,30.87,30.74,3250,-398.37,325.5,-723.87,pro_FVG+VP+RSI_Div,stop_loss_premium_phase2
2018-04-06 14:15:00,2018-04-06 15:15:00,NIFTY 50,bullish,31.05,35.66,3250,14999.9,359.91,14639.99,pro_LiqSweep+VP,intraday_square_off
2018-04-17 14:15:00,2018-04-17 15:15:00,NIFTY 50,bullish,31.6,32.19,3250,1916.18,337.09,1579.09,pro_LiqSweep+VP,intraday_square_off
2018-04-20 10:30:00,2018-04-20 11:30:00,NIFTY 50,bullish,31.65,31.57,3250,-265.59,332.88,-598.47,pro_LiqSweep+FVG+VP+OTE,stop_loss_premium_phase2
2018-04-20 14:15:00,2018-04-20 15:15:00,NIFTY 50,bullish,31.8,33.06,3250,4094.55,343.51,3751.04,pro_VP+RSI_Div,intraday_square_off
2018-04-24 14:15:00,2018-04-24 15:15:00,NIFTY 50,bullish,31.92,27.66,3250,-13849.26,306.45,-14155.71,pro_FVG+VP+RSI_Div,intraday_square_off
2018-04-30 09:45:00,2018-04-30 12:15:00,NIFTY 50,bullish,32.3,39.11,3250,22110.73,386.38,21724.35,pro_FVG+VP,stop_loss_premium_phase3
2018-05-11 09:45:00,2018-05-11 11:15:00,NIFTY 50,bullish,51.38,57.07,3250,18491.56,551.23,17940.33,pro_FVG+VP,stop_loss_premium_phase3
2018-05-11 14:15:00,2018-05-11 14:45:00,NIFTY 50,bullish,34.74,44.07,3250,30291.71,425.85,29865.86,pro_LiqSweep+VP+RSI_Div,target
2018-05-14 09:45:00,2018-05-14 11:15:00,NIFTY 50,bullish,33.38,33.65,3250,876.78,350.99,525.79,pro_LiqSweep+VP+RSI_Div,stop_loss_premium_phase3
2018-05-14 11:30:00,2018-05-14 12:30:00,NIFTY 50,bullish,32.56,32.43,3250,-420.72,340.75,-761.47,pro_LiqSweep+FVG+VP+RSI_Div,stop_loss_premium_phase2
2018-05-15 11:15:00,2018-05-15 12:15:00,NIFTY 50,bullish,42.47,39.82,3250,-8606.04,412.99,-9019.03,pro_FVG+VP,stop_loss_premium_phase2
2018-05-21 09:30:00,2018-05-21 10:30:00,NIFTY 50,bullish,23.7,22.27,3250,-4651.08,251.66,-4902.74,pro_VP+OTE+RSI_Div,stop_loss_premium_phase2
2018-05-22 09:30:00,2018-05-22 11:00:00,NIFTY 50,bearish,38.5,47.17,3250,28174.12,455.28,27718.84,pro_VP+RSI_Div+VWAP,target
2018-05-25 10:45:00,2018-05-25 12:15:00,NIFTY 50,bearish,58.21,61.9,3250,12007.81,599.19,11408.62,pro_LiqSweep+RSI_Div+VWAP,stop_loss_premium_phase3
2018-05-28 11:15:00,2018-05-28 12:30:00,NIFTY 50,bearish,44.32,44.16,3250,-525.11,446.9,-972.01,pro_LiqSweep+RSI_Div+VWAP,stop_loss_premium_phase2
2018-05-29 09:45:00,2018-05-29 10:45:00,NIFTY 50,bearish,32.18,32.34,3250,522.0,339.37,182.63,pro_LiqSweep+RSI_Div+VWAP,stop_loss_premium_phase2
2018-06-01 11:00:00,2018-06-01 12:30:00,NIFTY 50,bearish,56.32,67.85,3250,37468.82,636.26,36832.56,pro_LiqSweep+OTE+VWAP,stop_loss_premium_phase3
2018-06-04 09:30:00,2018-06-04 10:30:00,NIFTY 50,bearish,47.62,47.42,3250,-627.4,476.51,-1103.91,pro_LiqSweep+FVG+VWAP,stop_loss_premium_phase2
2018-06-04 10:45:00,2018-06-04 12:15:00,NIFTY 50,bearish,62.7,65.88,3250,10349.95,636.26,9713.69,pro_LiqSweep+FVG+VWAP,stop_loss_premium_phase3
2018-06-05 11:30:00,2018-06-05 12:30:00,NIFTY 50,bullish,43.33,43.25,3250,-269.93,438.53,-708.46,pro_LiqSweep+RSI_Div,stop_loss_premium_phase2
2018-06-15 09:45:00,2018-06-15 11:15:00,NIFTY 50,bullish,32.36,37.08,3250,15345.77,372.51,14973.26,pro_LiqSweep+VP,stop_loss_premium_phase3
2018-06-19 09:45:00,2018-06-19 11:45:00,NIFTY 50,bearish,32.51,41.66,3250,29727.55,404.47,29323.08,pro_LiqSweep+FVG+VWAP,stop_loss_premium_phase3
2018-06-22 09:45:00,2018-06-22 11:15:00,NIFTY 50,bullish,44.79,52.85,3250,26187.7,507.98,25679.72,pro_LiqSweep+FVG,stop_loss_premium_phase3
2018-06-22 11:30:00,2018-06-22 13:30:00,NIFTY 50,bullish,48.58,58.84,3250,33347.14,557.47,32789.67,pro_LiqSweep+FVG+OTE,stop_loss_premium_phase3
2018-06-22 14:15:00,2018-06-22 14:45:00,NIFTY 50,bullish,33.46,44.53,3250,35966.18,426.29,35539.89,pro_LiqSweep+VP,target
2018-06-26 11:00:00,2018-06-26 12:30:00,NIFTY 50,bullish,36.49,36.39,3250,-336.86,376.53,-713.39,pro_LiqSweep+VP,stop_loss_premium_phase3
2018-06-26 14:15:00,2018-06-26 15:15:00,NIFTY 50,bullish,32.4,25.69,3250,-21807.29,293.89,-22101.18,pro_LiqSweep+FVG+VP,intraday_square_off
2018-07-03 09:30:00,2018-07-03 10:30:00,NIFTY 50,bullish,31.34,31.27,3250,-200.28,330.18,-530.46,pro_FVG+VP+RSI_Div,stop_loss_premium_phase2
2018-07-03 10:45:00,2018-07-03 12:15:00,NIFTY 50,bullish,33.16,40.8,3250,24825.67,399.93,24425.74,pro_LiqSweep+VP,stop_loss_premium_phase3
2018-07-03 14:15:00,2018-07-03 15:15:00,NIFTY 50,bullish,32.18,31.17,3250,-3282.47,331.28,-3613.75,pro_LiqSweep+VP,intraday_square_off
2018-07-17 09:45:00,2018-07-17 11:00:00,NIFTY 50,bullish,33.11,30.52,3250,-8408.63,328.77,-8737.4,pro_VP+RSI_Div,stop_loss_premium_phase2
2018-07-20 09:45:00,2018-07-20 11:15:00,NIFTY 50,bullish,65.69,71.91,3250,20211.3,684.3,19527.0,pro_LiqSweep+VP+RSI_Div,stop_loss_premium_phase3
2018-07-23 09:30:00,2018-07-23 11:00:00,NIFTY 50,bearish,21.15,27.14,3250,19492.0,279.9,19212.1,pro_LiqSweep+FVG+VWAP,stop_loss_premium_phase3
2018-07-23 11:15:00,2018-07-23 12:45:00,NIFTY 50,bullish,42.8,46.67,3250,12561.68,461.01,12100.67,pro_FVG+VP,stop_loss_premium_phase3
2018-07-31 09:45:00,2018-07-31 11:15:00,NIFTY 50,bullish,33.87,33.76,3250,-359.39,352.77,-712.16,pro_LiqSweep+VP,stop_loss_premium_phase3
2018-08-06 10:45:00,2018-08-06 12:15:00,NIFTY 50,bearish,48.5,52.76,3250,13847.13,515.27,13331.86,pro_FVG+OTE+VWAP,stop_loss_premium_phase3
2018-08-10 14:15:00,2018-08-10 15:15:00,NIFTY 50,bearish,38.55,41.29,3250,8902.71,414.76,8487.95,pro_FVG+OTE+VWAP,intraday_square_off
2018-08-14 10:15:00,2018-08-14 11:45:00,NIFTY 50,bearish,34.32,37.8,3250,11312.28,381.67,10930.61,pro_FVG+RSI_Div+VWAP,stop_loss_premium_phase3
2018-08-16 09:30:00,2018-08-16 09:45:00,NIFTY 50,bearish,46.3,41.81,1950,-8749.15,279.82,-9028.97,pro_LiqSweep+RSI_Div+VWAP,target
2018-08-21 09:45:00,2018-08-21 11:15:00,NIFTY 50,bullish,34.64,37.77,3250,10168.92,382.14,9786.78,pro_LiqSweep+VP+OTE,stop_loss_premium_phase3
2018-08-21 11:30:00,2018-08-21 13:15:00,NIFTY 50,bullish,34.78,38.88,3250,13345.83,390.11,12955.72,pro_LiqSweep+VP,stop_loss_premium_phase3
2018-08-21 14:15:00,2018-08-21 15:15:00,NIFTY 50,bullish,34.7,35.66,3250,3097.58,367.64,2729.94,pro_LiqSweep+VP,intraday_square_off
2018-08-24 10:00:00,2018-08-24 11:30:00,NIFTY 50,bullish,35.0,32.39,3250,-8496.35,345.68,-8842.03,pro_LiqSweep+VP+RSI_Div,stop_loss_premium_phase3
2018-08-31 09:45:00,2018-08-31 10:45:00,NIFTY 50,bullish,51.85,51.97,3250,390.89,517.01,-126.12,pro_LiqSweep+VP+RSI_Div,stop_loss_premium_phase2
2018-08-31 11:00:00,2018-08-31 12:30:00,NIFTY 50,bullish,58.41,65.06,3250,21583.38,621.4,20961.98,pro_LiqSweep+OTE,stop_loss_premium_phase3
2018-09-25 10:45:00,2018-09-25 12:15:00,NIFTY 50,bullish,78.43,78.18,3250,-816.6,754.82,-1571.42,pro_VP+RSI_Div,stop_loss_premium_phase3
2018-09-28 09:45:00,2018-09-28 11:30:00,NIFTY 50,bullish,84.22,98.62,3250,46799.38,908.4,45890.98,pro_LiqSweep+OTE+RSI_Div,stop_loss_premium_phase3
2018-10-09 10:00:00,2018-10-09 11:30:00,NIFTY 50,bearish,186.83,210.23,1885,44100.29,1121.03,42979.26,pro_OTE+RSI_Div+VWAP,stop_loss_premium_phase3
2018-10-09 14:15:00,2018-10-09 15:00:00,NIFTY 50,bearish,55.57,86.66,3250,101033.55,764.63,100268.92,pro_LiqSweep+FVG+VWAP,target
2018-10-15 09:30:00,2018-10-15 11:15:00,NIFTY 50,bearish,50.82,62.21,3250,36993.7,585.52,36408.18,pro_LiqSweep+OTE+RSI_Div+VWAP,stop_loss_premium_phase3
2018-10-19 14:15:00,2018-10-19 15:15:00,NIFTY 50,bullish,73.43,71.92,3250,-4905.59,700.86,-5606.45,pro_VP+RSI_Div,intraday_square_off
2018-10-30 10:45:00,2018-10-30 11:45:00,NIFTY 50,bullish,59.67,59.77,3250,332.85,587.54,-254.69,pro_FVG+VP,stop_loss_premium_phase2
2018-10-30 14:15:00,2018-10-30 15:15:00,NIFTY 50,bullish,51.22,46.81,3250,-14344.89,479.94,-14824.83,pro_LiqSweep+OTE,intraday_square_off
2018-11-02 14:15:00,2018-11-02 15:15:00,NIFTY 50,bearish,49.73,47.2,3250,-8222.56,479.47,-8702.03,pro_OTE+RSI_Div+VWAP,intraday_square_off
2018-11-05 14:15:00,2018-11-05 15:15:00,NIFTY 50,bullish,35.32,47.66,3250,40132.65,451.93,39680.72,pro_FVG+OTE,intraday_square_off
2018-11-06 09:45:00,2018-11-06 10:45:00,NIFTY 50,bullish,48.48,48.38,3250,-315.9,484.98,-800.88,pro_LiqSweep+FVG+VP+RSI_Div,stop_loss_premium_phase2
2018-11-06 11:00:00,2018-11-06 12:30:00,NIFTY 50,bullish,33.72,36.63,3250,9477.97,372.28,9105.69,pro_LiqSweep+FVG,stop_loss_premium_phase3
2018-11-06 14:15:00,2018-11-06 15:15:00,NIFTY 50,bullish,31.64,43.14,3250,37379.94,412.84,36967.1,pro_FVG+RSI_Div,intraday_square_off
2018-11-12 09:30:00,2018-11-12 09:45:00,NIFTY 50,bullish,67.66,61.27,1300,-8304.72,274.31,-8579.03,pro_FVG+VP+OTE,target
2018-11-20 09:45:00,2018-11-20 10:45:00,NIFTY 50,bullish,37.07,37.24,3250,563.59,383.67,179.92,pro_LiqSweep+VP,stop_loss_premium_phase2
2018-11-20 11:00:00,2018-11-20 12:30:00,NIFTY 50,bullish,34.33,37.69,3250,10907.3,380.89,10526.41,pro_LiqSweep+FVG,stop_loss_premium_phase3
2018-11-27 10:15:00,2018-11-27 11:15:00,NIFTY 50,bullish,40.57,40.49,3250,-256.5,413.54,-670.04,pro_LiqSweep+VP,stop_loss_premium_phase2
2018-11-27 11:30:00,2018-11-27 13:00:00,NIFTY 50,bullish,32.27,34.76,3250,8088.67,356.26,7732.41,pro_LiqSweep+VP,stop_loss_premium_phase3
2018-11-27 14:15:00,2018-11-27 15:15:00,NIFTY 50,bullish,32.18,41.07,3250,28889.11,399.63,28489.48,pro_LiqSweep+FVG+VP+RSI_Div,intraday_square_off
2018-11-30 11:15:00,2018-11-30 12:15:00,NIFTY 50,bullish,56.44,54.02,3250,-7846.62,540.93,-8387.55,pro_FVG+VP,stop_loss_premium_phase2
2018-12-04 10:00:00,2018-12-04 11:00:00,NIFTY 50,bullish,32.77,32.72,3250,-185.16,343.21,-528.37,pro_VP+OTE+RSI_Div,stop_loss_premium_phase2
2018-12-04 14:15:00,2018-12-04 15:15:00,NIFTY 50,bullish,32.81,33.37,3250,1812.95,347.78,1465.17,pro_LiqSweep+FVG+VP+RSI_Div,intraday_square_off
2018-12-11 14:15:00,2018-12-11 15:15:00,NIFTY 50,bullish,81.42,86.48,3250,16432.97,818.5,15614.47,pro_FVG+VP,intraday_square_off
2018-12-14 10:30:00,2018-12-14 12:00:00,NIFTY 50,bullish,71.37,71.14,3250,-746.63,691.07,-1437.7,pro_FVG+VP,stop_loss_premium_phase3
2018-12-14 14:15:00,2018-12-14 15:15:00,NIFTY 50,bullish,54.53,67.76,3250,42993.8,631.83,42361.97,pro_FVG+VP,intraday_square_off
2018-12-21 09:45:00,2018-12-21 10:15:00,NIFTY 50,bearish,64.61,83.56,3250,61584.42,762.47,60821.95,pro_FVG+OTE+VWAP,target
2018-12-31 09:45:00,2018-12-31 12:00:00,NIFTY 50,bearish,32.68,39.56,3250,22384.56,390.32,21994.24,pro_LiqSweep+OTE+VWAP,stop_loss_premium_phase3
2019-01-01 10:45:00,2019-01-01 12:15:00,NIFTY 50,bullish,32.64,35.23,3250,8425.68,360.34,8065.34,pro_FVG+OTE,stop_loss_premium_phase3
2019-01-04 11:00:00,2019-01-04 13:00:00,NIFTY 50,bullish,74.36,94.54,3250,65572.05,859.17,64712.88,pro_LiqSweep+OTE+RSI_Div,stop_loss_premium_phase3
2019-01-04 14:15:00,2019-01-04 15:15:00,NIFTY 50,bullish,71.74,89.18,3250,56703.76,816.56,55887.2,pro_LiqSweep+FVG+OTE,intraday_square_off
2019-01-07 11:30:00,2019-01-07 13:00:00,NIFTY 50,bearish,64.57,61.99,3250,-8380.2,613.38,-8993.58,pro_FVG+RSI_Div+VWAP,stop_loss_premium_phase3
2019-01-08 09:45:00,2019-01-08 11:15:00,NIFTY 50,bullish,32.43,37.19,3250,15472.99,373.41,15099.58,pro_LiqSweep+FVG+OTE,stop_loss_premium_phase3
2019-01-08 14:15:00,2019-01-08 15:15:00,NIFTY 50,bullish,32.62,31.71,3250,-2941.13,335.96,-3277.09,pro_LiqSweep+VP+RSI_Div,intraday_square_off
2019-01-18 09:45:00,2019-01-18 11:15:00,NIFTY 50,bullish,72.74,72.5,3250,-773.61,703.44,-1477.05,pro_LiqSweep+VP,stop_loss_premium_phase3
2019-01-18 11:30:00,2019-01-18 13:00:00,NIFTY 50,bullish,77.48,77.23,3250,-794.88,746.24,-1541.12,pro_LiqSweep+VP,stop_loss_premium_phase3
2019-01-18 14:15:00,2019-01-18 15:15:00,NIFTY 50,bullish,33.27,36.0,3250,8859.85,366.97,8492.88,pro_VP+RSI_Div,intraday_square_off
2019-01-25 09:45:00,2019-01-25 11:15:00,NIFTY 50,bullish,62.71,62.81,3250,339.7,615.06,-275.36,pro_LiqSweep+FVG+VP,stop_loss_premium_phase3
2019-01-29 10:00:00,2019-01-29 11:30:00,NIFTY 50,bullish,47.23,47.06,3250,-536.89,473.17,-1010.06,pro_VP+RSI_Div,stop_loss_premium_phase3
2019-02-04 14:15:00,2019-02-04 14:30:00,NIFTY 50,bullish,43.34,57.88,3250,47248.48,539.64,46708.84,pro_VP+RSI_Div,target
2019-02-05 09:45:00,2019-02-05 11:00:00,NIFTY 50,bearish,51.47,48.84,3250,-8547.11,494.52,-9041.63,pro_LiqSweep+FVG+OTE+VWAP,stop_loss_premium_phase2
2019-02-05 11:15:00,2019-02-05 12:15:00,NIFTY 50,bearish,45.38,42.8,3250,-8364.14,439.81,-8803.95,pro_LiqSweep+FVG+VWAP,stop_loss_premium_phase2
2019-02-06 09:30:00,2019-02-06 11:00:00,NIFTY 50,bearish,16.44,20.65,3250,13672.83,224.97,13447.86,pro_LiqSweep+OTE+RSI_Div+VWAP,stop_loss_premium_phase3
2019-02-12 09:30:00,2019-02-12 11:15:00,NIFTY 50,bullish,28.13,31.62,3250,11352.23,325.73,11026.5,pro_LiqSweep+FVG+VP+RSI_Div,stop_loss_premium_phase3
2019-02-15 14:15:00,2019-02-15 15:15:00,NIFTY 50,bullish,60.71,67.48,3250,21995.0,643.03,21351.97,pro_LiqSweep+RSI_Div,intraday_square_off
2019-02-22 09:45:00,2019-02-22 11:15:00,NIFTY 50,bullish,43.5,50.17,3250,21664.55,486.71,21177.84,pro_FVG+VP+OTE,stop_loss_premium_phase3
2019-03-05 09:45:00,2019-03-05 10:30:00,NIFTY 50,bullish,32.51,45.03,3250,40719.7,427.77,40291.93,pro_LiqSweep+FVG+VP+RSI_Div,target
2019-03-05 10:45:00,2019-03-05 12:15:00,NIFTY 50,bullish,32.55,32.46,3250,-314.6,340.94,-655.54,pro_LiqSweep+VP,stop_loss_premium_phase3
2019-03-08 10:45:00,2019-03-08 12:15:00,NIFTY 50,bullish,57.43,62.08,3250,15095.32,598.73,14496.59,pro_FVG+RSI_Div,stop_loss_premium_phase3
2019-03-08 14:15:00,2019-03-08 15:15:00,NIFTY 50,bullish,39.42,46.17,3250,21926.28,450.36,21475.92,pro_FVG+VP+RSI_Div,intraday_square_off
2019-03-11 10:00:00,2019-03-11 11:30:00,NIFTY 50,bullish,48.37,52.29,3250,12725.57,511.76,12213.81,pro_FVG+VP,stop_loss_premium_phase3
2019-03-11 14:15:00,2019-03-11 15:15:00,NIFTY 50,bullish,33.54,36.45,3250,9446.69,370.64,9076.05,pro_LiqSweep+VP,intraday_square_off
2019-03-19 09:45:00,2019-03-19 11:30:00,NIFTY 50,bullish,41.74,48.79,3250,22916.86,473.41,22443.45,pro_LiqSweep+FVG+VP,stop_loss_premium_phase3
2019-03-19 14:15:00,2019-03-19 15:00:00,NIFTY 50,bullish,34.89,45.39,3250,34145.93,435.33,33710.6,pro_LiqSweep+VP,target
2019-03-22 10:30:00,2019-03-22 12:00:00,NIFTY 50,bullish,39.51,41.94,3250,7887.59,421.32,7466.27,pro_FVG+VP+RSI_Div,stop_loss_premium_phase3
2019-03-25 14:15:00,2019-03-25 14:45:00,NIFTY 50,bullish,36.41,48.59,3250,39566.15,460.65,39105.5,pro_LiqSweep+RSI_Div,target
2019-03-26 09:45:00,2019-03-26 11:15:00,NIFTY 50,bullish,34.39,34.33,3250,-197.77,357.85,-555.62,pro_LiqSweep+VP+RSI_Div,stop_loss_premium_phase3
2019-03-26 11:30:00,2019-03-26 13:00:00,NIFTY 50,bullish,34.17,36.91,3250,8922.69,375.18,8547.51,pro_LiqSweep+FVG+VP,stop_loss_premium_phase3
2019-04-05 09:45:00,2019-04-05 11:00:00,NIFTY 50,bullish,62.45,62.56,3250,352.46,612.74,-260.28,pro_FVG+VP,stop_loss_premium_phase2
2019-04-05 11:15:00,2019-04-05 12:45:00,NIFTY 50,bullish,64.82,68.57,3250,12206.34,659.37,11546.97,pro_FVG+VP,stop_loss_premium_phase3
2019-04-05 14:15:00,2019-04-05 15:15:00,NIFTY 50,bullish,34.98,38.71,3250,12106.5,389.32,11717.18,pro_FVG+VP,intraday_square_off
2019-04-08 09:45:00,2019-04-08 11:00:00,NIFTY 50,bullish,43.95,43.8,3250,-481.9,443.64,-925.54,pro_LiqSweep+FVG+RSI_Div,stop_loss_premium_phase2
2019-04-08 11:15:00,2019-04-08 12:45:00,NIFTY 50,bullish,39.66,36.83,3250,-9167.87,386.36,-9554.23,pro_LiqSweep+FVG+OTE,stop_loss_premium_phase3
2019-04-09 14:15:00,2019-04-09 15:15:00,NIFTY 50,bullish,35.0,42.05,3250,22935.15,412.48,22522.67,pro_LiqSweep+VP,intraday_square_off
2019-04-15 10:00:00,2019-04-15 11:30:00,NIFTY 50,bearish,52.28,49.62,3250,-8634.23,501.65,-9135.88,pro_OTE+RSI_Div+VWAP,stop_loss_premium_phase3
2019-04-30 09:30:00,2019-04-30 10:30:00,NIFTY 50,bullish,27.4,26.78,3250,-2006.95,290.73,-2297.68,pro_FVG+VP,stop_loss_premium_phase2
2019-04-30 14:15:00,2019-04-30 15:00:00,NIFTY 50,bullish,35.32,52.39,3250,55462.17,484.62,54977.55,pro_LiqSweep+VP+RSI_Div,target
2019-05-13 10:15:00,2019-05-13 12:15:00,NIFTY 50,bearish,88.89,101.61,3250,41338.18,939.07,40399.11,pro_FVG+RSI_Div+VWAP,stop_loss_premium_phase3
2019-05-17 09:45:00,2019-05-17 11:15:00,NIFTY 50,bullish,90.17,94.97,3250,15611.32,895.9,14715.42,pro_LiqSweep+VP,stop_loss_premium_phase3
2019-05-21 11:00:00,2019-05-21 12:30:00,NIFTY 50,bearish,50.55,58.28,3250,25145.38,557.81,24587.57,pro_FVG+OTE+VWAP,stop_loss_premium_phase3
2019-05-27 09:30:00,2019-05-27 11:00:00,NIFTY 50,bearish,68.59,66.71,3250,-6113.26,654.51,-6767.77,pro_LiqSweep+FVG+VWAP,stop_loss_premium_phase3
2019-06-03 14:15:00,2019-06-03 15:15:00,NIFTY 50,bullish,36.27,43.63,3250,23930.19,426.12,23504.07,pro_VP+RSI_Div,intraday_square_off
2019-06-07 10:00:00,2019-06-07 11:30:00,NIFTY 50,bearish,85.47,99.64,3250,46059.53,918.1,45141.43,pro_LiqSweep+FVG+RSI_Div+VWAP,stop_loss_premium_phase3
2019-06-10 09:30:00,2019-06-10 11:00:00,NIFTY 50,bearish,31.69,28.49,3250,-10405.23,311.68,-10716.91,pro_LiqSweep+FVG+VWAP,stop_loss_premium_phase3
2019-06-18 14:15:00,2019-06-18 14:45:00,NIFTY 50,bearish,35.57,54.78,3250,62438.75,501.66,61937.09,pro_LiqSweep+FVG+OTE+VWAP,target
2019-06-21 11:00:00,2019-06-21 12:30:00,NIFTY 50,bullish,70.38,77.45,3250,22980.1,732.61,22247.49,pro_LiqSweep+OTE,stop_loss_premium_phase3
2019-06-24 09:45:00,2019-06-24 11:15:00,NIFTY 50,bullish,64.73,64.59,3250,-457.47,631.61,-1089.08,pro_LiqSweep+FVG+RSI_Div,stop_loss_premium_phase3
2019-06-24 14:15:00,2019-06-24 15:15:00,NIFTY 50,bullish,35.18,36.54,3250,4429.38,374.8,4054.58,pro_LiqSweep+OTE+RSI_Div,intraday_square_off
2019-06-28 10:00:00,2019-06-28 11:00:00,NIFTY 50,bullish,71.87,69.15,3250,-8856.47,678.38,-9534.85,pro_LiqSweep+OTE+RSI_Div,stop_loss_premium_phase2
2019-07-01 10:45:00,2019-07-01 12:15:00,NIFTY 50,bearish,54.08,53.97,3250,-356.5,535.53,-892.03,pro_LiqSweep+FVG+VWAP,stop_loss_premium_phase3
2019-07-02 10:00:00,2019-07-02 11:30:00,NIFTY 50,bullish,35.49,35.39,3250,-338.98,367.48,-706.46,pro_VP+OTE+RSI_Div,stop_loss_premium_phase3
2019-07-09 14:15:00,2019-07-09 15:15:00,NIFTY 50,bullish,63.85,77.95,3250,45809.39,722.08,45087.31,pro_LiqSweep+VP,intraday_square_off
2019-07-12 09:45:00,2019-07-12 10:45:00,NIFTY 50,bearish,42.45,42.55,3250,306.6,431.81,-125.21,pro_LiqSweep+RSI_Div+VWAP,stop_loss_premium_phase2
2019-07-12 11:30:00,2019-07-12 13:00:00,NIFTY 50,bearish,60.25,64.12,3250,12578.2,618.85,11959.35,pro_LiqSweep+OTE+VWAP,stop_loss_premium_phase3
2019-07-16 09:45:00,2019-07-16 10:45:00,NIFTY 50,bullish,35.31,35.44,3250,429.84,367.45,62.39,pro_VP+RSI_Div,stop_loss_premium_phase2
2019-07-23 09:45:00,2019-07-23 11:15:00,NIFTY 50,bearish,41.0,46.25,3250,17059.67,454.25,16605.42,pro_LiqSweep+FVG+RSI_Div+VWAP,stop_loss_premium_phase3
2019-07-23 11:30:00,2019-07-23 13:00:00,NIFTY 50,bearish,54.78,54.67,3250,-363.49,541.89,-905.38,pro_LiqSweep+FVG+OTE+VWAP,stop_loss_premium_phase3
2019-07-24 09:30:00,2019-07-24 09:45:00,NIFTY 50,bearish,49.51,47.06,2990,-7312.23,443.6,-7755.83,pro_FVG+OTE+VWAP,target
2019-08-13 09:30:00,2019-08-13 09:45:00,NIFTY 50,bearish,76.82,73.85,2275,-6778.17,519.16,-7297.33,pro_LiqSweep+RSI_Div+VWAP,target
2019-08-16 09:45:00,2019-08-16 11:15:00,NIFTY 50,bearish,90.88,90.68,3250,-676.14,867.72,-1543.86,pro_LiqSweep+FVG+RSI_Div+VWAP,stop_loss_premium_phase3
2019-08-20 09:30:00,2019-08-20 10:00:00,NIFTY 50,bearish,40.0,63.49,3250,76357.71,571.31,75786.4,pro_VP+RSI_Div+VWAP,target
2019-08-27 10:30:00,2019-08-27 12:00:00,NIFTY 50,bearish,67.04,74.71,3250,24923.24,706.55,24216.69,pro_LiqSweep+RSI_Div+VWAP,stop_loss_premium_phase3
2019-09-09 10:30:00,2019-09-09 12:00:00,NIFTY 50,bullish,67.0,74.01,3250,22798.98,701.63,22097.35,pro_FVG+VP,stop_loss_premium_phase3
2019-09-13 09:45:00,2019-09-13 11:15:00,NIFTY 50,bullish,84.93,84.67,3250,-848.64,813.54,-1662.18,pro_FVG+OTE+RSI_Div,stop_loss_premium_phase3
2019-09-13 11:30:00,2019-09-13 13:00:00,NIFTY 50,bullish,86.53,90.77,3250,13779.66,859.07,12920.59,pro_FVG+OTE,stop_loss_premium_phase3
2019-09-13 14:15:00,2019-09-13 15:00:00,NIFTY 50,bullish,54.41,70.92,3250,53676.91,653.39,53023.52,pro_VP+RSI_Div,target
2019-09-16 09:45:00,2019-09-16 11:15:00,NIFTY 50,bullish,58.14,68.69,3250,34305.08,645.95,33659.13,pro_FVG+OTE+RSI_Div,stop_loss_premium_phase3
2019-09-27 09:45:00,2019-09-27 11:15:00,NIFTY 50,bearish,182.74,204.21,3250,69784.28,1848.33,67935.95,pro_LiqSweep+OTE+RSI_Div+VWAP,stop_loss_premium_phase3
2019-09-30 11:15:00,2019-09-30 12:15:00,NIFTY 50,bullish,67.71,67.57,3250,-472.92,658.61,-1131.53,pro_LiqSweep+RSI_Div,stop_loss_premium_phase2
2019-09-30 14:15:00,2019-09-30 15:15:00,NIFTY 50,bullish,56.42,40.85,3250,-50576.7,449.88,-51026.58,pro_LiqSweep+OTE,intraday_square_off
2019-10-04 14:15:00,2019-10-04 15:15:00,NIFTY 50,bearish,192.08,214.96,3250,74367.93,1942.49,72425.44,pro_LiqSweep+FVG+VWAP,intraday_square_off
2019-10-07 09:45:00,2019-10-07 11:15:00,NIFTY 50,bearish,173.11,172.7,3250,-1324.83,1610.03,-2934.86,pro_LiqSweep+FVG+VWAP,stop_loss_premium_phase3
2019-10-11 14:15:00,2019-10-11 15:15:00,NIFTY 50,bearish,186.35,187.8,3250,4708.57,1742.59,2965.98,pro_OTE+RSI_Div+VWAP,intraday_square_off
2019-10-25 10:00:00,2019-10-25 11:30:00,NIFTY 50,bearish,203.38,210.1,3250,21834.05,1933.01,19901.04,pro_LiqSweep+RSI_Div+VWAP,stop_loss_premium_phase3
2019-10-25 14:15:00,2019-10-25 15:15:00,NIFTY 50,bearish,73.93,68.73,3250,-16883.12,679.89,-17563.01,pro_LiqSweep+FVG+VWAP,intraday_square_off
2019-11-01 14:15:00,2019-11-01 14:30:00,NIFTY 50,bullish,38.24,50.62,3250,40221.29,478.61,39742.68,pro_LiqSweep+VP,target
2019-11-04 09:45:00,2019-11-04 11:15:00,NIFTY 50,bullish,57.4,68.94,3250,37502.89,646.08,36856.81,pro_LiqSweep+VP,stop_loss_premium_phase3
2019-11-04 11:30:00,2019-11-04 12:30:00,NIFTY 50,bullish,61.17,61.26,3250,278.8,601.04,-322.24,pro_LiqSweep+VP,stop_loss_premium_phase2
2019-11-05 09:30:00,2019-11-05 11:00:00,NIFTY 50,bullish,57.19,59.88,3250,8765.25,583.03,8182.22,pro_LiqSweep+FVG+VP,stop_loss_premium_phase3
2019-11-05 11:15:00,2019-11-05 12:15:00,NIFTY 50,bullish,35.83,33.43,3250,-7792.34,354.69,-8147.03,pro_LiqSweep+FVG+VP,stop_loss_premium_phase2
2019-11-06 09:30:00,2019-11-06 11:00:00,NIFTY 50,bullish,34.71,35.74,3250,3339.22,368.24,2970.98,pro_LiqSweep+OTE,stop_loss_premium_phase3
2019-11-08 11:00:00,2019-11-08 12:00:00,NIFTY 50,bearish,56.67,54.46,3250,-7158.1,544.47,-7702.57,pro_FVG+RSI_Div+VWAP,stop_loss_premium_phase2
2019-11-18 09:30:00,2019-11-18 09:45:00,NIFTY 50,bearish,60.23,57.8,3250,-7866.76,575.16,-8441.92,pro_OTE+RSI_Div+VWAP,target
2019-11-25 09:30:00,2019-11-25 09:45:00,NIFTY 50,bullish,57.3,52.68,2665,-12301.56,445.98,-12747.54,pro_VP+OTE+RSI_Div,target
2019-11-25 10:15:00,2019-11-25 12:00:00,NIFTY 50,bullish,44.46,56.71,3250,39812.5,533.99,39278.51,pro_FVG+VP+RSI_Div,stop_loss_premium_phase3
2019-11-26 10:15:00,2019-11-26 11:45:00,NIFTY 50,bullish,36.23,36.09,3250,-439.81,373.93,-813.74,pro_FVG+VP,stop_loss_premium_phase3
2019-12-02 11:00:00,2019-12-02 12:30:00,NIFTY 50,bearish,73.76,73.83,3250,223.88,714.75,-490.87,pro_LiqSweep+FVG+VWAP,stop_loss_premium_phase3
2019-12-03 10:15:00,2019-12-03 11:15:00,NIFTY 50,bullish,36.09,36.02,3250,-215.52,373.1,-588.62,pro_LiqSweep+RSI_Div,stop_loss_premium_phase2
2019-12-17 09:45:00,2019-12-17 11:30:00,NIFTY 50,bullish,36.76,41.91,3250,16733.24,415.26,16317.98,pro_LiqSweep+VP,stop_loss_premium_phase3
2019-12-17 14:15:00,2019-12-17 15:15:00,NIFTY 50,bullish,36.54,41.87,3250,17324.8,414.54,16910.26,pro_LiqSweep+VP,intraday_square_off
2019-12-30 11:15:00,2019-12-30 12:15:00,NIFTY 50,bullish,36.74,34.39,3250,-7625.5,363.24,-7988.74,pro_FVG+VP,stop_loss_premium_phase2
2020-01-17 14:15:00,2020-01-17 15:15:00,NIFTY 50,bearish,41.66,41.67,3250,46.29,424.04,-377.75,pro_FVG+OTE+VWAP,intraday_square_off
2020-01-21 14:15:00,2020-01-21 15:15:00,NIFTY 50,bullish,36.62,31.7,3250,-15980.05,344.37,-16324.42,pro_LiqSweep+VP+OTE,intraday_square_off
2020-02-01 14:15:00,2020-02-01 14:45:00,NIFTY 50,bearish,200.85,256.4,3250,180519.39,2247.58,178271.81,pro_FVG+RSI_Div+VWAP,target
2020-02-03 10:45:00,2020-02-03 11:45:00,NIFTY 50,bullish,185.49,185.26,3250,-730.49,1723.23,-2453.72,pro_FVG+OTE,stop_loss_premium_phase2
2020-02-07 11:00:00,2020-02-07 12:15:00,NIFTY 50,bullish,64.07,64.15,3250,250.46,627.23,-376.77,pro_LiqSweep+VP+OTE,stop_loss_premium_phase2
2020-02-18 14:15:00,2020-02-18 15:00:00,NIFTY 50,bullish,35.71,48.33,3250,41012.16,457.37,40554.79,pro_LiqSweep+RSI_Div,target
2020-03-02 09:45:00,2020-03-02 11:15:00,NIFTY 50,bearish,180.67,190.78,3250,32845.92,1751.06,31094.86,pro_FVG+OTE+VWAP,stop_loss_premium_phase3
2020-03-02 11:30:00,2020-03-02 13:00:00,NIFTY 50,bearish,178.53,178.03,3250,-1632.84,1658.38,-3291.22,pro_FVG+OTE+VWAP,stop_loss_premium_phase3
2020-03-02 14:15:00,2020-03-02 14:45:00,NIFTY 50,bearish,68.34,103.22,3250,113363.2,906.3,112456.9,pro_LiqSweep+FVG+OTE+RSI_Div+VWAP,target
2020-03-17 10:45:00,2020-03-17 12:15:00,NIFTY 50,bearish,183.43,213.82,3250,98763.55,1916.14,96847.41,pro_FVG+OTE+VWAP,stop_loss_premium_phase3
2020-03-31 11:15:00,2020-03-31 12:15:00,NIFTY 50,bearish,201.96,201.81,3250,-501.42,1872.7,-2374.12,pro_FVG+OTE+VWAP,stop_loss_premium_phase2
2020-04-13 11:00:00,2020-04-13 12:30:00,NIFTY 50,bullish,198.91,223.24,3250,79060.65,2014.3,77046.35,pro_FVG+OTE,stop_loss_premium_phase3
2020-04-13 14:15:00,2020-04-13 15:15:00,NIFTY 50,bullish,198.21,209.82,3250,37726.76,1920.09,35806.67,pro_FVG+RSI_Div,intraday_square_off
2020-04-20 14:15:00,2020-04-20 14:45:00,NIFTY 50,bearish,198.9,246.8,3250,155687.9,2177.11,153510.79,pro_LiqSweep+FVG+VWAP,target
2020-05-11 10:30:00,2020-05-11 12:00:00,NIFTY 50,bearish,184.65,209.9,3250,82076.02,1891.72,80184.3,pro_FVG+OTE+VWAP,stop_loss_premium_phase3
2020-05-11 14:15:00,2020-05-11 14:45:00,NIFTY 50,bearish,77.52,103.11,3250,83161.39,925.16,82236.23,pro_VP+RSI_Div+VWAP,target
2020-05-15 10:15:00,2020-05-15 11:45:00,NIFTY 50,bearish,191.2,201.32,3250,32900.22,1846.35,31053.87,pro_FVG+RSI_Div+VWAP,stop_loss_premium_phase3
2020-05-18 10:15:00,2020-05-18 11:45:00,NIFTY 50,bearish,194.0,237.77,3250,142226.37,2104.21,140122.16,pro_LiqSweep+RSI_Div+VWAP,stop_loss_premium_phase3
2020-05-22 10:15:00,2020-05-22 11:45:00,NIFTY 50,bullish,199.85,198.66,3250,-3886.58,1846.42,-5733.0,pro_LiqSweep+OTE+RSI_Div,stop_loss_premium_phase3
2020-05-29 10:30:00,2020-05-29 12:00:00,NIFTY 50,bullish,196.62,205.55,3250,29020.72,1887.14,27133.58,pro_LiqSweep+VP,stop_loss_premium_phase3
2020-06-19 14:15:00,2020-06-19 15:15:00,NIFTY 50,bullish,199.01,226.52,3250,89400.31,2037.18,87363.13,pro_VP+RSI_Div,intraday_square_off
2020-06-23 09:45:00,2020-06-23 11:15:00,NIFTY 50,bullish,73.33,93.49,3250,65516.96,849.7,64667.26,pro_LiqSweep+FVG,stop_loss_premium_phase3
2020-06-30 09:30:00,2020-06-30 09:45:00,NIFTY 50,bullish,99.65,90.44,2080,-19156.92,583.28,-19740.2,pro_LiqSweep+VP,target
2020-07-01 09:30:00,2020-07-01 10:30:00,NIFTY 50,bearish,24.53,22.69,3250,-5989.41,256.36,-6245.77,pro_VP+RSI_Div+VWAP,stop_loss_premium_phase2
2020-07-10 09:45:00,2020-07-10 10:45:00,NIFTY 50,bullish,71.85,71.63,3250,-729.71,695.47,-1425.18,pro_LiqSweep+VP,stop_loss_premium_phase2
2020-07-10 14:15:00,2020-07-10 15:15:00,NIFTY 50,bullish,62.55,66.67,3250,13379.47,641.4,12738.07,pro_FVG+OTE,intraday_square_off
2020-07-15 09:30:00,2020-07-15 09:45:00,NIFTY 50,bullish,97.71,77.02,1755,-36304.24,447.18,-36751.42,pro_FVG+OTE,target
2020-07-17 09:45:00,2020-07-17 11:15:00,NIFTY 50,bullish,91.43,96.34,3250,15943.14,908.01,15035.13,pro_FVG+VP,stop_loss_premium_phase3
2020-07-17 14:15:00,2020-07-17 15:00:00,NIFTY 50,bullish,83.29,114.58,3250,101700.58,1016.72,100683.86,pro_LiqSweep+VP,target
2020-07-27 10:00:00,2020-07-27 11:30:00,NIFTY 50,bearish,86.14,86.15,3250,30.71,826.33,-795.62,pro_LiqSweep+RSI_Div+VWAP,stop_loss_premium_phase3
2020-07-28 09:45:00,2020-07-28 11:15:00,NIFTY 50,bullish,61.13,61.01,3250,-366.6,599.25,-965.85,pro_FVG+VP,stop_loss_premium_phase3
2020-07-28 11:30:00,2020-07-28 13:00:00,NIFTY 50,bullish,71.47,96.41,3250,81052.22,865.91,80186.31,pro_FVG+VP,stop_loss_premium_phase3
2020-07-29 09:30:00,2020-07-29 09:45:00,NIFTY 50,bullish,68.77,65.12,3250,-11846.63,643.95,-12490.58,pro_VP+RSI_Div,target
2020-08-07 10:45:00,2020-08-07 12:15:00,NIFTY 50,bearish,181.62,177.83,3250,-12315.04,1663.63,-13978.67,pro_LiqSweep+RSI_Div+VWAP,stop_loss_premium_phase3
2020-08-18 09:45:00,2020-08-18 11:15:00,NIFTY 50,bullish,51.38,59.06,3250,24961.44,564.97,24396.47,pro_LiqSweep+VP,stop_loss_premium_phase3
2020-08-18 11:30:00,2020-08-18 13:15:00,NIFTY 50,bullish,38.64,44.03,3250,17499.75,433.9,17065.85,pro_LiqSweep+FVG+VP,stop_loss_premium_phase3
2020-08-18 14:15:00,2020-08-18 15:15:00,NIFTY 50,bullish,34.07,35.13,3250,3467.07,362.67,3104.4,pro_LiqSweep+VP,intraday_square_off
2020-09-07 14:15:00,2020-09-07 15:15:00,NIFTY 50,bullish,65.99,79.75,3250,44700.9,739.11,43961.79,pro_LiqSweep+VP,intraday_square_off
2020-09-08 14:15:00,2020-09-08 14:30:00,NIFTY 50,bearish,37.19,53.61,3250,53374.98,497.01,52877.97,pro_FVG+OTE+VWAP,target
2020-09-21 10:30:00,2020-09-21 12:00:00,NIFTY 50,bearish,88.74,96.82,3250,26231.33,905.59,25325.74,pro_LiqSweep+FVG+RSI_Div+VWAP,stop_loss_premium_phase3
2020-09-29 11:30:00,2020-09-29 13:00:00,NIFTY 50,bearish,64.27,82.92,3250,60594.81,757.35,59837.46,pro_LiqSweep+FVG+VWAP,stop_loss_premium_phase3
2020-10-09 10:30:00,2020-10-09 12:00:00,NIFTY 50,bearish,194.03,193.49,3250,-1769.84,1798.29,-3568.13,pro_LiqSweep+FVG+OTE+VWAP,stop_loss_premium_phase3
2020-10-12 10:00:00,2020-10-12 11:00:00,NIFTY 50,bullish,76.1,75.9,3250,-662.92,734.05,-1396.97,pro_FVG+VP,stop_loss_premium_phase2
2020-10-12 11:15:00,2020-10-12 12:15:00,NIFTY 50,bullish,67.88,67.66,3250,-707.99,659.61,-1367.6,pro_FVG+RSI_Div,stop_loss_premium_phase2
2020-10-27 14:15:00,2020-10-27 15:15:00,NIFTY 50,bullish,37.3,41.12,3250,12417.79,410.95,12006.84,pro_VP+RSI_Div,intraday_square_off
2020-10-30 10:00:00,2020-10-30 11:00:00,NIFTY 50,bullish,177.67,177.53,3250,-442.71,1653.13,-2095.84,pro_FVG+VP,stop_loss_premium_phase2
2020-11-06 09:45:00,2020-11-06 10:45:00,NIFTY 50,bullish,75.34,75.18,3250,-517.52,727.51,-1245.03,pro_LiqSweep+VP,stop_loss_premium_phase2
2020-11-06 11:00:00,2020-11-06 12:45:00,NIFTY 50,bullish,68.67,95.38,3250,86797.45,852.82,85944.63,pro_LiqSweep+VP,target
2020-11-09 09:30:00,2020-11-09 09:45:00,NIFTY 50,bullish,175.91,98.1,845,-65751.41,321.03,-66072.44,pro_FVG+VP,target
2020-11-13 14:15:00,2020-11-13 15:15:00,NIFTY 50,bullish,71.62,80.65,3250,29338.91,757.32,28581.59,pro_LiqSweep+VP,intraday_square_off
2020-11-23 10:00:00,2020-11-23 11:30:00,NIFTY 50,bearish,186.27,196.89,3250,34526.95,1805.27,32721.68,pro_OTE+RSI_Div+VWAP,stop_loss_premium_phase3
2020-11-27 09:45:00,2020-11-27 11:15:00,NIFTY 50,bearish,185.2,196.05,3250,35274.73,1797.13,33477.6,pro_OTE+RSI_Div+VWAP,stop_loss_premium_phase3
2020-12-01 10:00:00,2020-12-01 11:00:00,NIFTY 50,bearish,85.34,85.08,3250,-837.9,817.23,-1655.13,pro_OTE+RSI_Div+VWAP,stop_loss_premium_phase2
2020-12-01 11:15:00,2020-12-01 12:45:00,NIFTY 50,bearish,72.74,79.46,3250,21841.86,751.47,21090.39,pro_FVG+RSI_Div+VWAP,stop_loss_premium_phase3
2020-12-07 10:00:00,2020-12-07 11:30:00,NIFTY 50,bullish,68.52,69.72,3250,3898.29,675.22,3223.07,pro_FVG+VP,stop_loss_premium_phase3
2020-12-08 14:15:00,2020-12-08 15:15:00,NIFTY 50,bearish,73.83,88.05,3250,46236.04,813.21,45422.83,pro_OTE+RSI_Div+VWAP,intraday_square_off
2020-12-11 09:45:00,2020-12-11 11:15:00,NIFTY 50,bullish,74.23,79.63,3250,17553.45,755.84,16797.61,pro_LiqSweep+VP,stop_loss_premium_phase3
2020-12-11 11:30:00,2020-12-11 13:00:00,NIFTY 50,bullish,91.67,101.15,3250,30782.57,941.77,29840.8,pro_LiqSweep+FVG+VP,stop_loss_premium_phase3
2020-12-15 11:30:00,2020-12-15 13:00:00,NIFTY 50,bullish,60.29,71.65,3250,36937.09,670.97,36266.12,pro_LiqSweep+OTE,stop_loss_premium_phase3
2020-12-15 14:15:00,2020-12-15 15:15:00,NIFTY 50,bullish,44.32,46.75,3250,7879.66,464.8,7414.86,pro_LiqSweep+VP,intraday_square_off
2020-12-18 14:15:00,2020-12-18 15:15:00,NIFTY 50,bullish,44.79,51.49,3250,21779.15,498.61,21280.54,pro_LiqSweep+VP+RSI_Div,intraday_square_off
2020-12-28 14:15:00,2020-12-28 15:15:00,NIFTY 50,bearish,41.95,40.04,3250,-6206.86,413.42,-6620.28,pro_LiqSweep+RSI_Div+VWAP,intraday_square_off
2020-12-29 09:45:00,2020-12-29 10:45:00,NIFTY 50,bullish,41.63,41.73,3250,330.83,424.37,-93.54,pro_LiqSweep+VP,stop_loss_premium_phase2
2020-12-29 11:00:00,2020-12-29 12:30:00,NIFTY 50,bullish,54.17,54.05,3250,-387.87,536.28,-924.15,pro_LiqSweep+OTE,stop_loss_premium_phase3
2020-12-29 14:15:00,2020-12-29 15:15:00,NIFTY 50,bullish,51.57,57.18,3250,18237.08,552.36,17684.72,pro_FVG+VP,intraday_square_off
2021-01-05 09:45:00,2021-01-05 11:30:00,NIFTY 50,bullish,63.86,80.54,3250,54185.03,740.02,53445.01,pro_LiqSweep+VP,stop_loss_premium_phase3
2021-01-05 14:15:00,2021-01-05 15:15:00,NIFTY 50,bullish,42.21,59.92,3250,57540.73,551.31,56989.42,pro_LiqSweep+VP+RSI_Div,intraday_square_off
2021-01-12 11:00:00,2021-01-12 12:00:00,NIFTY 50,bearish,47.67,47.5,3250,-552.98,477.18,-1030.16,pro_LiqSweep+OTE+RSI_Div+VWAP,stop_loss_premium_phase2
2021-01-15 10:00:00,2021-01-15 11:15:00,NIFTY 50,bearish,201.66,257.09,3250,180145.6,2254.07,177891.53,pro_LiqSweep+FVG+RSI_Div+VWAP,target
2021-01-19 10:15:00,2021-01-19 11:45:00,NIFTY 50,bearish,180.34,179.92,3250,-1357.7,1675.32,-3033.02,pro_LiqSweep+FVG+VWAP,stop_loss_premium_phase3
2021-01-25 11:15:00,2021-01-25 12:45:00,NIFTY 50,bearish,201.53,208.62,3250,23064.2,1918.86,21145.34,pro_LiqSweep+OTE+VWAP,stop_loss_premium_phase3
2021-02-10 09:30:00,2021-02-10 09:45:00,NIFTY 50,bearish,98.5,66.3,1885,-60696.91,434.83,-61131.74,pro_LiqSweep+RSI_Div+VWAP,target
2021-02-16 09:45:00,2021-02-16 11:15:00,NIFTY 50,bullish,49.48,58.02,3250,27760.17,553.72,27206.45,pro_FVG+VP,stop_loss_premium_phase3
2021-02-19 10:30:00,2021-02-19 12:00:00,NIFTY 50,bullish,175.11,171.93,3250,-10319.68,1608.96,-11928.64,pro_VP+RSI_Div,stop_loss_premium_phase3
2021-02-22 09:30:00,2021-02-22 11:00:00,NIFTY 50,bullish,225.47,199.56,3250,-84230.35,1907.3,-86137.65,pro_VP+OTE,stop_loss_premium_phase3
2021-03-08 11:00:00,2021-03-08 12:30:00,NIFTY 50,bearish,181.39,190.18,3250,28576.21,1748.45,26827.76,pro_LiqSweep+FVG+VWAP,stop_loss_premium_phase3
2021-03-19 11:15:00,2021-03-19 12:45:00,NIFTY 50,bullish,204.66,204.1,3250,-1820.24,1894.33,-3714.57,pro_FVG+RSI_Div,stop_loss_premium_phase3
2021-03-23 11:30:00,2021-03-23 13:00:00,NIFTY 50,bearish,193.7,194.63,3250,3030.78,1805.46,1225.32,pro_OTE+RSI_Div+VWAP,stop_loss_premium_phase3
2021-04-06 09:30:00,2021-04-06 11:00:00,NIFTY 50,bearish,149.12,164.42,3250,49732.51,1501.56,48230.95,pro_FVG+OTE+VWAP,stop_loss_premium_phase3
2021-04-13 10:00:00,2021-04-13 11:00:00,NIFTY 50,bullish,187.39,187.27,3250,-373.48,1741.15,-2114.63,pro_LiqSweep+VP,stop_loss_premium_phase2
2021-04-27 09:45:00,2021-04-27 11:15:00,NIFTY 50,bullish,56.26,63.38,3250,23156.79,605.23,22551.56,pro_LiqSweep+VP+RSI_Div,stop_loss_premium_phase3
2021-04-27 11:30:00,2021-04-27 13:00:00,NIFTY 50,bullish,59.23,67.61,3250,27250.11,640.82,26609.29,pro_LiqSweep+VP,stop_loss_premium_phase3
2021-05-03 14:15:00,2021-05-03 15:15:00,NIFTY 50,bullish,77.71,86.09,3250,27245.88,807.93,26437.95,pro_LiqSweep+VP+RSI_Div,intraday_square_off
2021-05-04 14:15:00,2021-05-04 14:30:00,NIFTY 50,bearish,76.89,117.59,3250,132279.65,1023.85,131255.8,pro_LiqSweep+FVG+VWAP,target
2021-05-10 14:15:00,2021-05-10 15:15:00,NIFTY 50,bearish,44.9,45.43,3250,1725.83,456.96,1268.87,pro_LiqSweep+OTE+RSI_Div+VWAP,intraday_square_off
2021-06-04 11:30:00,2021-06-04 13:00:00,NIFTY 50,bullish,70.77,81.32,3250,34268.38,760.16,33508.22,pro_FVG+OTE,stop_loss_premium_phase3
2021-06-07 09:30:00,2021-06-07 10:00:00,NIFTY 50,bullish,90.05,94.13,3250,13273.43,889.83,12383.6,pro_FVG+OTE,target
2021-06-08 10:30:00,2021-06-08 11:30:00,NIFTY 50,bearish,47.31,47.44,3250,415.93,475.99,-60.06,pro_LiqSweep+FVG+VWAP,stop_loss_premium_phase2
2021-06-15 14:15:00,2021-06-15 15:15:00,NIFTY 50,bearish,47.7,49.92,3250,7227.98,493.95,6734.03,pro_LiqSweep+OTE+VWAP,intraday_square_off
2021-06-25 10:15:00,2021-06-25 11:45:00,NIFTY 50,bearish,190.96,190.75,3250,-671.78,1772.84,-2444.62,pro_LiqSweep+FVG+VWAP,stop_loss_premium_phase3
2021-06-28 09:45:00,2021-06-28 11:15:00,NIFTY 50,bearish,62.58,77.44,3250,48269.53,715.86,47553.67,pro_LiqSweep+RSI_Div+VWAP,stop_loss_premium_phase3
2021-06-28 11:30:00,2021-06-28 13:00:00,NIFTY 50,bearish,79.05,85.33,3250,20429.58,805.55,19624.03,pro_LiqSweep+RSI_Div+VWAP,stop_loss_premium_phase3
2021-07-02 10:15:00,2021-07-02 11:45:00,NIFTY 50,bullish,74.48,73.55,3250,-3042.05,714.35,-3756.4,pro_LiqSweep+VP+RSI_Div,stop_loss_premium_phase3
2021-07-02 14:15:00,2021-07-02 15:15:00,NIFTY 50,bullish,47.43,53.26,3250,18965.13,516.45,18448.68,pro_LiqSweep+VP,intraday_square_off
2021-07-16 10:30:00,2021-07-16 12:15:00,NIFTY 50,bearish,51.01,71.07,3250,65173.53,647.16,64526.37,pro_LiqSweep+FVG+RSI_Div+VWAP,target
2021-07-19 09:30:00,2021-07-19 09:45:00,NIFTY 50,bearish,90.02,67.59,2600,-58333.05,574.5,-58907.55,pro_LiqSweep+RSI_Div+VWAP,target
2021-07-23 10:00:00,2021-07-23 11:30:00,NIFTY 50,bearish,193.33,207.17,3250,45000.28,1891.34,43108.94,pro_FVG+OTE+RSI_Div+VWAP,stop_loss_premium_phase3
2021-07-26 11:00:00,2021-07-26 12:30:00,NIFTY 50,bearish,58.97,71.62,3250,41130.51,667.95,40462.56,pro_OTE+RSI_Div+VWAP,stop_loss_premium_phase3
2021-07-26 14:15:00,2021-07-26 15:00:00,NIFTY 50,bearish,47.52,59.07,3250,37537.35,556.82,36980.53,pro_FVG+RSI_Div+VWAP,target
2021-07-27 09:45:00,2021-07-27 11:00:00,NIFTY 50,bullish,47.68,47.58,3250,-308.7,477.73,-786.43,pro_FVG+VP+RSI_Div,stop_loss_premium_phase2
2021-07-27 11:15:00,2021-07-27 12:15:00,NIFTY 50,bullish,47.69,47.59,3250,-308.19,477.84,-786.03,pro_FVG+VP,stop_loss_premium_phase2
2021-08-03 09:30:00,2021-08-03 10:30:00,NIFTY 50,bearish,23.87,21.67,3250,-7144.81,247.87,-7392.68,pro_LiqSweep+RSI_Div+VWAP,stop_loss_premium_phase2
2021-08-06 11:00:00,2021-08-06 12:30:00,NIFTY 50,bearish,189.76,189.26,3250,-1614.2,1759.97,-3374.17,pro_FVG+RSI_Div+VWAP,stop_loss_premium_phase3
2021-08-06 14:15:00,2021-08-06 15:15:00,NIFTY 50,bearish,71.36,88.01,3250,54087.7,807.63,53280.07,pro_LiqSweep+FVG+VWAP,intraday_square_off
2021-08-09 09:45:00,2021-08-09 10:45:00,NIFTY 50,bullish,54.27,54.08,3250,-599.34,536.74,-1136.08,pro_VP+RSI_Div,stop_loss_premium_phase2
2021-08-09 11:00:00,2021-08-09 12:00:00,NIFTY 50,bullish,69.45,69.22,3250,-750.46,673.74,-1424.2,pro_FVG+VP,stop_loss_premium_phase2
2021-08-09 14:15:00,2021-08-09 15:15:00,NIFTY 50,bullish,67.55,78.84,3250,36714.9,736.17,35978.73,pro_LiqSweep+FVG+OTE+RSI_Div,intraday_square_off
2021-08-10 09:45:00,2021-08-10 11:15:00,NIFTY 50,bullish,57.25,70.24,3250,42208.76,654.72,41554.04,pro_LiqSweep+FVG+VP,stop_loss_premium_phase3
2021-08-10 11:30:00,2021-08-10 13:00:00,NIFTY 50,bullish,64.07,63.94,3250,-429.63,625.73,-1055.36,pro_LiqSweep+VP,stop_loss_premium_phase3
2021-08-13 14:15:00,2021-08-13 15:15:00,NIFTY 50,bullish,61.32,65.08,3250,12225.05,627.77,11597.28,pro_LiqSweep+VP,intraday_square_off
2021-08-16 09:45:00,2021-08-16 11:15:00,NIFTY 50,bullish,62.78,85.47,3250,73725.67,771.76,72953.91,pro_LiqSweep+VP,target
2021-08-16 11:30:00,2021-08-16 13:00:00,NIFTY 50,bullish,77.14,82.56,3250,17615.38,782.33,16833.05,pro_LiqSweep+FVG+VP,stop_loss_premium_phase3
2021-08-17 14:15:00,2021-08-17 15:15:00,NIFTY 50,bullish,52.67,77.66,3250,81214.53,696.27,80518.26,pro_LiqSweep+VP,intraday_square_off
2021-08-23 11:00:00,2021-08-23 12:30:00,NIFTY 50,bearish,200.84,200.58,3250,-847.86,1861.85,-2709.71,pro_FVG+RSI_Div+VWAP,stop_loss_premium_phase3
2021-08-27 10:30:00,2021-08-27 12:00:00,NIFTY 50,bullish,76.58,88.45,3250,38569.36,821.8,37747.56,pro_LiqSweep+VP+RSI_Div,stop_loss_premium_phase3
2021-08-31 09:45:00,2021-08-31 11:15:00,NIFTY 50,bullish,50.52,64.58,3250,45679.71,601.26,45078.45,pro_FVG+VP,stop_loss_premium_phase3
2021-09-03 14:15:00,2021-09-03 15:15:00,NIFTY 50,bullish,94.51,112.26,3250,57680.63,1024.61,56656.02,pro_LiqSweep+VP,intraday_square_off
2021-09-28 09:45:00,2021-09-28 10:45:00,NIFTY 50,bullish,53.82,53.64,3250,-602.52,532.7,-1135.22,pro_LiqSweep+VP,stop_loss_premium_phase2
2021-09-28 11:30:00,2021-09-28 12:30:00,NIFTY 50,bullish,76.78,74.22,3250,-8351.38,723.89,-9075.27,pro_LiqSweep+OTE,stop_loss_premium_phase2
2021-10-05 09:45:00,2021-10-05 11:15:00,NIFTY 50,bullish,53.52,61.84,3250,27070.04,588.76,26481.28,pro_LiqSweep+VP+OTE,stop_loss_premium_phase3
2021-10-05 11:30:00,2021-10-05 12:45:00,NIFTY 50,bullish,53.38,75.31,3250,71275.91,681.53,70594.38,pro_LiqSweep+VP,target
2021-10-05 14:15:00,2021-10-05 15:15:00,NIFTY 50,bullish,53.57,65.78,3250,39706.36,616.1,39090.26,pro_LiqSweep+VP+RSI_Div,intraday_square_off
2021-10-12 14:15:00,2021-10-12 15:15:00,NIFTY 50,bullish,60.22,66.79,3250,21364.11,637.25,20726.86,pro_LiqSweep+VP,intraday_square_off
2021-10-19 09:30:00,2021-10-19 10:00:00,NIFTY 50,bearish,32.91,94.66,3250,200699.64,771.59,199928.05,pro_LiqSweep+OTE+RSI_Div+VWAP,target
2021-10-19 11:00:00,2021-10-19 12:30:00,NIFTY 50,bearish,174.3,174.17,3250,-445.21,1622.67,-2067.88,pro_FVG+OTE+VWAP,stop_loss_premium_phase3
2021-10-20 09:30:00,2021-10-20 09:45:00,NIFTY 50,bearish,121.32,89.75,1885,-59509.07,557.04,-60066.11,pro_LiqSweep+FVG+OTE+VWAP,target
2021-10-22 10:00:00,2021-10-22 11:15:00,NIFTY 50,bullish,185.67,185.24,3250,-1421.33,1723.43,-3144.76,pro_FVG+VP,stop_loss_premium_phase2
2021-10-22 11:30:00,2021-10-22 12:45:00,NIFTY 50,bullish,189.23,189.08,3250,-510.11,1757.57,-2267.68,pro_FVG+RSI_Div,stop_loss_premium_phase2
2021-10-26 09:45:00,2021-10-26 10:45:00,NIFTY 50,bullish,97.36,97.33,3250,-110.72,927.53,-1038.25,pro_FVG+VP,stop_loss_premium_phase2
2021-11-09 14:15:00,2021-11-09 15:15:00,NIFTY 50,bullish,58.39,56.01,3250,-7758.73,558.82,-8317.55,pro_LiqSweep+OTE+RSI_Div,intraday_square_off
2021-11-30 14:15:00,2021-11-30 15:00:00,NIFTY 50,bearish,203.49,295.37,3250,298605.18,2522.52,296082.66,pro_LiqSweep+FVG+RSI_Div+VWAP,target
2021-12-07 10:00:00,2021-12-07 11:00:00,NIFTY 50,bearish,171.92,171.79,3250,-436.77,1601.17,-2037.94,pro_LiqSweep+FVG+VWAP,stop_loss_premium_phase2
2021-12-10 09:45:00,2021-12-10 11:15:00,NIFTY 50,bullish,187.3,186.85,3250,-1478.11,1738.06,-3216.17,pro_LiqSweep+VP,stop_loss_premium_phase3
2021-12-10 11:30:00,2021-12-10 13:00:00,NIFTY 50,bullish,200.25,199.7,3250,-1792.29,1854.5,-3646.79,pro_LiqSweep+OTE,stop_loss_premium_phase3
2021-12-13 09:30:00,2021-12-13 09:45:00,NIFTY 50,bullish,159.75,114.26,1625,-73920.0,612.4,-74532.4,pro_LiqSweep+VP,target
2021-12-14 11:30:00,2021-12-14 13:15:00,NIFTY 50,bullish,196.66,241.24,3250,144873.41,2133.89,142739.52,pro_LiqSweep+OTE+RSI_Div,stop_loss_premium_phase3
2021-12-15 09:30:00,2021-12-15 10:30:00,NIFTY 50,bullish,85.25,85.77,3250,1676.12,821.78,854.34,pro_LiqSweep+OTE,stop_loss_premium_phase2
2021-12-21 14:15:00,2021-12-21 15:15:00,NIFTY 50,bearish,86.58,73.4,3250,-42841.98,739.15,-43581.13,pro_FVG+RSI_Div+VWAP,intraday_square_off
2021-12-31 10:15:00,2021-12-31 12:00:00,NIFTY 50,bullish,87.43,98.96,3250,37467.16,917.6,36549.56,pro_VP+RSI_Div,stop_loss_premium_phase3
2022-01-03 09:45:00,2022-01-03 11:15:00,NIFTY 50,bullish,71.37,80.53,3250,29781.21,755.98,29025.23,pro_LiqSweep+VP,stop_loss_premium_phase3
2022-01-03 11:30:00,2022-01-03 13:15:00,NIFTY 50,bullish,72.72,98.21,3250,82826.55,881.04,81945.51,pro_LiqSweep+VP,target
2022-01-04 09:45:00,2022-01-04 11:15:00,NIFTY 50,bullish,59.15,63.89,3250,15433.27,614.94,14818.33,pro_LiqSweep+VP,stop_loss_premium_phase3
2022-01-04 11:30:00,2022-01-04 13:00:00,NIFTY 50,bullish,89.77,100.72,3250,35608.33,934.79,34673.54,pro_LiqSweep+VP,stop_loss_premium_phase3
2022-01-04 14:15:00,2022-01-04 15:15:00,NIFTY 50,bullish,58.99,84.39,3250,82555.69,756.26,81799.43,pro_LiqSweep+VP,intraday_square_off
2022-01-07 10:00:00,2022-01-07 11:00:00,NIFTY 50,bullish,179.99,179.49,3250,-1641.16,1671.58,-3312.74,pro_FVG+VP,stop_loss_premium_phase2
2022-01-07 11:30:00,2022-01-07 12:30:00,NIFTY 50,bullish,182.19,182.0,3250,-615.56,1693.6,-2309.16,pro_FVG+VP,stop_loss_premium_phase2
2022-01-11 10:30:00,2022-01-11 12:00:00,NIFTY 50,bullish,57.04,56.92,3250,-397.86,562.24,-960.1,pro_LiqSweep+VP,stop_loss_premium_phase3
2022-01-11 14:15:00,2022-01-11 15:15:00,NIFTY 50,bullish,54.25,53.45,3250,-2591.13,532.31,-3123.44,pro_LiqSweep+VP,intraday_square_off
2022-01-14 10:00:00,2022-01-14 11:30:00,NIFTY 50,bullish,187.68,187.44,3250,-794.53,1742.91,-2537.44,pro_FVG+VP,stop_loss_premium_phase3
2022-01-14 14:15:00,2022-01-14 15:15:00,NIFTY 50,bullish,75.88,83.92,3250,26113.31,789.03,25324.28,pro_LiqSweep+VP,intraday_square_off
2022-01-17 09:45:00,2022-01-17 11:15:00,NIFTY 50,bullish,67.62,83.27,3250,50882.03,766.93,50115.1,pro_LiqSweep+VP,stop_loss_premium_phase3
2022-01-17 14:15:00,2022-01-17 15:15:00,NIFTY 50,bullish,55.17,54.19,3250,-3199.74,539.38,-3739.12,pro_LiqSweep+VP,intraday_square_off
2022-01-25 10:15:00,2022-01-25 11:45:00,NIFTY 50,bullish,215.67,233.8,3250,58936.17,2123.04,56813.13,pro_FVG+RSI_Div,stop_loss_premium_phase3
2022-01-25 14:15:00,2022-01-25 15:15:00,NIFTY 50,bullish,184.86,236.44,3250,167631.71,2075.52,165556.19,pro_LiqSweep+FVG+VP+RSI_Div,intraday_square_off
2022-02-25 14:15:00,2022-02-25 15:15:00,NIFTY 50,bearish,202.34,225.81,3250,76270.78,2039.35,74231.43,pro_FVG+OTE+VWAP,intraday_square_off
2022-03-09 09:30:00,2022-03-09 09:45:00,NIFTY 50,bullish,333.1,274.95,975,-56697.56,830.43,-57527.99,pro_LiqSweep+VP,target
2022-03-11 10:00:00,2022-03-11 11:30:00,NIFTY 50,bullish,193.12,192.7,3250,-1348.0,1790.89,-3138.89,pro_LiqSweep+RSI_Div,stop_loss_premium_phase3
2022-03-11 14:15:00,2022-03-11 15:15:00,NIFTY 50,bullish,189.5,200.24,3250,34896.15,1835.27,33060.88,pro_LiqSweep+FVG,intraday_square_off
2022-03-14 10:00:00,2022-03-14 11:30:00,NIFTY 50,bullish,189.21,220.44,3250,101517.85,1974.28,99543.57,pro_LiqSweep+VP,stop_loss_premium_phase3
2022-03-23 09:30:00,2022-03-23 09:45:00,NIFTY 50,bullish,150.08,147.46,2535,-6631.17,1091.79,-7722.96,pro_FVG+VP,target
2022-04-01 09:45:00,2022-04-01 11:15:00,NIFTY 50,bullish,88.49,96.89,3250,27304.51,905.55,26398.96,pro_LiqSweep+VP+RSI_Div,stop_loss_premium_phase3
2022-04-01 11:30:00,2022-04-01 13:00:00,NIFTY 50,bullish,194.28,202.4,3250,26403.54,1860.42,24543.12,pro_LiqSweep+FVG+VP,stop_loss_premium_phase3
2022-04-01 14:15:00,2022-04-01 15:00:00,NIFTY 50,bullish,72.22,97.31,3250,81532.3,873.75,80658.55,pro_LiqSweep+VP,target
2022-04-19 14:15:00,2022-04-19 14:45:00,NIFTY 50,bearish,71.83,101.66,3250,96976.05,903.01,96073.04,pro_FVG+OTE+VWAP,target
2022-04-29 10:00:00,2022-04-29 11:00:00,NIFTY 50,bearish,201.45,201.04,3250,-1309.14,1866.32,-3175.46,pro_OTE+RSI_Div+VWAP,stop_loss_premium_phase2
2022-05-04 09:30:00,2022-05-04 09:45:00,NIFTY 50,bullish,140.26,138.78,3250,-4811.65,1305.51,-6117.16,pro_LiqSweep+VP,target
2022-05-16 09:30:00,2022-05-16 11:00:00,NIFTY 50,bearish,190.33,204.79,3250,46995.97,1868.51,45127.46,pro_VP+RSI_Div+VWAP,stop_loss_premium_phase3
2022-05-23 14:15:00,2022-05-23 15:15:00,NIFTY 50,bearish,93.65,119.63,3250,84449.93,1073.72,83376.21,pro_LiqSweep+RSI_Div+VWAP,intraday_square_off
2022-05-24 10:00:00,2022-05-24 11:30:00,NIFTY 50,bearish,205.28,204.8,3250,-1556.05,1900.46,-3456.51,pro_LiqSweep+VP+VWAP,stop_loss_premium_phase3
2022-06-14 10:15:00,2022-06-14 11:45:00,NIFTY 50,bullish,91.28,113.8,3250,73161.59,1028.36,72133.23,pro_VP+RSI_Div,stop_loss_premium_phase3
2022-06-17 09:45:00,2022-06-17 11:15:00,NIFTY 50,bullish,194.2,193.95,3250,-796.87,1801.86,-2598.73,pro_LiqSweep+OTE+RSI_Div,stop_loss_premium_phase3
2022-06-28 14:15:00,2022-06-28 15:15:00,NIFTY 50,bullish,71.53,84.02,3250,40596.87,780.48,39816.39,pro_VP+RSI_Div,intraday_square_off
2022-07-04 11:15:00,2022-07-04 12:45:00,NIFTY 50,bullish,182.37,195.62,3250,43058.98,1788.17,41270.81,pro_FVG+VP,stop_loss_premium_phase3
2022-07-04 14:15:00,2022-07-04 15:00:00,NIFTY 50,bullish,62.8,90.54,3250,90165.73,806.9,89358.83,pro_LiqSweep+VP+RSI_Div,target
2022-07-05 14:15:00,2022-07-05 15:00:00,NIFTY 50,bearish,61.59,94.51,3250,106990.47,831.72,106158.75,pro_LiqSweep+RSI_Div+VWAP,target
2022-08-12 09:45:00,2022-08-12 11:15:00,NIFTY 50,bullish,91.21,101.06,3250,32015.53,940.16,31075.37,pro_FVG+VP,stop_loss_premium_phase3
2022-08-26 09:45:00,2022-08-26 11:15:00,NIFTY 50,bearish,185.11,214.4,3250,95178.52,1923.74,93254.78,pro_LiqSweep+OTE+RSI_Div+VWAP,stop_loss_premium_phase3
2022-09-05 10:15:00,2022-09-05 11:45:00,NIFTY 50,bearish,189.22,205.43,3250,52685.69,1870.58,50815.11,pro_FVG+RSI_Div+VWAP,stop_loss_premium_phase3
2022-09-13 14:15:00,2022-09-13 15:15:00,NIFTY 50,bearish,54.67,55.35,3250,2200.34,546.32,1654.02,pro_LiqSweep+RSI_Div+VWAP,intraday_square_off
2022-09-19 10:00:00,2022-09-19 11:30:00,NIFTY 50,bearish,200.9,200.68,3250,-738.64,1862.62,-2601.26,pro_FVG+OTE+RSI_Div+VWAP,stop_loss_premium_phase3
2022-09-20 09:30:00,2022-09-20 10:30:00,NIFTY 50,bearish,92.93,83.7,3250,-29981.94,823.87,-30805.81,pro_LiqSweep+OTE+VWAP,stop_loss_premium_phase2
2022-10-03 10:00:00,2022-10-03 11:30:00,NIFTY 50,bearish,200.02,213.26,3250,43016.75,1947.7,41069.05,pro_LiqSweep+RSI_Div+VWAP,stop_loss_premium_phase3
2022-10-06 09:30:00,2022-10-06 10:30:00,NIFTY 50,bearish,25.95,23.54,3250,-7834.89,265.27,-8100.16,pro_LiqSweep+RSI_Div+VWAP,stop_loss_premium_phase2
2022-10-07 10:15:00,2022-10-07 11:45:00,NIFTY 50,bullish,174.64,174.15,3250,-1596.81,1623.26,-3220.07,pro_FVG+OTE,stop_loss_premium_phase3
2022-10-28 09:45:00,2022-10-28 11:15:00,NIFTY 50,bullish,87.5,88.4,3250,2905.55,844.75,2060.8,pro_LiqSweep+VP,stop_loss_premium_phase3
2022-11-04 10:00:00,2022-11-04 11:30:00,NIFTY 50,bullish,97.99,97.72,3250,-864.28,931.56,-1795.84,pro_VP+OTE+RSI_Div,stop_loss_premium_phase3
2022-11-15 11:15:00,2022-11-15 12:45:00,NIFTY 50,bullish,54.99,63.43,3250,27423.49,602.87,26820.62,pro_LiqSweep+FVG,stop_loss_premium_phase3
2022-11-15 14:15:00,2022-11-15 15:00:00,NIFTY 50,bullish,55.12,78.33,3250,75441.5,706.13,74735.37,pro_LiqSweep+FVG+VP,target
2022-11-18 09:45:00,2022-11-18 10:45:00,NIFTY 50,bullish,83.93,83.75,3250,-581.28,805.0,-1386.28,pro_FVG+RSI_Div,stop_loss_premium_phase2
2022-11-21 09:30:00,2022-11-21 11:00:00,NIFTY 50,bullish,36.79,43.62,3250,22180.73,427.14,21753.59,pro_VP+RSI_Div,stop_loss_premium_phase3
2022-11-22 11:00:00,2022-11-22 12:45:00,NIFTY 50,bullish,54.76,59.69,3250,16017.44,576.55,15440.89,pro_LiqSweep+VP,stop_loss_premium_phase3
2022-11-25 10:00:00,2022-11-25 11:30:00,NIFTY 50,bullish,95.73,96.37,3250,2107.23,917.44,1189.79,pro_FVG+VP,stop_loss_premium_phase3
2022-11-29 14:15:00,2022-11-29 15:15:00,NIFTY 50,bearish,56.08,64.18,3250,26317.97,610.35,25707.62,pro_LiqSweep+RSI_Div+VWAP,intraday_square_off
2022-12-12 10:00:00,2022-12-12 11:30:00,NIFTY 50,bullish,202.29,218.85,3250,53797.4,1991.15,51806.25,pro_FVG+RSI_Div,stop_loss_premium_phase3
2022-12-13 09:45:00,2022-12-13 11:15:00,NIFTY 50,bullish,55.72,80.21,3250,79588.4,720.35,78868.05,pro_LiqSweep+VP,target
2022-12-19 11:15:00,2022-12-19 12:45:00,NIFTY 50,bullish,198.25,214.56,3250,52998.15,1952.9,51045.25,pro_FVG+VP+RSI_Div,stop_loss_premium_phase3
2022-12-20 11:15:00,2022-12-20 12:45:00,NIFTY 50,bullish,84.64,103.85,3250,62454.75,945.46,61509.29,pro_LiqSweep+RSI_Div,stop_loss_premium_phase3
2022-12-20 14:15:00,2022-12-20 15:00:00,NIFTY 50,bullish,55.09,78.41,3250,75777.83,706.59,75071.24,pro_LiqSweep+VP+RSI_Div,target
2022-12-26 10:00:00,2022-12-26 12:15:00,NIFTY 50,bullish,186.85,216.04,3250,94853.57,1938.82,92914.75,pro_FVG+VP+RSI_Div,stop_loss_premium_phase3
2023-01-02 10:45:00,2023-01-02 12:15:00,NIFTY 50,bullish,201.54,206.13,3250,14919.14,1901.71,13017.43,pro_LiqSweep+VP,stop_loss_premium_phase3
2023-01-04 09:30:00,2023-01-04 11:00:00,NIFTY 50,bullish,56.39,52.25,3250,-13485.57,528.56,-14014.13,pro_LiqSweep+VP,stop_loss_premium_phase3
2023-01-10 11:30:00,2023-01-10 12:45:00,NIFTY 50,bullish,84.68,84.45,3250,-732.66,811.46,-1544.12,pro_FVG+RSI_Div,stop_loss_premium_phase2
2023-01-13 11:15:00,2023-01-13 12:15:00,NIFTY 50,bearish,185.01,184.49,3250,-1684.78,1716.86,-3401.64,pro_LiqSweep+FVG+OTE+VWAP,stop_loss_premium_phase2
2023-01-17 10:15:00,2023-01-17 11:15:00,NIFTY 50,bullish,63.56,63.35,3250,-686.02,620.58,-1306.6,pro_FVG+VP,stop_loss_premium_phase2
2023-01-30 10:00:00,2023-01-30 11:00:00,NIFTY 50,bullish,181.45,181.21,3250,-771.69,1686.57,-2458.26,pro_LiqSweep+RSI_Div,stop_loss_premium_phase2
2023-01-30 11:15:00,2023-01-30 12:45:00,NIFTY 50,bullish,194.22,211.01,3250,54564.08,1919.78,52644.3,pro_LiqSweep+RSI_Div,stop_loss_premium_phase3
2023-02-06 14:15:00,2023-02-06 15:15:00,NIFTY 50,bullish,78.35,79.97,3250,5262.11,767.0,4495.11,pro_LiqSweep+VP+RSI_Div,intraday_square_off
2023-02-07 09:45:00,2023-02-07 11:15:00,NIFTY 50,bullish,54.89,61.92,3250,22858.16,592.21,22265.95,pro_LiqSweep+VP,stop_loss_premium_phase3
2023-02-07 11:30:00,2023-02-07 12:30:00,NIFTY 50,bullish,53.37,53.19,3250,-591.9,528.64,-1120.54,pro_LiqSweep+VP+OTE,stop_loss_premium_phase2
2023-02-13 09:45:00,2023-02-13 11:15:00,NIFTY 50,bullish,53.95,53.79,3250,-501.11,534.05,-1035.16,pro_LiqSweep+VP+OTE,stop_loss_premium_phase3
2023-02-14 09:30:00,2023-02-14 10:30:00,NIFTY 50,bearish,35.64,34.01,3250,-5277.17,358.3,-5635.47,pro_LiqSweep+FVG+VWAP,stop_loss_premium_phase2
2023-03-15 09:30:00,2023-03-15 11:00:00,NIFTY 50,bearish,112.65,133.28,3250,67056.99,1208.6,65848.39,pro_LiqSweep+FVG+VWAP,stop_loss_premium_phase3
2023-03-20 11:00:00,2023-03-20 12:00:00,NIFTY 50,bullish,202.15,201.89,3250,-822.37,1873.69,-2696.06,pro_LiqSweep+OTE,stop_loss_premium_phase2
2023-04-21 09:45:00,2023-04-21 11:15:00,NIFTY 50,bullish,66.48,66.3,3250,-588.79,647.18,-1235.97,pro_LiqSweep+VP,stop_loss_premium_phase3
2023-04-21 11:30:00,2023-04-21 12:30:00,NIFTY 50,bullish,59.22,59.02,3250,-651.57,581.37,-1232.94,pro_LiqSweep+VP+OTE,stop_loss_premium_phase2
2023-04-28 09:45:00,2023-04-28 11:30:00,NIFTY 50,bullish,63.54,75.09,3250,37527.02,701.7,36825.32,pro_LiqSweep+FVG+VP,stop_loss_premium_phase3
2023-05-12 10:00:00,2023-05-12 11:30:00,NIFTY 50,bearish,195.33,195.12,3250,-692.73,1812.32,-2505.05,pro_LiqSweep+FVG+VWAP,stop_loss_premium_phase3
2023-05-19 11:15:00,2023-05-19 12:45:00,NIFTY 50,bullish,190.81,196.72,3250,19231.28,1813.76,17417.52,pro_LiqSweep+OTE,stop_loss_premium_phase3
2023-05-19 14:15:00,2023-05-19 15:15:00,NIFTY 50,bullish,72.97,89.65,3250,54215.36,822.44,53392.92,pro_LiqSweep+VP,intraday_square_off
2023-05-22 14:15:00,2023-05-22 15:15:00,NIFTY 50,bearish,54.73,49.34,3250,-17515.59,504.96,-18020.55,pro_LiqSweep+RSI_Div+VWAP,intraday_square_off
2023-05-23 14:15:00,2023-05-23 14:45:00,NIFTY 50,bearish,55.19,68.16,3250,42156.24,635.97,41520.27,pro_LiqSweep+OTE+RSI_Div+VWAP,target
2023-05-30 09:45:00,2023-05-30 10:45:00,NIFTY 50,bullish,56.28,56.17,3250,-370.57,555.46,-926.03,pro_LiqSweep+VP,stop_loss_premium_phase2
2023-05-30 11:00:00,2023-05-30 12:30:00,NIFTY 50,bullish,55.93,60.88,3250,16099.93,587.23,15512.7,pro_LiqSweep+FVG+VP+RSI_Div,stop_loss_premium_phase3
2023-06-06 10:00:00,2023-06-06 11:15:00,NIFTY 50,bullish,55.78,53.31,3250,-8000.91,534.62,-8535.53,pro_FVG+VP,stop_loss_premium_phase2
2023-06-06 11:30:00,2023-06-06 13:15:00,NIFTY 50,bullish,55.83,55.72,3250,-373.68,551.38,-925.06,pro_FVG+VP,stop_loss_premium_phase3
2023-06-06 14:15:00,2023-06-06 15:00:00,NIFTY 50,bullish,55.64,66.66,3250,35828.22,626.6,35201.62,pro_VP+OTE,target
2023-06-16 14:15:00,2023-06-16 14:45:00,NIFTY 50,bullish,58.3,72.8,3250,47124.88,674.66,46450.22,pro_LiqSweep+VP+RSI_Div,target
2023-06-19 09:45:00,2023-06-19 10:45:00,NIFTY 50,bullish,56.59,56.68,3250,308.77,559.62,-250.85,pro_LiqSweep+VP,stop_loss_premium_phase2
2023-06-19 11:15:00,2023-06-19 12:45:00,NIFTY 50,bearish,59.17,59.05,3250,-402.55,581.52,-984.07,pro_LiqSweep+RSI_Div+VWAP,stop_loss_premium_phase3
2023-06-26 11:30:00,2023-06-26 13:00:00,NIFTY 50,bullish,72.55,76.09,3250,11502.49,727.85,10774.64,pro_VP+OTE+RSI_Div,stop_loss_premium_phase3
2023-06-27 11:15:00,2023-06-27 12:45:00,NIFTY 50,bullish,56.31,61.18,3250,15848.94,590.15,15258.79,pro_FVG+VP,stop_loss_premium_phase3
2023-07-07 10:45:00,2023-07-07 11:45:00,NIFTY 50,bullish,81.21,80.95,3250,-818.28,779.9,-1598.18,pro_VP+OTE+RSI_Div,stop_loss_premium_phase2
2023-07-10 14:15:00,2023-07-10 15:00:00,NIFTY 50,bearish,57.76,76.21,3250,59947.16,697.06,59250.1,pro_FVG+OTE+VWAP,target
2023-07-14 10:00:00,2023-07-14 11:30:00,NIFTY 50,bullish,190.79,208.34,3250,57031.47,1894.0,55137.47,pro_FVG+OTE,stop_loss_premium_phase3
2023-07-24 14:15:00,2023-07-24 15:15:00,NIFTY 50,bearish,75.35,94.94,3250,63673.88,864.09,62809.79,pro_LiqSweep+OTE+VWAP,intraday_square_off
2023-07-28 10:00:00,2023-07-28 11:30:00,NIFTY 50,bullish,176.87,179.08,3250,7185.4,1662.08,5523.32,pro_LiqSweep+OTE+RSI_Div,stop_loss_premium_phase3
2023-07-28 14:15:00,2023-07-28 15:15:00,NIFTY 50,bullish,70.71,84.88,3250,46050.13,784.62,45265.51,pro_LiqSweep+OTE+RSI_Div,intraday_square_off
2023-07-31 09:45:00,2023-07-31 11:15:00,NIFTY 50,bullish,194.94,215.69,3250,67443.27,1953.65,65489.62,pro_LiqSweep+VP,stop_loss_premium_phase3
2023-07-31 11:30:00,2023-07-31 12:45:00,NIFTY 50,bullish,79.83,79.66,3250,-560.66,768.04,-1328.7,pro_LiqSweep+VP,stop_loss_premium_phase2
2023-08-02 09:30:00,2023-08-02 09:45:00,NIFTY 50,bearish,101.5,75.9,3250,-83205.19,788.24,-83993.43,pro_FVG+OTE+RSI_Div+VWAP,target
2023-08-08 11:30:00,2023-08-08 13:00:00,NIFTY 50,bearish,58.99,58.79,3250,-652.51,579.36,-1231.87,pro_LiqSweep+VP+VWAP,stop_loss_premium_phase3
2023-08-21 09:45:00,2023-08-21 11:30:00,NIFTY 50,bullish,78.85,95.72,3250,54836.28,876.91,53959.37,pro_FVG+VP,stop_loss_premium_phase3
2023-08-22 10:00:00,2023-08-22 11:30:00,NIFTY 50,bearish,58.6,55.74,3250,-9307.46,557.43,-9864.89,pro_LiqSweep+RSI_Div+VWAP,stop_loss_premium_phase3
2023-08-28 11:30:00,2023-08-28 13:00:00,NIFTY 50,bearish,70.71,70.55,3250,-498.23,685.61,-1183.84,pro_LiqSweep+FVG+VWAP,stop_loss_premium_phase3
2023-09-15 09:45:00,2023-09-15 11:15:00,NIFTY 50,bullish,80.37,91.31,3250,35546.94,849.7,34697.24,pro_LiqSweep+FVG+VP+RSI_Div,stop_loss_premium_phase3
2023-09-18 09:45:00,2023-09-18 11:15:00,NIFTY 50,bearish,60.69,63.82,3250,10191.24,617.74,9573.5,pro_LiqSweep+FVG+RSI_Div+VWAP,stop_loss_premium_phase3
2023-09-25 14:15:00,2023-09-25 14:45:00,NIFTY 50,bullish,80.26,107.11,3250,87242.33,958.63,86283.7,pro_FVG+OTE,target
2023-09-26 14:15:00,2023-09-26 15:15:00,NIFTY 50,bullish,59.46,55.07,3250,-14275.5,554.6,-14830.1,pro_LiqSweep+VP,intraday_square_off
2023-09-29 10:15:00,2023-09-29 11:30:00,NIFTY 50,bearish,189.74,189.22,3250,-1690.44,1759.66,-3450.1,pro_LiqSweep+OTE+VWAP,stop_loss_premium_phase2
2023-10-03 09:45:00,2023-10-03 11:15:00,NIFTY 50,bearish,61.18,61.05,3250,-427.11,599.64,-1026.75,pro_LiqSweep+RSI_Div+VWAP,stop_loss_premium_phase3
2023-10-03 11:30:00,2023-10-03 13:00:00,NIFTY 50,bearish,67.97,68.99,3250,3331.51,668.97,2662.54,pro_LiqSweep+FVG+VWAP,stop_loss_premium_phase3
2023-10-04 09:30:00,2023-10-04 09:45:00,NIFTY 50,bearish,111.91,79.19,3250,-106341.76,833.22,-107174.98,pro_LiqSweep+FVG+RSI_Div+VWAP,target
2023-10-09 14:15:00,2023-10-09 15:15:00,NIFTY 50,bullish,59.39,51.93,3250,-24245.13,532.79,-24777.92,pro_FVG+VP+OTE+RSI_Div,intraday_square_off
2023-10-16 10:45:00,2023-10-16 11:45:00,NIFTY 50,bearish,68.96,68.82,3250,-470.52,669.9,-1140.42,pro_FVG+OTE+VWAP,stop_loss_premium_phase2
2023-10-30 14:15:00,2023-10-30 15:15:00,NIFTY 50,bullish,60.46,72.14,3250,37951.3,674.74,37276.56,pro_VP+RSI_Div,intraday_square_off
2023-10-31 10:00:00,2023-10-31 11:30:00,NIFTY 50,bearish,58.66,64.52,3250,19043.3,618.19,18425.11,pro_LiqSweep+RSI_Div+VWAP,stop_loss_premium_phase3
2023-11-03 14:15:00,2023-11-03 14:45:00,NIFTY 50,bearish,71.5,87.89,3250,53289.36,807.13,52482.23,pro_LiqSweep+RSI_Div+VWAP,target
2023-11-07 09:45:00,2023-11-07 11:30:00,NIFTY 50,bullish,58.67,69.97,3250,36710.66,655.91,36054.75,pro_LiqSweep+VP,stop_loss_premium_phase3
2023-11-07 14:15:00,2023-11-07 15:15:00,NIFTY 50,bullish,58.25,61.65,3250,11045.75,597.52,10448.23,pro_LiqSweep+VP,intraday_square_off
2023-11-20 10:30:00,2023-11-20 11:30:00,NIFTY 50,bullish,59.92,59.71,3250,-679.21,587.64,-1266.85,pro_LiqSweep+VP+RSI_Div,stop_loss_premium_phase2
2023-11-21 11:30:00,2023-11-21 12:30:00,NIFTY 50,bearish,59.91,60.04,3250,443.73,589.95,-146.22,pro_LiqSweep+FVG+VWAP,stop_loss_premium_phase2
2023-11-22 09:30:00,2023-11-22 11:00:00,NIFTY 50,bearish,57.33,57.19,3250,-453.71,564.75,-1018.46,pro_LiqSweep+FVG+VWAP,stop_loss_premium_phase3
2023-11-24 10:45:00,2023-11-24 12:15:00,NIFTY 50,bearish,66.56,70.48,3250,12756.37,676.28,12080.09,pro_OTE+RSI_Div+VWAP,stop_loss_premium_phase3
2023-11-28 09:45:00,2023-11-28 11:15:00,NIFTY 50,bullish,59.62,59.45,3250,-540.16,585.27,-1125.43,pro_LiqSweep+VP,stop_loss_premium_phase3
2023-11-28 11:30:00,2023-11-28 13:00:00,NIFTY 50,bullish,59.32,64.16,3250,15744.02,617.15,15126.87,pro_LiqSweep+VP,stop_loss_premium_phase3
2023-12-01 14:15:00,2023-12-01 15:15:00,NIFTY 50,bearish,66.43,65.99,3250,-1417.86,644.94,-2062.8,pro_LiqSweep+RSI_Div+VWAP,intraday_square_off
2023-12-08 11:15:00,2023-12-08 12:30:00,NIFTY 50,bullish,83.8,83.57,3250,-736.96,803.54,-1540.5,pro_FVG+VP,stop_loss_premium_phase2
2023-12-19 09:45:00,2023-12-19 11:15:00,NIFTY 50,bearish,64.09,63.95,3250,-446.89,625.9,-1072.79,pro_LiqSweep+RSI_Div+VWAP,stop_loss_premium_phase3
2023-12-19 11:30:00,2023-12-19 12:30:00,NIFTY 50,bearish,64.28,61.73,3250,-8275.28,610.93,-8886.21,pro_LiqSweep+FVG+VWAP,stop_loss_premium_phase2
2023-12-29 09:45:00,2023-12-29 11:15:00,NIFTY 50,bullish,2641.15,2635.39,845,-4866.49,6247.43,-11113.92,pro_LiqSweep+VP,stop_loss_premium_phase3
2023-12-29 11:30:00,2023-12-29 13:00:00,NIFTY 50,bullish,2641.59,2635.07,845,-5505.38,6247.1,-11752.48,pro_LiqSweep+VP,stop_loss_premium_phase3
2024-01-01 09:45:00,2024-01-01 11:15:00,NIFTY 50,bullish,2385.01,2371.1,975,-13561.11,6489.44,-20050.55,pro_LiqSweep+FVG+VP+OTE,stop_loss_premium_phase3
2024-01-01 11:30:00,2024-01-01 13:00:00,NIFTY 50,bullish,2337.44,2322.97,975,-14105.1,6359.21,-20464.31,pro_LiqSweep+VP,stop_loss_premium_phase3
2024-01-05 09:45:00,2024-01-05 11:15:00,NIFTY 50,bullish,2385.77,2371.1,975,-14300.65,6489.93,-20790.58,pro_FVG+VP,stop_loss_premium_phase3
2024-01-05 11:30:00,2024-01-05 13:00:00,NIFTY 50,bullish,2385.28,2371.1,975,-13823.07,6489.61,-20312.68,pro_FVG+VP,stop_loss_premium_phase3
2024-01-29 09:45:00,2024-01-29 11:15:00,NIFTY 50,bullish,202.88,227.95,3250,81497.07,2055.33,79441.74,pro_FVG+VP+RSI_Div,stop_loss_premium_phase3
2024-01-30 10:00:00,2024-01-30 11:30:00,NIFTY 50,bearish,1.0,53.82,3250,171671.11,421.31,171249.8,pro_LiqSweep+OTE+RSI_Div+VWAP,stop_loss_premium_phase3
2024-02-06 14:15:00,2024-02-06 15:15:00,NIFTY 50,bullish,2193.17,2184.63,1040,-8890.72,6375.59,-15266.31,pro_FVG+VP,intraday_square_off
2024-02-09 10:00:00,2024-02-09 11:30:00,NIFTY 50,bullish,2481.4,2467.76,975,-13299.69,6751.52,-20051.21,pro_LiqSweep+RSI_Div,stop_loss_premium_phase3
2024-02-09 14:15:00,2024-02-09 15:15:00,NIFTY 50,bullish,2483.41,2478.65,910,-4326.98,6326.85,-10653.83,pro_LiqSweep+VP,intraday_square_off
2024-02-12 09:45:00,2024-02-12 10:15:00,NIFTY 50,bearish,1.41,65.49,3250,208275.64,502.83,207772.81,pro_LiqSweep+RSI_Div+VWAP,target
2024-02-13 10:00:00,2024-02-13 11:30:00,NIFTY 50,bullish,2641.41,2634.89,910,-5930.08,6723.56,-12653.64,pro_LiqSweep+VP,stop_loss_premium_phase3
2024-02-16 14:15:00,2024-02-16 15:15:00,NIFTY 50,bearish,1.0,9.12,3250,26390.78,112.38,26278.4,pro_OTE+RSI_Div+VWAP,intraday_square_off
2024-02-27 09:45:00,2024-02-27 11:15:00,NIFTY 50,bullish,1855.19,1844.07,1300,-14459.9,6727.87,-21187.77,pro_VP+RSI_Div,stop_loss_premium_phase3
2024-03-01 10:15:00,2024-03-01 12:00:00,NIFTY 50,bullish,1855.37,1880.5,1300,32671.74,6828.73,25843.01,pro_LiqSweep+VP,stop_loss_premium_phase3
2024-03-11 10:30:00,2024-03-11 12:00:00,NIFTY 50,bullish,1787.76,1776.39,1365,-15522.57,6805.05,-22327.62,pro_VP+OTE+RSI_Div,stop_loss_premium_phase3
2024-03-12 11:15:00,2024-03-12 12:15:00,NIFTY 50,bearish,1.0,1.0,3250,-9.36,56.25,-65.61,pro_LiqSweep+FVG+VWAP,stop_loss_premium_phase2
2024-03-22 10:00:00,2024-03-22 11:30:00,NIFTY 50,bullish,2192.71,2198.7,1105,6618.76,6803.85,-185.09,pro_LiqSweep+VP+RSI_Div,stop_loss_premium_phase3
2024-04-01 10:15:00,2024-04-01 11:45:00,NIFTY 50,bearish,1.37,16.16,3250,48040.19,161.78,47878.41,pro_LiqSweep+RSI_Div+VWAP,stop_loss_premium_phase3
2024-04-02 09:45:00,2024-04-02 11:15:00,NIFTY 50,bullish,1636.73,1632.51,1495,-6306.23,6843.05,-13149.28,pro_LiqSweep+VP+RSI_Div,stop_loss_premium_phase3
2024-04-02 11:30:00,2024-04-02 13:00:00,NIFTY 50,bullish,1726.68,1715.54,1430,-15931.55,6884.49,-22816.04,pro_LiqSweep+FVG+VP+OTE+RSI_Div,stop_loss_premium_phase3
2024-04-02 14:15:00,2024-04-02 15:15:00,NIFTY 50,bullish,1726.52,1729.94,1365,4672.73,6615.36,-1942.63,pro_LiqSweep+FVG+VP+OTE+RSI_Div,intraday_square_off
2024-04-16 14:15:00,2024-04-16 15:15:00,NIFTY 50,bullish,1855.47,1859.27,1300,4930.55,6770.12,-1839.57,pro_VP+RSI_Div,intraday_square_off
2024-04-22 09:30:00,2024-04-22 09:45:00,NIFTY 50,bullish,2113.25,2109.51,1105,-4129.59,6536.64,-10666.23,pro_FVG+VP,target
2024-04-23 09:45:00,2024-04-23 10:45:00,NIFTY 50,bearish,1.0,22.48,3250,69806.33,204.7,69601.63,pro_OTE+RSI_Div+VWAP,target
2024-04-29 09:45:00,2024-04-29 11:30:00,NIFTY 50,bullish,1771.34,1800.57,1365,39906.44,6860.53,33045.91,pro_FVG+VP,stop_loss_premium_phase3
2024-04-30 11:00:00,2024-04-30 12:00:00,NIFTY 50,bearish,2.03,2.03,3250,6.43,65.54,-59.11,pro_LiqSweep+RSI_Div+VWAP,stop_loss_premium_phase2
2024-05-10 10:30:00,2024-05-10 12:00:00,NIFTY 50,bullish,2050.57,2037.74,1170,-15015.38,6691.67,-21707.05,pro_FVG+RSI_Div,stop_loss_premium_phase3
2024-05-13 09:30:00,2024-05-13 11:00:00,NIFTY 50,bullish,2040.06,2038.39,910,-1514.52,5210.12,-6724.64,pro_FVG+OTE,stop_loss_premium_phase3
2024-05-13 14:15:00,2024-05-13 15:15:00,NIFTY 50,bullish,2097.73,2085.25,1170,-14608.3,6846.09,-21454.39,pro_VP+RSI_Div,intraday_square_off
2024-05-14 10:15:00,2024-05-14 11:15:00,NIFTY 50,bearish,1.0,1.0,3250,-2.88,56.26,-59.14,pro_OTE+RSI_Div+VWAP,stop_loss_premium_phase2
2024-05-17 09:45:00,2024-05-17 11:15:00,NIFTY 50,bullish,1726.3,1737.06,1430,15393.5,6949.56,8443.94,pro_FVG+VP,stop_loss_premium_phase3
2024-05-17 14:15:00,2024-05-17 15:15:00,NIFTY 50,bullish,1788.11,1780.67,1365,-10159.07,6817.77,-16976.84,pro_LiqSweep+VP,intraday_square_off
2024-05-18 09:45:00,2024-05-21 09:45:00,NIFTY 50,bullish,1637.13,1638.01,1495,1320.79,6860.94,-5540.15,pro_LiqSweep+FVG+VP,stop_loss_premium_phase3
2024-05-24 10:30:00,2024-05-24 11:30:00,NIFTY 50,bearish,2.28,2.28,3250,-4.24,67.82,-72.06,pro_OTE+RSI_Div+VWAP,stop_loss_premium_phase2
2024-05-27 11:00:00,2024-05-27 12:00:00,NIFTY 50,bearish,2.89,2.89,3250,-8.89,73.32,-82.21,pro_LiqSweep+OTE+VWAP,stop_loss_premium_phase2
2024-05-31 10:00:00,2024-05-31 11:30:00,NIFTY 50,bullish,1636.51,1632.48,1495,-6025.23,6842.73,-12867.96,pro_FVG+VP,stop_loss_premium_phase3
2024-05-31 14:15:00,2024-05-31 15:15:00,NIFTY 50,bullish,1789.06,1779.39,1365,-13205.89,6814.92,-20020.81,pro_VP+RSI_Div,intraday_square_off
2024-06-07 14:15:00,2024-06-07 15:15:00,NIFTY 50,bearish,3.29,10.35,3250,22932.35,125.71,22806.64,pro_LiqSweep+FVG+RSI_Div+VWAP,intraday_square_off
2024-06-11 14:15:00,2024-06-11 15:00:00,NIFTY 50,bearish,3.43,20.77,3250,56331.4,198.03,56133.37,pro_OTE+RSI_Div+VWAP,target
2024-06-14 11:30:00,2024-06-14 13:00:00,NIFTY 50,bullish,962.28,959.78,2535,-6338.14,6822.04,-13160.18,pro_FVG+VP,stop_loss_premium_phase3
2024-06-21 11:00:00,2024-06-21 12:00:00,NIFTY 50,bearish,7.55,7.55,3250,-17.52,115.47,-132.99,pro_LiqSweep+FVG+VWAP,stop_loss_premium_phase2
2024-06-24 10:00:00,2024-06-24 11:30:00,NIFTY 50,bullish,855.91,884.94,2860,83028.4,7035.79,75992.61,pro_LiqSweep+OTE+RSI_Div,stop_loss_premium_phase3
2024-06-24 14:15:00,2024-06-24 15:15:00,NIFTY 50,bullish,759.01,763.22,3250,13678.42,6940.88,6737.54,pro_LiqSweep+VP,intraday_square_off
2024-06-25 09:45:00,2024-06-25 11:15:00,NIFTY 50,bullish,664.61,671.56,3250,22590.27,6106.03,16484.24,pro_LiqSweep+VP,stop_loss_premium_phase3
2024-06-25 11:30:00,2024-06-25 13:00:00,NIFTY 50,bullish,665.0,682.61,3250,57231.19,6183.24,51047.95,pro_LiqSweep+FVG+VP,stop_loss_premium_phase3
2024-06-25 14:15:00,2024-06-25 15:15:00,NIFTY 50,bullish,561.87,574.29,3250,40368.79,5214.65,35154.14,pro_LiqSweep+VP,intraday_square_off
2024-07-01 10:15:00,2024-07-01 11:45:00,NIFTY 50,bullish,378.99,395.61,3250,53994.67,3589.68,50404.99,pro_FVG+VP,stop_loss_premium_phase3
2024-07-08 09:45:00,2024-07-08 11:15:00,NIFTY 50,bullish,218.08,232.95,3250,48352.26,2122.31,46229.95,pro_LiqSweep+FVG+VP,stop_loss_premium_phase3
2024-07-08 11:30:00,2024-07-08 13:00:00,NIFTY 50,bullish,183.52,194.05,3250,34211.78,1779.76,32432.02,pro_LiqSweep+FVG+VP,stop_loss_premium_phase3
2024-07-08 14:15:00,2024-07-08 15:15:00,NIFTY 50,bullish,97.94,98.96,3250,3303.33,940.02,2363.31,pro_LiqSweep+FVG+VP,intraday_square_off
2024-07-09 09:45:00,2024-07-09 11:30:00,NIFTY 50,bullish,57.74,63.3,3250,18071.24,607.85,17463.39,pro_LiqSweep+VP,stop_loss_premium_phase3
2024-07-15 09:45:00,2024-07-15 11:15:00,NIFTY 50,bearish,409.73,409.02,3250,-2295.58,3747.96,-6043.54,pro_LiqSweep+RSI_Div+VWAP,stop_loss_premium_phase3
2024-07-15 11:30:00,2024-07-15 13:00:00,NIFTY 50,bearish,456.09,464.39,3250,26943.12,4229.46,22713.66,pro_LiqSweep+RSI_Div+VWAP,stop_loss_premium_phase3
2024-07-15 14:15:00,2024-07-15 15:15:00,NIFTY 50,bearish,243.01,250.93,3250,25749.38,2299.72,23449.66,pro_LiqSweep+OTE+VWAP,intraday_square_off
2024-07-19 09:45:00,2024-07-19 11:15:00,NIFTY 50,bearish,508.44,532.99,3250,79765.68,4815.22,74950.46,pro_LiqSweep+OTE+VWAP,stop_loss_premium_phase3
2024-07-26 11:30:00,2024-07-26 12:45:00,NIFTY 50,bullish,31.48,90.2,3250,190840.31,737.74,190102.57,pro_FVG+VP,target
2024-07-30 14:15:00,2024-07-30 15:00:00,NIFTY 50,bearish,550.17,576.86,3250,86732.04,5207.44,81524.6,pro_LiqSweep+FVG+OTE+RSI_Div+VWAP,target
2024-08-06 11:00:00,2024-08-06 12:45:00,NIFTY 50,bearish,83.96,102.03,3250,58734.44,931.4,57803.04,pro_FVG+OTE+VWAP,stop_loss_premium_phase3
2024-08-12 10:45:00,2024-08-12 12:15:00,NIFTY 50,bearish,243.01,242.34,3250,-2163.34,2240.37,-4403.71,pro_FVG+OTE+VWAP,stop_loss_premium_phase3
2024-08-13 09:30:00,2024-08-13 09:45:00,NIFTY 50,bearish,336.77,325.61,3250,-36292.8,3015.85,-39308.65,pro_LiqSweep+OTE+VWAP,target
2024-08-20 09:45:00,2024-08-20 10:45:00,NIFTY 50,bullish,7.41,7.41,3250,-14.42,114.21,-128.63,pro_LiqSweep+VP,stop_loss_premium_phase2
2024-08-20 11:00:00,2024-08-20 12:30:00,NIFTY 50,bullish,7.34,11.53,3250,13604.33,142.55,13461.78,pro_LiqSweep+FVG+VP,stop_loss_premium_phase3
2024-08-21 09:30:00,2024-08-21 10:15:00,NIFTY 50,bullish,3.76,25.19,3250,69660.01,229.33,69430.68,pro_LiqSweep+VP,target
2024-08-27 10:00:00,2024-08-27 11:30:00,NIFTY 50,bearish,651.45,649.86,3250,-5168.08,5927.95,-11096.03,pro_LiqSweep+OTE+RSI_Div+VWAP,stop_loss_premium_phase3
2024-08-28 09:30:00,2024-08-28 09:45:00,NIFTY 50,bearish,711.09,709.7,3250,-4541.04,6468.75,-11009.79,pro_LiqSweep+OTE+VWAP,target
2024-09-03 10:45:00,2024-09-03 11:45:00,NIFTY 50,bullish,1.0,1.0,3250,3.61,56.27,-52.66,pro_VP+OTE+RSI_Div,stop_loss_premium_phase2
2024-09-09 11:00:00,2024-09-09 12:00:00,NIFTY 50,bullish,5.21,5.21,3250,-12.2,94.29,-106.49,pro_FVG+VP,stop_loss_premium_phase2
2024-09-13 14:15:00,2024-09-13 15:15:00,NIFTY 50,bearish,1453.87,1456.87,1820,5461.58,7422.23,-1960.65,pro_LiqSweep+OTE+VWAP,intraday_square_off
2024-09-16 11:15:00,2024-09-16 12:45:00,NIFTY 50,bearish,1038.16,1043.02,2535,12331.55,7397.0,4934.55,pro_LiqSweep+RSI_Div+VWAP,stop_loss_premium_phase3
2024-09-24 11:00:00,2024-09-24 12:30:00,NIFTY 50,bearish,1979.88,1978.81,1300,-1391.64,7206.74,-8598.38,pro_LiqSweep+RSI_Div+VWAP,stop_loss_premium_phase3
2024-10-01 10:00:00,2024-10-01 11:00:00,NIFTY 50,bullish,1.21,1.19,3250,-55.53,57.98,-113.51,pro_VP+OTE+RSI_Div,stop_loss_premium_phase2
2024-10-04 10:15:00,2024-10-04 10:45:00,NIFTY 50,bullish,1.0,61.24,3250,195756.06,472.52,195283.54,pro_LiqSweep+OTE+RSI_Div,target
2024-10-04 11:30:00,2024-10-04 12:15:00,NIFTY 50,bullish,1.0,62.97,3250,201396.37,484.52,200911.85,pro_LiqSweep+VP,target
2024-10-07 09:45:00,2024-10-07 10:45:00,NIFTY 50,bullish,1.74,1.75,3250,8.61,62.98,-54.37,pro_LiqSweep+FVG,stop_loss_premium_phase2
2024-10-08 14:15:00,2024-10-08 15:15:00,NIFTY 50,bullish,3.58,30.86,3250,88649.16,268.08,88381.08,pro_LiqSweep+VP,intraday_square_off
2024-10-11 10:45:00,2024-10-11 11:45:00,NIFTY 50,bullish,3.24,3.23,3250,-27.56,76.47,-104.03,pro_VP+OTE+RSI_Div,stop_loss_premium_phase2
2024-10-14 10:00:00,2024-10-14 11:00:00,NIFTY 50,bullish,1.0,1.0,3250,-9.36,56.25,-65.61,pro_FVG+VP,stop_loss_premium_phase2
2024-10-14 11:15:00,2024-10-14 12:45:00,NIFTY 50,bullish,1.68,15.59,3250,45188.79,158.52,45030.27,pro_FVG+VP,stop_loss_premium_phase3
2024-10-21 10:15:00,2024-10-21 12:15:00,NIFTY 50,bearish,549.09,575.41,3250,85518.62,5195.09,80323.53,pro_LiqSweep+FVG+VWAP,stop_loss_premium_phase3
2024-10-22 09:30:00,2024-10-22 10:00:00,NIFTY 50,bearish,662.77,703.53,3250,132486.01,6323.07,126162.94,pro_FVG+OTE+VWAP,target
2024-10-22 11:00:00,2024-10-22 13:15:00,NIFTY 50,bearish,456.06,527.17,3250,231100.76,4663.31,226437.45,pro_FVG+RSI_Div+VWAP,target
2024-10-25 14:15:00,2024-10-25 15:00:00,NIFTY 50,bullish,293.86,339.76,3250,149190.58,3022.12,146168.46,pro_LiqSweep+RSI_Div,target
2024-10-28 09:45:00,2024-10-28 10:15:00,NIFTY 50,bullish,293.07,347.86,3250,178056.6,3076.39,174980.21,pro_LiqSweep+OTE+RSI_Div,target
2024-10-28 10:30:00,2024-10-28 12:00:00,NIFTY 50,bullish,98.8,98.58,3250,-708.54,939.23,-1647.77,pro_LiqSweep+VP,stop_loss_premium_phase3
2024-10-29 11:30:00,2024-10-29 13:15:00,NIFTY 50,bullish,255.91,300.44,3250,144726.3,2669.4,142056.9,pro_LiqSweep+RSI_Div,stop_loss_premium_phase3
2024-10-29 14:15:00,2024-10-29 15:15:00,NIFTY 50,bullish,123.52,160.8,3250,121150.96,1421.97,119728.99,pro_LiqSweep+VP+RSI_Div,intraday_square_off
2024-11-08 10:15:00,2024-11-08 12:15:00,NIFTY 50,bearish,123.49,154.68,3250,101370.07,1379.61,99990.46,pro_OTE+RSI_Div+VWAP,stop_loss_premium_phase3
2024-11-11 09:45:00,2024-11-11 10:30:00,NIFTY 50,bullish,292.83,342.65,3250,161902.24,3039.86,158862.38,pro_VP+RSI_Div,target
2024-11-11 11:30:00,2024-11-11 12:30:00,NIFTY 50,bullish,151.96,148.67,3250,-10699.57,1398.81,-12098.38,pro_FVG+VP,stop_loss_premium_phase2
2024-11-11 14:15:00,2024-11-11 15:15:00,NIFTY 50,bullish,337.66,348.07,3250,33836.85,3172.98,30663.87,pro_FVG+OTE,intraday_square_off
2024-11-18 11:00:00,2024-11-18 12:15:00,NIFTY 50,bullish,909.31,966.02,3250,184316.61,8663.01,175653.6,pro_LiqSweep+OTE,target
2024-11-19 09:30:00,2024-11-19 09:45:00,NIFTY 50,bullish,1099.66,1032.96,1755,-117056.08,5168.83,-122224.91,pro_LiqSweep+FVG,target
2024-11-19 14:15:00,2024-11-19 14:45:00,NIFTY 50,bearish,9.23,29.55,3250,66049.37,271.08,65778.29,pro_OTE+RSI_Div+VWAP,target
2024-12-09 11:30:00,2024-12-09 12:30:00,NIFTY 50,bullish,31.43,31.61,3250,583.78,332.7,251.08,pro_LiqSweep+VP,stop_loss_premium_phase2
2024-12-09 14:15:00,2024-12-09 15:15:00,NIFTY 50,bullish,10.7,14.04,3250,10858.35,167.08,10691.27,pro_VP+OTE,intraday_square_off
2024-12-10 09:45:00,2024-12-10 10:45:00,NIFTY 50,bullish,10.75,10.95,3250,648.36,145.8,502.56,pro_LiqSweep+VP,stop_loss_premium_phase2
2024-12-10 11:00:00,2024-12-10 12:00:00,NIFTY 50,bullish,10.71,10.64,3250,-231.39,143.54,-374.93,pro_LiqSweep+VP+RSI_Div,stop_loss_premium_phase2
2024-12-10 14:15:00,2024-12-10 15:15:00,NIFTY 50,bullish,22.32,42.17,3250,64518.31,386.26,64132.05,pro_LiqSweep+FVG,intraday_square_off
2024-12-13 14:15:00,2024-12-13 15:15:00,NIFTY 50,bullish,2.99,14.03,3250,35880.43,150.51,35729.92,pro_FVG+VP,intraday_square_off
2024-12-17 10:15:00,2024-12-17 12:00:00,NIFTY 50,bearish,243.56,261.4,3250,57979.38,2373.31,55606.07,pro_LiqSweep+FVG+VWAP,stop_loss_premium_phase3
2024-12-24 09:45:00,2024-12-24 10:45:00,NIFTY 50,bearish,23.51,21.09,3250,-7862.31,243.1,-8105.41,pro_LiqSweep+RSI_Div+VWAP,stop_loss_premium_phase2
2024-12-30 11:30:00,2024-12-30 13:00:00,NIFTY 50,bullish,561.81,560.44,3250,-4439.31,5118.83,-9558.14,pro_LiqSweep+VP,stop_loss_premium_phase3
2025-01-03 10:45:00,2025-01-03 11:15:00,NIFTY 50,bullish,337.88,388.88,3250,165739.23,3455.49,162283.74,pro_FVG+OTE,target
2025-01-06 09:45:00,2025-01-06 10:45:00,NIFTY 50,bearish,45.23,100.35,3250,179117.47,837.16,178280.31,pro_LiqSweep+VP+VWAP,target
2025-01-06 11:30:00,2025-01-06 12:30:00,NIFTY 50,bearish,12.8,12.79,3250,-34.1,162.87,-196.97,pro_LiqSweep+FVG+VWAP,stop_loss_premium_phase2
2025-01-10 11:15:00,2025-01-10 12:45:00,NIFTY 50,bullish,758.81,756.83,3250,-6429.12,6896.29,-13325.41,pro_LiqSweep+VP,stop_loss_premium_phase3
2025-01-20 10:00:00,2025-01-20 11:00:00,NIFTY 50,bearish,4.76,4.87,3250,363.24,91.02,272.22,pro_LiqSweep+RSI_Div+VWAP,stop_loss_premium_phase2
2025-01-28 14:15:00,2025-01-28 14:45:00,NIFTY 50,bearish,3.07,80.16,3250,250550.55,607.72,249942.83,pro_LiqSweep+FVG+RSI_Div+VWAP,target
2025-02-07 09:45:00,2025-02-07 11:15:00,NIFTY 50,bullish,665.16,663.46,3250,-5495.45,6051.24,-11546.69,pro_LiqSweep+VP,stop_loss_premium_phase3
2025-02-07 11:30:00,2025-02-07 13:00:00,NIFTY 50,bullish,665.49,664.26,3250,-3996.68,6057.49,-10054.17,pro_LiqSweep+VP,stop_loss_premium_phase3
2025-02-11 09:30:00,2025-02-11 11:00:00,NIFTY 50,bullish,899.52,896.73,2925,-8145.85,7351.67,-15497.52,pro_LiqSweep+RSI_Div,stop_loss_premium_phase3
2025-02-17 11:00:00,2025-02-17 12:30:00,NIFTY 50,bullish,1102.11,1123.25,2990,63214.19,9351.83,53862.36,pro_FVG+VP,stop_loss_premium_phase3
2025-02-17 14:15:00,2025-02-17 15:15:00,NIFTY 50,bullish,1075.01,1099.56,3055,74992.81,9345.83,65646.98,pro_LiqSweep+VP,intraday_square_off
2025-02-18 10:00:00,2025-02-18 11:30:00,NIFTY 50,bullish,1074.83,1072.65,3120,-6785.46,9364.79,-16150.25,pro_LiqSweep+VP,stop_loss_premium_phase3
2025-03-03 10:30:00,2025-03-03 12:00:00,NIFTY 50,bearish,2.84,17.32,3250,47070.99,172.99,46898.0,pro_LiqSweep+FVG+VWAP,stop_loss_premium_phase3
2025-03-07 09:45:00,2025-03-07 11:15:00,NIFTY 50,bullish,1726.34,1744.41,1950,35230.86,9490.03,25740.83,pro_LiqSweep+VP,stop_loss_premium_phase3
2025-03-07 11:30:00,2025-03-07 13:00:00,NIFTY 50,bullish,1429.41,1419.48,2340,-23223.95,9305.78,-32529.73,pro_LiqSweep+VP,stop_loss_premium_phase3
2025-03-07 14:15:00,2025-03-07 15:15:00,NIFTY 50,bullish,1726.72,1706.05,1950,-40288.17,9331.48,-49619.65,pro_LiqSweep+VP,intraday_square_off
2025-03-11 09:30:00,2025-03-11 09:45:00,NIFTY 50,bearish,46.03,30.75,3250,-49648.85,357.92,-50006.77,pro_VP+RSI_Div+VWAP,target
2025-03-17 09:45:00,2025-03-17 11:15:00,NIFTY 50,bullish,1726.82,1723.2,1885,-6825.94,9090.85,-15916.79,pro_VP+RSI_Div,stop_loss_premium_phase3
2025-03-17 14:15:00,2025-03-17 15:15:00,NIFTY 50,bullish,1636.88,1631.35,2015,-11140.06,9202.04,-20342.1,pro_LiqSweep+FVG+VP,intraday_square_off
2025-03-25 10:15:00,2025-03-25 10:30:00,NIFTY 50,bearish,24.21,85.56,3250,199410.05,690.15,198719.9,pro_OTE+RSI_Div+VWAP,target
2025-03-28 09:45:00,2025-03-28 10:45:00,NIFTY 50,bearish,5.87,5.84,3250,-112.06,100.07,-212.13,pro_LiqSweep+RSI_Div+VWAP,stop_loss_premium_phase2
2025-03-28 14:15:00,2025-03-28 15:15:00,NIFTY 50,bullish,908.26,884.94,3250,-75797.28,8100.4,-83897.68,pro_LiqSweep+OTE+RSI_Div,intraday_square_off
2025-04-01 10:00:00,2025-04-01 11:30:00,NIFTY 50,bullish,855.53,853.78,3250,-5689.66,7772.63,-13462.29,pro_LiqSweep+VP+RSI_Div,stop_loss_premium_phase3
2025-04-22 10:00:00,2025-04-22 11:00:00,NIFTY 50,bearish,67.74,67.53,3250,-693.22,658.42,-1351.64,pro_OTE+RSI_Div+VWAP,stop_loss_premium_phase2
2025-04-22 11:30:00,2025-04-22 13:00:00,NIFTY 50,bearish,148.96,165.61,3250,54121.83,1509.49,52612.34,pro_LiqSweep+OTE+RSI_Div+VWAP,stop_loss_premium_phase3
2025-04-22 14:15:00,2025-04-22 15:15:00,NIFTY 50,bearish,55.42,62.21,3250,22060.46,595.32,21465.14,pro_LiqSweep+OTE+VWAP,intraday_square_off
2025-05-02 10:30:00,2025-05-02 11:30:00,NIFTY 50,bullish,31.55,31.74,3250,621.72,333.87,287.85,pro_FVG+VP,stop_loss_premium_phase2
2025-05-06 10:00:00,2025-05-06 11:30:00,NIFTY 50,bearish,124.02,128.39,3250,14206.77,1199.02,13007.75,pro_LiqSweep+RSI_Div+VWAP,stop_loss_premium_phase3
2025-05-12 09:30:00,2025-05-12 09:45:00,NIFTY 50,bullish,718.67,429.33,780,-225685.44,1127.24,-226812.68,pro_LiqSweep+RSI_Div,target
2025-05-13 10:30:00,2025-05-13 12:00:00,NIFTY 50,bearish,411.11,410.54,3250,-1860.18,3761.34,-5621.52,pro_VP+RSI_Div+VWAP,stop_loss_premium_phase3
2025-05-26 10:30:00,2025-05-26 11:30:00,NIFTY 50,bullish,2.83,2.82,3250,-12.99,72.75,-85.74,pro_FVG+VP,stop_loss_premium_phase2
2025-05-26 14:15:00,2025-05-26 15:15:00,NIFTY 50,bullish,1.23,9.85,3250,28014.53,117.86,27896.67,pro_LiqSweep+VP,intraday_square_off
2025-06-17 09:45:00,2025-06-17 11:15:00,NIFTY 50,bearish,508.8,507.51,3250,-4211.44,4639.91,-8851.35,pro_LiqSweep+RSI_Div+VWAP,stop_loss_premium_phase3
2025-06-20 09:45:00,2025-06-20 10:15:00,NIFTY 50,bullish,5.3,64.49,3250,192346.51,504.15,191842.36,pro_LiqSweep+VP,target
2025-06-20 10:30:00,2025-06-20 12:00:00,NIFTY 50,bullish,2.84,19.39,3250,53807.15,187.28,53619.87,pro_LiqSweep+VP,stop_loss_premium_phase3
2025-07-01 10:00:00,2025-07-01 11:00:00,NIFTY 50,bullish,1.0,1.01,3250,8.15,56.28,-48.13,pro_FVG+VP,stop_loss_premium_phase2
2025-07-01 14:15:00,2025-07-01 15:15:00,NIFTY 50,bullish,1.0,4.72,3250,12096.16,81.99,12014.17,pro_LiqSweep+VP,intraday_square_off
2025-07-04 10:15:00,2025-07-04 11:15:00,NIFTY 50,bullish,1.0,1.0,3250,4.9,56.28,-51.38,pro_LiqSweep+RSI_Div,stop_loss_premium_phase2
2025-07-04 14:15:00,2025-07-04 14:30:00,NIFTY 50,bullish,1.0,34.41,3250,108580.83,287.15,108293.68,pro_VP+RSI_Div,target
2025-07-07 10:15:00,2025-07-07 11:45:00,NIFTY 50,bullish,1.0,8.69,3250,24974.27,109.37,24864.9,pro_FVG+VP,stop_loss_premium_phase3
2025-07-08 10:45:00,2025-07-08 11:45:00,NIFTY 50,bullish,1.0,1.0,3250,7.5,56.28,-48.78,pro_FVG+VP,stop_loss_premium_phase2
2025-07-15 14:15:00,2025-07-15 15:15:00,NIFTY 50,bullish,1.01,16.09,3250,48997.37,160.52,48836.85,pro_LiqSweep+VP,intraday_square_off
2025-07-18 14:15:00,2025-07-18 15:15:00,NIFTY 50,bullish,3.44,4.81,3250,4452.2,87.77,4364.43,pro_LiqSweep+OTE,intraday_square_off
2025-07-21 09:45:00,2025-07-21 11:15:00,NIFTY 50,bullish,6.15,28.09,3250,71314.66,254.45,71060.21,pro_LiqSweep+VP+OTE,stop_loss_premium_phase3
2025-07-21 14:15:00,2025-07-21 15:15:00,NIFTY 50,bullish,1.45,23.38,3250,71249.78,211.85,71037.93,pro_LiqSweep+FVG+VP,intraday_square_off
2025-07-22 09:45:00,2025-07-22 10:45:00,NIFTY 50,bullish,1.85,1.86,3250,11.34,64.0,-52.66,pro_LiqSweep+VP,stop_loss_premium_phase2
2025-07-22 11:00:00,2025-07-22 13:00:00,NIFTY 50,bullish,1.46,16.11,3250,47588.85,161.64,47427.21,pro_LiqSweep+FVG+VP,stop_loss_premium_phase3
2025-07-22 14:15:00,2025-07-22 15:15:00,NIFTY 50,bullish,1.32,0.0,3250,-4298.7,50.02,-4348.72,pro_LiqSweep+VP+OTE,intraday_square_off
2025-07-25 10:15:00,2025-07-25 11:45:00,NIFTY 50,bearish,698.01,700.77,3250,8974.19,6379.17,2595.02,pro_LiqSweep+VP+VWAP,stop_loss_premium_phase3
2025-08-04 10:15:00,2025-08-04 12:00:00,NIFTY 50,bullish,21.68,46.53,3250,80762.36,415.0,80347.36,pro_LiqSweep+VP,stop_loss_premium_phase3
2025-08-05 10:30:00,2025-08-05 12:00:00,NIFTY 50,bearish,321.7,320.84,3250,-2815.47,2950.72,-5766.19,pro_LiqSweep+FVG+VWAP,stop_loss_premium_phase3
2025-08-06 09:30:00,2025-08-06 10:15:00,NIFTY 50,bullish,20.7,29.91,3250,29952.12,298.07,29654.05,pro_VP+OTE+RSI_Div,target
2025-08-11 10:00:00,2025-08-11 11:30:00,NIFTY 50,bullish,124.21,151.99,3250,90301.65,1362.56,88939.09,pro_LiqSweep+VP,stop_loss_premium_phase3
2025-08-19 09:45:00,2025-08-19 11:15:00,NIFTY 50,bullish,2.86,12.58,3250,31591.79,140.26,31451.53,pro_FVG+VP+OTE+RSI_Div,stop_loss_premium_phase3
2025-08-19 11:30:00,2025-08-19 13:00:00,NIFTY 50,bullish,2.5,19.4,3250,54946.59,186.63,54759.96,pro_FVG+VP,stop_loss_premium_phase3
2025-08-19 14:15:00,2025-08-19 15:15:00,NIFTY 50,bullish,2.74,3.1,3250,1162.34,74.43,1087.91,pro_FVG+VP,intraday_square_off
2025-08-26 09:30:00,2025-08-26 09:45:00,NIFTY 50,bearish,658.28,606.2,3250,-169238.92,5640.85,-174879.77,pro_FVG+OTE+VWAP,target
2025-09-12 09:45:00,2025-09-12 11:15:00,NIFTY 50,bullish,1.0,29.94,3250,94059.16,256.27,93802.89,pro_LiqSweep+VP+RSI_Div,target
2025-09-12 11:30:00,2025-09-12 12:30:00,NIFTY 50,bullish,1.05,1.05,3250,-1.66,56.72,-58.38,pro_LiqSweep+VP+RSI_Div,stop_loss_premium_phase2
2025-09-15 09:30:00,2025-09-15 10:30:00,NIFTY 50,bullish,1.0,1.0,3250,-2.88,56.26,-59.14,pro_LiqSweep+VP+RSI_Div,stop_loss_premium_phase2
2025-09-17 09:45:00,2025-09-17 10:45:00,NIFTY 50,bullish,1.0,1.0,3250,-2.88,56.26,-59.14,pro_LiqSweep+VP,stop_loss_premium_phase2
2025-09-17 11:00:00,2025-09-17 12:00:00,NIFTY 50,bullish,1.3,1.31,3250,4.46,59.01,-54.55,pro_LiqSweep+VP,stop_loss_premium_phase2
2025-09-19 09:45:00,2025-09-19 10:45:00,NIFTY 50,bullish,1.0,1.0,3250,7.5,56.28,-48.78,pro_LiqSweep+VP+RSI_Div,stop_loss_premium_phase2
2025-09-22 09:30:00,2025-09-22 10:30:00,NIFTY 50,bullish,1.0,1.0,3250,7.5,56.28,-48.78,pro_FVG+VP,stop_loss_premium_phase2
2025-10-03 10:45:00,2025-10-03 12:15:00,NIFTY 50,bullish,15.23,44.48,3250,95082.17,387.09,94695.08,pro_FVG+VP+OTE,stop_loss_premium_phase3
2025-10-08 09:45:00,2025-10-08 11:15:00,NIFTY 50,bearish,1037.98,1107.1,3250,224643.6,9912.44,214731.16,pro_LiqSweep+FVG+OTE+RSI_Div+VWAP,target
2025-10-09 09:45:00,2025-10-09 11:30:00,NIFTY 50,bullish,2.57,85.67,3250,270068.71,644.74,269423.97,pro_LiqSweep+FVG+VP+RSI_Div,target
2025-10-09 14:15:00,2025-10-09 15:15:00,NIFTY 50,bullish,1.0,17.95,3250,55063.55,173.35,54890.2,pro_FVG+VP,intraday_square_off
2025-10-13 09:30:00,2025-10-13 09:45:00,NIFTY 50,bearish,1002.46,976.64,3250,-83917.31,8935.14,-92852.45,pro_OTE+RSI_Div+VWAP,target
2025-10-15 09:45:00,2025-10-15 11:15:00,NIFTY 50,bullish,2.02,47.79,3250,148750.77,381.79,148368.98,pro_LiqSweep+FVG+VP,stop_loss_premium_phase3
2025-10-16 09:45:00,2025-10-16 11:15:00,NIFTY 50,bullish,1.0,13.31,3250,39988.47,141.3,39847.17,pro_LiqSweep+VP,stop_loss_premium_phase3
2025-10-16 11:30:00,2025-10-16 12:45:00,NIFTY 50,bullish,1.0,31.96,3250,100607.07,270.2,100336.87,pro_LiqSweep+VP,target
2025-10-24 14:15:00,2025-10-24 15:15:00,NIFTY 50,bullish,1.0,24.4,3250,76040.19,217.96,75822.23,pro_FVG+RSI_Div,intraday_square_off
2025-11-12 14:15:00,2025-11-12 15:15:00,NIFTY 50,bearish,1985.82,1977.74,1885,-15226.9,10431.6,-25658.5,pro_OTE+RSI_Div+VWAP,intraday_square_off
2025-11-14 10:15:00,2025-11-14 11:45:00,NIFTY 50,bullish,1.0,44.71,3250,142042.02,358.3,141683.72,pro_LiqSweep+FVG,stop_loss_premium_phase3
2025-11-19 10:45:00,2025-11-19 12:15:00,NIFTY 50,bearish,2004.76,1999.6,1885,-9732.13,10542.64,-20274.77,pro_FVG+OTE+VWAP,stop_loss_premium_phase3
2025-11-20 10:00:00,2025-11-20 11:30:00,NIFTY 50,bearish,1693.96,1683.12,2210,-23949.53,10414.11,-34363.64,pro_OTE+RSI_Div+VWAP,stop_loss_premium_phase3
2025-12-04 09:30:00,2025-12-04 09:45:00,NIFTY 50,bullish,51.91,50.3,3250,-5249.55,505.52,-5755.07,pro_LiqSweep+VP+OTE,target
2025-12-05 14:15:00,2025-12-05 15:15:00,NIFTY 50,bullish,78.73,85.41,3250,21734.89,805.43,20929.46,pro_LiqSweep+VP,intraday_square_off
2025-12-10 10:00:00,2025-12-10 11:00:00,NIFTY 50,bullish,1.0,1.01,3250,8.15,56.28,-48.13,pro_FVG+VP,stop_loss_premium_phase2
2025-12-10 11:30:00,2025-12-10 12:30:00,NIFTY 50,bullish,1.0,1.01,3250,8.15,56.28,-48.13,pro_VP+OTE,stop_loss_premium_phase2
2025-12-11 10:15:00,2025-12-11 11:15:00,NIFTY 50,bullish,1.0,1.01,3250,8.15,56.28,-48.13,pro_LiqSweep+VP+RSI_Div,stop_loss_premium_phase2
2025-12-11 11:30:00,2025-12-11 13:00:00,NIFTY 50,bullish,1.0,34.16,3250,107763.22,285.41,107477.81,pro_LiqSweep+VP+RSI_Div,stop_loss_premium_phase3
2025-12-17 09:45:00,2025-12-17 10:45:00,NIFTY 50,bullish,1.0,1.01,3250,8.15,56.28,-48.13,pro_LiqSweep+FVG+VP+RSI_Div,stop_loss_premium_phase2
2025-12-17 11:15:00,2025-12-17 12:15:00,NIFTY 50,bullish,1.32,1.32,3250,15.81,59.15,-43.34,pro_LiqSweep+VP+OTE,stop_loss_premium_phase2
2025-12-18 10:15:00,2025-12-18 11:15:00,NIFTY 50,bullish,1.44,1.44,3250,18.73,60.25,-41.52,pro_LiqSweep+VP,stop_loss_premium_phase2
2025-12-18 11:30:00,2025-12-18 13:00:00,NIFTY 50,bullish,1.0,24.48,3250,76292.17,218.49,76073.68,pro_LiqSweep+VP+RSI_Div,stop_loss_premium_phase3
2025-12-19 14:15:00,2025-12-19 15:15:00,NIFTY 50,bearish,1979.83,1969.37,1885,-19721.86,10390.63,-30112.49,pro_FVG+RSI_Div+VWAP,intraday_square_off
2025-12-24 09:45:00,2025-12-24 11:15:00,NIFTY 50,bullish,79.58,79.7,3250,382.67,767.76,-385.09,pro_LiqSweep+VP,stop_loss_premium_phase3
2025-12-24 11:30:00,2025-12-24 13:00:00,NIFTY 50,bullish,79.34,85.24,3250,19203.41,805.55,18397.86,pro_LiqSweep+VP+RSI_Div,stop_loss_premium_phase3
2026-01-01 09:45:00,2026-01-01 11:15:00,NIFTY 50,bearish,2005.62,2001.45,1885,-7866.37,10551.12,-18417.49,pro_LiqSweep+RSI_Div+VWAP,stop_loss_premium_phase3
2026-01-01 14:15:00,2026-01-01 15:15:00,NIFTY 50,bearish,2051.58,2044.54,1820,-12806.22,10410.57,-23216.79,pro_LiqSweep+OTE+VWAP,intraday_square_off
2026-01-02 10:30:00,2026-01-02 12:00:00,NIFTY 50,bullish,78.81,91.38,3250,40827.24,846.81,39980.43,pro_FVG+VP+RSI_Div,stop_loss_premium_phase3
2026-01-02 14:15:00,2026-01-02 14:30:00,NIFTY 50,bearish,79.18,91.37,3250,39615.44,847.55,38767.89,pro_LiqSweep+RSI_Div+VWAP,target
2026-01-09 10:30:00,2026-01-09 11:30:00,NIFTY 50,bullish,1.0,1.01,3250,8.15,56.28,-48.13,pro_VP+RSI_Div,stop_loss_premium_phase2
2026-01-14 10:00:00,2026-01-14 11:45:00,NIFTY 50,bullish,1.0,54.79,3250,174811.42,427.99,174383.43,pro_LiqSweep+VP,target
2026-01-14 14:15:00,2026-01-14 15:15:00,NIFTY 50,bearish,1573.89,1547.33,2405,-63873.06,10444.87,-74317.93,pro_LiqSweep+FVG+VWAP,intraday_square_off
