entry_time,exit_time,symbol,direction,entry_price,exit_price,quantity,gross_pnl,costs,net_pnl,strategy,exit_reason
2015-01-20 10:00:00,2015-01-20 11:30:00,NIFTY BANK,bullish,175.48,164.63,30,-325.51,61.16,-386.67,pro_LiqSweep+VP,stop_loss_premium_phase3
2015-02-03 09:45:00,2015-02-03 11:00:00,NIFTY BANK,bearish,224.46,223.77,30,-20.83,65.89,-86.72,pro_FVG+OTE+VWAP,stop_loss_premium_phase2
2015-02-10 11:00:00,2015-02-10 12:15:00,NIFTY BANK,bullish,206.45,205.86,30,-17.69,64.4,-82.09,pro_FVG+VP,stop_loss_premium_phase2
2015-03-03 11:15:00,2015-03-03 12:45:00,NIFTY BANK,bullish,225.91,239.87,30,418.56,66.95,351.61,pro_FVG+OTE+RSI_Div,stop_loss_premium_phase3
2015-03-10 11:00:00,2015-03-10 12:30:00,NIFTY BANK,bearish,190.67,189.98,30,-20.57,63.07,-83.64,pro_LiqSweep+FVG+OTE+VWAP,stop_loss_premium_phase3
2015-04-06 10:30:00,2015-04-06 12:00:00,NIFTY BANK,bearish,191.66,218.41,30,802.25,64.91,737.34,pro_OTE+RSI_Div+VWAP,stop_loss_premium_phase3
2015-04-15 09:45:00,2015-04-15 11:15:00,NIFTY BANK,bearish,111.38,129.54,30,544.58,57.66,486.92,pro_LiqSweep+FVG+VWAP,stop_loss_premium_phase3
2015-04-17 10:00:00,2015-04-17 11:30:00,NIFTY BANK,bearish,225.97,226.24,30,8.05,66.08,-58.03,pro_LiqSweep+RSI_Div+VWAP,stop_loss_premium_phase3
2015-04-21 14:15:00,2015-04-21 14:45:00,NIFTY BANK,bearish,185.16,254.25,30,2072.89,67.07,2005.82,pro_OTE+RSI_Div+VWAP,target
2015-05-04 10:00:00,2015-05-04 11:30:00,NIFTY BANK,bullish,220.4,238.96,30,556.64,66.78,489.86,pro_FVG+VP,stop_loss_premium_phase3
2015-05-08 10:30:00,2015-05-08 12:00:00,NIFTY BANK,bearish,208.61,197.59,30,-330.46,63.91,-394.37,pro_LiqSweep+FVG+VWAP,stop_loss_premium_phase3
2015-05-12 10:00:00,2015-05-12 11:30:00,NIFTY BANK,bearish,185.29,202.61,30,519.63,63.77,455.86,pro_FVG+RSI_Div+VWAP,stop_loss_premium_phase3
2015-05-26 10:30:00,2015-05-26 12:00:00,NIFTY BANK,bullish,185.44,205.6,30,604.82,63.97,540.85,pro_FVG+OTE+RSI_Div,stop_loss_premium_phase3
2015-05-29 10:00:00,2015-05-29 11:45:00,NIFTY BANK,bullish,209.81,257.68,30,1436.25,67.77,1368.48,pro_FVG+VP,stop_loss_premium_phase3
2015-06-12 10:30:00,2015-06-12 12:15:00,NIFTY BANK,bullish,205.31,237.83,30,975.61,66.41,909.2,pro_FVG+OTE+RSI_Div,stop_loss_premium_phase3
2015-06-12 14:15:00,2015-06-12 14:30:00,NIFTY BANK,bullish,204.34,257.41,30,1591.99,67.64,1524.35,pro_VP+RSI_Div,target
2015-06-15 10:45:00,2015-06-15 12:15:00,NIFTY BANK,bearish,209.99,209.57,30,-12.6,64.7,-77.3,pro_FVG+RSI_Div+VWAP,stop_loss_premium_phase3
2015-06-16 11:15:00,2015-06-16 12:45:00,NIFTY BANK,bullish,212.04,201.54,30,-314.92,64.23,-379.15,pro_FVG+OTE,stop_loss_premium_phase3
2015-06-16 14:15:00,2015-06-16 14:45:00,NIFTY BANK,bullish,198.91,259.96,30,1831.21,67.7,1763.51,pro_LiqSweep+VP+RSI_Div,target
2015-06-19 10:00:00,2015-06-19 11:30:00,NIFTY BANK,bullish,204.24,228.69,30,733.5,65.81,667.69,pro_LiqSweep+VP,stop_loss_premium_phase3
2015-06-22 10:00:00,2015-06-22 10:45:00,NIFTY BANK,bullish,190.75,248.77,30,1740.54,66.83,1673.71,pro_FVG+VP,target
2015-06-22 11:00:00,2015-06-22 12:45:00,NIFTY BANK,bullish,204.65,223.48,30,565.06,65.49,499.57,pro_FVG+VP,stop_loss_premium_phase3
2015-07-03 10:00:00,2015-07-03 11:30:00,NIFTY BANK,bullish,214.63,202.22,30,-372.19,64.33,-436.52,pro_FVG+VP,stop_loss_premium_phase3
2015-07-03 14:15:00,2015-07-03 15:15:00,NIFTY BANK,bullish,174.13,207.74,60,2016.96,80.56,1936.4,pro_LiqSweep+VP,intraday_square_off
2015-07-07 10:45:00,2015-07-07 12:15:00,NIFTY BANK,bullish,201.57,190.59,60,-658.82,79.46,-738.28,pro_FVG+VP,stop_loss_premium_phase3
2015-07-28 10:15:00,2015-07-28 11:45:00,NIFTY BANK,bearish,164.64,194.9,60,1815.27,78.55,1736.72,pro_FVG+OTE+VWAP,stop_loss_premium_phase3
2015-07-28 14:15:00,2015-07-28 15:15:00,NIFTY BANK,bearish,185.55,180.84,60,-282.54,77.58,-360.12,pro_FVG+OTE+VWAP,intraday_square_off
2015-08-10 09:45:00,2015-08-10 10:00:00,NIFTY BANK,bullish,236.62,214.77,30,-655.55,65.56,-721.11,pro_LiqSweep+OTE+RSI_Div,target
2015-08-10 14:15:00,2015-08-10 15:00:00,NIFTY BANK,bearish,209.1,255.43,60,2779.89,88.02,2691.87,pro_LiqSweep+OTE+VWAP,target
2015-08-14 10:00:00,2015-08-14 11:00:00,NIFTY BANK,bullish,200.57,276.05,60,4528.9,90.32,4438.58,pro_LiqSweep+VP+RSI_Div,target
2015-08-14 11:15:00,2015-08-14 13:15:00,NIFTY BANK,bullish,214.19,292.25,60,4683.52,92.92,4590.6,pro_LiqSweep+VP,target
2015-08-31 09:45:00,2015-08-31 10:00:00,NIFTY BANK,bearish,298.14,300.84,30,81.02,72.26,8.76,pro_LiqSweep+RSI_Div+VWAP,target
2015-09-08 10:30:00,2015-09-08 11:30:00,NIFTY BANK,bearish,228.98,228.54,60,-26.3,85.38,-111.68,pro_LiqSweep+OTE+VWAP,stop_loss_premium_phase2
2015-09-11 11:00:00,2015-09-11 12:30:00,NIFTY BANK,bearish,197.17,196.61,90,-50.48,96.47,-146.95,pro_FVG+OTE+VWAP,stop_loss_premium_phase3
2015-09-14 10:00:00,2015-09-14 11:30:00,NIFTY BANK,bullish,222.56,268.91,60,2781.39,90.27,2691.12,pro_LiqSweep+FVG+RSI_Div,stop_loss_premium_phase3
2015-09-14 14:15:00,2015-09-14 15:15:00,NIFTY BANK,bullish,198.88,260.54,90,5550.21,108.81,5441.4,pro_LiqSweep+VP+RSI_Div,intraday_square_off
2015-09-15 10:00:00,2015-09-15 11:15:00,NIFTY BANK,bullish,198.66,199.36,90,63.45,97.09,-33.64,pro_LiqSweep+FVG,stop_loss_premium_phase2
2015-09-15 11:30:00,2015-09-15 13:00:00,NIFTY BANK,bullish,172.32,204.47,120,3858.44,112.95,3745.49,pro_LiqSweep+FVG+OTE,stop_loss_premium_phase3
2015-09-21 09:45:00,2015-09-21 10:00:00,NIFTY BANK,bearish,323.67,250.75,30,-2187.84,69.57,-2257.41,pro_OTE+RSI_Div+VWAP,target
2015-09-22 14:15:00,2015-09-22 14:30:00,NIFTY BANK,bearish,229.38,307.32,90,7014.45,119.56,6894.89,pro_VP+RSI_Div+VWAP,target
2015-09-28 10:00:00,2015-09-28 11:30:00,NIFTY BANK,bearish,209.24,219.25,90,900.44,101.52,798.92,pro_FVG+OTE+VWAP,stop_loss_premium_phase3
2015-10-13 10:00:00,2015-10-13 11:30:00,NIFTY BANK,bullish,178.1,177.77,90,-30.25,91.74,-121.99,pro_FVG+OTE+RSI_Div,stop_loss_premium_phase3
2015-10-16 10:30:00,2015-10-16 12:00:00,NIFTY BANK,bullish,227.59,215.35,60,-734.29,83.64,-817.93,pro_FVG+OTE,stop_loss_premium_phase3
2015-10-16 14:15:00,2015-10-16 14:30:00,NIFTY BANK,bullish,170.97,220.21,90,4432.33,99.44,4332.89,pro_LiqSweep+VP+RSI_Div,target
2015-10-19 11:00:00,2015-10-19 12:30:00,NIFTY BANK,bearish,176.59,165.73,120,-1302.69,103.4,-1406.09,pro_LiqSweep+OTE+VWAP,stop_loss_premium_phase3
2015-10-20 10:00:00,2015-10-20 11:30:00,NIFTY BANK,bullish,192.15,203.74,90,1043.19,97.54,945.65,pro_LiqSweep+FVG+VP,stop_loss_premium_phase3
2015-10-26 10:00:00,2015-10-26 11:30:00,NIFTY BANK,bearish,209.77,209.34,90,-39.45,99.65,-139.1,pro_LiqSweep+RSI_Div+VWAP,stop_loss_premium_phase3
2015-10-27 14:15:00,2015-10-27 15:15:00,NIFTY BANK,bullish,165.97,176.08,120,1212.94,105.2,1107.74,pro_LiqSweep+FVG+VP,intraday_square_off
2015-10-30 10:00:00,2015-10-30 11:30:00,NIFTY BANK,bullish,176.15,192.17,120,1922.76,110.11,1812.65,pro_LiqSweep+FVG+VP,stop_loss_premium_phase3
2015-11-02 10:00:00,2015-11-02 11:30:00,NIFTY BANK,bullish,232.84,242.49,90,869.11,107.36,761.75,pro_LiqSweep+FVG,stop_loss_premium_phase3
2015-11-06 11:00:00,2015-11-06 12:30:00,NIFTY BANK,bullish,213.95,226.15,90,1098.27,103.12,995.15,pro_LiqSweep+VP,stop_loss_premium_phase3
2015-11-27 10:15:00,2015-11-27 11:45:00,NIFTY BANK,bullish,193.58,203.44,90,887.5,97.57,789.93,pro_FVG+VP+RSI_Div,stop_loss_premium_phase3
2015-12-14 10:00:00,2015-12-14 11:30:00,NIFTY BANK,bullish,220.07,232.64,90,1131.51,104.72,1026.79,pro_LiqSweep+OTE+RSI_Div,stop_loss_premium_phase3
2015-12-15 14:15:00,2015-12-15 15:15:00,NIFTY BANK,bullish,176.17,226.21,120,6005.35,118.8,5886.55,pro_LiqSweep+VP+RSI_Div,intraday_square_off
2015-12-22 11:00:00,2015-12-22 12:30:00,NIFTY BANK,bearish,172.08,164.26,120,-937.84,102.67,-1040.51,pro_LiqSweep+RSI_Div+VWAP,stop_loss_premium_phase3
2015-12-28 10:00:00,2015-12-28 11:30:00,NIFTY BANK,bullish,149.31,139.24,150,-1510.46,106.31,-1616.77,pro_FVG+VP,stop_loss_premium_phase3
2016-01-01 14:15:00,2016-01-01 15:15:00,NIFTY BANK,bullish,198.5,201.44,120,352.63,114.24,238.39,pro_LiqSweep+FVG+VP+RSI_Div,intraday_square_off
2016-01-15 10:15:00,2016-01-15 11:45:00,NIFTY BANK,bearish,196.03,207.28,120,1350.1,115.53,1234.57,pro_FVG+RSI_Div+VWAP,stop_loss_premium_phase3
2016-02-01 10:00:00,2016-02-01 11:30:00,NIFTY BANK,bearish,201.11,200.41,120,-83.89,114.18,-198.07,pro_LiqSweep+RSI_Div+VWAP,stop_loss_premium_phase3
2016-02-02 11:00:00,2016-02-02 12:00:00,NIFTY BANK,bearish,185.12,185.74,120,74.52,109.18,-34.66,pro_OTE+RSI_Div+VWAP,stop_loss_premium_phase2
2016-02-05 10:00:00,2016-02-05 11:30:00,NIFTY BANK,bullish,198.66,234.37,120,4284.57,122.65,4161.92,pro_LiqSweep+VP,stop_loss_premium_phase3
2016-02-08 14:15:00,2016-02-08 14:30:00,NIFTY BANK,bearish,179.0,233.99,120,6598.33,121.01,6477.32,pro_LiqSweep+OTE+VWAP,target
2016-02-16 09:45:00,2016-02-16 10:00:00,NIFTY BANK,bearish,272.05,252.14,30,-597.39,68.64,-666.03,pro_LiqSweep+RSI_Div+VWAP,target
2016-02-16 10:15:00,2016-02-16 11:45:00,NIFTY BANK,bearish,179.78,203.47,150,3553.59,129.8,3423.79,pro_LiqSweep+RSI_Div+VWAP,stop_loss_premium_phase3
2016-02-19 10:00:00,2016-02-19 11:30:00,NIFTY BANK,bullish,213.08,236.69,120,2832.91,124.38,2708.53,pro_LiqSweep+FVG,stop_loss_premium_phase3
2016-02-22 10:00:00,2016-02-22 11:30:00,NIFTY BANK,bullish,216.94,216.49,120,-54.09,119.53,-173.62,pro_VP+RSI_Div,stop_loss_premium_phase3
2016-02-29 10:00:00,2016-02-29 11:00:00,NIFTY BANK,bearish,224.4,224.69,120,34.71,122.21,-87.5,pro_FVG+RSI_Div+VWAP,stop_loss_premium_phase2
2016-02-29 11:15:00,2016-02-29 11:45:00,NIFTY BANK,bearish,216.2,295.64,120,9532.32,139.67,9392.65,pro_FVG+OTE+RSI_Div+VWAP,target
2016-03-22 10:15:00,2016-03-22 11:45:00,NIFTY BANK,bullish,196.24,208.25,150,1801.75,132.95,1668.8,pro_LiqSweep+FVG,stop_loss_premium_phase3
2016-04-01 10:00:00,2016-04-01 11:30:00,NIFTY BANK,bullish,222.28,221.51,150,-115.02,139.74,-254.76,pro_LiqSweep+OTE+RSI_Div,stop_loss_premium_phase3
2016-04-01 14:15:00,2016-04-01 15:15:00,NIFTY BANK,bullish,186.25,179.1,180,-1286.52,137.76,-1424.28,pro_LiqSweep+VP+RSI_Div,intraday_square_off
2016-04-12 10:00:00,2016-04-12 11:30:00,NIFTY BANK,bullish,201.57,221.88,150,3046.71,137.82,2908.89,pro_FVG+VP,stop_loss_premium_phase3
2016-04-13 09:45:00,2016-04-13 10:45:00,NIFTY BANK,bearish,80.28,73.11,240,-1721.02,97.16,-1818.18,pro_FVG+RSI_Div+VWAP,stop_loss_premium_phase2
2016-04-22 11:30:00,2016-04-22 13:00:00,NIFTY BANK,bullish,187.61,211.78,180,4350.43,150.42,4200.01,pro_FVG+OTE,stop_loss_premium_phase3
2016-04-25 11:00:00,2016-04-25 12:30:00,NIFTY BANK,bullish,189.75,190.32,120,68.44,110.71,-42.27,pro_LiqSweep+VP,stop_loss_premium_phase3
2016-04-29 11:15:00,2016-04-29 12:45:00,NIFTY BANK,bullish,194.04,196.41,120,284.2,112.6,171.6,pro_LiqSweep+VP,stop_loss_premium_phase3
2016-05-06 14:15:00,2016-05-06 15:15:00,NIFTY BANK,bullish,212.12,216.25,90,371.83,101.12,270.71,pro_LiqSweep+VP,intraday_square_off
2016-05-09 10:00:00,2016-05-09 11:45:00,NIFTY BANK,bullish,211.73,211.31,120,-50.3,117.8,-168.1,pro_LiqSweep+VP+RSI_Div,stop_loss_premium_phase3
2016-05-24 14:15:00,2016-05-24 15:15:00,NIFTY BANK,bullish,171.11,188.15,120,2044.75,108.69,1936.06,pro_LiqSweep+VP,intraday_square_off
2016-05-30 14:15:00,2016-05-30 15:15:00,NIFTY BANK,bearish,200.56,233.91,120,4001.64,122.68,3878.96,pro_LiqSweep+FVG+VWAP,intraday_square_off
2016-06-06 10:00:00,2016-06-06 11:30:00,NIFTY BANK,bullish,197.76,215.21,120,2093.7,117.69,1976.01,pro_LiqSweep+FVG+VP,stop_loss_premium_phase3
2016-06-27 10:00:00,2016-06-27 11:30:00,NIFTY BANK,bullish,208.31,217.06,120,1049.62,118.99,930.63,pro_FVG+VP,stop_loss_premium_phase3
2016-06-28 10:00:00,2016-06-28 11:30:00,NIFTY BANK,bearish,227.53,226.73,120,-95.78,122.98,-218.76,pro_LiqSweep+FVG+RSI_Div+VWAP,stop_loss_premium_phase3
2016-06-28 14:15:00,2016-06-28 15:15:00,NIFTY BANK,bullish,189.66,205.53,120,1904.64,114.58,1790.06,pro_LiqSweep+VP+RSI_Div,intraday_square_off
2016-07-15 10:00:00,2016-07-15 11:30:00,NIFTY BANK,bearish,224.8,230.09,120,635.37,123.62,511.75,pro_OTE+RSI_Div+VWAP,stop_loss_premium_phase3
2016-07-18 14:15:00,2016-07-18 15:00:00,NIFTY BANK,bearish,171.02,220.91,150,7483.22,134.5,7348.72,pro_FVG+RSI_Div+VWAP,target
2016-07-29 11:30:00,2016-07-29 13:00:00,NIFTY BANK,bullish,206.17,205.47,120,-84.94,115.87,-200.81,pro_FVG+OTE,stop_loss_premium_phase3
2016-08-01 09:45:00,2016-08-01 10:00:00,NIFTY BANK,bullish,254.76,235.81,30,-568.73,67.26,-635.99,pro_LiqSweep+FVG+RSI_Div,target
2016-08-01 10:15:00,2016-08-01 11:45:00,NIFTY BANK,bullish,187.83,176.73,150,-1665.08,122.06,-1787.14,pro_LiqSweep+RSI_Div,stop_loss_premium_phase3
2016-08-09 10:00:00,2016-08-09 11:00:00,NIFTY BANK,bullish,178.37,177.94,150,-64.57,121.52,-186.09,pro_LiqSweep+VP+RSI_Div,stop_loss_premium_phase2
2016-08-10 09:45:00,2016-08-10 10:45:00,NIFTY BANK,bullish,185.51,182.41,120,-370.88,108.36,-479.24,pro_LiqSweep+VP+RSI_Div,stop_loss_premium_phase2
2016-08-16 11:15:00,2016-08-16 12:00:00,NIFTY BANK,bearish,184.37,261.91,150,11631.48,148.89,11482.59,pro_LiqSweep+FVG+OTE+VWAP,target
2016-08-22 10:00:00,2016-08-22 11:30:00,NIFTY BANK,bearish,180.28,192.5,150,1833.16,126.35,1706.81,pro_LiqSweep+RSI_Div+VWAP,stop_loss_premium_phase3
2016-08-22 14:15:00,2016-08-22 15:15:00,NIFTY BANK,bearish,157.15,176.22,180,3431.63,133.21,3298.42,pro_LiqSweep+FVG+VWAP,intraday_square_off
2016-08-23 14:15:00,2016-08-23 15:15:00,NIFTY BANK,bullish,195.59,224.72,150,4369.55,138.14,4231.41,pro_VP+OTE+RSI_Div,intraday_square_off
2016-08-29 10:15:00,2016-08-29 11:45:00,NIFTY BANK,bullish,213.52,203.26,150,-1538.34,133.05,-1671.39,pro_LiqSweep+VP+RSI_Div,stop_loss_premium_phase3
2016-08-29 14:15:00,2016-08-29 14:45:00,NIFTY BANK,bullish,166.04,205.51,180,7104.53,145.48,6959.05,pro_LiqSweep+OTE,target
2016-09-02 10:15:00,2016-09-02 11:45:00,NIFTY BANK,bullish,206.14,205.56,150,-87.93,133.06,-220.99,pro_FVG+VP,stop_loss_premium_phase3
2016-09-20 14:15:00,2016-09-20 15:15:00,NIFTY BANK,bullish,167.72,166.66,210,-221.16,144.74,-365.9,pro_LiqSweep+OTE,intraday_square_off
2016-09-27 10:45:00,2016-09-27 11:45:00,NIFTY BANK,bearish,159.63,159.03,210,-125.42,140.22,-265.64,pro_LiqSweep+FVG+VWAP,stop_loss_premium_phase2
2016-10-14 14:15:00,2016-10-14 15:15:00,NIFTY BANK,bullish,189.11,177.53,180,-2084.38,137.5,-2221.88,pro_LiqSweep+VP,intraday_square_off
2016-10-25 09:45:00,2016-10-25 10:00:00,NIFTY BANK,bearish,226.74,189.6,30,-1114.13,63.76,-1177.89,pro_OTE+RSI_Div+VWAP,target
2016-10-25 10:45:00,2016-10-25 12:15:00,NIFTY BANK,bearish,190.33,189.64,180,-125.32,142.27,-267.59,pro_FVG+RSI_Div+VWAP,stop_loss_premium_phase3
2016-10-28 10:45:00,2016-10-28 12:15:00,NIFTY BANK,bullish,202.06,207.43,150,805.31,133.26,672.05,pro_FVG+VP,stop_loss_premium_phase3
2016-11-18 11:00:00,2016-11-18 12:30:00,NIFTY BANK,bullish,233.39,242.13,120,1049.24,127.37,921.87,pro_LiqSweep+OTE+RSI_Div,stop_loss_premium_phase3
2016-11-25 14:15:00,2016-11-25 15:15:00,NIFTY BANK,bearish,183.26,128.93,180,-9779.07,118.2,-9897.27,pro_LiqSweep+FVG+VWAP,intraday_square_off
2016-11-29 10:30:00,2016-11-29 12:00:00,NIFTY BANK,bearish,184.67,192.4,150,1159.07,126.75,1032.32,pro_FVG+RSI_Div+VWAP,stop_loss_premium_phase3
2016-12-13 10:00:00,2016-12-13 11:30:00,NIFTY BANK,bullish,200.73,200.01,150,-108.35,130.76,-239.11,pro_FVG+OTE,stop_loss_premium_phase3
2016-12-13 14:15:00,2016-12-13 15:15:00,NIFTY BANK,bullish,161.4,187.79,180,4749.06,138.15,4610.91,pro_VP+RSI_Div,intraday_square_off
2016-12-16 10:00:00,2016-12-16 12:00:00,NIFTY BANK,bearish,182.37,198.39,180,2884.23,144.68,2739.55,pro_LiqSweep+FVG+VWAP,stop_loss_premium_phase3
2016-12-19 09:45:00,2016-12-19 11:15:00,NIFTY BANK,bullish,122.99,154.56,210,6628.9,133.17,6495.73,pro_LiqSweep+VP,stop_loss_premium_phase3
2016-12-23 10:15:00,2016-12-23 11:45:00,NIFTY BANK,bullish,180.6,216.41,180,6446.09,151.37,6294.72,pro_LiqSweep+OTE+RSI_Div,stop_loss_premium_phase3
2016-12-27 10:00:00,2016-12-27 11:30:00,NIFTY BANK,bullish,199.49,233.39,180,6102.72,160.1,5942.62,pro_VP+OTE,stop_loss_premium_phase3
2016-12-27 14:15:00,2016-12-27 14:30:00,NIFTY BANK,bullish,135.57,172.8,270,10052.69,170.44,9882.25,pro_VP+RSI_Div,target
2017-01-02 11:15:00,2017-01-02 12:45:00,NIFTY BANK,bearish,213.98,202.76,180,-2018.66,150.09,-2168.75,pro_FVG+RSI_Div+VWAP,stop_loss_premium_phase3
2017-01-03 14:15:00,2017-01-03 15:15:00,NIFTY BANK,bearish,207.01,221.39,180,2588.64,156.4,2432.24,pro_FVG+OTE+VWAP,intraday_square_off
2017-01-09 09:45:00,2017-01-09 11:15:00,NIFTY BANK,bearish,151.84,178.8,210,5661.3,147.97,5513.33,pro_OTE+RSI_Div+VWAP,stop_loss_premium_phase3
2017-01-09 14:15:00,2017-01-09 15:15:00,NIFTY BANK,bearish,182.25,200.22,210,3772.85,161.73,3611.12,pro_OTE+RSI_Div+VWAP,intraday_square_off
2017-01-23 10:00:00,2017-01-23 11:45:00,NIFTY BANK,bullish,182.84,202.7,240,4765.83,179.45,4586.38,pro_LiqSweep+FVG,stop_loss_premium_phase3
2017-01-24 10:00:00,2017-01-24 11:30:00,NIFTY BANK,bullish,217.68,223.7,180,1082.95,158.54,924.41,pro_LiqSweep+FVG+VP,stop_loss_premium_phase3
2017-02-13 10:15:00,2017-02-13 11:45:00,NIFTY BANK,bullish,200.3,199.9,210,-83.66,164.07,-247.73,pro_LiqSweep+VP,stop_loss_premium_phase3
2017-02-14 09:45:00,2017-02-14 11:15:00,NIFTY BANK,bullish,190.14,194.89,180,854.5,144.26,710.24,pro_FVG+VP,stop_loss_premium_phase3
2017-02-14 11:30:00,2017-02-14 13:00:00,NIFTY BANK,bullish,178.25,181.85,240,865.05,168.09,696.96,pro_LiqSweep+VP+RSI_Div,stop_loss_premium_phase3
2017-02-20 14:15:00,2017-02-20 15:15:00,NIFTY BANK,bullish,156.77,192.96,270,9770.56,185.77,9584.79,pro_FVG+VP,intraday_square_off
2017-02-21 10:30:00,2017-02-21 12:15:00,NIFTY BANK,bullish,194.45,219.42,240,5991.95,189.81,5802.14,pro_FVG+VP,stop_loss_premium_phase3
2017-03-06 10:00:00,2017-03-06 11:30:00,NIFTY BANK,bullish,180.88,169.76,270,-3002.46,176.72,-3179.18,pro_FVG+VP,stop_loss_premium_phase3
2017-03-07 10:00:00,2017-03-07 11:30:00,NIFTY BANK,bullish,171.19,170.73,270,-123.55,175.56,-299.11,pro_LiqSweep+FVG+VP,stop_loss_premium_phase3
2017-03-07 14:15:00,2017-03-07 15:15:00,NIFTY BANK,bullish,139.99,145.72,330,1893.38,179.78,1713.6,pro_FVG+OTE+RSI_Div,intraday_square_off
2017-03-17 10:00:00,2017-03-17 11:30:00,NIFTY BANK,bullish,197.47,197.58,240,25.82,179.14,-153.32,pro_LiqSweep+FVG+RSI_Div,stop_loss_premium_phase3
2017-03-17 14:15:00,2017-03-17 15:15:00,NIFTY BANK,bullish,208.05,222.95,210,3128.82,175.44,2953.38,pro_LiqSweep+FVG,intraday_square_off
2017-03-20 11:15:00,2017-03-20 12:45:00,NIFTY BANK,bullish,183.38,182.85,270,-141.85,184.68,-326.53,pro_LiqSweep+VP+OTE+RSI_Div,stop_loss_premium_phase3
2017-03-21 10:00:00,2017-03-21 11:00:00,NIFTY BANK,bullish,144.42,145.11,330,225.78,180.31,45.47,pro_LiqSweep+VP,stop_loss_premium_phase2
2017-03-21 14:15:00,2017-03-21 15:15:00,NIFTY BANK,bullish,142.97,147.73,330,1570.79,181.83,1388.96,pro_LiqSweep+RSI_Div,intraday_square_off
2017-03-27 10:30:00,2017-03-27 12:00:00,NIFTY BANK,bearish,192.83,219.1,240,6305.4,189.39,6116.01,pro_FVG+RSI_Div+VWAP,stop_loss_premium_phase3
2017-04-10 10:00:00,2017-04-10 11:30:00,NIFTY BANK,bullish,168.56,187.55,300,5696.1,200.04,5496.06,pro_LiqSweep+OTE,stop_loss_premium_phase3
2017-04-10 14:15:00,2017-04-10 15:15:00,NIFTY BANK,bullish,163.54,179.63,300,4825.63,193.99,4631.64,pro_LiqSweep+VP+RSI_Div,intraday_square_off
2017-04-17 14:15:00,2017-04-17 15:15:00,NIFTY BANK,bullish,172.91,193.02,300,6031.0,204.38,5826.62,pro_LiqSweep+OTE+RSI_Div,intraday_square_off
2017-04-24 10:15:00,2017-04-24 11:45:00,NIFTY BANK,bullish,232.02,245.85,210,2902.97,188.97,2714.0,pro_FVG+VP+RSI_Div,stop_loss_premium_phase3
2017-05-02 10:15:00,2017-05-02 11:15:00,NIFTY BANK,bullish,204.0,193.18,270,-2920.7,194.27,-3114.97,pro_FVG+VP,stop_loss_premium_phase2
2017-05-02 11:30:00,2017-05-02 13:00:00,NIFTY BANK,bullish,179.36,200.32,300,6289.3,210.31,6078.99,pro_FVG+OTE,stop_loss_premium_phase3
2017-05-05 11:00:00,2017-05-05 12:00:00,NIFTY BANK,bearish,200.16,255.04,270,14817.89,229.1,14588.79,pro_LiqSweep+OTE+VWAP,target
2017-05-15 09:45:00,2017-05-15 10:00:00,NIFTY BANK,bullish,245.86,250.63,60,286.47,88.86,197.61,pro_LiqSweep+OTE+RSI_Div,target
2017-05-15 10:15:00,2017-05-15 11:45:00,NIFTY BANK,bullish,228.07,240.98,240,3098.27,206.11,2892.16,pro_LiqSweep+VP+RSI_Div,stop_loss_premium_phase3
2017-05-26 14:15:00,2017-05-26 15:15:00,NIFTY BANK,bullish,204.28,212.62,300,2503.01,223.06,2279.95,pro_FVG+VP+RSI_Div,intraday_square_off
2017-05-29 10:45:00,2017-05-29 12:15:00,NIFTY BANK,bearish,193.59,212.89,300,5789.54,221.13,5568.41,pro_FVG+RSI_Div+VWAP,stop_loss_premium_phase3
2017-05-30 10:15:00,2017-05-30 11:45:00,NIFTY BANK,bullish,179.61,180.28,330,219.34,212.61,6.73,pro_FVG+VP,stop_loss_premium_phase3
2017-06-02 14:15:00,2017-06-02 15:15:00,NIFTY BANK,bearish,169.38,189.59,360,7277.64,232.36,7045.28,pro_LiqSweep+OTE+VWAP,intraday_square_off
2017-06-06 10:30:00,2017-06-06 12:00:00,NIFTY BANK,bullish,199.42,188.89,300,-3158.31,206.97,-3365.28,pro_LiqSweep+VP,stop_loss_premium_phase3
2017-06-07 09:45:00,2017-06-07 10:00:00,NIFTY BANK,bullish,208.61,188.54,60,-1203.9,79.47,-1283.37,pro_VP+OTE+RSI_Div,target
2017-06-09 10:00:00,2017-06-09 11:30:00,NIFTY BANK,bearish,172.93,162.64,360,-3701.99,212.57,-3914.56,pro_LiqSweep+RSI_Div+VWAP,stop_loss_premium_phase3
2017-06-16 10:00:00,2017-06-16 11:30:00,NIFTY BANK,bullish,183.31,183.9,330,193.99,215.95,-21.96,pro_VP+RSI_Div,stop_loss_premium_phase3
2017-06-20 11:30:00,2017-06-20 13:00:00,NIFTY BANK,bearish,186.31,217.66,330,10344.99,240.29,10104.7,pro_LiqSweep+OTE+VWAP,stop_loss_premium_phase3
2017-06-30 10:30:00,2017-06-30 12:30:00,NIFTY BANK,bullish,228.11,256.48,270,7658.49,234.88,7423.61,pro_FVG+OTE,stop_loss_premium_phase3
2017-07-03 11:30:00,2017-07-03 13:00:00,NIFTY BANK,bullish,216.09,204.98,300,-3333.8,220.51,-3554.31,pro_FVG+VP,stop_loss_premium_phase3
2017-07-03 14:15:00,2017-07-03 15:15:00,NIFTY BANK,bullish,206.16,202.35,300,-1140.87,216.88,-1357.75,pro_VP+RSI_Div,intraday_square_off
2017-07-04 10:15:00,2017-07-04 11:15:00,NIFTY BANK,bullish,157.61,146.16,420,-4809.02,221.18,-5030.2,pro_FVG+VP,stop_loss_premium_phase2
2017-07-04 14:15:00,2017-07-04 15:15:00,NIFTY BANK,bullish,208.13,171.28,300,-11055.43,197.45,-11252.88,pro_LiqSweep+VP,intraday_square_off
2017-07-17 14:15:00,2017-07-17 15:15:00,NIFTY BANK,bullish,151.34,139.03,390,-4799.35,201.24,-5000.59,pro_LiqSweep+VP,intraday_square_off
2017-07-18 11:15:00,2017-07-18 12:45:00,NIFTY BANK,bearish,181.07,171.18,330,-3265.85,206.54,-3472.39,pro_LiqSweep+FVG+VWAP,stop_loss_premium_phase3
2017-07-21 10:00:00,2017-07-21 11:30:00,NIFTY BANK,bullish,225.13,215.88,240,-2221.87,192.84,-2414.71,pro_VP+RSI_Div,stop_loss_premium_phase3
2017-07-26 09:45:00,2017-07-26 11:15:00,NIFTY BANK,bearish,181.36,192.19,300,3250.98,205.52,3045.46,pro_LiqSweep+OTE+VWAP,stop_loss_premium_phase3
2017-07-31 10:00:00,2017-07-31 11:15:00,NIFTY BANK,bullish,227.61,297.63,240,16804.46,234.95,16569.51,pro_VP+RSI_Div,target
2017-08-04 10:00:00,2017-08-04 11:00:00,NIFTY BANK,bullish,188.12,187.45,330,-219.85,219.49,-439.34,pro_LiqSweep+RSI_Div,stop_loss_premium_phase2
2017-08-04 11:15:00,2017-08-04 12:45:00,NIFTY BANK,bullish,239.13,271.31,240,7724.5,223.33,7501.17,pro_LiqSweep+OTE+RSI_Div,stop_loss_premium_phase3
2017-08-28 10:00:00,2017-08-28 11:30:00,NIFTY BANK,bullish,207.45,206.73,300,-217.84,219.93,-437.77,pro_LiqSweep+VP+RSI_Div,stop_loss_premium_phase3
2017-09-05 14:15:00,2017-09-05 15:15:00,NIFTY BANK,bearish,171.05,191.87,360,7495.34,234.49,7260.85,pro_OTE+RSI_Div+VWAP,intraday_square_off
2017-09-12 10:00:00,2017-09-12 11:00:00,NIFTY BANK,bearish,159.21,149.64,420,-4019.87,224.74,-4244.61,pro_LiqSweep+OTE+RSI_Div+VWAP,stop_loss_premium_phase2
2017-09-26 09:45:00,2017-09-26 10:45:00,NIFTY BANK,bullish,185.82,184.93,270,-239.63,186.31,-425.94,pro_LiqSweep+VP+RSI_Div,stop_loss_premium_phase2
2017-10-06 14:15:00,2017-10-06 15:15:00,NIFTY BANK,bullish,203.24,247.8,300,13368.71,245.3,13123.41,pro_FVG+VP,intraday_square_off
2017-10-09 10:00:00,2017-10-09 11:30:00,NIFTY BANK,bullish,163.93,163.64,420,-120.15,238.54,-358.69,pro_VP+RSI_Div,stop_loss_premium_phase3
2017-10-10 14:15:00,2017-10-10 15:15:00,NIFTY BANK,bullish,165.67,177.82,420,5103.07,251.68,4851.39,pro_FVG+VP,intraday_square_off
2017-10-16 10:00:00,2017-10-16 10:45:00,NIFTY BANK,bearish,187.75,265.08,360,27836.97,294.48,27542.49,pro_LiqSweep+RSI_Div+VWAP,target
2017-10-17 10:00:00,2017-10-17 11:00:00,NIFTY BANK,bearish,227.18,226.41,330,-252.47,255.29,-507.76,pro_OTE+RSI_Div+VWAP,stop_loss_premium_phase2
2017-10-18 09:45:00,2017-10-18 10:00:00,NIFTY BANK,bearish,343.05,255.62,30,-2622.9,70.26,-2693.16,pro_LiqSweep+FVG+VWAP,target
2017-10-24 11:00:00,2017-10-24 12:30:00,NIFTY BANK,bullish,199.11,238.43,360,14154.18,276.77,13877.41,pro_FVG+VP,stop_loss_premium_phase3
2017-10-30 10:00:00,2017-10-30 11:30:00,NIFTY BANK,bullish,219.05,233.22,360,5101.31,277.5,4823.81,pro_VP+RSI_Div,stop_loss_premium_phase3
2017-10-30 14:15:00,2017-10-30 15:15:00,NIFTY BANK,bullish,201.13,183.82,390,-6748.49,251.13,-6999.62,pro_VP+RSI_Div,intraday_square_off
2017-10-31 10:00:00,2017-10-31 11:30:00,NIFTY BANK,bullish,184.32,183.79,420,-222.31,262.16,-484.47,pro_LiqSweep+VP,stop_loss_premium_phase3
2017-11-06 11:00:00,2017-11-06 12:30:00,NIFTY BANK,bearish,191.94,202.03,390,3933.58,263.88,3669.7,pro_LiqSweep+OTE+VWAP,stop_loss_premium_phase3
2017-11-07 11:00:00,2017-11-07 12:30:00,NIFTY BANK,bearish,219.75,219.0,360,-269.71,266.78,-536.49,pro_FVG+RSI_Div+VWAP,stop_loss_premium_phase3
2017-11-20 14:15:00,2017-11-20 15:15:00,NIFTY BANK,bullish,197.22,193.35,390,-1512.05,258.03,-1770.08,pro_FVG+VP+RSI_Div,intraday_square_off
2017-11-21 10:00:00,2017-11-21 11:30:00,NIFTY BANK,bullish,187.6,201.8,420,5962.9,279.14,5683.76,pro_FVG+VP,stop_loss_premium_phase3
2017-11-27 10:15:00,2017-11-27 12:00:00,NIFTY BANK,bullish,204.03,204.79,390,295.69,269.26,26.43,pro_VP+OTE,stop_loss_premium_phase3
2017-11-27 14:15:00,2017-11-27 14:30:00,NIFTY BANK,bullish,215.41,261.58,360,16621.27,298.34,16322.93,pro_LiqSweep+VP,target
2017-11-28 10:00:00,2017-11-28 11:30:00,NIFTY BANK,bullish,161.32,161.03,510,-148.13,275.83,-423.96,pro_LiqSweep+VP,stop_loss_premium_phase3
2017-12-08 14:15:00,2017-12-08 15:15:00,NIFTY BANK,bearish,215.56,238.33,390,8879.2,300.03,8579.17,pro_LiqSweep+RSI_Div+VWAP,intraday_square_off
2017-12-19 11:00:00,2017-12-19 12:30:00,NIFTY BANK,bullish,186.85,193.27,450,2888.73,287.33,2601.4,pro_LiqSweep+VP,stop_loss_premium_phase3
2017-12-19 14:15:00,2017-12-19 15:15:00,NIFTY BANK,bullish,200.93,227.12,420,10996.73,305.43,10691.3,pro_LiqSweep+VP,intraday_square_off
2017-12-26 14:15:00,2017-12-26 15:00:00,NIFTY BANK,bullish,199.84,245.64,450,20609.53,341.28,20268.25,pro_VP+RSI_Div,target
2017-12-29 10:00:00,2017-12-29 11:30:00,NIFTY BANK,bearish,208.98,208.23,450,-336.68,308.18,-644.86,pro_LiqSweep+OTE+VWAP,stop_loss_premium_phase3
2018-01-01 10:00:00,2018-01-01 11:30:00,NIFTY BANK,bearish,180.7,180.18,510,-267.61,303.09,-570.7,pro_LiqSweep+RSI_Div+VWAP,stop_loss_premium_phase3
2018-01-05 10:00:00,2018-01-05 11:30:00,NIFTY BANK,bullish,172.23,160.34,540,-6422.22,292.36,-6714.58,pro_LiqSweep+VP+RSI_Div,stop_loss_premium_phase3
2018-01-05 14:15:00,2018-01-05 15:15:00,NIFTY BANK,bearish,177.62,151.76,510,-13187.5,271.23,-13458.73,pro_LiqSweep+OTE+RSI_Div+VWAP,intraday_square_off
2018-01-09 10:00:00,2018-01-09 11:30:00,NIFTY BANK,bullish,211.49,226.48,420,6297.9,307.78,5990.12,pro_LiqSweep+FVG+OTE,stop_loss_premium_phase3
2018-01-09 14:15:00,2018-01-09 15:15:00,NIFTY BANK,bullish,152.66,146.73,600,-3559.69,294.53,-3854.22,pro_LiqSweep+VP+RSI_Div,intraday_square_off
2018-01-12 10:00:00,2018-01-12 11:30:00,NIFTY BANK,bullish,173.56,163.05,510,-5362.08,282.12,-5644.2,pro_LiqSweep+VP,stop_loss_premium_phase3
2018-01-16 10:00:00,2018-01-16 11:30:00,NIFTY BANK,bullish,196.57,185.22,450,-5109.31,282.49,-5391.8,pro_LiqSweep+VP+OTE,stop_loss_premium_phase3
2018-01-17 09:45:00,2018-01-17 10:15:00,NIFTY BANK,bullish,220.58,237.2,90,1495.69,105.63,1390.06,pro_VP+OTE+RSI_Div,target
2018-01-19 10:15:00,2018-01-19 11:45:00,NIFTY BANK,bullish,211.25,218.34,420,2977.12,300.44,2676.68,pro_FVG+VP,stop_loss_premium_phase3
2018-01-19 14:15:00,2018-01-19 15:00:00,NIFTY BANK,bullish,225.42,304.83,390,30973.46,357.7,30615.76,pro_FVG+VP,target
2018-01-22 10:15:00,2018-01-22 11:45:00,NIFTY BANK,bullish,193.75,214.08,480,9756.67,326.75,9429.92,pro_FVG+VP,stop_loss_premium_phase3
2018-02-12 10:15:00,2018-02-12 11:45:00,NIFTY BANK,bullish,213.9,213.3,450,-273.82,314.48,-588.3,pro_FVG+VP,stop_loss_premium_phase3
2018-02-20 11:00:00,2018-02-20 12:30:00,NIFTY BANK,bearish,214.3,223.29,450,4043.5,324.16,3719.34,pro_LiqSweep+OTE+VWAP,stop_loss_premium_phase3
2018-02-20 14:15:00,2018-02-20 14:45:00,NIFTY BANK,bearish,199.82,270.46,480,33910.13,386.21,33523.92,pro_LiqSweep+OTE+VWAP,target
2018-02-23 10:00:00,2018-02-23 11:45:00,NIFTY BANK,bullish,227.3,308.59,450,36582.89,409.62,36173.27,pro_LiqSweep+VP,target
2018-03-09 10:00:00,2018-03-09 12:00:00,NIFTY BANK,bearish,192.94,213.04,600,12062.6,395.0,11667.6,pro_OTE+RSI_Div+VWAP,stop_loss_premium_phase3
2018-03-13 11:30:00,2018-03-13 13:00:00,NIFTY BANK,bullish,191.62,226.9,630,22228.11,430.4,21797.71,pro_FVG+VP,stop_loss_premium_phase3
2018-03-13 14:15:00,2018-03-13 15:15:00,NIFTY BANK,bearish,200.71,204.18,600,2081.79,386.74,1695.05,pro_LiqSweep+RSI_Div+VWAP,intraday_square_off
2018-03-26 10:00:00,2018-03-26 12:15:00,NIFTY BANK,bullish,204.92,249.51,600,26755.74,446.24,26309.5,pro_LiqSweep+VP+RSI_Div,stop_loss_premium_phase3
2018-04-03 10:30:00,2018-04-03 12:00:00,NIFTY BANK,bullish,219.75,220.26,600,301.67,414.76,-113.09,pro_FVG+VP,stop_loss_premium_phase3
2018-04-06 10:00:00,2018-04-06 11:30:00,NIFTY BANK,bullish,207.19,206.5,630,-430.43,409.52,-839.95,pro_FVG+RSI_Div,stop_loss_premium_phase3
2018-04-09 11:30:00,2018-04-09 13:00:00,NIFTY BANK,bearish,189.63,178.88,690,-7416.44,395.54,-7811.98,pro_OTE+RSI_Div+VWAP,stop_loss_premium_phase3
2018-04-10 14:15:00,2018-04-10 15:15:00,NIFTY BANK,bearish,204.79,219.12,630,9030.23,425.43,8604.8,pro_LiqSweep+OTE+RSI_Div+VWAP,intraday_square_off
2018-04-16 10:00:00,2018-04-16 11:30:00,NIFTY BANK,bullish,237.96,237.46,540,-270.24,404.21,-674.45,pro_LiqSweep+RSI_Div,stop_loss_premium_phase3
2018-04-18 09:45:00,2018-04-18 12:00:00,NIFTY BANK,bearish,227.7,240.74,180,2346.87,166.25,2180.62,pro_OTE+RSI_Div+VWAP,target
2018-04-23 10:45:00,2018-04-23 12:15:00,NIFTY BANK,bearish,216.14,215.52,600,-371.92,407.29,-779.21,pro_LiqSweep+OTE+VWAP,stop_loss_premium_phase3
2018-04-24 10:15:00,2018-04-24 11:45:00,NIFTY BANK,bearish,230.58,220.31,570,-5852.87,400.5,-6253.37,pro_LiqSweep+OTE+RSI_Div+VWAP,stop_loss_premium_phase3
2018-04-30 10:00:00,2018-04-30 11:30:00,NIFTY BANK,bullish,180.99,194.71,720,9880.67,430.84,9449.83,pro_FVG+VP,stop_loss_premium_phase3
2018-05-02 09:45:00,2018-05-02 10:45:00,NIFTY BANK,bullish,230.84,241.59,180,1934.58,166.94,1767.64,pro_FVG+VP+OTE,target
2018-05-14 10:00:00,2018-05-14 11:30:00,NIFTY BANK,bullish,204.69,207.36,630,1682.02,409.63,1272.39,pro_LiqSweep+VP,stop_loss_premium_phase3
2018-05-22 10:00:00,2018-05-22 11:00:00,NIFTY BANK,bullish,180.25,179.92,720,-237.26,407.85,-645.11,pro_LiqSweep+VP,stop_loss_premium_phase2
2018-05-25 10:15:00,2018-05-25 11:45:00,NIFTY BANK,bullish,193.46,210.91,690,12040.9,444.27,11596.63,pro_FVG+VP,stop_loss_premium_phase3
2018-05-25 14:15:00,2018-05-25 15:15:00,NIFTY BANK,bullish,192.66,171.92,690,-14310.66,386.7,-14697.36,pro_LiqSweep+VP,intraday_square_off
2018-05-29 10:15:00,2018-05-29 11:30:00,NIFTY BANK,bearish,187.56,176.04,690,-7950.06,390.43,-8340.49,pro_FVG+RSI_Div+VWAP,stop_loss_premium_phase2
2018-06-05 14:15:00,2018-06-05 14:45:00,NIFTY BANK,bullish,198.86,291.11,660,60883.98,541.89,60342.09,pro_LiqSweep+OTE+RSI_Div,target
2018-06-08 14:15:00,2018-06-08 15:00:00,NIFTY BANK,bullish,213.86,271.73,660,38193.21,521.2,37672.01,pro_LiqSweep+VP+RSI_Div,target
2018-06-15 10:00:00,2018-06-15 11:30:00,NIFTY BANK,bullish,171.1,170.65,900,-400.36,474.86,-875.22,pro_LiqSweep+VP+OTE+RSI_Div,stop_loss_premium_phase3
2018-06-25 11:30:00,2018-06-25 13:00:00,NIFTY BANK,bearish,206.39,221.33,750,11208.81,501.79,10707.02,pro_FVG+OTE+VWAP,stop_loss_premium_phase3
2018-06-26 11:30:00,2018-06-26 13:00:00,NIFTY BANK,bullish,224.27,268.21,690,30319.74,542.29,29777.45,pro_LiqSweep+VP,stop_loss_premium_phase3
2018-07-02 09:45:00,2018-07-02 10:45:00,NIFTY BANK,bullish,135.85,129.83,960,-5778.65,397.84,-6176.49,pro_VP+OTE+RSI_Div,stop_loss_premium_phase2
2018-07-03 09:45:00,2018-07-03 11:45:00,NIFTY BANK,bullish,192.92,192.67,540,-132.98,336.82,-469.8,pro_VP+RSI_Div,stop_loss_premium_phase3
2018-07-13 10:00:00,2018-07-13 11:30:00,NIFTY BANK,bullish,193.94,205.01,840,9295.86,520.31,8775.55,pro_FVG+VP,stop_loss_premium_phase3
2018-07-17 10:30:00,2018-07-17 12:00:00,NIFTY BANK,bullish,221.47,240.25,750,14085.55,539.37,13546.18,pro_FVG+VP,stop_loss_premium_phase3
2018-07-20 10:00:00,2018-07-20 11:30:00,NIFTY BANK,bearish,193.15,209.81,870,14491.06,545.64,13945.42,pro_FVG+RSI_Div+VWAP,stop_loss_premium_phase3
2018-07-23 09:45:00,2018-07-23 11:15:00,NIFTY BANK,bearish,192.69,217.54,720,17898.29,471.33,17426.96,pro_LiqSweep+FVG+OTE+VWAP,stop_loss_premium_phase3
2018-07-27 10:00:00,2018-07-27 11:30:00,NIFTY BANK,bullish,216.18,216.67,810,403.54,535.33,-131.79,pro_LiqSweep+VP,stop_loss_premium_phase3
2018-07-31 10:00:00,2018-07-31 11:15:00,NIFTY BANK,bullish,183.67,172.23,960,-10983.2,514.51,-11497.71,pro_LiqSweep+VP,stop_loss_premium_phase2
2018-07-31 14:15:00,2018-07-31 15:15:00,NIFTY BANK,bullish,172.07,191.83,990,19558.78,562.84,18995.94,pro_LiqSweep+OTE,intraday_square_off
2018-08-06 11:15:00,2018-08-06 12:45:00,NIFTY BANK,bearish,196.53,195.97,900,-498.06,538.35,-1036.41,pro_LiqSweep+RSI_Div+VWAP,stop_loss_premium_phase3
2018-08-10 10:00:00,2018-08-10 11:30:00,NIFTY BANK,bearish,221.39,220.64,810,-602.99,544.94,-1147.93,pro_LiqSweep+RSI_Div+VWAP,stop_loss_premium_phase3
2018-08-14 10:00:00,2018-08-14 11:30:00,NIFTY BANK,bullish,206.7,207.07,840,307.86,531.04,-223.18,pro_LiqSweep+VP+RSI_Div,stop_loss_premium_phase3
2018-08-20 10:30:00,2018-08-20 12:00:00,NIFTY BANK,bullish,192.75,202.45,930,9022.45,565.22,8457.23,pro_FVG+VP,stop_loss_premium_phase3
2018-08-21 10:00:00,2018-08-21 11:30:00,NIFTY BANK,bullish,191.75,191.04,930,-657.0,542.05,-1199.05,pro_FVG+VP+OTE,stop_loss_premium_phase3
2018-08-21 14:15:00,2018-08-21 15:15:00,NIFTY BANK,bullish,169.42,200.16,1050,32278.55,610.87,31667.68,pro_LiqSweep+FVG+VP,intraday_square_off
2018-08-31 10:00:00,2018-08-31 11:00:00,NIFTY BANK,bullish,223.95,214.56,840,-7884.85,553.92,-8438.77,pro_LiqSweep+FVG+VP,stop_loss_premium_phase2
2018-09-03 10:15:00,2018-09-03 11:45:00,NIFTY BANK,bearish,236.59,245.2,780,6715.58,575.02,6140.56,pro_LiqSweep+RSI_Div+VWAP,stop_loss_premium_phase3
2018-09-07 14:15:00,2018-09-07 14:45:00,NIFTY BANK,bullish,215.55,271.18,870,48393.03,671.97,47721.06,pro_VP+RSI_Div,target
2018-09-25 11:00:00,2018-09-25 12:00:00,NIFTY BANK,bullish,200.47,201.07,990,593.13,600.76,-7.63,pro_VP+RSI_Div,stop_loss_premium_phase2
2018-09-28 10:00:00,2018-09-28 11:30:00,NIFTY BANK,bullish,224.76,319.54,870,82458.19,766.69,81691.5,pro_LiqSweep+OTE+RSI_Div,target
2018-10-03 09:45:00,2018-10-03 11:15:00,NIFTY BANK,bullish,225.08,256.76,840,26604.56,629.92,25974.64,pro_FVG+VP,stop_loss_premium_phase3
2018-10-05 11:15:00,2018-10-05 12:45:00,NIFTY BANK,bearish,243.46,257.46,930,13024.37,704.97,12319.4,pro_FVG+OTE+VWAP,stop_loss_premium_phase3
2018-10-09 14:15:00,2018-10-09 15:00:00,NIFTY BANK,bearish,222.26,307.27,1020,86711.38,862.45,85848.93,pro_LiqSweep+FVG+VWAP,target
2018-10-30 10:30:00,2018-10-30 12:00:00,NIFTY BANK,bearish,233.55,294.5,1080,65820.5,889.09,64931.41,pro_LiqSweep+RSI_Div+VWAP,stop_loss_premium_phase3
2018-11-06 11:15:00,2018-11-06 12:45:00,NIFTY BANK,bullish,228.4,282.38,1170,63157.22,925.13,62232.09,pro_FVG+VP,stop_loss_premium_phase3
2018-11-13 11:30:00,2018-11-13 13:00:00,NIFTY BANK,bullish,226.03,254.43,1230,34928.84,895.14,34033.7,pro_LiqSweep+RSI_Div,stop_loss_premium_phase3
2018-11-13 14:15:00,2018-11-13 15:15:00,NIFTY BANK,bullish,201.55,241.62,1440,57711.79,977.56,56734.23,pro_LiqSweep+VP,intraday_square_off
2018-11-16 14:15:00,2018-11-16 15:15:00,NIFTY BANK,bearish,210.65,210.82,1440,240.79,891.84,-651.05,pro_OTE+RSI_Div+VWAP,intraday_square_off
2018-11-27 14:15:00,2018-11-27 15:15:00,NIFTY BANK,bullish,197.38,207.2,1500,14736.93,902.44,13834.49,pro_LiqSweep+VP,intraday_square_off
2018-11-30 14:15:00,2018-11-30 14:30:00,NIFTY BANK,bullish,183.49,235.95,1500,78694.7,980.47,77714.23,pro_LiqSweep+OTE,target
2018-12-14 10:30:00,2018-12-14 12:00:00,NIFTY BANK,bullish,227.17,226.39,1440,-1124.8,955.13,-2079.93,pro_FVG+VP,stop_loss_premium_phase3
2018-12-28 14:15:00,2018-12-28 15:15:00,NIFTY BANK,bearish,208.66,226.45,1500,26684.35,974.92,25709.43,pro_LiqSweep+RSI_Div+VWAP,intraday_square_off
2019-01-01 10:00:00,2019-01-01 11:30:00,NIFTY BANK,bullish,213.1,236.07,1500,34454.31,1009.97,33444.34,pro_FVG+RSI_Div,stop_loss_premium_phase3
2019-01-02 09:45:00,2019-01-02 10:00:00,NIFTY BANK,bullish,221.34,198.35,330,-7585.15,234.33,-7819.48,pro_VP+RSI_Div,target
2019-01-04 10:00:00,2019-01-04 12:00:00,NIFTY BANK,bullish,201.53,255.28,1500,80625.58,1059.87,79565.71,pro_LiqSweep+OTE+RSI_Div,stop_loss_premium_phase3
2019-01-07 14:15:00,2019-01-07 14:45:00,NIFTY BANK,bearish,208.54,266.45,1500,86872.73,1102.4,85770.33,pro_OTE+RSI_Div+VWAP,target
2019-01-11 10:00:00,2019-01-11 11:30:00,NIFTY BANK,bullish,214.99,205.91,1500,-13613.09,915.65,-14528.74,pro_LiqSweep+VP,stop_loss_premium_phase3
2019-01-15 10:00:00,2019-01-15 11:45:00,NIFTY BANK,bullish,163.47,190.88,1500,41122.55,816.98,40305.57,pro_LiqSweep+FVG+VP,stop_loss_premium_phase3
2019-01-15 14:15:00,2019-01-15 15:15:00,NIFTY BANK,bullish,199.0,205.56,1500,9844.64,898.79,8945.85,pro_FVG+VP,intraday_square_off
2019-01-29 10:00:00,2019-01-29 11:30:00,NIFTY BANK,bullish,236.84,247.46,1500,15927.09,1069.67,14857.42,pro_LiqSweep+RSI_Div,stop_loss_premium_phase3
2019-02-05 10:00:00,2019-02-05 11:30:00,NIFTY BANK,bullish,234.63,247.1,1500,18700.09,1066.37,17633.72,pro_FVG+VP,stop_loss_premium_phase3
2019-02-18 09:45:00,2019-02-18 11:00:00,NIFTY BANK,bullish,186.3,186.08,1500,-330.07,824.13,-1154.2,pro_LiqSweep+VP,stop_loss_premium_phase2
2019-02-25 10:00:00,2019-02-25 12:00:00,NIFTY BANK,bullish,186.93,200.5,1500,20366.74,870.77,19495.97,pro_LiqSweep+VP+RSI_Div,stop_loss_premium_phase3
2019-03-05 10:00:00,2019-03-05 11:30:00,NIFTY BANK,bullish,207.5,254.04,1500,69808.48,1061.81,68746.67,pro_LiqSweep+VP+RSI_Div,stop_loss_premium_phase3
2019-03-12 09:45:00,2019-03-12 10:00:00,NIFTY BANK,bullish,327.92,223.06,180,-18875.21,171.32,-19046.53,pro_LiqSweep+VP,target
2019-03-19 14:15:00,2019-03-19 15:15:00,NIFTY BANK,bullish,225.49,240.18,1500,22033.53,1035.29,20998.24,pro_LiqSweep+VP,intraday_square_off
2019-03-25 14:15:00,2019-03-25 15:00:00,NIFTY BANK,bullish,221.02,297.89,1500,115297.54,1214.96,114082.58,pro_LiqSweep+VP,target
2019-03-26 10:00:00,2019-03-26 11:30:00,NIFTY BANK,bullish,231.07,231.36,1500,439.45,1012.65,-573.2,pro_LiqSweep+FVG+VP,stop_loss_premium_phase3
2019-04-05 14:15:00,2019-04-05 15:15:00,NIFTY BANK,bullish,238.15,294.1,1500,83927.24,1219.76,82707.48,pro_LiqSweep+OTE,intraday_square_off
2019-04-08 10:00:00,2019-04-08 11:30:00,NIFTY BANK,bullish,205.23,204.8,1500,-637.16,902.5,-1539.66,pro_LiqSweep+FVG+VP,stop_loss_premium_phase3
2019-04-12 11:15:00,2019-04-12 12:45:00,NIFTY BANK,bullish,207.4,195.39,1500,-18012.62,874.61,-18887.23,pro_LiqSweep+VP+RSI_Div,stop_loss_premium_phase3
2019-04-22 11:30:00,2019-04-22 13:00:00,NIFTY BANK,bearish,218.8,247.25,1500,42674.95,1051.28,41623.67,pro_FVG+RSI_Div+VWAP,stop_loss_premium_phase3
2019-04-30 14:15:00,2019-04-30 15:00:00,NIFTY BANK,bullish,179.0,250.85,1500,107777.13,1023.54,106753.59,pro_LiqSweep+RSI_Div,target
2019-05-14 14:15:00,2019-05-14 15:15:00,NIFTY BANK,bullish,221.87,157.24,1500,-96953.74,767.18,-97720.92,pro_LiqSweep+VP+RSI_Div,intraday_square_off
2019-05-17 10:00:00,2019-05-17 11:45:00,NIFTY BANK,bullish,210.14,209.53,1500,-902.52,922.43,-1824.95,pro_LiqSweep+VP,stop_loss_premium_phase3
2019-05-21 10:00:00,2019-05-21 11:30:00,NIFTY BANK,bearish,239.24,275.12,1500,53824.03,1160.28,52663.75,pro_LiqSweep+OTE+RSI_Div+VWAP,stop_loss_premium_phase3
2019-05-27 10:15:00,2019-05-27 12:45:00,NIFTY BANK,bullish,251.18,292.88,1500,62542.4,1228.68,61313.72,pro_FVG+VP,stop_loss_premium_phase3
2019-05-28 11:15:00,2019-05-28 12:30:00,NIFTY BANK,bullish,212.34,212.83,1500,729.98,935.11,-205.13,pro_FVG+OTE,stop_loss_premium_phase2
2019-06-03 11:15:00,2019-06-03 12:45:00,NIFTY BANK,bullish,198.96,224.9,1500,38898.55,960.43,37938.12,pro_LiqSweep+VP+RSI_Div,stop_loss_premium_phase3
2019-06-07 10:30:00,2019-06-07 12:00:00,NIFTY BANK,bullish,300.01,315.1,1500,22639.63,1347.65,21291.98,pro_LiqSweep+FVG,stop_loss_premium_phase3
2019-06-14 10:00:00,2019-06-14 11:30:00,NIFTY BANK,bearish,215.98,241.27,1500,37946.99,1029.42,36917.57,pro_LiqSweep+FVG+VWAP,stop_loss_premium_phase3
2019-06-18 14:15:00,2019-06-18 14:45:00,NIFTY BANK,bearish,179.28,248.79,1500,104273.53,1017.27,103256.26,pro_FVG+OTE+VWAP,target
2019-06-24 14:15:00,2019-06-24 15:15:00,NIFTY BANK,bullish,180.75,164.29,1500,-24683.94,749.19,-25433.13,pro_LiqSweep+VP+OTE,intraday_square_off
2019-06-28 11:15:00,2019-06-28 12:45:00,NIFTY BANK,bearish,200.4,190.03,1500,-15553.65,850.62,-16404.27,pro_LiqSweep+FVG+VWAP,stop_loss_premium_phase3
2019-07-16 10:00:00,2019-07-16 12:15:00,NIFTY BANK,bullish,178.7,178.04,1500,-978.8,791.04,-1769.84,pro_LiqSweep+VP,stop_loss_premium_phase3
2019-07-30 10:30:00,2019-07-30 12:00:00,NIFTY BANK,bearish,241.09,296.13,1500,82564.68,1229.13,81335.55,pro_FVG+OTE+VWAP,stop_loss_premium_phase3
2019-08-19 10:30:00,2019-08-19 12:00:00,NIFTY BANK,bearish,212.0,240.25,1500,42369.57,1022.23,41347.34,pro_LiqSweep+RSI_Div+VWAP,stop_loss_premium_phase3
2019-08-23 14:15:00,2019-08-23 15:15:00,NIFTY BANK,bullish,216.41,171.13,1500,-67913.48,806.12,-68719.6,pro_LiqSweep+VP,intraday_square_off
2019-08-30 10:00:00,2019-08-30 11:00:00,NIFTY BANK,bullish,250.61,250.98,1500,559.75,1094.49,-534.74,pro_LiqSweep+FVG+VP,stop_loss_premium_phase2
2019-09-11 09:45:00,2019-09-11 10:00:00,NIFTY BANK,bullish,305.54,282.88,390,-8836.62,360.01,-9196.63,pro_LiqSweep+VP,target
2019-09-13 10:15:00,2019-09-13 11:45:00,NIFTY BANK,bullish,224.11,244.37,1500,30382.52,1047.29,29335.23,pro_FVG+RSI_Div,stop_loss_premium_phase3
2019-09-23 14:15:00,2019-09-23 15:15:00,NIFTY BANK,bearish,357.06,361.0,1500,5897.69,1550.2,4347.49,pro_LiqSweep+OTE+VWAP,intraday_square_off
2019-10-07 10:00:00,2019-10-07 11:30:00,NIFTY BANK,bearish,340.44,427.5,1500,130593.62,1745.96,128847.66,pro_LiqSweep+FVG+VWAP,stop_loss_premium_phase3
2019-10-11 14:15:00,2019-10-11 15:15:00,NIFTY BANK,bearish,311.31,338.11,1500,40196.25,1432.14,38764.11,pro_LiqSweep+FVG+RSI_Div+VWAP,intraday_square_off
2019-10-14 10:15:00,2019-10-14 11:45:00,NIFTY BANK,bearish,256.02,256.16,1500,209.76,1116.33,-906.57,pro_LiqSweep+OTE+VWAP,stop_loss_premium_phase3
2019-10-15 11:30:00,2019-10-15 13:00:00,NIFTY BANK,bearish,196.93,236.49,1500,59341.17,995.4,58345.77,pro_LiqSweep+FVG+OTE+VWAP,stop_loss_premium_phase3
2019-10-18 10:00:00,2019-10-18 11:30:00,NIFTY BANK,bullish,202.68,209.39,1500,10072.16,914.63,9157.53,pro_LiqSweep+VP+RSI_Div,stop_loss_premium_phase3
2019-10-18 14:15:00,2019-10-18 15:15:00,NIFTY BANK,bullish,231.86,229.48,1500,-3570.66,1007.45,-4578.11,pro_LiqSweep+VP,intraday_square_off
2019-11-04 14:15:00,2019-11-04 15:15:00,NIFTY BANK,bearish,238.98,284.07,1500,67632.91,1188.57,66444.34,pro_LiqSweep+RSI_Div+VWAP,intraday_square_off
2019-11-11 14:15:00,2019-11-11 15:00:00,NIFTY BANK,bullish,218.09,305.66,1500,131351.79,1236.86,130114.93,pro_LiqSweep+VP,target
2019-11-18 10:15:00,2019-11-18 11:30:00,NIFTY BANK,bullish,196.09,195.7,1500,-577.12,864.47,-1441.59,pro_LiqSweep+OTE,stop_loss_premium_phase2
2019-11-18 14:15:00,2019-11-18 15:15:00,NIFTY BANK,bullish,192.85,196.81,1500,5933.18,864.82,5068.36,pro_LiqSweep+OTE,intraday_square_off
2019-11-19 10:00:00,2019-11-19 10:30:00,NIFTY BANK,bullish,201.83,294.09,1500,138388.78,1183.96,137204.82,pro_LiqSweep+VP,target
2019-11-19 10:45:00,2019-11-19 12:15:00,NIFTY BANK,bullish,196.17,252.47,1500,84448.44,1045.61,83402.83,pro_LiqSweep+VP,stop_loss_premium_phase3
2019-11-25 10:00:00,2019-11-25 11:45:00,NIFTY BANK,bullish,234.81,279.2,1500,66583.07,1168.92,65414.15,pro_LiqSweep+VP+RSI_Div,stop_loss_premium_phase3
2019-11-25 14:15:00,2019-11-25 15:15:00,NIFTY BANK,bullish,208.72,219.54,1500,16221.0,952.94,15268.06,pro_LiqSweep+VP,intraday_square_off
2019-12-16 10:00:00,2019-12-16 11:30:00,NIFTY BANK,bearish,200.35,217.6,1500,25881.63,938.52,24943.11,pro_FVG+RSI_Div+VWAP,stop_loss_premium_phase3
2019-12-17 10:00:00,2019-12-17 11:30:00,NIFTY BANK,bullish,186.12,196.66,1500,15807.83,857.73,14950.1,pro_VP+RSI_Div,stop_loss_premium_phase3
2019-12-18 09:45:00,2019-12-18 11:15:00,NIFTY BANK,bullish,197.32,196.99,1500,-492.13,869.81,-1361.94,pro_FVG+VP+OTE,stop_loss_premium_phase3
2019-12-23 10:00:00,2019-12-23 11:30:00,NIFTY BANK,bullish,212.73,211.99,1500,-1115.3,932.81,-2048.11,pro_LiqSweep+VP,stop_loss_premium_phase3
2019-12-30 10:00:00,2019-12-30 11:00:00,NIFTY BANK,bullish,185.22,184.87,1500,-530.28,819.23,-1349.51,pro_LiqSweep+VP,stop_loss_premium_phase2
2019-12-30 11:15:00,2019-12-30 12:15:00,NIFTY BANK,bullish,228.4,217.83,1500,-15862.99,966.86,-16829.85,pro_LiqSweep+FVG+VP,stop_loss_premium_phase2
2020-01-13 10:45:00,2020-01-13 12:30:00,NIFTY BANK,bullish,222.8,247.34,1500,36814.12,1055.49,35758.63,pro_FVG+VP,stop_loss_premium_phase3
2020-01-17 11:30:00,2020-01-17 13:00:00,NIFTY BANK,bullish,197.6,213.94,1500,24513.6,924.13,23589.47,pro_FVG+OTE,stop_loss_premium_phase3
2020-02-01 11:00:00,2020-02-01 12:00:00,NIFTY BANK,bearish,232.75,312.58,1500,119752.26,1273.38,118478.88,pro_FVG+OTE+VWAP,target
2020-02-01 14:15:00,2020-02-01 15:00:00,NIFTY BANK,bearish,480.82,670.07,1500,283874.56,2657.85,281216.71,pro_LiqSweep+FVG+VWAP,target
2020-03-02 11:00:00,2020-03-02 12:30:00,NIFTY BANK,bearish,237.35,237.83,1500,723.81,1039.49,-315.68,pro_FVG+OTE+VWAP,stop_loss_premium_phase3
2020-03-02 14:15:00,2020-03-02 14:45:00,NIFTY BANK,bearish,199.31,287.89,1500,132870.57,1161.68,131708.89,pro_LiqSweep+FVG+RSI_Div+VWAP,target
2020-03-31 11:30:00,2020-03-31 12:30:00,NIFTY BANK,bearish,207.99,208.48,1500,735.31,916.97,-181.66,pro_LiqSweep+FVG+VWAP,stop_loss_premium_phase2
2020-03-31 14:15:00,2020-03-31 15:15:00,NIFTY BANK,bearish,216.8,273.16,1500,84546.28,1131.94,83414.34,pro_LiqSweep+OTE+VWAP,intraday_square_off
2020-04-13 11:30:00,2020-04-13 12:30:00,NIFTY BANK,bullish,297.1,296.45,1500,-966.67,1285.28,-2251.95,pro_FVG+OTE,stop_loss_premium_phase2
2020-04-21 10:45:00,2020-04-21 12:15:00,NIFTY BANK,bullish,237.25,236.75,1500,-740.04,1035.95,-1775.99,pro_LiqSweep+FVG,stop_loss_premium_phase3
2020-05-11 14:15:00,2020-05-11 15:00:00,NIFTY BANK,bearish,229.6,309.7,1500,120148.59,1261.09,118887.5,pro_VP+RSI_Div+VWAP,target
2020-05-22 10:00:00,2020-05-22 11:00:00,NIFTY BANK,bullish,258.86,259.35,1500,730.75,1129.3,-398.55,pro_LiqSweep+RSI_Div,stop_loss_premium_phase2
2020-05-22 14:15:00,2020-05-22 15:15:00,NIFTY BANK,bullish,234.32,242.07,1500,11621.31,1050.0,10571.31,pro_LiqSweep+OTE,intraday_square_off
2020-05-29 11:00:00,2020-05-29 12:30:00,NIFTY BANK,bullish,361.58,360.55,1500,-1535.73,1553.23,-3088.96,pro_LiqSweep+FVG,stop_loss_premium_phase3
2020-06-02 09:45:00,2020-06-02 11:15:00,NIFTY BANK,bearish,106.28,160.04,1500,80647.34,662.3,79985.04,pro_LiqSweep+FVG+VWAP,stop_loss_premium_phase3
2020-06-23 09:45:00,2020-06-23 12:00:00,NIFTY BANK,bearish,288.17,217.82,1110,-78091.89,771.29,-78863.18,pro_OTE+RSI_Div+VWAP,stop_loss_premium_phase3
2020-07-06 09:45:00,2020-07-06 11:15:00,NIFTY BANK,bearish,101.44,120.79,1500,29021.83,532.35,28489.48,pro_LiqSweep+RSI_Div+VWAP,stop_loss_premium_phase3
2020-07-07 10:30:00,2020-07-07 11:30:00,NIFTY BANK,bullish,199.44,189.48,1500,-14930.73,847.94,-15778.67,pro_FVG+OTE,stop_loss_premium_phase2
2020-07-14 14:15:00,2020-07-14 15:15:00,NIFTY BANK,bullish,219.44,256.77,1500,55997.93,1082.27,54915.66,pro_LiqSweep+OTE,intraday_square_off
2020-07-24 14:15:00,2020-07-24 15:15:00,NIFTY BANK,bullish,212.78,190.98,1500,-32696.86,865.86,-33562.72,pro_FVG+RSI_Div,intraday_square_off
2020-08-04 14:15:00,2020-08-04 15:15:00,NIFTY BANK,bearish,203.11,190.78,1500,-18489.81,855.69,-19345.5,pro_FVG+OTE+RSI_Div+VWAP,intraday_square_off
2020-08-07 10:45:00,2020-08-07 12:15:00,NIFTY BANK,bullish,218.94,262.26,1500,64978.38,1099.26,63879.12,pro_LiqSweep+OTE,stop_loss_premium_phase3
2020-08-10 10:00:00,2020-08-10 11:30:00,NIFTY BANK,bullish,231.9,247.78,1500,23817.75,1065.83,22751.92,pro_FVG+VP,stop_loss_premium_phase3
2020-08-11 09:45:00,2020-08-11 10:00:00,NIFTY BANK,bullish,323.75,246.15,510,-39575.05,422.53,-39997.58,pro_FVG+OTE,target
2020-08-18 11:00:00,2020-08-18 12:30:00,NIFTY BANK,bullish,233.09,243.58,1500,15739.09,1053.64,14685.45,pro_FVG+VP,stop_loss_premium_phase3
2020-08-19 09:45:00,2020-08-19 10:00:00,NIFTY BANK,bullish,349.47,280.51,480,-33098.72,443.62,-33542.34,pro_LiqSweep+VP,target
2020-08-28 10:00:00,2020-08-28 10:30:00,NIFTY BANK,bullish,227.3,329.91,1500,153921.15,1323.29,152597.86,pro_LiqSweep+FVG+VP,target
2020-08-28 10:45:00,2020-08-28 11:30:00,NIFTY BANK,bullish,227.64,320.79,1500,139737.6,1294.54,138443.06,pro_LiqSweep+VP,target
2020-09-07 10:30:00,2020-09-07 12:00:00,NIFTY BANK,bullish,290.52,289.72,1500,-1194.85,1257.35,-2452.2,pro_LiqSweep+FVG+OTE,stop_loss_premium_phase3
2020-09-08 10:30:00,2020-09-08 12:00:00,NIFTY BANK,bearish,204.31,221.71,1500,26100.42,955.52,25144.9,pro_LiqSweep+OTE+VWAP,stop_loss_premium_phase3
2020-09-11 10:45:00,2020-09-11 11:45:00,NIFTY BANK,bullish,257.82,258.27,1500,674.86,1124.84,-449.98,pro_LiqSweep+OTE,stop_loss_premium_phase2
2020-09-11 14:15:00,2020-09-11 14:45:00,NIFTY BANK,bullish,214.09,278.78,1500,97038.88,1147.18,95891.7,pro_LiqSweep+OTE,target
2020-10-12 10:00:00,2020-10-12 11:00:00,NIFTY BANK,bullish,209.72,199.27,1500,-15686.28,889.28,-16575.56,pro_LiqSweep+FVG,stop_loss_premium_phase2
2020-10-13 14:15:00,2020-10-13 15:15:00,NIFTY BANK,bullish,236.85,253.58,1500,25091.18,1089.22,24001.96,pro_LiqSweep+OTE+RSI_Div,intraday_square_off
2020-10-26 10:00:00,2020-10-26 11:15:00,NIFTY BANK,bullish,210.17,209.58,1500,-890.33,922.6,-1812.93,pro_LiqSweep+RSI_Div,stop_loss_premium_phase2
2020-10-27 09:45:00,2020-10-27 10:15:00,NIFTY BANK,bullish,273.46,297.14,1200,28417.03,1020.8,27396.23,pro_LiqSweep+OTE,target
2020-11-02 09:45:00,2020-11-02 10:00:00,NIFTY BANK,bullish,484.81,410.19,450,-33577.73,582.9,-34160.63,pro_LiqSweep+OTE,target
2020-11-06 10:00:00,2020-11-06 11:30:00,NIFTY BANK,bullish,221.53,220.9,1500,-944.56,969.89,-1914.45,pro_LiqSweep+VP,stop_loss_premium_phase3
2020-11-06 14:15:00,2020-11-06 15:15:00,NIFTY BANK,bullish,211.26,267.14,1500,83822.42,1107.27,82715.15,pro_LiqSweep+FVG+VP,intraday_square_off
2020-11-23 10:00:00,2020-11-23 11:30:00,NIFTY BANK,bearish,444.81,487.54,1500,64097.97,2040.22,62057.75,pro_LiqSweep+RSI_Div+VWAP,stop_loss_premium_phase3
2020-11-24 09:45:00,2020-11-24 10:45:00,NIFTY BANK,bearish,224.62,219.51,1500,-7657.72,968.52,-8626.24,pro_OTE+RSI_Div+VWAP,stop_loss_premium_phase2
2020-11-27 10:15:00,2020-11-27 11:45:00,NIFTY BANK,bearish,382.3,413.35,1500,46566.95,1742.02,44824.93,pro_LiqSweep+OTE+VWAP,stop_loss_premium_phase3
2020-11-27 14:15:00,2020-11-27 14:45:00,NIFTY BANK,bearish,202.85,271.94,1500,103635.24,1114.3,102520.94,pro_OTE+RSI_Div+VWAP,target
2020-12-07 10:00:00,2020-12-07 11:30:00,NIFTY BANK,bullish,277.21,286.5,1500,13933.37,1233.94,12699.43,pro_LiqSweep+VP,stop_loss_premium_phase3
2020-12-08 10:00:00,2020-12-08 11:30:00,NIFTY BANK,bearish,193.75,253.07,1500,88975.17,1045.15,87930.02,pro_LiqSweep+RSI_Div+VWAP,stop_loss_premium_phase3
2020-12-08 14:15:00,2020-12-08 15:15:00,NIFTY BANK,bearish,197.67,219.67,1500,32996.37,942.49,32053.88,pro_LiqSweep+OTE+VWAP,intraday_square_off
2020-12-11 10:00:00,2020-12-11 11:15:00,NIFTY BANK,bullish,256.54,256.01,1500,-797.73,1116.35,-1914.08,pro_LiqSweep+FVG+VP+RSI_Div,stop_loss_premium_phase2
2020-12-11 11:30:00,2020-12-11 13:00:00,NIFTY BANK,bullish,227.81,267.59,1500,59670.13,1125.02,58545.11,pro_LiqSweep+FVG,stop_loss_premium_phase3
2020-12-16 09:45:00,2020-12-16 10:00:00,NIFTY BANK,bullish,291.17,273.33,870,-15524.03,719.13,-16243.16,pro_FVG+VP,target
2020-12-18 14:15:00,2020-12-18 15:15:00,NIFTY BANK,bearish,214.87,190.8,1500,-36092.54,867.35,-36959.89,pro_FVG+OTE+VWAP,intraday_square_off
2020-12-21 10:00:00,2020-12-21 11:30:00,NIFTY BANK,bearish,203.01,202.43,1500,-873.04,892.74,-1765.78,pro_FVG+RSI_Div+VWAP,stop_loss_premium_phase3
2020-12-29 10:45:00,2020-12-29 12:15:00,NIFTY BANK,bullish,205.31,233.83,1500,42775.06,995.17,41779.89,pro_FVG+VP,stop_loss_premium_phase3
2020-12-29 14:15:00,2020-12-29 15:15:00,NIFTY BANK,bullish,205.7,211.25,1500,8329.57,923.53,7406.04,pro_FVG+VP,intraday_square_off
2021-01-05 10:00:00,2021-01-05 11:00:00,NIFTY BANK,bullish,204.61,294.99,1500,135576.69,1189.57,134387.12,pro_LiqSweep+RSI_Div,target
2021-01-05 11:15:00,2021-01-05 12:45:00,NIFTY BANK,bullish,217.39,240.78,1500,35085.04,1029.24,34055.8,pro_LiqSweep+VP,stop_loss_premium_phase3
2021-01-05 14:15:00,2021-01-05 15:15:00,NIFTY BANK,bullish,221.04,232.62,1500,17373.5,1006.81,16366.69,pro_VP+RSI_Div,intraday_square_off
2021-01-13 09:45:00,2021-01-13 10:00:00,NIFTY BANK,bullish,382.51,294.89,510,-44689.63,495.05,-45184.68,pro_VP+RSI_Div,target
2021-01-15 10:45:00,2021-01-15 12:45:00,NIFTY BANK,bullish,224.14,266.43,1500,63428.07,1117.68,62310.39,pro_LiqSweep+RSI_Div,stop_loss_premium_phase3
2021-01-18 09:45:00,2021-01-18 11:30:00,NIFTY BANK,bullish,320.57,249.42,1410,-100321.16,1091.7,-101412.86,pro_LiqSweep+OTE,stop_loss_premium_phase3
2021-02-09 14:15:00,2021-02-09 14:45:00,NIFTY BANK,bearish,235.07,357.32,1500,183371.29,1418.34,181952.95,pro_LiqSweep+RSI_Div+VWAP,target
2021-02-12 10:00:00,2021-02-12 11:00:00,NIFTY BANK,bullish,328.44,442.57,1500,171195.69,1782.2,169413.49,pro_LiqSweep+VP,target
2021-02-12 11:15:00,2021-02-12 12:45:00,NIFTY BANK,bullish,319.64,318.98,1500,-994.28,1379.35,-2373.63,pro_LiqSweep+VP,stop_loss_premium_phase3
2021-02-19 10:30:00,2021-02-19 11:30:00,NIFTY BANK,bullish,434.08,421.94,1500,-18210.0,1820.42,-20030.42,pro_FVG+RSI_Div,stop_loss_premium_phase2
2021-02-23 11:00:00,2021-02-23 11:30:00,NIFTY BANK,bearish,321.61,467.97,1500,219551.44,1856.5,217694.94,pro_LiqSweep+OTE+VWAP,target
2021-03-26 10:00:00,2021-03-26 11:30:00,NIFTY BANK,bearish,691.27,689.66,1500,-2408.78,2927.57,-5336.35,pro_LiqSweep+OTE+VWAP,stop_loss_premium_phase3
2021-04-16 10:00:00,2021-04-16 11:30:00,NIFTY BANK,bearish,467.92,466.69,1500,-1844.88,1996.46,-3841.34,pro_LiqSweep+FVG+RSI_Div+VWAP,stop_loss_premium_phase3
2021-04-19 14:15:00,2021-04-19 15:00:00,NIFTY BANK,bullish,232.29,344.28,1500,167996.4,1374.04,166622.36,pro_FVG+VP,target
2021-04-27 10:00:00,2021-04-27 11:30:00,NIFTY BANK,bullish,218.57,272.12,1500,80326.26,1130.36,79195.9,pro_LiqSweep+FVG+RSI_Div,stop_loss_premium_phase3
2021-04-27 14:15:00,2021-04-27 15:15:00,NIFTY BANK,bullish,234.08,252.15,1500,27103.71,1081.93,26021.78,pro_LiqSweep+VP,intraday_square_off
2021-05-03 11:00:00,2021-05-03 12:15:00,NIFTY BANK,bullish,450.89,450.94,1500,77.71,1929.46,-1851.75,pro_FVG+OTE,stop_loss_premium_phase2
2021-05-14 10:00:00,2021-05-14 11:00:00,NIFTY BANK,bullish,272.78,271.88,1500,-1344.92,1182.98,-2527.9,pro_LiqSweep+RSI_Div,stop_loss_premium_phase2
2021-05-31 10:00:00,2021-05-31 11:30:00,NIFTY BANK,bullish,233.79,233.33,1500,-695.49,1021.61,-1717.1,pro_LiqSweep+VP,stop_loss_premium_phase3
2021-05-31 14:15:00,2021-05-31 15:15:00,NIFTY BANK,bullish,220.39,262.81,1500,63630.21,1102.45,62527.76,pro_LiqSweep+VP,intraday_square_off
2021-06-04 10:00:00,2021-06-04 11:00:00,NIFTY BANK,bullish,205.09,205.64,1500,833.05,905.05,-72.0,pro_LiqSweep+VP,stop_loss_premium_phase2
2021-06-07 10:45:00,2021-06-07 12:30:00,NIFTY BANK,bearish,202.82,222.38,1500,29331.62,956.19,28375.43,pro_LiqSweep+RSI_Div+VWAP,stop_loss_premium_phase3
2021-06-07 14:15:00,2021-06-07 15:15:00,NIFTY BANK,bearish,210.19,246.34,1500,54231.73,1039.87,53191.86,pro_LiqSweep+OTE+VWAP,intraday_square_off
2021-06-11 10:15:00,2021-06-11 11:15:00,NIFTY BANK,bearish,203.0,272.36,1500,104037.55,1115.79,102921.76,pro_LiqSweep+OTE+VWAP,target
2021-06-28 10:00:00,2021-06-28 11:30:00,NIFTY BANK,bearish,206.13,244.31,1500,57265.86,1029.4,56236.46,pro_FVG+RSI_Div+VWAP,stop_loss_premium_phase3
2021-07-02 10:00:00,2021-07-02 11:30:00,NIFTY BANK,bullish,209.7,209.0,1500,-1045.79,920.3,-1966.09,pro_LiqSweep+OTE,stop_loss_premium_phase3
2021-07-02 14:15:00,2021-07-02 15:15:00,NIFTY BANK,bullish,199.49,186.84,1500,-18989.41,839.55,-19828.96,pro_LiqSweep+VP,intraday_square_off
2021-07-07 09:45:00,2021-07-07 11:15:00,NIFTY BANK,bearish,245.93,293.46,1500,71297.62,1225.35,70072.27,pro_LiqSweep+OTE+RSI_Div+VWAP,stop_loss_premium_phase3
2021-07-09 11:00:00,2021-07-09 12:30:00,NIFTY BANK,bullish,315.94,315.08,1500,-1288.8,1363.27,-2652.07,pro_FVG+OTE,stop_loss_premium_phase3
2021-07-23 10:30:00,2021-07-23 12:00:00,NIFTY BANK,bullish,335.49,376.59,1500,61649.53,1578.69,60070.84,pro_FVG+VP+RSI_Div,stop_loss_premium_phase3
2021-07-26 14:15:00,2021-07-26 15:15:00,NIFTY BANK,bearish,199.56,241.81,1500,63363.27,1014.96,62348.31,pro_FVG+OTE+VWAP,intraday_square_off
2021-07-27 10:45:00,2021-07-27 12:15:00,NIFTY BANK,bearish,219.25,245.04,1500,38680.59,1044.64,37635.95,pro_LiqSweep+OTE+RSI_Div+VWAP,stop_loss_premium_phase3
2021-08-06 10:15:00,2021-08-06 11:45:00,NIFTY BANK,bearish,271.79,324.06,1500,78401.87,1348.43,77053.44,pro_LiqSweep+OTE+VWAP,stop_loss_premium_phase3
2021-08-09 10:45:00,2021-08-09 12:15:00,NIFTY BANK,bullish,217.58,233.78,1500,24306.23,1007.11,23299.12,pro_FVG+VP,stop_loss_premium_phase3
2021-08-10 10:00:00,2021-08-10 11:30:00,NIFTY BANK,bullish,218.31,204.89,1500,-20133.19,915.66,-21048.85,pro_LiqSweep+VP,stop_loss_premium_phase3
2021-08-13 10:00:00,2021-08-13 11:30:00,NIFTY BANK,bullish,219.99,233.45,1500,20193.61,1008.42,19185.19,pro_LiqSweep+FVG+VP,stop_loss_premium_phase3
2021-08-13 14:15:00,2021-08-13 15:15:00,NIFTY BANK,bearish,235.19,244.12,1500,13394.03,1057.39,12336.64,pro_LiqSweep+OTE+RSI_Div+VWAP,intraday_square_off
2021-08-16 10:00:00,2021-08-16 11:00:00,NIFTY BANK,bearish,194.35,193.66,1500,-1032.06,856.26,-1888.32,pro_LiqSweep+OTE+RSI_Div+VWAP,stop_loss_premium_phase2
2021-08-16 11:30:00,2021-08-16 13:00:00,NIFTY BANK,bearish,229.53,249.07,1500,29298.92,1067.62,28231.3,pro_LiqSweep+OTE+VWAP,stop_loss_premium_phase3
2021-08-27 10:00:00,2021-08-27 11:30:00,NIFTY BANK,bearish,226.07,215.64,1500,-15645.4,957.59,-16602.99,pro_LiqSweep+FVG+VWAP,stop_loss_premium_phase3
2021-08-31 11:00:00,2021-08-31 12:30:00,NIFTY BANK,bullish,218.61,248.28,1500,44510.92,1054.35,43456.57,pro_FVG+VP,stop_loss_premium_phase3
2021-09-03 10:00:00,2021-09-03 11:00:00,NIFTY BANK,bullish,205.11,193.88,1500,-16841.29,867.56,-17708.85,pro_FVG+VP,stop_loss_premium_phase2
2021-10-05 11:30:00,2021-10-05 12:45:00,NIFTY BANK,bullish,218.94,326.77,1500,161750.32,1305.05,160445.27,pro_LiqSweep+FVG+OTE,target
2021-10-12 10:00:00,2021-10-12 11:30:00,NIFTY BANK,bullish,222.12,221.35,1500,-1165.55,971.91,-2137.46,pro_LiqSweep+VP,stop_loss_premium_phase3
2021-10-18 14:15:00,2021-10-18 15:15:00,NIFTY BANK,bearish,202.16,234.02,1500,47788.78,992.67,46796.11,pro_OTE+RSI_Div+VWAP,intraday_square_off
2021-10-19 11:30:00,2021-10-19 13:00:00,NIFTY BANK,bearish,249.91,249.03,1500,-1314.16,1087.58,-2401.74,pro_FVG+OTE+VWAP,stop_loss_premium_phase3
2021-10-22 10:00:00,2021-10-22 11:30:00,NIFTY BANK,bullish,406.21,488.28,1500,123101.47,2004.56,121096.91,pro_LiqSweep+VP,stop_loss_premium_phase3
2021-10-26 14:15:00,2021-10-26 15:15:00,NIFTY BANK,bullish,255.7,235.26,1500,-30658.81,1049.36,-31708.17,pro_LiqSweep+VP,intraday_square_off
2021-11-09 10:00:00,2021-11-09 11:15:00,NIFTY BANK,bullish,210.89,210.47,1500,-633.04,926.15,-1559.19,pro_LiqSweep+VP,stop_loss_premium_phase2
2021-11-09 14:15:00,2021-11-09 15:15:00,NIFTY BANK,bearish,208.05,217.7,1500,14480.05,946.42,13533.63,pro_FVG+RSI_Div+VWAP,intraday_square_off
2021-12-06 10:00:00,2021-12-06 11:45:00,NIFTY BANK,bearish,220.84,256.85,1500,54014.37,1083.88,52930.49,pro_FVG+RSI_Div+VWAP,stop_loss_premium_phase3
2021-12-10 10:00:00,2021-12-10 11:30:00,NIFTY BANK,bullish,284.05,314.67,1500,45929.73,1330.54,44599.19,pro_LiqSweep+FVG+RSI_Div,stop_loss_premium_phase3
2021-12-10 14:15:00,2021-12-10 15:15:00,NIFTY BANK,bullish,233.46,308.24,1500,112173.54,1260.23,110913.31,pro_LiqSweep+FVG+RSI_Div,intraday_square_off
2021-12-14 11:30:00,2021-12-14 12:00:00,NIFTY BANK,bullish,198.02,312.34,1500,171472.77,1238.41,170234.36,pro_LiqSweep+OTE+RSI_Div,target
2021-12-14 14:15:00,2021-12-14 15:15:00,NIFTY BANK,bullish,211.87,257.06,1500,67786.49,1075.74,66710.75,pro_LiqSweep+FVG+RSI_Div,intraday_square_off
2021-12-28 14:15:00,2021-12-28 14:45:00,NIFTY BANK,bearish,185.31,256.12,1500,106217.42,1046.59,105170.83,pro_OTE+RSI_Div+VWAP,target
2021-12-31 10:00:00,2021-12-31 11:30:00,NIFTY BANK,bullish,250.58,249.77,1500,-1221.16,1090.57,-2311.73,pro_LiqSweep+FVG+VP+RSI_Div,stop_loss_premium_phase3
2022-01-03 09:45:00,2022-01-03 10:00:00,NIFTY BANK,bullish,290.05,264.88,1320,-33230.62,1041.98,-34272.6,pro_FVG+VP+OTE,target
2022-01-03 11:30:00,2022-01-03 13:15:00,NIFTY BANK,bullish,207.24,302.68,1500,143152.85,1216.67,141936.18,pro_FVG+VP,target
2022-01-11 10:30:00,2022-01-11 12:15:00,NIFTY BANK,bullish,200.02,243.05,1500,64542.97,1019.37,63523.6,pro_LiqSweep+RSI_Div,stop_loss_premium_phase3
2022-01-11 14:15:00,2022-01-11 15:15:00,NIFTY BANK,bullish,221.87,236.78,1500,22363.47,1020.89,21342.58,pro_LiqSweep+VP,intraday_square_off
2022-01-14 11:15:00,2022-01-14 12:45:00,NIFTY BANK,bullish,240.15,275.35,1500,52810.4,1161.92,51648.48,pro_LiqSweep+RSI_Div,stop_loss_premium_phase3
2022-01-14 14:15:00,2022-01-14 15:15:00,NIFTY BANK,bullish,201.93,228.14,1500,39313.81,973.68,38340.13,pro_LiqSweep+VP,intraday_square_off
2022-01-17 10:30:00,2022-01-17 12:00:00,NIFTY BANK,bearish,194.5,213.37,1500,28304.5,919.27,27385.23,pro_LiqSweep+RSI_Div+VWAP,stop_loss_premium_phase3
2022-01-25 10:00:00,2022-01-25 11:45:00,NIFTY BANK,bullish,547.97,594.31,1500,69505.49,2482.33,67023.16,pro_LiqSweep+RSI_Div,stop_loss_premium_phase3
2022-01-31 14:15:00,2022-01-31 15:15:00,NIFTY BANK,bearish,224.57,245.83,1500,31894.59,1052.41,30842.18,pro_OTE+RSI_Div+VWAP,intraday_square_off
2022-02-04 10:00:00,2022-02-04 11:30:00,NIFTY BANK,bearish,287.06,321.37,1500,51469.38,1354.87,50114.51,pro_LiqSweep+RSI_Div+VWAP,stop_loss_premium_phase3
2022-02-25 14:15:00,2022-02-25 15:15:00,NIFTY BANK,bearish,342.16,374.64,1500,48727.69,1579.05,47148.64,pro_LiqSweep+FVG+OTE+VWAP,intraday_square_off
2022-03-07 11:00:00,2022-03-07 12:30:00,NIFTY BANK,bullish,587.63,652.08,1500,96685.65,2705.66,93979.99,pro_FVG+VP,stop_loss_premium_phase3
2022-03-11 11:00:00,2022-03-11 12:30:00,NIFTY BANK,bearish,683.67,683.23,1500,-664.07,2899.58,-3563.65,pro_LiqSweep+FVG+VWAP,stop_loss_premium_phase3
2022-03-14 09:45:00,2022-03-14 11:15:00,NIFTY BANK,bullish,428.62,488.15,1500,89284.33,2026.22,87258.11,pro_LiqSweep+FVG+OTE+RSI_Div,target
2022-03-22 10:00:00,2022-03-22 11:30:00,NIFTY BANK,bullish,221.15,280.69,1500,89306.71,1160.23,88146.48,pro_FVG+RSI_Div,stop_loss_premium_phase3
2022-03-22 14:15:00,2022-03-22 15:15:00,NIFTY BANK,bullish,203.68,249.26,1500,68369.54,1042.79,67326.75,pro_VP+RSI_Div,intraday_square_off
2022-04-01 10:00:00,2022-04-01 11:30:00,NIFTY BANK,bullish,228.02,260.44,1500,48628.44,1102.39,47526.05,pro_LiqSweep+VP+RSI_Div,stop_loss_premium_phase3
2022-04-05 10:30:00,2022-04-05 11:30:00,NIFTY BANK,bearish,221.51,210.27,1500,-16859.92,935.97,-17795.89,pro_LiqSweep+FVG+VWAP,stop_loss_premium_phase2
2022-04-08 10:00:00,2022-04-08 10:15:00,NIFTY BANK,bearish,294.89,389.0,1500,141154.37,1578.3,139576.07,pro_LiqSweep+RSI_Div+VWAP,target
2022-04-08 10:30:00,2022-04-08 12:00:00,NIFTY BANK,bearish,399.2,398.11,1500,-1635.3,1710.08,-3345.38,pro_LiqSweep+RSI_Div+VWAP,stop_loss_premium_phase3
2022-04-08 14:15:00,2022-04-08 15:15:00,NIFTY BANK,bullish,263.65,249.05,1500,-21902.0,1101.14,-23003.14,pro_LiqSweep+VP+RSI_Div,intraday_square_off
2022-04-20 09:45:00,2022-04-20 10:00:00,NIFTY BANK,bearish,459.2,307.56,600,-90983.3,620.45,-91603.75,pro_LiqSweep+FVG+OTE+VWAP,target
2022-04-29 10:30:00,2022-04-29 11:30:00,NIFTY BANK,bearish,211.9,211.16,1500,-1101.13,929.36,-2030.49,pro_OTE+RSI_Div+VWAP,stop_loss_premium_phase2
2022-05-16 09:45:00,2022-05-16 11:15:00,NIFTY BANK,bearish,267.8,266.49,1500,-1960.14,1160.89,-3121.03,pro_LiqSweep+VP+VWAP,stop_loss_premium_phase3
2022-05-16 11:30:00,2022-05-16 13:00:00,NIFTY BANK,bearish,403.14,458.73,1500,83384.38,1907.28,81477.1,pro_LiqSweep+OTE+VWAP,stop_loss_premium_phase3
2022-05-23 14:15:00,2022-05-23 15:15:00,NIFTY BANK,bearish,204.09,275.34,1500,106878.44,1126.36,105752.08,pro_LiqSweep+RSI_Div+VWAP,intraday_square_off
2022-05-27 14:15:00,2022-05-27 15:15:00,NIFTY BANK,bearish,197.38,216.99,1500,29410.52,933.65,28476.87,pro_LiqSweep+RSI_Div+VWAP,intraday_square_off
2022-06-13 14:15:00,2022-06-13 15:15:00,NIFTY BANK,bullish,225.16,293.01,1500,101772.19,1203.46,100568.73,pro_LiqSweep+RSI_Div,intraday_square_off
2022-06-14 10:00:00,2022-06-14 11:00:00,NIFTY BANK,bullish,209.14,323.68,1500,171801.77,1285.52,170516.25,pro_LiqSweep+VP+RSI_Div,target
2022-06-14 11:15:00,2022-06-14 12:15:00,NIFTY BANK,bullish,198.98,198.59,1500,-586.5,876.54,-1463.04,pro_LiqSweep+VP+RSI_Div,stop_loss_premium_phase2
2022-06-17 10:00:00,2022-06-17 11:30:00,NIFTY BANK,bullish,491.89,528.58,1500,55035.62,2217.46,52818.16,pro_LiqSweep+RSI_Div,stop_loss_premium_phase3
2022-06-20 10:00:00,2022-06-20 11:30:00,NIFTY BANK,bearish,354.78,394.36,1500,59365.85,1654.35,57711.5,pro_LiqSweep+RSI_Div+VWAP,stop_loss_premium_phase3
2022-06-20 14:15:00,2022-06-20 15:15:00,NIFTY BANK,bullish,195.85,237.22,1500,62055.78,996.68,61059.1,pro_LiqSweep+OTE+RSI_Div,intraday_square_off
2022-06-29 09:45:00,2022-06-29 11:15:00,NIFTY BANK,bullish,104.56,121.09,1500,24800.44,536.39,24264.05,pro_VP+RSI_Div,stop_loss_premium_phase3
2022-07-04 11:15:00,2022-07-04 12:45:00,NIFTY BANK,bullish,192.04,203.42,1500,17071.81,885.12,16186.69,pro_FVG+VP,stop_loss_premium_phase3
2022-07-04 14:15:00,2022-07-04 15:00:00,NIFTY BANK,bullish,203.19,290.43,1500,130862.62,1173.63,129688.99,pro_LiqSweep+VP,target
2022-07-15 11:00:00,2022-07-15 12:30:00,NIFTY BANK,bullish,218.49,242.71,1500,36332.12,1036.48,35295.64,pro_LiqSweep+RSI_Div,stop_loss_premium_phase3
2022-07-18 09:45:00,2022-07-18 10:00:00,NIFTY BANK,bullish,327.82,309.27,1500,-27821.38,1356.41,-29177.79,pro_LiqSweep+VP,target
2022-07-25 10:15:00,2022-07-25 11:45:00,NIFTY BANK,bearish,229.08,228.43,1500,-978.41,1001.33,-1979.74,pro_FVG+RSI_Div+VWAP,stop_loss_premium_phase3
2022-07-26 11:00:00,2022-07-26 12:00:00,NIFTY BANK,bearish,207.18,196.18,1500,-16512.51,876.92,-17389.43,pro_LiqSweep+FVG+VWAP,stop_loss_premium_phase2
2022-08-02 09:45:00,2022-08-02 11:15:00,NIFTY BANK,bullish,183.43,239.23,1500,83697.76,990.87,82706.89,pro_FVG+VP,stop_loss_premium_phase3
2022-08-08 10:15:00,2022-08-08 11:45:00,NIFTY BANK,bearish,190.63,189.97,1500,-999.4,840.81,-1840.21,pro_LiqSweep+OTE+VWAP,stop_loss_premium_phase3
2022-08-10 09:45:00,2022-08-10 10:45:00,NIFTY BANK,bearish,178.53,178.14,1500,-578.86,791.19,-1370.05,pro_LiqSweep+RSI_Div+VWAP,stop_loss_premium_phase2
2022-08-16 09:45:00,2022-08-16 10:00:00,NIFTY BANK,bullish,403.29,245.81,750,-118114.58,637.76,-118752.34,pro_LiqSweep+VP,target
2022-08-23 10:15:00,2022-08-23 11:15:00,NIFTY BANK,bullish,207.08,207.51,1500,645.44,912.95,-267.51,pro_FVG+VP,stop_loss_premium_phase2
2022-09-06 10:45:00,2022-09-06 11:45:00,NIFTY BANK,bearish,227.43,227.89,1500,677.03,998.0,-320.97,pro_FVG+RSI_Div+VWAP,stop_loss_premium_phase2
2022-10-10 10:00:00,2022-10-10 11:30:00,NIFTY BANK,bullish,281.64,388.43,1500,160193.51,1563.45,158630.06,pro_FVG+RSI_Div,target
2022-10-17 10:15:00,2022-10-17 11:45:00,NIFTY BANK,bullish,308.6,331.75,1500,34729.92,1409.21,33320.71,pro_VP+RSI_Div,stop_loss_premium_phase3
2022-10-17 14:15:00,2022-10-17 15:15:00,NIFTY BANK,bullish,196.42,240.99,1500,66858.27,1009.26,65849.01,pro_LiqSweep+VP,intraday_square_off
2022-10-21 14:15:00,2022-10-21 15:15:00,NIFTY BANK,bearish,195.63,164.06,1500,-47341.43,763.11,-48104.54,pro_LiqSweep+RSI_Div+VWAP,intraday_square_off
2022-10-25 10:00:00,2022-10-25 11:30:00,NIFTY BANK,bearish,246.39,301.98,1500,83386.51,1253.0,82133.51,pro_LiqSweep+OTE+RSI_Div+VWAP,stop_loss_premium_phase3
2022-10-27 09:45:00,2022-10-27 11:15:00,NIFTY BANK,bearish,99.64,133.85,1500,51317.91,572.23,50745.68,pro_OTE+RSI_Div+VWAP,stop_loss_premium_phase3
2022-10-28 10:15:00,2022-10-28 11:15:00,NIFTY BANK,bullish,233.1,233.65,1500,823.28,1021.94,-198.66,pro_FVG+VP,stop_loss_premium_phase2
2022-10-31 09:45:00,2022-10-31 10:00:00,NIFTY BANK,bullish,281.74,262.9,1500,-28256.57,1163.15,-29419.72,pro_FVG+OTE,target
2022-11-21 14:15:00,2022-11-21 15:15:00,NIFTY BANK,bullish,220.81,277.65,1500,85252.75,1150.19,84102.56,pro_LiqSweep+VP+RSI_Div,intraday_square_off
2022-11-22 10:00:00,2022-11-22 11:30:00,NIFTY BANK,bullish,205.57,210.45,1500,7317.35,920.84,6396.51,pro_LiqSweep+VP+RSI_Div,stop_loss_premium_phase3
2022-11-22 14:15:00,2022-11-22 15:15:00,NIFTY BANK,bullish,199.52,219.49,1500,29961.21,943.73,29017.48,pro_LiqSweep+VP,intraday_square_off
2022-11-25 11:15:00,2022-11-25 12:15:00,NIFTY BANK,bullish,192.25,192.7,1500,667.04,851.12,-184.08,pro_FVG+OTE,stop_loss_premium_phase2
2022-11-28 09:45:00,2022-11-28 11:15:00,NIFTY BANK,bullish,180.76,208.99,1500,42352.47,891.78,41460.69,pro_LiqSweep+OTE,stop_loss_premium_phase3
2022-11-29 11:30:00,2022-11-29 13:00:00,NIFTY BANK,bearish,228.36,257.76,1500,44099.4,1094.19,43005.21,pro_OTE+RSI_Div+VWAP,stop_loss_premium_phase3
2022-12-02 14:15:00,2022-12-02 15:15:00,NIFTY BANK,bullish,199.06,209.39,1500,15490.39,911.07,14579.32,pro_LiqSweep+VP+OTE,intraday_square_off
2022-12-12 14:15:00,2022-12-12 15:15:00,NIFTY BANK,bullish,192.93,230.46,1500,56281.35,972.22,55309.13,pro_LiqSweep+VP,intraday_square_off
2022-12-13 10:00:00,2022-12-13 11:45:00,NIFTY BANK,bullish,188.92,225.01,1500,54138.7,950.9,53187.8,pro_LiqSweep+VP,stop_loss_premium_phase3
2022-12-13 14:15:00,2022-12-13 15:15:00,NIFTY BANK,bullish,175.43,206.28,1500,46265.86,877.88,45387.98,pro_LiqSweep+VP,intraday_square_off
2022-12-21 09:45:00,2022-12-21 10:00:00,NIFTY BANK,bullish,341.6,274.78,1200,-80190.7,1017.41,-81208.11,pro_VP+RSI_Div,target
2022-12-26 10:00:00,2022-12-26 11:30:00,NIFTY BANK,bullish,249.62,256.59,1500,10446.06,1111.39,9334.67,pro_LiqSweep+FVG+VP+RSI_Div,stop_loss_premium_phase3
2023-01-02 10:00:00,2023-01-02 11:30:00,NIFTY BANK,bullish,211.52,239.84,1500,42481.92,1020.46,41461.46,pro_LiqSweep+VP,stop_loss_premium_phase3
2023-01-05 11:00:00,2023-01-05 12:00:00,NIFTY BANK,bullish,300.4,289.06,1500,-17001.65,1264.97,-18266.62,pro_LiqSweep+RSI_Div,stop_loss_premium_phase2
2023-01-12 14:15:00,2023-01-12 15:15:00,NIFTY BANK,bullish,226.18,254.49,1500,42471.85,1081.61,41390.24,pro_LiqSweep+OTE,intraday_square_off
2023-01-13 10:15:00,2023-01-13 11:45:00,NIFTY BANK,bearish,245.16,259.47,1500,21463.74,1116.18,20347.56,pro_LiqSweep+RSI_Div+VWAP,stop_loss_premium_phase3
2023-01-19 10:00:00,2023-01-19 11:30:00,NIFTY BANK,bullish,225.34,263.07,1500,56597.91,1108.15,55489.76,pro_LiqSweep+VP+RSI_Div,stop_loss_premium_phase3
2023-02-02 11:15:00,2023-02-02 12:45:00,NIFTY BANK,bullish,886.98,907.51,1500,30796.89,3815.12,26981.77,pro_FVG+OTE,stop_loss_premium_phase3
2023-02-03 09:45:00,2023-02-03 10:00:00,NIFTY BANK,bullish,718.47,629.66,750,-66608.82,1405.08,-68013.9,pro_VP+RSI_Div,target
2023-02-06 10:15:00,2023-02-06 11:45:00,NIFTY BANK,bearish,216.56,237.68,1500,31671.06,1018.52,30652.54,pro_FVG+RSI_Div+VWAP,stop_loss_premium_phase3
2023-02-10 11:30:00,2023-02-10 13:00:00,NIFTY BANK,bearish,228.37,242.25,1500,20814.8,1044.72,19770.08,pro_LiqSweep+RSI_Div+VWAP,stop_loss_premium_phase3
2023-02-20 11:00:00,2023-02-20 12:00:00,NIFTY BANK,bullish,234.15,234.73,1500,880.13,1026.45,-146.32,pro_FVG+VP,stop_loss_premium_phase2
2023-02-23 11:30:00,2023-02-23 13:00:00,NIFTY BANK,bearish,393.34,429.65,1500,54458.95,1804.9,52654.05,pro_FVG+OTE+VWAP,stop_loss_premium_phase3
2023-02-27 10:00:00,2023-02-27 11:00:00,NIFTY BANK,bullish,229.52,333.53,1500,156015.21,1337.03,154678.18,pro_LiqSweep+RSI_Div,target
2023-02-27 11:15:00,2023-02-27 12:45:00,NIFTY BANK,bullish,215.47,238.37,1500,34359.42,1019.66,33339.76,pro_LiqSweep+VP,stop_loss_premium_phase3
2023-02-27 14:15:00,2023-02-27 15:15:00,NIFTY BANK,bullish,196.84,245.93,1500,73631.98,1025.43,72606.55,pro_FVG+VP,intraday_square_off
2023-03-02 10:00:00,2023-03-02 11:30:00,NIFTY BANK,bearish,222.27,221.63,1500,-957.24,972.95,-1930.19,pro_LiqSweep+FVG+RSI_Div+VWAP,stop_loss_premium_phase3
2023-03-02 14:15:00,2023-03-02 15:15:00,NIFTY BANK,bearish,208.3,226.94,1500,27958.65,976.15,26982.5,pro_LiqSweep+FVG+VWAP,intraday_square_off
2023-03-09 10:15:00,2023-03-09 11:45:00,NIFTY BANK,bearish,197.59,197.43,1500,-233.33,871.48,-1104.81,pro_OTE+RSI_Div+VWAP,stop_loss_premium_phase3
2023-03-13 10:00:00,2023-03-13 11:00:00,NIFTY BANK,bullish,195.56,195.18,1500,-573.34,862.29,-1435.63,pro_LiqSweep+VP,stop_loss_premium_phase2
2023-03-31 14:15:00,2023-03-31 15:15:00,NIFTY BANK,bearish,231.87,224.09,1500,-11673.36,990.25,-12663.61,pro_LiqSweep+RSI_Div+VWAP,intraday_square_off
2023-04-03 10:00:00,2023-04-03 11:15:00,NIFTY BANK,bullish,193.04,192.35,1500,-1038.99,850.77,-1889.76,pro_VP+RSI_Div,stop_loss_premium_phase2
2023-04-06 10:30:00,2023-04-06 12:00:00,NIFTY BANK,bullish,209.07,233.94,1500,37305.71,999.24,36306.47,pro_FVG+VP,stop_loss_premium_phase3
2023-04-13 10:00:00,2023-04-13 11:00:00,NIFTY BANK,bullish,221.56,221.11,1500,-676.14,970.6,-1646.74,pro_LiqSweep+FVG+VP,stop_loss_premium_phase2
2023-04-20 10:00:00,2023-04-20 11:30:00,NIFTY BANK,bullish,200.97,201.89,1500,1374.15,889.01,485.14,pro_FVG+VP,stop_loss_premium_phase3
2023-04-21 09:45:00,2023-04-21 11:15:00,NIFTY BANK,bullish,228.05,227.79,1500,-387.13,998.31,-1385.44,pro_LiqSweep+VP,stop_loss_premium_phase3
2023-04-28 10:00:00,2023-04-28 11:30:00,NIFTY BANK,bullish,198.42,218.04,1500,29436.47,938.02,28498.45,pro_VP+RSI_Div,stop_loss_premium_phase3
2023-05-08 10:00:00,2023-05-08 11:30:00,NIFTY BANK,bullish,254.7,283.28,1500,42870.45,1201.52,41668.93,pro_VP+RSI_Div,stop_loss_premium_phase3
2023-05-08 14:15:00,2023-05-08 15:15:00,NIFTY BANK,bullish,193.91,197.25,1500,5007.81,867.25,4140.56,pro_LiqSweep+VP,intraday_square_off
2023-05-11 14:15:00,2023-05-11 14:45:00,NIFTY BANK,bearish,200.33,265.55,1500,97830.83,1091.44,96739.39,pro_OTE+RSI_Div+VWAP,target
2023-05-12 11:15:00,2023-05-12 12:45:00,NIFTY BANK,bearish,214.68,213.88,1500,-1197.4,940.76,-2138.16,pro_LiqSweep+OTE+VWAP,stop_loss_premium_phase3
2023-05-15 10:00:00,2023-05-15 12:00:00,NIFTY BANK,bullish,204.06,234.28,1500,45326.81,995.37,44331.44,pro_LiqSweep+VP,stop_loss_premium_phase3
2023-05-22 10:00:00,2023-05-22 11:30:00,NIFTY BANK,bullish,201.7,225.28,1500,35363.95,964.35,34399.6,pro_LiqSweep+VP,stop_loss_premium_phase3
2023-05-22 14:15:00,2023-05-22 15:00:00,NIFTY BANK,bullish,196.78,278.11,1500,121992.85,1128.02,120864.83,pro_LiqSweep+VP,target
2023-05-26 09:45:00,2023-05-26 10:00:00,NIFTY BANK,bullish,258.37,262.34,1500,5953.0,1138.34,4814.66,pro_VP+RSI_Div,target
2023-06-05 11:15:00,2023-06-05 12:45:00,NIFTY BANK,bearish,195.96,223.05,1500,40621.94,951.57,39670.37,pro_LiqSweep+FVG+VWAP,stop_loss_premium_phase3
2023-06-05 14:15:00,2023-06-05 15:15:00,NIFTY BANK,bearish,174.39,215.36,1500,61450.2,905.81,60544.39,pro_LiqSweep+FVG+RSI_Div+VWAP,intraday_square_off
2023-06-12 10:30:00,2023-06-12 12:00:00,NIFTY BANK,bullish,191.94,204.44,1500,18749.44,888.26,17861.18,pro_LiqSweep+OTE,stop_loss_premium_phase3
2023-06-12 14:15:00,2023-06-12 15:15:00,NIFTY BANK,bullish,181.6,199.89,1500,27440.79,863.57,26577.22,pro_LiqSweep+VP+OTE,intraday_square_off
2023-06-26 11:30:00,2023-06-26 13:00:00,NIFTY BANK,bullish,208.97,239.54,1500,45859.47,1017.01,44842.46,pro_LiqSweep+OTE,stop_loss_premium_phase3
2023-06-26 14:15:00,2023-06-26 15:15:00,NIFTY BANK,bullish,195.73,242.66,1500,70402.84,1013.91,69388.93,pro_LiqSweep+VP,intraday_square_off
2023-07-06 10:00:00,2023-07-06 12:15:00,NIFTY BANK,bullish,199.63,241.69,1500,63089.78,1014.63,62075.15,pro_LiqSweep+VP+RSI_Div,stop_loss_premium_phase3
2023-07-06 14:15:00,2023-07-06 15:15:00,NIFTY BANK,bullish,194.18,218.41,1500,36344.2,935.02,35409.18,pro_LiqSweep+VP+RSI_Div,intraday_square_off
2023-07-10 10:30:00,2023-07-10 11:30:00,NIFTY BANK,bullish,204.15,203.43,1500,-1073.66,897.08,-1970.74,pro_FVG+VP+RSI_Div,stop_loss_premium_phase2
2023-07-10 14:15:00,2023-07-10 15:15:00,NIFTY BANK,bearish,189.7,151.96,1500,-56611.2,718.66,-57329.86,pro_LiqSweep+FVG+VWAP,intraday_square_off
2023-07-17 10:00:00,2023-07-17 11:30:00,NIFTY BANK,bullish,211.98,211.26,1500,-1078.27,929.74,-2008.01,pro_LiqSweep+VP+RSI_Div,stop_loss_premium_phase3
2023-07-21 10:00:00,2023-07-21 11:30:00,NIFTY BANK,bearish,282.6,300.82,1500,27333.7,1284.96,26048.74,pro_OTE+RSI_Div+VWAP,stop_loss_premium_phase3
2023-07-24 10:45:00,2023-07-24 11:45:00,NIFTY BANK,bullish,208.61,208.18,1500,-631.56,916.62,-1548.18,pro_FVG+VP,stop_loss_premium_phase2
2023-07-31 09:45:00,2023-07-31 11:30:00,NIFTY BANK,bullish,243.02,277.44,1500,51630.96,1171.39,50459.57,pro_LiqSweep+VP,stop_loss_premium_phase3
2023-07-31 14:15:00,2023-07-31 15:15:00,NIFTY BANK,bearish,211.22,192.88,1500,-27499.17,870.38,-28369.55,pro_FVG+OTE+RSI_Div+VWAP,intraday_square_off
2023-08-10 11:00:00,2023-08-10 12:30:00,NIFTY BANK,bearish,294.05,282.08,1500,-17959.68,1236.43,-19196.11,pro_FVG+RSI_Div+VWAP,stop_loss_premium_phase3
2023-08-14 14:15:00,2023-08-14 15:15:00,NIFTY BANK,bullish,229.81,206.85,1500,-34448.92,933.24,-35382.16,pro_LiqSweep+VP+RSI_Div,intraday_square_off
2023-08-17 10:00:00,2023-08-17 11:30:00,NIFTY BANK,bullish,214.15,243.33,1500,43758.12,1034.17,42723.95,pro_LiqSweep+VP+RSI_Div,stop_loss_premium_phase3
2023-08-25 14:15:00,2023-08-25 15:15:00,NIFTY BANK,bullish,232.37,222.8,1500,-14351.31,986.64,-15337.95,pro_FVG+VP+RSI_Div,intraday_square_off
2023-09-07 10:00:00,2023-09-07 11:00:00,NIFTY BANK,bullish,231.38,303.68,1500,108455.23,1243.64,107211.59,pro_VP+RSI_Div,target
2023-09-07 11:30:00,2023-09-07 13:00:00,NIFTY BANK,bullish,194.82,194.43,1500,-585.66,859.15,-1444.81,pro_FVG+VP,stop_loss_premium_phase3
2023-09-14 10:00:00,2023-09-14 11:30:00,NIFTY BANK,bullish,219.75,255.04,1500,52935.54,1077.03,51858.51,pro_FVG+VP,stop_loss_premium_phase3
2023-09-14 14:15:00,2023-09-14 15:15:00,NIFTY BANK,bullish,209.98,231.57,1500,32389.78,992.57,31397.21,pro_LiqSweep+OTE,intraday_square_off
2023-09-18 10:00:00,2023-09-18 11:15:00,NIFTY BANK,bearish,183.01,182.47,1500,-801.97,809.41,-1611.38,pro_LiqSweep+RSI_Div+VWAP,stop_loss_premium_phase2
2023-09-28 10:30:00,2023-09-28 12:00:00,NIFTY BANK,bearish,215.57,248.17,1500,48893.91,1051.02,47842.89,pro_LiqSweep+OTE+VWAP,stop_loss_premium_phase3
2023-10-06 14:15:00,2023-10-06 15:15:00,NIFTY BANK,bearish,189.74,206.62,1500,25321.97,893.06,24428.91,pro_FVG+OTE+VWAP,intraday_square_off
2023-10-12 10:00:00,2023-10-12 11:30:00,NIFTY BANK,bullish,200.57,205.85,1500,7908.11,901.25,7006.86,pro_FVG+VP,stop_loss_premium_phase3
2023-10-12 14:15:00,2023-10-12 15:15:00,NIFTY BANK,bullish,198.65,207.91,1500,13879.19,905.93,12973.26,pro_LiqSweep+FVG+VP+OTE,intraday_square_off
2023-10-16 10:30:00,2023-10-16 11:30:00,NIFTY BANK,bearish,192.34,191.96,1500,-563.43,848.86,-1412.29,pro_LiqSweep+FVG+VWAP,stop_loss_premium_phase2
2023-10-30 10:15:00,2023-10-30 11:30:00,NIFTY BANK,bullish,215.46,299.94,1500,126721.38,1216.01,125505.37,pro_FVG+OTE,target
2023-11-03 14:15:00,2023-11-03 14:30:00,NIFTY BANK,bearish,222.15,281.37,1500,88829.69,1163.4,87666.29,pro_OTE+RSI_Div+VWAP,target
2023-11-10 11:00:00,2023-11-10 12:30:00,NIFTY BANK,bullish,205.45,229.51,1500,36093.08,981.54,35111.54,pro_LiqSweep+VP,stop_loss_premium_phase3
2023-11-20 11:30:00,2023-11-20 12:45:00,NIFTY BANK,bearish,236.74,235.92,1500,-1225.15,1032.78,-2257.93,pro_LiqSweep+FVG+VWAP,stop_loss_premium_phase2
2023-11-23 10:00:00,2023-11-23 11:30:00,NIFTY BANK,bearish,208.04,235.37,1500,41001.46,1002.77,39998.69,pro_FVG+RSI_Div+VWAP,stop_loss_premium_phase3
2023-11-24 10:00:00,2023-11-24 10:30:00,NIFTY BANK,bullish,212.09,279.79,1500,101549.37,1148.44,100400.93,pro_FVG+VP+RSI_Div,target
2023-11-24 11:30:00,2023-11-24 13:00:00,NIFTY BANK,bullish,227.2,226.43,1500,-1151.36,993.11,-2144.47,pro_FVG+VP,stop_loss_premium_phase3
2023-12-08 10:00:00,2023-12-08 11:00:00,NIFTY BANK,bullish,216.97,216.58,1500,-590.13,951.64,-1541.77,pro_LiqSweep+VP+RSI_Div,stop_loss_premium_phase2
2023-12-08 11:15:00,2023-12-08 12:15:00,NIFTY BANK,bullish,197.2,197.67,1500,699.19,871.84,-172.65,pro_LiqSweep+VP+RSI_Div,stop_loss_premium_phase2
2023-12-11 11:15:00,2023-12-11 12:45:00,NIFTY BANK,bearish,228.0,227.35,1500,-981.6,996.84,-1978.44,pro_FVG+OTE+VWAP,stop_loss_premium_phase3
2023-12-14 11:15:00,2023-12-14 12:45:00,NIFTY BANK,bearish,284.74,283.83,1500,-1361.49,1232.85,-2594.34,pro_FVG+RSI_Div+VWAP,stop_loss_premium_phase3
2023-12-21 10:30:00,2023-12-21 12:00:00,NIFTY BANK,bullish,483.17,514.62,1500,47180.19,2164.37,45015.82,pro_FVG+OTE,stop_loss_premium_phase3
2024-01-04 10:00:00,2024-01-04 11:15:00,NIFTY BANK,bullish,224.26,311.16,1500,130350.78,1260.46,129090.32,pro_LiqSweep+VP,target
2024-01-04 11:30:00,2024-01-04 13:00:00,NIFTY BANK,bullish,221.66,242.92,1500,31890.48,1040.27,30850.21,pro_LiqSweep+VP,stop_loss_premium_phase3
2024-01-04 14:15:00,2024-01-04 15:15:00,NIFTY BANK,bullish,212.04,242.37,1500,45504.35,1029.05,44475.3,pro_FVG+VP,intraday_square_off
2024-01-29 09:45:00,2024-01-29 10:00:00,NIFTY BANK,bullish,614.67,410.21,720,-147210.72,965.74,-148176.46,pro_LiqSweep+OTE,target
2024-02-08 11:00:00,2024-02-08 12:30:00,NIFTY BANK,bearish,306.75,305.91,1500,-1265.61,1324.96,-2590.57,pro_LiqSweep+VP+VWAP,stop_loss_premium_phase3
2024-02-08 14:15:00,2024-02-08 15:00:00,NIFTY BANK,bearish,338.2,476.74,1500,207812.01,1900.81,205911.2,pro_LiqSweep+RSI_Div+VWAP,target
2024-02-09 14:15:00,2024-02-09 15:15:00,NIFTY BANK,bullish,219.55,280.72,1500,91750.33,1158.76,90591.57,pro_LiqSweep+FVG+VP,intraday_square_off
2024-02-12 10:45:00,2024-02-12 12:15:00,NIFTY BANK,bearish,196.36,291.98,1500,143428.56,1171.85,142256.71,pro_FVG+RSI_Div+VWAP,target
2024-02-15 14:15:00,2024-02-15 15:15:00,NIFTY BANK,bullish,284.34,323.55,1500,58817.55,1359.17,57458.38,pro_FVG+VP,intraday_square_off
2024-02-16 14:15:00,2024-02-16 15:15:00,NIFTY BANK,bearish,204.83,241.83,1500,55498.13,1020.23,54477.9,pro_LiqSweep+RSI_Div+VWAP,intraday_square_off
2024-03-04 11:15:00,2024-03-04 12:45:00,NIFTY BANK,bearish,193.48,199.16,1500,8519.45,872.93,7646.52,pro_LiqSweep+FVG+RSI_Div+VWAP,stop_loss_premium_phase3
2024-03-14 10:45:00,2024-03-14 12:15:00,NIFTY BANK,bullish,436.58,506.57,1500,104977.22,2092.8,102884.42,pro_LiqSweep+VP,stop_loss_premium_phase3
2024-03-18 14:15:00,2024-03-18 15:15:00,NIFTY BANK,bullish,230.47,177.48,1500,-79487.12,840.22,-80327.34,pro_FVG+VP,intraday_square_off
2024-03-22 10:00:00,2024-03-22 11:30:00,NIFTY BANK,bullish,201.34,220.42,1500,28632.24,948.5,27683.74,pro_LiqSweep+VP+RSI_Div,stop_loss_premium_phase3
2024-03-22 14:15:00,2024-03-22 15:15:00,NIFTY BANK,bullish,222.3,189.17,1500,-49695.25,869.44,-50564.69,pro_LiqSweep+VP,intraday_square_off
2024-04-05 10:00:00,2024-04-05 11:30:00,NIFTY BANK,bullish,223.97,273.51,1500,74306.21,1140.12,73166.09,pro_VP+RSI_Div,stop_loss_premium_phase3
2024-04-05 14:15:00,2024-04-05 15:00:00,NIFTY BANK,bullish,202.63,270.82,1500,102273.9,1110.51,101163.39,pro_VP+RSI_Div,target
2024-04-18 14:15:00,2024-04-18 15:00:00,NIFTY BANK,bearish,338.17,473.4,1500,202852.11,1890.12,200961.99,pro_LiqSweep+RSI_Div+VWAP,target
2024-04-22 09:45:00,2024-04-22 11:45:00,NIFTY BANK,bullish,393.0,427.07,1500,51100.68,1796.34,49304.34,pro_FVG+VP,target
2024-04-26 14:15:00,2024-04-26 15:00:00,NIFTY BANK,bearish,220.23,298.22,1500,116981.83,1215.25,115766.58,pro_FVG+RSI_Div+VWAP,target
2024-04-29 11:00:00,2024-04-29 12:30:00,NIFTY BANK,bullish,192.96,257.77,1500,97211.37,1059.37,96152.0,pro_FVG+VP,stop_loss_premium_phase3
2024-04-30 09:45:00,2024-04-30 11:45:00,NIFTY BANK,bullish,271.78,210.45,1500,-91985.57,986.05,-92971.62,pro_FVG+VP,stop_loss_premium_phase3
2024-05-02 10:15:00,2024-05-02 11:15:00,NIFTY BANK,bullish,441.92,440.7,1500,-1826.45,1887.99,-3714.44,pro_LiqSweep+OTE+RSI_Div,stop_loss_premium_phase2
2024-05-03 10:00:00,2024-05-03 11:00:00,NIFTY BANK,bullish,198.24,198.75,1500,770.79,876.33,-105.54,pro_LiqSweep+FVG+VP,stop_loss_premium_phase2
2024-05-17 14:15:00,2024-05-17 15:15:00,NIFTY BANK,bullish,217.75,228.7,1500,16425.94,991.07,15434.87,pro_LiqSweep+VP,intraday_square_off
2024-05-18 11:30:00,2024-05-21 09:45:00,NIFTY BANK,bullish,207.02,206.14,1500,-1329.75,908.53,-2238.28,pro_LiqSweep+VP,stop_loss_premium_phase2
2024-05-24 10:00:00,2024-05-24 11:00:00,NIFTY BANK,bearish,263.06,249.25,1500,-20723.6,1101.21,-21824.81,pro_LiqSweep+OTE+RSI_Div+VWAP,stop_loss_premium_phase2
2024-06-07 10:15:00,2024-06-07 11:45:00,NIFTY BANK,bullish,468.23,640.8,1500,258865.67,2552.12,256313.55,pro_LiqSweep+VP,target
2024-06-14 10:00:00,2024-06-14 11:30:00,NIFTY BANK,bullish,204.51,217.29,1500,19176.55,941.63,18234.92,pro_LiqSweep+VP,stop_loss_premium_phase3
2024-06-24 09:45:00,2024-06-24 11:00:00,NIFTY BANK,bearish,362.89,285.99,1500,-115336.54,1316.7,-116653.24,pro_LiqSweep+RSI_Div+VWAP,stop_loss_premium_phase2
2024-06-24 11:30:00,2024-06-24 13:00:00,NIFTY BANK,bullish,317.2,360.08,1500,64326.73,1508.03,62818.7,pro_LiqSweep+VP,stop_loss_premium_phase3
2024-06-28 14:15:00,2024-06-28 15:15:00,NIFTY BANK,bearish,240.19,340.5,1500,150462.91,1369.75,149093.16,pro_LiqSweep+FVG+VWAP,intraday_square_off
2024-07-02 09:45:00,2024-07-02 11:15:00,NIFTY BANK,bullish,111.7,163.33,1500,77446.8,678.13,76768.67,pro_LiqSweep+VP,stop_loss_premium_phase3
2024-07-08 09:45:00,2024-07-08 10:15:00,NIFTY BANK,bullish,200.45,292.97,1500,138769.38,1179.02,137590.36,pro_FVG+VP,target
2024-07-08 11:15:00,2024-07-08 12:15:00,NIFTY BANK,bullish,213.74,203.72,1500,-15031.52,907.43,-15938.95,pro_LiqSweep+FVG+OTE,stop_loss_premium_phase2
2024-07-12 09:45:00,2024-07-12 10:00:00,NIFTY BANK,bullish,315.84,281.49,1500,-51527.66,1256.0,-52783.66,pro_FVG+VP+RSI_Div,target
2024-07-12 10:30:00,2024-07-12 11:30:00,NIFTY BANK,bearish,254.58,255.02,1500,666.06,1111.28,-445.22,pro_FVG+OTE+VWAP,stop_loss_premium_phase2
2024-07-19 10:15:00,2024-07-19 11:15:00,NIFTY BANK,bullish,244.22,233.68,1500,-15804.24,1033.0,-16837.24,pro_LiqSweep+FVG+OTE,stop_loss_premium_phase2
2024-07-26 10:00:00,2024-07-26 11:30:00,NIFTY BANK,bullish,219.53,281.89,1500,93539.06,1162.47,92376.59,pro_LiqSweep+VP,stop_loss_premium_phase3
2024-08-01 10:00:00,2024-08-01 11:30:00,NIFTY BANK,bullish,283.43,306.95,1500,35284.16,1305.31,33978.85,pro_FVG+VP,stop_loss_premium_phase3
2024-08-22 14:15:00,2024-08-22 15:15:00,NIFTY BANK,bearish,237.6,220.35,1500,-25875.55,983.99,-26859.54,pro_LiqSweep+OTE+RSI_Div+VWAP,intraday_square_off
2024-08-23 10:00:00,2024-08-23 11:30:00,NIFTY BANK,bullish,228.28,253.55,1500,37908.35,1080.68,36827.67,pro_LiqSweep+VP,stop_loss_premium_phase3
2024-08-23 14:15:00,2024-08-23 15:15:00,NIFTY BANK,bullish,231.72,187.71,1500,-66027.23,874.06,-66901.29,pro_LiqSweep+VP,intraday_square_off
2024-09-05 10:00:00,2024-09-05 11:30:00,NIFTY BANK,bullish,197.87,197.47,1500,-608.21,871.87,-1480.08,pro_LiqSweep+FVG+VP+RSI_Div,stop_loss_premium_phase3
2024-09-09 10:45:00,2024-09-09 12:15:00,NIFTY BANK,bullish,227.97,271.32,1500,65020.75,1137.05,63883.7,pro_LiqSweep+VP,stop_loss_premium_phase3
2024-09-16 14:15:00,2024-09-16 15:15:00,NIFTY BANK,bullish,196.88,184.02,1500,-19297.24,827.99,-20125.23,pro_FVG+VP,intraday_square_off
2024-09-26 10:00:00,2024-09-26 11:30:00,NIFTY BANK,bullish,199.28,205.31,1500,9049.45,898.27,8151.18,pro_LiqSweep+VP+RSI_Div,stop_loss_premium_phase3
2024-09-26 14:15:00,2024-09-26 14:30:00,NIFTY BANK,bullish,235.0,311.57,1500,114858.75,1272.36,113586.39,pro_LiqSweep+VP,target
2024-09-27 10:00:00,2024-09-27 11:00:00,NIFTY BANK,bullish,213.84,213.09,1500,-1130.42,937.42,-2067.84,pro_LiqSweep+VP,stop_loss_premium_phase2
2024-10-04 10:15:00,2024-10-04 10:45:00,NIFTY BANK,bullish,395.22,543.2,1500,221983.84,2168.93,219814.91,pro_LiqSweep+OTE+RSI_Div,target
2024-10-04 11:15:00,2024-10-04 12:30:00,NIFTY BANK,bullish,424.84,423.72,1500,-1683.08,1816.99,-3500.07,pro_LiqSweep+VP,stop_loss_premium_phase2
2024-10-11 10:00:00,2024-10-11 11:00:00,NIFTY BANK,bullish,228.54,216.64,1500,-17849.0,963.23,-18812.23,pro_LiqSweep+VP,stop_loss_premium_phase2
2024-10-21 10:00:00,2024-10-21 11:30:00,NIFTY BANK,bearish,220.92,243.56,1500,33967.72,1041.59,32926.13,pro_FVG+RSI_Div+VWAP,stop_loss_premium_phase3
2024-10-24 10:00:00,2024-10-24 11:30:00,NIFTY BANK,bullish,248.5,259.26,1500,16133.27,1118.81,15014.46,pro_LiqSweep+VP+RSI_Div,stop_loss_premium_phase3
2024-10-24 14:15:00,2024-10-24 15:15:00,NIFTY BANK,bullish,198.4,189.51,1500,-13341.34,846.99,-14188.33,pro_LiqSweep+FVG+VP,intraday_square_off
2024-11-08 10:30:00,2024-11-08 12:00:00,NIFTY BANK,bearish,228.9,265.25,1500,54537.68,1118.63,53419.05,pro_LiqSweep+RSI_Div+VWAP,stop_loss_premium_phase3
2024-11-11 10:00:00,2024-11-11 10:30:00,NIFTY BANK,bullish,230.87,370.48,1500,209410.72,1456.2,207954.52,pro_LiqSweep+FVG,target
2024-11-11 10:45:00,2024-11-11 12:15:00,NIFTY BANK,bullish,243.61,283.41,1500,59700.02,1191.01,58509.01,pro_LiqSweep+VP,stop_loss_premium_phase3
2024-11-18 10:00:00,2024-11-18 11:30:00,NIFTY BANK,bullish,208.89,227.1,1500,27313.06,977.22,26335.84,pro_LiqSweep+VP,stop_loss_premium_phase3
2024-11-18 14:15:00,2024-11-18 15:15:00,NIFTY BANK,bullish,229.58,258.39,1500,43221.66,1097.4,42124.26,pro_LiqSweep+VP,intraday_square_off
2024-11-21 11:15:00,2024-11-21 12:15:00,NIFTY BANK,bearish,528.86,517.49,1500,-17052.4,2218.5,-19270.9,pro_LiqSweep+FVG+VWAP,stop_loss_premium_phase2
2024-11-28 10:30:00,2024-11-28 11:30:00,NIFTY BANK,bullish,220.05,219.32,1500,-1091.8,963.42,-2055.22,pro_FVG+VP,stop_loss_premium_phase2
2024-11-28 14:15:00,2024-11-28 15:15:00,NIFTY BANK,bullish,374.17,364.45,1500,-14575.49,1578.06,-16153.55,pro_LiqSweep+FVG,intraday_square_off
2024-11-29 10:00:00,2024-11-29 11:30:00,NIFTY BANK,bullish,278.14,341.59,1500,95179.85,1410.59,93769.26,pro_LiqSweep+VP,stop_loss_premium_phase3
2024-12-02 10:00:00,2024-12-02 11:30:00,NIFTY BANK,bearish,194.43,194.05,1500,-567.82,857.59,-1425.41,pro_FVG+RSI_Div+VWAP,stop_loss_premium_phase3
2024-12-05 14:15:00,2024-12-05 15:15:00,NIFTY BANK,bullish,403.12,338.23,1500,-97333.58,1522.93,-98856.51,pro_LiqSweep+VP,intraday_square_off
2024-12-13 14:15:00,2024-12-13 15:15:00,NIFTY BANK,bullish,434.68,488.07,1500,80081.47,2031.92,78049.55,pro_FVG+VP,intraday_square_off
2024-12-16 10:00:00,2024-12-16 11:00:00,NIFTY BANK,bullish,286.47,276.58,1500,-14836.39,1211.42,-16047.81,pro_FVG+VP,stop_loss_premium_phase2
2024-12-26 10:00:00,2024-12-26 11:00:00,NIFTY BANK,bullish,233.4,232.61,1500,-1191.37,1018.94,-2210.31,pro_LiqSweep+FVG,stop_loss_premium_phase2
2024-12-26 14:15:00,2024-12-26 15:15:00,NIFTY BANK,bullish,223.18,230.05,1500,10313.72,1000.72,9313.0,pro_LiqSweep+FVG+OTE+RSI_Div,intraday_square_off
2024-12-27 10:00:00,2024-12-27 11:00:00,NIFTY BANK,bullish,212.31,202.28,1500,-15043.85,901.44,-15945.29,pro_LiqSweep+VP+RSI_Div,stop_loss_premium_phase2
2024-12-27 11:15:00,2024-12-27 12:15:00,NIFTY BANK,bullish,202.29,191.1,1500,-16798.93,855.9,-17654.83,pro_LiqSweep+VP+RSI_Div,stop_loss_premium_phase2
2024-12-30 10:15:00,2024-12-30 11:30:00,NIFTY BANK,bullish,231.21,329.92,1500,148056.9,1327.15,146729.75,pro_VP+RSI_Div,target
2025-01-02 10:00:00,2025-01-02 11:30:00,NIFTY BANK,bullish,262.05,325.4,1500,95025.09,1343.1,93681.99,pro_LiqSweep+VP,stop_loss_premium_phase3
2025-01-02 14:15:00,2025-01-02 15:15:00,NIFTY BANK,bullish,313.15,334.23,1500,31613.16,1421.59,30191.57,pro_LiqSweep+VP,intraday_square_off
2025-01-10 10:15:00,2025-01-10 11:15:00,NIFTY BANK,bearish,237.55,238.17,1500,920.82,1040.76,-119.94,pro_LiqSweep+FVG+VWAP,stop_loss_premium_phase2
2025-01-20 09:45:00,2025-01-20 10:00:00,NIFTY BANK,bullish,393.77,333.31,1500,-90690.95,1498.02,-92188.97,pro_FVG+OTE+RSI_Div,target
2025-01-21 09:45:00,2025-01-21 10:00:00,NIFTY BANK,bearish,303.99,316.11,1500,18183.47,1354.77,16828.7,pro_OTE+RSI_Div+VWAP,target
2025-01-24 11:00:00,2025-01-24 12:30:00,NIFTY BANK,bullish,246.37,262.11,1500,23624.06,1125.81,22498.25,pro_LiqSweep+VP+RSI_Div,stop_loss_premium_phase3
2025-01-30 10:00:00,2025-01-30 11:00:00,NIFTY BANK,bullish,202.76,202.37,1500,-593.26,892.31,-1485.57,pro_LiqSweep+VP,stop_loss_premium_phase2
2025-01-31 11:30:00,2025-01-31 13:00:00,NIFTY BANK,bullish,247.12,366.1,1500,178458.32,1458.22,177000.1,pro_FVG+VP,target
2025-02-17 11:15:00,2025-02-17 12:45:00,NIFTY BANK,bullish,355.73,370.45,1500,22082.54,1579.04,20503.5,pro_FVG+OTE,stop_loss_premium_phase3
2025-02-21 10:00:00,2025-02-21 11:00:00,NIFTY BANK,bearish,189.95,189.54,1500,-614.07,838.79,-1452.86,pro_LiqSweep+VP+RSI_Div+VWAP,stop_loss_premium_phase2
2025-02-21 11:15:00,2025-02-21 12:30:00,NIFTY BANK,bearish,235.47,224.15,1500,-16972.76,994.0,-17966.76,pro_LiqSweep+RSI_Div+VWAP,stop_loss_premium_phase2
2025-02-28 09:45:00,2025-02-28 10:00:00,NIFTY BANK,bearish,521.37,234.62,810,-232266.84,728.5,-232995.34,pro_LiqSweep+RSI_Div+VWAP,target
2025-03-03 10:30:00,2025-03-03 12:00:00,NIFTY BANK,bearish,226.4,225.75,1500,-966.53,990.18,-1956.71,pro_LiqSweep+FVG+VWAP,stop_loss_premium_phase3
2025-03-06 10:00:00,2025-03-06 11:00:00,NIFTY BANK,bearish,192.98,182.04,1500,-16406.23,817.85,-17224.08,pro_LiqSweep+RSI_Div+VWAP,stop_loss_premium_phase2
2025-03-07 11:00:00,2025-03-07 12:00:00,NIFTY BANK,bullish,197.99,198.51,1500,789.76,875.32,-85.56,pro_FVG+VP,stop_loss_premium_phase2
2025-03-07 14:15:00,2025-03-07 15:15:00,NIFTY BANK,bullish,223.11,233.95,1500,16262.69,1013.09,15249.6,pro_LiqSweep+RSI_Div,intraday_square_off
2025-03-28 11:00:00,2025-03-28 12:30:00,NIFTY BANK,bullish,214.44,237.46,1500,34533.36,1015.75,33517.61,pro_FVG+VP+RSI_Div,stop_loss_premium_phase3
2025-04-03 14:15:00,2025-04-03 15:15:00,NIFTY BANK,bullish,204.55,223.08,1500,27799.2,960.14,26839.06,pro_LiqSweep+FVG+VP+RSI_Div,intraday_square_off
2025-04-07 14:15:00,2025-04-07 15:15:00,NIFTY BANK,bullish,300.18,427.8,1500,191421.8,1707.27,189714.53,pro_LiqSweep+FVG+OTE,intraday_square_off
2025-04-11 14:15:00,2025-04-11 15:15:00,NIFTY BANK,bearish,196.5,170.6,1500,-38848.71,784.81,-39633.52,pro_LiqSweep+FVG+OTE+RSI_Div+VWAP,intraday_square_off
2025-04-21 14:15:00,2025-04-21 15:15:00,NIFTY BANK,bearish,201.17,207.75,1500,9866.39,907.91,8958.48,pro_LiqSweep+RSI_Div+VWAP,intraday_square_off
2025-04-25 11:00:00,2025-04-25 12:30:00,NIFTY BANK,bearish,359.79,413.09,1500,79964.37,1719.05,78245.32,pro_LiqSweep+VP+VWAP,stop_loss_premium_phase3
2025-05-09 14:15:00,2025-05-09 15:15:00,NIFTY BANK,bullish,209.36,239.64,1500,45419.96,1017.68,44402.28,pro_LiqSweep+RSI_Div,intraday_square_off
2025-05-19 10:00:00,2025-05-19 11:30:00,NIFTY BANK,bullish,198.41,262.79,1500,96569.02,1080.73,95488.29,pro_LiqSweep+VP+RSI_Div,stop_loss_premium_phase3
2025-05-19 14:15:00,2025-05-19 15:15:00,NIFTY BANK,bearish,199.62,188.48,1500,-16714.82,844.93,-17559.75,pro_LiqSweep+RSI_Div+VWAP,intraday_square_off
2025-05-22 14:15:00,2025-05-22 14:30:00,NIFTY BANK,bullish,229.67,296.75,1500,100621.59,1219.85,99401.74,pro_LiqSweep+OTE,target
2025-05-23 10:00:00,2025-05-23 11:30:00,NIFTY BANK,bullish,251.2,347.27,1500,144091.45,1402.17,142689.28,pro_LiqSweep+VP,target
2025-05-26 10:00:00,2025-05-26 11:00:00,NIFTY BANK,bullish,215.14,216.07,1500,1400.51,948.22,452.29,pro_FVG+VP,stop_loss_premium_phase2
2025-05-30 14:15:00,2025-05-30 15:15:00,NIFTY BANK,bullish,234.34,239.86,1500,8273.2,1042.98,7230.22,pro_FVG+VP,intraday_square_off
2025-06-02 10:45:00,2025-06-02 12:00:00,NIFTY BANK,bearish,212.13,211.69,1500,-660.35,931.25,-1591.6,pro_LiqSweep+FVG+OTE+VWAP,stop_loss_premium_phase2
2025-06-05 10:00:00,2025-06-05 11:30:00,NIFTY BANK,bullish,225.83,225.36,1500,-700.1,988.36,-1688.46,pro_LiqSweep+VP,stop_loss_premium_phase3
2025-06-19 14:15:00,2025-06-19 15:15:00,NIFTY BANK,bearish,223.36,256.57,1500,49817.39,1085.47,48731.92,pro_LiqSweep+RSI_Div+VWAP,intraday_square_off
2025-06-20 10:00:00,2025-06-20 10:30:00,NIFTY BANK,bullish,207.49,306.39,1500,148345.28,1228.76,147116.52,pro_LiqSweep+VP,target
2025-06-20 10:45:00,2025-06-20 12:15:00,NIFTY BANK,bullish,202.24,238.19,1500,53916.09,1006.05,52910.04,pro_LiqSweep+VP,stop_loss_premium_phase3
2025-06-26 10:00:00,2025-06-26 11:00:00,NIFTY BANK,bullish,215.37,214.62,1500,-1127.03,943.81,-2070.84,pro_LiqSweep+VP,stop_loss_premium_phase2
2025-06-26 11:15:00,2025-06-26 12:00:00,NIFTY BANK,bullish,213.43,302.45,1500,133531.52,1222.03,132309.49,pro_LiqSweep+VP+OTE,target
2025-06-27 09:45:00,2025-06-27 12:45:00,NIFTY BANK,bullish,227.58,371.77,1500,216290.2,1457.08,214833.12,pro_FVG+VP,target
2025-06-27 14:15:00,2025-06-27 15:15:00,NIFTY BANK,bullish,214.71,270.05,1500,83003.08,1119.95,81883.13,pro_LiqSweep+VP,intraday_square_off
2025-06-30 11:30:00,2025-06-30 13:00:00,NIFTY BANK,bullish,217.73,252.45,1500,52081.82,1066.81,51015.01,pro_LiqSweep+OTE,stop_loss_premium_phase3
2025-07-04 10:00:00,2025-07-04 11:30:00,NIFTY BANK,bullish,194.7,219.69,1500,37487.42,939.62,36547.8,pro_LiqSweep+OTE+RSI_Div,stop_loss_premium_phase3
2025-07-04 14:15:00,2025-07-04 14:30:00,NIFTY BANK,bullish,207.33,277.76,1500,105638.95,1137.27,104501.68,pro_VP+RSI_Div,target
2025-07-11 14:15:00,2025-07-11 15:15:00,NIFTY BANK,bullish,225.03,245.05,1500,30037.72,1050.38,28987.34,pro_LiqSweep+OTE+RSI_Div,intraday_square_off
2025-07-14 10:00:00,2025-07-14 11:00:00,NIFTY BANK,bullish,192.28,192.89,1500,921.02,851.78,69.24,pro_LiqSweep+VP+RSI_Div,stop_loss_premium_phase2
2025-07-14 14:15:00,2025-07-14 14:45:00,NIFTY BANK,bullish,216.99,313.14,1500,144232.69,1259.66,142973.03,pro_LiqSweep+VP+OTE,target
2025-07-24 10:00:00,2025-07-24 11:30:00,NIFTY BANK,bearish,218.91,218.14,1500,-1152.36,958.53,-2110.89,pro_LiqSweep+RSI_Div+VWAP,stop_loss_premium_phase3
2025-08-07 14:15:00,2025-08-07 15:00:00,NIFTY BANK,bullish,214.43,279.5,1500,97608.32,1149.81,96458.51,pro_LiqSweep+RSI_Div,target
2025-08-11 10:00:00,2025-08-11 11:30:00,NIFTY BANK,bullish,210.54,233.98,1500,35154.86,1000.81,34154.05,pro_LiqSweep+FVG+VP,stop_loss_premium_phase3
2025-08-14 10:00:00,2025-08-14 11:30:00,NIFTY BANK,bullish,194.82,201.69,1500,10314.31,882.33,9431.98,pro_FVG+VP+RSI_Div,stop_loss_premium_phase3
2025-08-18 09:45:00,2025-08-18 10:00:00,NIFTY BANK,bullish,653.15,322.57,720,-238017.95,849.75,-238867.7,pro_LiqSweep+VP+OTE,target
2025-08-18 14:15:00,2025-08-18 15:15:00,NIFTY BANK,bearish,228.47,257.97,1500,44257.43,1094.97,43162.46,pro_FVG+RSI_Div+VWAP,intraday_square_off
2025-08-22 10:00:00,2025-08-22 11:30:00,NIFTY BANK,bearish,226.13,258.1,1500,47956.95,1093.07,46863.88,pro_VP+RSI_Div+VWAP,stop_loss_premium_phase3
2025-09-03 14:15:00,2025-09-03 15:00:00,NIFTY BANK,bullish,215.69,299.15,1500,125201.91,1213.75,123988.16,pro_LiqSweep+VP,target
2025-09-12 10:15:00,2025-09-12 11:45:00,NIFTY BANK,bullish,204.9,265.68,1500,91176.43,1096.35,90080.08,pro_LiqSweep+FVG+VP,stop_loss_premium_phase3
2025-09-17 10:00:00,2025-09-17 11:30:00,NIFTY BANK,bullish,218.82,254.49,1500,53506.19,1074.38,52431.81,pro_LiqSweep+VP,stop_loss_premium_phase3
2025-09-19 10:15:00,2025-09-19 11:15:00,NIFTY BANK,bullish,209.7,210.28,1500,875.56,924.39,-48.83,pro_LiqSweep+RSI_Div,stop_loss_premium_phase2
2025-09-22 09:45:00,2025-09-22 10:00:00,NIFTY BANK,bullish,262.14,270.48,1500,12499.73,1168.02,11331.71,pro_VP+OTE,target
2025-10-03 10:00:00,2025-10-03 11:30:00,NIFTY BANK,bullish,226.17,226.65,1500,725.68,992.82,-267.14,pro_VP+RSI_Div,stop_loss_premium_phase3
2025-10-15 10:00:00,2025-10-15 11:30:00,NIFTY BANK,bullish,215.74,263.85,1500,72170.92,1101.19,71069.73,pro_LiqSweep+VP,stop_loss_premium_phase3
2025-10-29 10:00:00,2025-10-29 11:30:00,NIFTY BANK,bullish,345.37,377.42,1500,48067.7,1591.05,46476.65,pro_FVG+VP+RSI_Div,stop_loss_premium_phase3
2025-10-29 14:15:00,2025-10-29 15:15:00,NIFTY BANK,bullish,233.07,209.39,1500,-35523.29,944.55,-36467.84,pro_LiqSweep+VP,intraday_square_off
2025-11-12 14:15:00,2025-11-12 15:15:00,NIFTY BANK,bearish,199.75,232.69,1500,49408.05,986.05,48422.0,pro_LiqSweep+RSI_Div+VWAP,intraday_square_off
2025-11-13 10:30:00,2025-11-13 12:00:00,NIFTY BANK,bullish,190.32,212.14,1500,32738.2,911.23,31826.97,pro_FVG+VP,stop_loss_premium_phase3
2025-11-14 11:15:00,2025-11-14 12:45:00,NIFTY BANK,bullish,223.04,253.0,1500,44944.94,1073.77,43871.17,pro_FVG+VP,stop_loss_premium_phase3
2025-11-17 09:45:00,2025-11-17 10:00:00,NIFTY BANK,bullish,595.89,342.8,840,-212593.9,988.06,-213581.96,pro_VP+OTE+RSI_Div,target
2025-11-19 11:15:00,2025-11-19 12:30:00,NIFTY BANK,bullish,196.15,262.46,1500,99465.49,1077.47,98388.02,pro_FVG+OTE+RSI_Div,target
2025-11-20 10:00:00,2025-11-20 11:30:00,NIFTY BANK,bearish,188.43,188.04,1500,-583.44,832.49,-1415.93,pro_LiqSweep+OTE+RSI_Div+VWAP,stop_loss_premium_phase3
2025-11-26 10:15:00,2025-11-26 11:45:00,NIFTY BANK,bullish,321.12,332.84,1500,17574.3,1425.0,16149.3,pro_FVG+VP,stop_loss_premium_phase3
2025-12-04 11:00:00,2025-12-04 12:00:00,NIFTY BANK,bullish,217.31,206.41,1500,-16351.39,919.54,-17270.93,pro_FVG+VP,stop_loss_premium_phase2
2025-12-05 10:00:00,2025-12-05 11:45:00,NIFTY BANK,bullish,229.16,254.72,1500,38347.74,1085.29,37262.45,pro_LiqSweep+VP+RSI_Div,stop_loss_premium_phase3
2025-12-05 14:15:00,2025-12-05 15:15:00,NIFTY BANK,bullish,227.86,249.37,1500,32264.79,1066.94,31197.85,pro_LiqSweep+VP,intraday_square_off
2025-12-11 11:00:00,2025-12-11 12:30:00,NIFTY BANK,bullish,278.07,357.12,1500,118580.36,1460.07,117120.29,pro_FVG+VP+RSI_Div,stop_loss_premium_phase3
2025-12-17 10:00:00,2025-12-17 11:30:00,NIFTY BANK,bullish,205.13,204.71,1500,-629.41,902.12,-1531.53,pro_LiqSweep+VP+OTE,stop_loss_premium_phase3
2025-12-24 10:00:00,2025-12-24 11:30:00,NIFTY BANK,bullish,239.06,238.56,1500,-743.14,1043.5,-1786.64,pro_LiqSweep+FVG+VP+RSI_Div,stop_loss_premium_phase3
2025-12-26 10:45:00,2025-12-26 11:45:00,NIFTY BANK,bullish,216.79,217.04,1500,380.56,952.91,-572.35,pro_LiqSweep+VP+OTE+RSI_Div,stop_loss_premium_phase2
2025-12-26 14:15:00,2025-12-26 15:15:00,NIFTY BANK,bullish,191.19,208.91,1500,26591.47,901.8,25689.67,pro_LiqSweep+VP+RSI_Div,intraday_square_off
2025-12-31 14:15:00,2025-12-31 15:00:00,NIFTY BANK,bearish,229.75,297.96,1500,102312.73,1223.79,101088.94,pro_LiqSweep+RSI_Div+VWAP,target
2026-01-01 10:00:00,2026-01-01 11:30:00,NIFTY BANK,bearish,417.82,417.89,1500,109.99,1791.49,-1681.5,pro_LiqSweep+OTE+RSI_Div+VWAP,stop_loss_premium_phase3
2026-01-02 10:00:00,2026-01-02 11:30:00,NIFTY BANK,bullish,449.7,453.99,1500,6438.0,1938.02,4499.98,pro_FVG+VP+RSI_Div,stop_loss_premium_phase3
2026-01-06 10:00:00,2026-01-06 11:30:00,NIFTY BANK,bullish,680.67,678.7,1500,-2951.32,2882.18,-5833.5,pro_VP+RSI_Div,stop_loss_premium_phase3
2026-01-07 10:30:00,2026-01-07 12:00:00,NIFTY BANK,bullish,452.87,486.38,1500,50273.94,2044.47,48229.47,pro_FVG+RSI_Div,stop_loss_premium_phase3
2026-01-07 14:15:00,2026-01-07 15:15:00,NIFTY BANK,bullish,399.54,464.42,1500,97322.99,1921.89,95401.1,pro_FVG+VP+OTE,intraday_square_off
2026-01-09 10:30:00,2026-01-09 12:00:00,NIFTY BANK,bullish,512.17,512.03,1500,-202.21,2184.65,-2386.86,pro_VP+RSI_Div,stop_loss_premium_phase3
2026-01-12 14:15:00,2026-01-12 15:15:00,NIFTY BANK,bullish,587.73,588.54,1500,1200.82,2503.08,-1302.26,pro_FVG+VP,intraday_square_off
2026-01-20 10:00:00,2026-01-20 11:30:00,NIFTY BANK,bearish,244.73,243.91,1500,-1235.8,1066.13,-2301.93,pro_LiqSweep+RSI_Div+VWAP,stop_loss_premium_phase3
