entry_time,exit_time,symbol,direction,entry_price,exit_price,quantity,gross_pnl,costs,net_pnl,strategy,exit_reason
2015-01-13 14:15:00,2015-01-13 15:15:00,NIFTY 50,bullish,52.16,41.98,65,-661.72,55.23,-716.95,pro_LiqSweep+FVG+VP,intraday_square_off
2015-01-20 09:45:00,2015-01-20 10:45:00,NIFTY 50,bearish,31.69,29.38,130,-301.2,58.03,-359.23,pro_LiqSweep+OTE+RSI_Div+VWAP,stop_loss_premium_phase2
2015-01-23 10:45:00,2015-01-23 12:15:00,NIFTY 50,bearish,155.84,155.5,65,-22.08,75.34,-97.42,pro_FVG+OTE+VWAP,stop_loss_premium_phase3
2015-02-03 10:45:00,2015-02-03 11:45:00,NIFTY 50,bearish,115.01,149.86,65,2265.75,72.82,2192.93,pro_FVG+OTE+VWAP,target
2015-02-06 14:15:00,2015-02-06 15:15:00,NIFTY 50,bearish,169.7,181.49,65,766.78,79.53,687.25,pro_FVG+RSI_Div+VWAP,intraday_square_off
2015-02-13 10:30:00,2015-02-13 13:00:00,NIFTY 50,bullish,173.7,190.56,65,1095.8,80.95,1014.85,pro_FVG+VP,stop_loss_premium_phase3
2015-02-16 11:15:00,2015-02-16 12:45:00,NIFTY 50,bearish,158.96,158.61,65,-22.39,75.91,-98.3,pro_FVG+OTE+VWAP,stop_loss_premium_phase3
2015-02-23 09:45:00,2015-02-23 11:15:00,NIFTY 50,bearish,147.67,156.77,65,591.48,75.17,516.31,pro_FVG+OTE+VWAP,stop_loss_premium_phase3
2015-03-23 10:15:00,2015-03-23 11:45:00,NIFTY 50,bullish,151.64,151.82,65,11.83,74.65,-62.82,pro_LiqSweep+OTE+RSI_Div,stop_loss_premium_phase3
2015-04-06 10:00:00,2015-04-06 11:30:00,NIFTY 50,bullish,112.87,115.31,65,158.42,67.95,90.47,pro_LiqSweep+FVG+VP,stop_loss_premium_phase3
2015-04-10 10:00:00,2015-04-10 11:30:00,NIFTY 50,bullish,186.67,191.08,65,287.04,81.58,205.46,pro_LiqSweep+VP,stop_loss_premium_phase3
2015-04-10 14:15:00,2015-04-10 15:15:00,NIFTY 50,bullish,91.89,105.03,65,853.92,65.64,788.28,pro_LiqSweep+VP+RSI_Div,intraday_square_off
2015-04-17 11:00:00,2015-04-17 12:45:00,NIFTY 50,bearish,159.73,169.54,65,637.75,77.45,560.3,pro_LiqSweep+FVG+VWAP,stop_loss_premium_phase3
2015-04-28 11:00:00,2015-04-28 12:00:00,NIFTY 50,bullish,110.92,105.69,65,-340.09,66.54,-406.63,pro_FVG+VP,stop_loss_premium_phase2
2015-05-12 10:00:00,2015-05-12 11:30:00,NIFTY 50,bearish,105.36,111.03,65,368.79,67.04,301.75,pro_FVG+RSI_Div+VWAP,stop_loss_premium_phase3
2015-05-15 14:15:00,2015-05-15 14:45:00,NIFTY 50,bearish,102.8,123.17,65,1324.13,68.61,1255.52,pro_FVG+OTE+VWAP,target
2015-05-19 14:15:00,2015-05-19 15:15:00,NIFTY 50,bullish,62.25,65.92,130,476.91,70.73,406.18,pro_FVG+VP,intraday_square_off
2015-06-01 10:00:00,2015-06-01 11:30:00,NIFTY 50,bearish,177.0,171.3,65,-370.43,78.43,-448.86,pro_LiqSweep+OTE+RSI_Div+VWAP,stop_loss_premium_phase3
2015-06-01 14:15:00,2015-06-01 15:15:00,NIFTY 50,bearish,158.61,161.65,65,197.34,76.31,121.03,pro_LiqSweep+FVG+VWAP,intraday_square_off
2015-06-03 09:45:00,2015-06-03 10:00:00,NIFTY 50,bearish,218.41,228.21,65,636.74,88.06,548.68,pro_LiqSweep+VP+VWAP,target
2015-06-08 10:15:00,2015-06-08 11:45:00,NIFTY 50,bearish,182.85,190.12,65,472.61,81.28,391.33,pro_LiqSweep+FVG+VWAP,stop_loss_premium_phase3
2015-06-16 14:15:00,2015-06-16 14:45:00,NIFTY 50,bullish,46.76,66.86,195,3921.1,80.91,3840.19,pro_LiqSweep+VP+RSI_Div,target
2015-06-23 11:30:00,2015-06-23 13:00:00,NIFTY 50,bearish,94.52,89.56,65,-322.42,63.61,-386.03,pro_LiqSweep+FVG+VWAP,stop_loss_premium_phase3
2015-06-26 11:30:00,2015-06-26 13:00:00,NIFTY 50,bearish,179.22,198.1,65,1227.2,82.23,1144.97,pro_FVG+RSI_Div+VWAP,stop_loss_premium_phase3
2015-06-30 10:30:00,2015-06-30 12:00:00,NIFTY 50,bullish,116.84,116.6,65,-15.85,68.3,-84.15,pro_LiqSweep+VP,stop_loss_premium_phase3
2015-07-01 09:45:00,2015-07-01 10:00:00,NIFTY 50,bullish,101.19,81.21,65,-1299.15,62.74,-1361.89,pro_LiqSweep+VP,target
2015-07-03 10:00:00,2015-07-03 11:30:00,NIFTY 50,bullish,115.4,110.07,65,-346.24,67.34,-413.58,pro_LiqSweep+VP+RSI_Div,stop_loss_premium_phase3
2015-07-14 10:30:00,2015-07-14 12:00:00,NIFTY 50,bullish,161.04,155.48,65,-361.01,75.56,-436.57,pro_FVG+VP,stop_loss_premium_phase3
2015-07-15 09:45:00,2015-07-15 10:00:00,NIFTY 50,bullish,102.42,83.95,65,-1200.67,63.17,-1263.84,pro_FVG+OTE+RSI_Div,target
2015-07-17 10:00:00,2015-07-17 11:30:00,NIFTY 50,bearish,156.29,163.83,65,490.24,76.51,413.73,pro_LiqSweep+RSI_Div+VWAP,stop_loss_premium_phase3
2015-07-17 14:15:00,2015-07-17 15:15:00,NIFTY 50,bearish,167.03,178.85,65,768.59,79.05,689.54,pro_OTE+RSI_Div+VWAP,intraday_square_off
2015-07-21 10:00:00,2015-07-21 12:00:00,NIFTY 50,bearish,173.37,191.48,65,1176.94,81.06,1095.88,pro_LiqSweep+OTE+VWAP,stop_loss_premium_phase3
2015-08-04 10:00:00,2015-08-04 11:15:00,NIFTY 50,bearish,90.74,90.47,65,-17.05,63.58,-80.63,pro_LiqSweep+FVG+RSI_Div+VWAP,stop_loss_premium_phase2
2015-08-07 10:00:00,2015-08-07 11:30:00,NIFTY 50,bullish,157.66,152.19,65,-356.09,74.96,-431.05,pro_LiqSweep+VP+RSI_Div,stop_loss_premium_phase3
2015-08-17 10:00:00,2015-08-17 11:30:00,NIFTY 50,bearish,151.43,165.12,65,890.27,76.48,813.79,pro_LiqSweep+FVG+RSI_Div+VWAP,stop_loss_premium_phase3
2015-08-18 09:45:00,2015-08-18 10:00:00,NIFTY 50,bullish,131.96,126.2,65,-374.75,70.27,-445.02,pro_LiqSweep+FVG,target
2015-08-28 14:15:00,2015-08-28 15:15:00,NIFTY 50,bearish,165.03,163.04,65,-129.65,76.78,-206.43,pro_LiqSweep+RSI_Div+VWAP,intraday_square_off
2015-08-31 10:30:00,2015-08-31 12:00:00,NIFTY 50,bullish,195.45,194.93,65,-33.94,82.48,-116.42,pro_LiqSweep+OTE,stop_loss_premium_phase3
2015-09-04 14:15:00,2015-09-04 15:15:00,NIFTY 50,bullish,165.26,164.07,65,-77.26,76.93,-154.19,pro_LiqSweep+RSI_Div,intraday_square_off
2015-09-08 10:30:00,2015-09-08 11:45:00,NIFTY 50,bearish,165.71,165.27,65,-29.08,77.11,-106.19,pro_LiqSweep+FVG+VWAP,stop_loss_premium_phase2
2015-09-21 11:00:00,2015-09-21 12:30:00,NIFTY 50,bullish,172.87,177.5,65,300.92,79.11,221.81,pro_FVG+OTE,stop_loss_premium_phase3
2015-09-23 09:45:00,2015-09-23 10:00:00,NIFTY 50,bearish,230.71,203.63,65,-1760.18,85.19,-1845.37,pro_FVG+RSI_Div+VWAP,target
2015-09-28 10:00:00,2015-09-28 11:30:00,NIFTY 50,bearish,165.83,165.38,65,-29.25,77.13,-106.38,pro_LiqSweep+RSI_Div+VWAP,stop_loss_premium_phase3
2015-10-14 09:45:00,2015-10-14 10:15:00,NIFTY 50,bullish,178.27,191.86,65,883.42,81.32,802.1,pro_LiqSweep+VP+OTE,target
2015-10-16 10:00:00,2015-10-16 11:30:00,NIFTY 50,bullish,176.99,176.73,65,-17.44,79.18,-96.62,pro_LiqSweep+VP+OTE,stop_loss_premium_phase3
2015-10-19 11:15:00,2015-10-19 13:15:00,NIFTY 50,bullish,71.25,87.19,130,2072.85,77.38,1995.47,pro_LiqSweep+VP,stop_loss_premium_phase3
2015-10-19 14:15:00,2015-10-19 15:15:00,NIFTY 50,bullish,175.84,182.49,65,432.36,79.93,352.43,pro_LiqSweep+VP+RSI_Div,intraday_square_off
2015-10-20 10:00:00,2015-10-20 11:30:00,NIFTY 50,bullish,173.34,176.53,65,207.23,78.99,128.24,pro_LiqSweep+VP+RSI_Div,stop_loss_premium_phase3
2015-10-20 14:15:00,2015-10-20 15:00:00,NIFTY 50,bullish,167.36,188.11,65,1348.83,80.34,1268.49,pro_VP+OTE,target
2015-10-30 14:15:00,2015-10-30 15:15:00,NIFTY 50,bearish,170.02,173.13,65,202.23,78.38,123.85,pro_LiqSweep+VP+VWAP,intraday_square_off
2015-11-03 09:45:00,2015-11-03 10:00:00,NIFTY 50,bullish,242.67,200.08,65,-2768.41,85.21,-2853.62,pro_LiqSweep+VP,target
2015-11-09 09:45:00,2015-11-09 11:15:00,NIFTY 50,bullish,43.87,63.8,195,3886.84,79.27,3807.57,pro_LiqSweep+VP,stop_loss_premium_phase3
2015-11-23 10:00:00,2015-11-23 12:00:00,NIFTY 50,bullish,89.78,89.6,130,-22.95,79.63,-102.58,pro_FVG+OTE,stop_loss_premium_phase3
2015-11-24 14:15:00,2015-11-24 15:15:00,NIFTY 50,bearish,50.31,59.87,195,1864.91,78.46,1786.45,pro_OTE+RSI_Div+VWAP,intraday_square_off
2015-11-27 10:00:00,2015-11-27 11:30:00,NIFTY 50,bullish,98.79,106.73,130,1032.68,85.13,947.55,pro_LiqSweep+VP,stop_loss_premium_phase3
2015-11-30 10:30:00,2015-11-30 12:00:00,NIFTY 50,bearish,76.82,71.62,130,-676.71,73.55,-750.26,pro_LiqSweep+FVG+VWAP,stop_loss_premium_phase3
2015-12-11 10:30:00,2015-12-11 11:30:00,NIFTY 50,bullish,107.83,107.47,65,-23.62,66.65,-90.27,pro_LiqSweep+VP,stop_loss_premium_phase2
2015-12-14 10:00:00,2015-12-14 11:30:00,NIFTY 50,bullish,174.56,188.37,65,897.65,80.68,816.97,pro_LiqSweep+RSI_Div,stop_loss_premium_phase3
2015-12-15 11:15:00,2015-12-15 12:45:00,NIFTY 50,bullish,65.7,74.03,195,1624.98,86.31,1538.67,pro_FVG+VP,stop_loss_premium_phase3
2015-12-21 10:30:00,2015-12-21 12:00:00,NIFTY 50,bullish,162.06,156.69,65,-348.89,75.77,-424.66,pro_LiqSweep+VP,stop_loss_premium_phase3
2016-01-01 11:30:00,2016-01-01 13:00:00,NIFTY 50,bullish,73.47,73.58,195,21.69,87.11,-65.42,pro_FVG+VP,stop_loss_premium_phase3
2016-01-29 10:00:00,2016-01-29 11:30:00,NIFTY 50,bullish,182.51,216.22,65,2191.47,84.87,2106.6,pro_VP+RSI_Div,target
2016-02-01 10:15:00,2016-02-01 11:45:00,NIFTY 50,bearish,172.8,187.63,65,964.0,80.51,883.49,pro_LiqSweep+RSI_Div+VWAP,stop_loss_premium_phase3
2016-02-05 11:00:00,2016-02-05 12:30:00,NIFTY 50,bullish,189.46,197.22,65,504.27,82.54,421.73,pro_FVG+VP,stop_loss_premium_phase3
2016-02-08 10:15:00,2016-02-08 11:45:00,NIFTY 50,bearish,168.75,163.09,65,-367.85,76.94,-444.79,pro_FVG+OTE+VWAP,stop_loss_premium_phase3
2016-02-16 10:00:00,2016-02-16 11:30:00,NIFTY 50,bearish,156.62,156.79,65,10.47,75.55,-65.08,pro_LiqSweep+FVG+VWAP,stop_loss_premium_phase3
2016-02-19 10:45:00,2016-02-19 12:15:00,NIFTY 50,bullish,163.88,163.52,65,-23.37,76.79,-100.16,pro_FVG+VP,stop_loss_premium_phase3
2016-02-19 14:15:00,2016-02-19 15:15:00,NIFTY 50,bullish,76.85,77.5,195,127.14,89.17,37.97,pro_FVG+VP+RSI_Div,intraday_square_off
2016-02-22 14:15:00,2016-02-22 15:15:00,NIFTY 50,bullish,58.11,55.8,195,-451.42,77.77,-529.19,pro_FVG+VP,intraday_square_off
2016-02-23 10:00:00,2016-02-23 11:30:00,NIFTY 50,bearish,160.79,166.0,65,338.26,77.0,261.26,pro_FVG+RSI_Div+VWAP,stop_loss_premium_phase3
2016-03-08 10:00:00,2016-03-08 11:30:00,NIFTY 50,bullish,174.09,175.23,65,73.98,78.85,-4.87,pro_LiqSweep+VP,stop_loss_premium_phase3
2016-03-11 10:00:00,2016-03-11 11:30:00,NIFTY 50,bullish,158.08,161.68,65,233.43,76.29,157.14,pro_LiqSweep+VP+RSI_Div,stop_loss_premium_phase3
2016-03-15 10:00:00,2016-03-15 11:30:00,NIFTY 50,bullish,169.99,174.42,65,288.3,78.56,209.74,pro_LiqSweep+OTE+RSI_Div,stop_loss_premium_phase3
2016-03-21 14:15:00,2016-03-21 15:00:00,NIFTY 50,bullish,168.48,192.95,65,1591.07,81.06,1510.01,pro_LiqSweep+VP,target
2016-03-22 10:30:00,2016-03-22 12:00:00,NIFTY 50,bullish,74.9,74.76,195,-28.12,87.78,-115.9,pro_LiqSweep+VP,stop_loss_premium_phase3
2016-03-28 10:15:00,2016-03-28 12:00:00,NIFTY 50,bearish,157.94,168.61,65,693.5,77.24,616.26,pro_LiqSweep+FVG+VWAP,stop_loss_premium_phase3
2016-04-01 10:00:00,2016-04-01 11:30:00,NIFTY 50,bullish,164.23,164.32,65,5.39,76.92,-71.53,pro_LiqSweep+RSI_Div,stop_loss_premium_phase3
2016-04-04 09:45:00,2016-04-04 10:00:00,NIFTY 50,bullish,201.8,193.83,65,-517.74,82.6,-600.34,pro_LiqSweep+FVG+OTE,target
2016-04-04 10:15:00,2016-04-04 11:45:00,NIFTY 50,bullish,160.85,160.5,65,-22.83,76.25,-99.08,pro_LiqSweep+VP,stop_loss_premium_phase3
2016-04-04 14:15:00,2016-04-04 15:15:00,NIFTY 50,bullish,61.36,81.52,195,3931.89,88.86,3843.03,pro_LiqSweep+VP,intraday_square_off
2016-04-05 10:00:00,2016-04-05 11:00:00,NIFTY 50,bullish,53.21,48.08,195,-998.65,73.95,-1072.6,pro_LiqSweep+OTE+RSI_Div,stop_loss_premium_phase2
2016-04-11 10:30:00,2016-04-11 12:00:00,NIFTY 50,bullish,72.59,72.31,195,-55.04,86.48,-141.52,pro_VP+OTE,stop_loss_premium_phase3
2016-04-12 10:00:00,2016-04-12 11:30:00,NIFTY 50,bullish,156.11,168.55,65,808.29,77.16,731.13,pro_FVG+VP,stop_loss_premium_phase3
2016-04-22 14:15:00,2016-04-22 15:15:00,NIFTY 50,bullish,162.7,172.67,65,648.07,78.01,570.06,pro_LiqSweep+VP,intraday_square_off
2016-04-26 10:15:00,2016-04-26 12:00:00,NIFTY 50,bullish,63.5,74.31,195,2106.91,86.14,2020.77,pro_LiqSweep+VP+RSI_Div,stop_loss_premium_phase3
2016-05-02 10:00:00,2016-05-02 11:30:00,NIFTY 50,bearish,164.59,177.02,65,807.76,78.69,729.07,pro_LiqSweep+FVG+VWAP,stop_loss_premium_phase3
2016-05-06 14:15:00,2016-05-06 15:15:00,NIFTY 50,bullish,67.74,71.64,260,1015.12,98.37,916.75,pro_LiqSweep+VP,intraday_square_off
2016-05-09 10:15:00,2016-05-09 11:45:00,NIFTY 50,bullish,104.87,111.63,130,878.5,87.01,791.49,pro_LiqSweep+VP,stop_loss_premium_phase3
2016-05-16 14:15:00,2016-05-16 15:00:00,NIFTY 50,bullish,179.99,212.4,65,2106.73,84.24,2022.49,pro_LiqSweep+VP,target
2016-05-23 10:00:00,2016-05-23 11:30:00,NIFTY 50,bearish,98.58,98.3,195,-54.58,100.58,-155.16,pro_FVG+RSI_Div+VWAP,stop_loss_premium_phase3
2016-05-24 14:15:00,2016-05-24 15:15:00,NIFTY 50,bearish,150.77,140.22,130,-1371.25,98.83,-1470.08,pro_FVG+OTE+RSI_Div+VWAP,intraday_square_off
2016-05-27 14:15:00,2016-05-27 15:15:00,NIFTY 50,bullish,72.01,78.33,260,1643.7,102.8,1540.9,pro_LiqSweep+VP,intraday_square_off
2016-05-30 10:00:00,2016-05-30 11:30:00,NIFTY 50,bullish,184.55,183.98,65,-36.81,80.5,-117.31,pro_LiqSweep+FVG+VP,stop_loss_premium_phase3
2016-06-06 10:00:00,2016-06-06 11:30:00,NIFTY 50,bullish,178.77,184.45,65,369.58,80.32,289.26,pro_VP+OTE,stop_loss_premium_phase3
2016-06-06 14:15:00,2016-06-06 15:15:00,NIFTY 50,bullish,168.2,162.63,65,-361.87,76.85,-438.72,pro_LiqSweep+VP+OTE+RSI_Div,intraday_square_off
2016-06-10 10:00:00,2016-06-10 11:00:00,NIFTY 50,bullish,71.06,88.13,260,4437.29,108.05,4329.24,pro_LiqSweep+OTE+RSI_Div,target
2016-06-10 11:30:00,2016-06-10 12:45:00,NIFTY 50,bullish,160.07,154.01,65,-394.11,75.32,-469.43,pro_LiqSweep+FVG+VP,stop_loss_premium_phase2
2016-06-14 10:00:00,2016-06-14 11:30:00,NIFTY 50,bullish,70.45,70.18,260,-67.92,98.03,-165.95,pro_LiqSweep+RSI_Div,stop_loss_premium_phase3
2016-06-17 14:15:00,2016-06-17 15:15:00,NIFTY 50,bearish,83.51,72.52,260,-2858.61,101.54,-2960.15,pro_FVG+RSI_Div+VWAP,intraday_square_off
2016-06-20 10:00:00,2016-06-20 11:30:00,NIFTY 50,bullish,159.33,158.9,130,-56.14,104.72,-160.86,pro_LiqSweep+VP,stop_loss_premium_phase3
2016-06-20 14:15:00,2016-06-20 15:15:00,NIFTY 50,bullish,180.18,185.53,65,347.89,80.53,267.36,pro_LiqSweep+VP,intraday_square_off
2016-06-24 14:15:00,2016-06-24 15:00:00,NIFTY 50,bullish,165.19,200.8,65,2314.89,82.0,2232.89,pro_VP+RSI_Div,target
2016-06-28 10:00:00,2016-06-28 11:30:00,NIFTY 50,bullish,165.14,166.62,130,193.28,107.35,85.93,pro_FVG+VP,stop_loss_premium_phase3
2016-06-29 09:45:00,2016-06-29 10:00:00,NIFTY 50,bullish,226.57,191.21,65,-2298.06,83.3,-2381.36,pro_VP+OTE,target
2016-07-25 14:15:00,2016-07-25 15:15:00,NIFTY 50,bullish,177.17,185.81,65,561.44,80.44,481.0,pro_FVG+VP,intraday_square_off
2016-07-29 10:00:00,2016-07-29 11:30:00,NIFTY 50,bullish,85.58,98.05,195,2432.21,98.81,2333.4,pro_LiqSweep+FVG+VP,stop_loss_premium_phase3
2016-08-01 10:00:00,2016-08-01 11:30:00,NIFTY 50,bullish,69.27,71.96,260,701.23,98.81,602.42,pro_LiqSweep+FVG+VP,stop_loss_premium_phase3
2016-08-02 09:45:00,2016-08-02 10:00:00,NIFTY 50,bullish,227.16,213.69,65,-875.49,86.43,-961.92,pro_FVG+OTE,target
2016-08-08 14:15:00,2016-08-08 15:15:00,NIFTY 50,bearish,50.54,44.89,390,-2204.08,97.37,-2301.45,pro_LiqSweep+RSI_Div+VWAP,intraday_square_off
2016-08-09 10:15:00,2016-08-09 11:45:00,NIFTY 50,bearish,154.55,154.22,130,-43.05,103.02,-146.07,pro_LiqSweep+RSI_Div+VWAP,stop_loss_premium_phase3
2016-08-16 09:45:00,2016-08-16 11:30:00,NIFTY 50,bullish,183.7,165.03,65,-1213.66,77.85,-1291.51,pro_LiqSweep+VP,stop_loss_premium_phase3
2016-08-17 09:45:00,2016-08-17 10:15:00,NIFTY 50,bullish,69.31,71.01,65,110.68,59.97,50.71,pro_FVG+OTE,target
2016-08-19 10:00:00,2016-08-19 12:15:00,NIFTY 50,bullish,58.22,57.98,260,-61.5,89.19,-150.69,pro_LiqSweep+VP,stop_loss_premium_phase3
2016-08-19 14:15:00,2016-08-19 15:15:00,NIFTY 50,bullish,170.27,178.33,65,523.95,79.11,444.84,pro_VP+OTE,intraday_square_off
2016-08-23 10:00:00,2016-08-23 11:30:00,NIFTY 50,bullish,48.48,48.27,260,-56.77,82.16,-138.93,pro_LiqSweep+VP,stop_loss_premium_phase3
2016-08-26 10:00:00,2016-08-26 11:30:00,NIFTY 50,bullish,169.31,168.94,65,-24.13,77.77,-101.9,pro_FVG+RSI_Div,stop_loss_premium_phase3
2016-08-29 10:45:00,2016-08-29 12:15:00,NIFTY 50,bullish,172.1,178.43,65,411.5,79.2,332.3,pro_LiqSweep+VP,stop_loss_premium_phase3
2016-08-29 14:15:00,2016-08-29 15:15:00,NIFTY 50,bullish,54.55,62.68,260,2112.43,91.16,2021.27,pro_LiqSweep+VP+RSI_Div,intraday_square_off
2016-09-02 10:00:00,2016-09-02 11:30:00,NIFTY 50,bullish,186.06,188.36,65,149.47,81.17,68.3,pro_FVG+OTE,stop_loss_premium_phase3
2016-09-09 10:15:00,2016-09-09 11:45:00,NIFTY 50,bearish,173.17,168.23,65,-321.19,77.84,-399.03,pro_LiqSweep+VP+VWAP,stop_loss_premium_phase3
2016-09-12 14:15:00,2016-09-12 15:15:00,NIFTY 50,bullish,178.43,172.66,65,-375.28,78.68,-453.96,pro_LiqSweep+VP,intraday_square_off
2016-09-19 10:00:00,2016-09-19 11:30:00,NIFTY 50,bearish,158.01,157.65,65,-23.4,75.73,-99.13,pro_LiqSweep+FVG+RSI_Div+VWAP,stop_loss_premium_phase3
2016-09-19 14:15:00,2016-09-19 15:15:00,NIFTY 50,bearish,53.24,59.88,390,2587.77,110.49,2477.28,pro_LiqSweep+OTE+VWAP,intraday_square_off
2016-09-30 10:30:00,2016-09-30 12:00:00,NIFTY 50,bullish,184.84,178.76,65,-395.32,79.79,-475.11,pro_LiqSweep+OTE+RSI_Div,stop_loss_premium_phase3
2016-09-30 14:15:00,2016-09-30 15:15:00,NIFTY 50,bullish,81.69,71.61,260,-2620.45,100.73,-2721.18,pro_LiqSweep+VP,intraday_square_off
2016-10-07 14:15:00,2016-10-07 15:15:00,NIFTY 50,bullish,76.67,77.65,260,256.17,103.22,152.95,pro_LiqSweep+VP+RSI_Div,intraday_square_off
2016-10-14 11:30:00,2016-10-14 13:00:00,NIFTY 50,bullish,115.59,115.21,130,-49.18,88.91,-138.09,pro_VP+RSI_Div,stop_loss_premium_phase3
2016-10-14 14:15:00,2016-10-14 15:15:00,NIFTY 50,bullish,67.01,61.49,260,-1435.93,92.63,-1528.56,pro_LiqSweep+VP,intraday_square_off
2016-10-24 09:45:00,2016-10-24 10:00:00,NIFTY 50,bullish,201.6,186.72,65,-967.19,81.61,-1048.8,pro_LiqSweep+VP+OTE,target
2016-10-25 14:15:00,2016-10-25 15:15:00,NIFTY 50,bullish,52.73,50.71,260,-523.98,84.24,-608.22,pro_VP+RSI_Div,intraday_square_off
2016-10-28 14:15:00,2016-10-28 15:15:00,NIFTY 50,bearish,73.41,79.54,260,1594.18,103.7,1490.48,pro_FVG+OTE+VWAP,intraday_square_off
2016-11-01 10:15:00,2016-11-01 11:45:00,NIFTY 50,bearish,74.24,74.33,260,23.01,100.96,-77.95,pro_LiqSweep+FVG+VWAP,stop_loss_premium_phase3
2016-11-01 14:15:00,2016-11-01 15:15:00,NIFTY 50,bearish,49.84,64.32,260,3766.9,91.27,3675.63,pro_LiqSweep+FVG+VWAP,intraday_square_off
2016-11-21 10:15:00,2016-11-21 10:45:00,NIFTY 50,bearish,152.42,187.22,130,4523.42,111.96,4411.46,pro_FVG+RSI_Div+VWAP,target
2016-12-05 14:15:00,2016-12-05 15:15:00,NIFTY 50,bullish,179.77,168.77,65,-715.15,78.2,-793.35,pro_FVG+VP,intraday_square_off
2016-12-06 14:15:00,2016-12-06 14:45:00,NIFTY 50,bearish,39.01,54.17,455,6900.03,111.26,6788.77,pro_LiqSweep+FVG+VWAP,target
2016-12-09 10:00:00,2016-12-09 11:30:00,NIFTY 50,bearish,149.19,153.45,130,553.68,102.35,451.33,pro_LiqSweep+OTE+VWAP,stop_loss_premium_phase3
2016-12-19 10:45:00,2016-12-19 12:15:00,NIFTY 50,bearish,172.46,178.05,65,363.44,79.17,284.27,pro_LiqSweep+FVG+VWAP,stop_loss_premium_phase3
2016-12-20 10:15:00,2016-12-20 11:45:00,NIFTY 50,bullish,163.1,162.74,65,-23.18,76.65,-99.83,pro_FVG+VP,stop_loss_premium_phase3
2016-12-23 11:15:00,2016-12-23 12:45:00,NIFTY 50,bullish,177.44,186.34,65,578.72,80.53,498.19,pro_FVG+VP+RSI_Div,stop_loss_premium_phase3
2016-12-23 14:15:00,2016-12-23 15:15:00,NIFTY 50,bullish,74.6,68.86,260,-1490.33,98.0,-1588.33,pro_FVG+VP,intraday_square_off
2016-12-27 10:15:00,2016-12-27 12:00:00,NIFTY 50,bullish,55.01,54.84,325,-55.77,96.84,-152.61,pro_FVG+VP,stop_loss_premium_phase3
2016-12-30 10:30:00,2016-12-30 12:30:00,NIFTY 50,bullish,90.57,97.94,195,1436.8,99.41,1337.39,pro_FVG+VP,stop_loss_premium_phase3
2016-12-30 14:15:00,2016-12-30 15:15:00,NIFTY 50,bullish,55.86,61.05,325,1686.41,101.3,1585.11,pro_LiqSweep+FVG+VP,intraday_square_off
2017-01-03 10:15:00,2017-01-03 11:15:00,NIFTY 50,bearish,78.18,72.93,260,-1364.54,100.86,-1465.4,pro_OTE+RSI_Div+VWAP,stop_loss_premium_phase2
2017-01-06 10:45:00,2017-01-06 12:15:00,NIFTY 50,bearish,89.25,100.54,195,2201.14,100.31,2100.83,pro_LiqSweep+RSI_Div+VWAP,stop_loss_premium_phase3
2017-01-17 10:15:00,2017-01-17 11:45:00,NIFTY 50,bullish,178.06,172.87,65,-337.58,78.69,-416.27,pro_FVG+VP,stop_loss_premium_phase3
2017-01-23 10:00:00,2017-01-23 11:30:00,NIFTY 50,bullish,104.32,116.76,195,2426.27,108.97,2317.3,pro_LiqSweep+FVG+VP+RSI_Div,stop_loss_premium_phase3
2017-01-23 14:15:00,2017-01-23 15:15:00,NIFTY 50,bullish,175.58,198.43,65,1484.72,82.12,1402.6,pro_FVG+VP,intraday_square_off
2017-01-24 10:00:00,2017-01-24 11:30:00,NIFTY 50,bullish,46.33,50.74,390,1722.52,101.14,1621.38,pro_FVG+VP,stop_loss_premium_phase3
2017-02-03 10:30:00,2017-02-03 12:00:00,NIFTY 50,bullish,184.73,184.32,65,-26.76,80.56,-107.32,pro_LiqSweep+VP,stop_loss_premium_phase3
2017-02-03 14:15:00,2017-02-03 15:15:00,NIFTY 50,bullish,66.1,71.14,325,1636.89,110.47,1526.42,pro_LiqSweep+VP,intraday_square_off
2017-02-06 14:15:00,2017-02-06 15:15:00,NIFTY 50,bearish,59.96,60.91,390,369.35,113.06,256.29,pro_FVG+OTE+RSI_Div+VWAP,intraday_square_off
2017-02-07 10:00:00,2017-02-07 11:15:00,NIFTY 50,bullish,59.55,59.37,390,-73.47,111.68,-185.15,pro_LiqSweep+VP,stop_loss_premium_phase2
2017-02-07 14:15:00,2017-02-07 15:15:00,NIFTY 50,bullish,43.23,41.66,520,-814.04,108.02,-922.06,pro_LiqSweep+FVG+VP,intraday_square_off
2017-02-14 10:15:00,2017-02-14 11:45:00,NIFTY 50,bullish,68.19,68.06,325,-40.35,108.78,-149.13,pro_LiqSweep+VP,stop_loss_premium_phase3
2017-02-21 10:30:00,2017-02-21 12:15:00,NIFTY 50,bullish,177.52,181.96,130,576.25,112.65,463.6,pro_FVG+VP,stop_loss_premium_phase3
2017-02-21 14:15:00,2017-02-21 15:00:00,NIFTY 50,bullish,46.26,60.63,390,5603.2,109.32,5493.88,pro_LiqSweep+VP,target
2017-02-28 10:45:00,2017-02-28 12:15:00,NIFTY 50,bearish,154.13,167.69,130,1763.71,106.71,1657.0,pro_LiqSweep+RSI_Div+VWAP,stop_loss_premium_phase3
2017-03-07 09:45:00,2017-03-07 10:00:00,NIFTY 50,bullish,70.12,73.76,130,472.22,73.57,398.65,pro_VP+OTE,target
2017-03-10 10:00:00,2017-03-10 11:30:00,NIFTY 50,bullish,74.01,73.74,325,-90.38,113.95,-204.33,pro_LiqSweep+FVG+VP,stop_loss_premium_phase3
2017-03-20 14:15:00,2017-03-20 15:15:00,NIFTY 50,bullish,180.35,180.81,130,59.84,112.57,-52.73,pro_FVG+RSI_Div,intraday_square_off
2017-03-21 10:15:00,2017-03-21 11:45:00,NIFTY 50,bullish,44.49,39.47,455,-2287.14,98.67,-2385.81,pro_FVG+VP+OTE+RSI_Div,stop_loss_premium_phase3
2017-03-31 14:15:00,2017-03-31 15:15:00,NIFTY 50,bullish,64.64,52.84,390,-4601.18,107.56,-4708.74,pro_LiqSweep+VP,intraday_square_off
2017-04-11 11:00:00,2017-04-11 12:30:00,NIFTY 50,bullish,50.19,45.2,390,-1944.15,97.54,-2041.69,pro_FVG+VP+RSI_Div,stop_loss_premium_phase3
2017-04-17 14:15:00,2017-04-17 15:15:00,NIFTY 50,bullish,57.46,63.69,390,2426.62,114.72,2311.9,pro_LiqSweep+VP,intraday_square_off
2017-04-24 10:00:00,2017-04-24 11:30:00,NIFTY 50,bullish,170.19,169.82,130,-48.6,108.67,-157.27,pro_VP+RSI_Div,stop_loss_premium_phase3
2017-05-05 10:00:00,2017-05-05 11:30:00,NIFTY 50,bearish,91.38,94.96,260,931.42,115.29,816.13,pro_LiqSweep+RSI_Div+VWAP,stop_loss_premium_phase3
2017-05-15 10:00:00,2017-05-15 11:30:00,NIFTY 50,bullish,62.91,65.57,325,863.0,105.93,757.07,pro_VP+RSI_Div,stop_loss_premium_phase3
2017-05-15 14:15:00,2017-05-15 15:15:00,NIFTY 50,bullish,62.38,66.71,390,1687.28,118.49,1568.79,pro_LiqSweep+VP,intraday_square_off
2017-05-16 10:00:00,2017-05-16 11:30:00,NIFTY 50,bullish,49.79,49.63,390,-62.02,101.11,-163.13,pro_LiqSweep+FVG+VP,stop_loss_premium_phase3
2017-05-29 10:00:00,2017-05-29 11:30:00,NIFTY 50,bearish,160.6,160.28,130,-41.21,105.21,-146.42,pro_LiqSweep+OTE+RSI_Div+VWAP,stop_loss_premium_phase3
2017-06-05 10:15:00,2017-06-05 11:45:00,NIFTY 50,bearish,53.1,52.94,455,-74.03,114.27,-188.3,pro_LiqSweep+OTE+RSI_Div+VWAP,stop_loss_premium_phase3
2017-06-09 11:00:00,2017-06-09 12:30:00,NIFTY 50,bullish,100.27,100.07,195,-39.49,101.53,-141.02,pro_VP+OTE,stop_loss_premium_phase3
2017-06-09 14:15:00,2017-06-09 15:00:00,NIFTY 50,bullish,69.87,83.54,325,4440.4,119.84,4320.56,pro_LiqSweep+VP,target
2017-06-12 10:15:00,2017-06-12 11:45:00,NIFTY 50,bullish,178.96,186.99,130,1043.33,114.16,929.17,pro_LiqSweep+OTE,stop_loss_premium_phase3
2017-06-12 14:15:00,2017-06-12 15:15:00,NIFTY 50,bullish,167.36,181.22,130,1801.78,111.58,1690.2,pro_VP+OTE+RSI_Div,intraday_square_off
2017-06-16 11:00:00,2017-06-16 14:00:00,NIFTY 50,bullish,70.49,70.79,325,99.16,111.16,-12.0,pro_FVG+VP,stop_loss_premium_phase3
2017-06-16 14:15:00,2017-06-16 15:00:00,NIFTY 50,bullish,66.82,80.82,390,5457.47,131.33,5326.14,pro_LiqSweep+VP+OTE,target
2017-06-20 10:00:00,2017-06-20 11:30:00,NIFTY 50,bearish,44.22,44.53,390,120.58,95.44,25.14,pro_LiqSweep+RSI_Div+VWAP,stop_loss_premium_phase3
2017-06-20 14:15:00,2017-06-20 15:15:00,NIFTY 50,bullish,157.63,155.54,130,-271.64,103.65,-375.29,pro_LiqSweep+VP+OTE,intraday_square_off
2017-06-30 11:00:00,2017-06-30 12:30:00,NIFTY 50,bullish,193.87,193.91,130,4.8,117.35,-112.55,pro_FVG+OTE,stop_loss_premium_phase3
2017-07-10 11:30:00,2017-07-10 12:30:00,NIFTY 50,bearish,91.57,91.82,260,66.1,113.59,-47.49,pro_OTE+RSI_Div+VWAP,stop_loss_premium_phase2
2017-07-21 10:00:00,2017-07-21 11:30:00,NIFTY 50,bullish,168.32,163.21,130,-664.95,106.68,-771.63,pro_FVG+VP,stop_loss_premium_phase3
2017-07-24 10:45:00,2017-07-24 12:15:00,NIFTY 50,bullish,171.17,166.17,130,-649.34,107.74,-757.08,pro_FVG+VP,stop_loss_premium_phase3
2017-07-24 14:15:00,2017-07-24 15:15:00,NIFTY 50,bullish,180.95,168.57,130,-1610.38,109.24,-1719.62,pro_LiqSweep+VP,intraday_square_off
2017-07-25 11:15:00,2017-07-25 12:45:00,NIFTY 50,bearish,49.21,53.07,325,1254.01,94.37,1159.64,pro_LiqSweep+FVG+VWAP,stop_loss_premium_phase3
2017-07-28 14:15:00,2017-07-28 15:00:00,NIFTY 50,bullish,98.58,118.68,260,5225.92,129.64,5096.28,pro_VP+RSI_Div,target
2017-08-01 10:00:00,2017-08-01 11:00:00,NIFTY 50,bullish,55.7,56.0,390,119.46,107.9,11.56,pro_LiqSweep+VP,stop_loss_premium_phase2
2017-08-01 11:15:00,2017-08-01 12:45:00,NIFTY 50,bullish,50.36,58.34,390,3108.71,108.47,3000.24,pro_LiqSweep+FVG+VP,stop_loss_premium_phase3
2017-08-04 10:00:00,2017-08-04 11:30:00,NIFTY 50,bullish,184.22,183.65,130,-73.03,113.69,-186.72,pro_LiqSweep+VP,stop_loss_premium_phase3
2017-08-08 10:00:00,2017-08-08 11:15:00,NIFTY 50,bearish,60.81,60.57,390,-95.35,113.0,-208.35,pro_LiqSweep+VP+VWAP,stop_loss_premium_phase2
2017-08-08 11:30:00,2017-08-08 13:00:00,NIFTY 50,bearish,98.04,105.0,260,1807.75,121.98,1685.77,pro_LiqSweep+FVG+VWAP,stop_loss_premium_phase3
2017-08-21 11:15:00,2017-08-21 12:45:00,NIFTY 50,bearish,157.53,169.69,195,2372.78,137.73,2235.05,pro_FVG+OTE+VWAP,stop_loss_premium_phase3
2017-09-01 10:30:00,2017-09-01 12:00:00,NIFTY 50,bullish,84.3,79.06,325,-1702.36,119.82,-1822.18,pro_FVG+VP,stop_loss_premium_phase3
2017-09-04 10:00:00,2017-09-04 11:30:00,NIFTY 50,bullish,168.05,163.24,130,-625.57,106.66,-732.23,pro_VP+OTE,stop_loss_premium_phase3
2017-09-05 11:30:00,2017-09-05 13:00:00,NIFTY 50,bullish,53.79,48.88,325,-1594.01,92.45,-1686.46,pro_FVG+VP,stop_loss_premium_phase3
2017-09-26 10:00:00,2017-09-26 11:45:00,NIFTY 50,bearish,94.19,103.79,325,3121.32,139.02,2982.3,pro_FVG+OTE+VWAP,stop_loss_premium_phase3
2017-10-03 10:00:00,2017-10-03 11:30:00,NIFTY 50,bearish,156.66,156.77,195,21.83,132.26,-110.43,pro_LiqSweep+OTE+VWAP,stop_loss_premium_phase3
2017-10-06 10:00:00,2017-10-06 11:45:00,NIFTY 50,bullish,87.42,87.25,325,-55.25,126.14,-181.39,pro_LiqSweep+VP,stop_loss_premium_phase3
2017-10-10 10:15:00,2017-10-10 11:45:00,NIFTY 50,bullish,164.48,180.18,130,2040.87,111.04,1929.83,pro_FVG+VP,stop_loss_premium_phase3
2017-10-10 14:15:00,2017-10-10 15:15:00,NIFTY 50,bullish,162.3,166.33,195,785.45,136.94,648.51,pro_FVG+VP,intraday_square_off
2017-10-17 10:00:00,2017-10-17 11:15:00,NIFTY 50,bullish,51.43,69.2,390,6932.08,117.75,6814.33,pro_FVG+VP,target
2017-10-17 14:15:00,2017-10-17 15:15:00,NIFTY 50,bearish,165.15,171.47,195,1232.42,139.44,1092.98,pro_LiqSweep+FVG+VWAP,intraday_square_off
2017-10-24 10:30:00,2017-10-24 12:00:00,NIFTY 50,bullish,57.85,52.99,390,-1895.73,105.95,-2001.68,pro_FVG+VP,stop_loss_premium_phase3
2017-10-25 09:45:00,2017-10-25 10:00:00,NIFTY 50,bullish,219.26,195.66,65,-1534.11,83.6,-1617.71,pro_LiqSweep+VP,target
2017-10-27 14:15:00,2017-10-27 15:00:00,NIFTY 50,bearish,145.97,168.6,195,4412.54,135.79,4276.75,pro_OTE+RSI_Div+VWAP,target
2017-11-07 10:00:00,2017-11-07 11:30:00,NIFTY 50,bearish,67.62,80.18,325,4080.76,117.03,3963.73,pro_LiqSweep+RSI_Div+VWAP,stop_loss_premium_phase3
2017-11-10 10:15:00,2017-11-10 11:45:00,NIFTY 50,bullish,165.12,172.12,130,910.04,108.87,801.17,pro_VP+OTE+RSI_Div,stop_loss_premium_phase3
2017-11-20 10:00:00,2017-11-20 12:15:00,NIFTY 50,bullish,59.31,65.45,390,2393.92,116.66,2277.26,pro_FVG+OTE+RSI_Div,stop_loss_premium_phase3
2017-11-20 14:15:00,2017-11-20 15:15:00,NIFTY 50,bullish,61.34,66.29,390,1931.69,117.88,1813.81,pro_FVG+VP,intraday_square_off
2017-11-24 10:00:00,2017-11-24 11:30:00,NIFTY 50,bullish,108.5,108.19,195,-59.7,105.95,-165.65,pro_LiqSweep+VP,stop_loss_premium_phase3
2017-11-28 09:45:00,2017-11-28 10:15:00,NIFTY 50,bullish,184.21,197.33,130,1705.4,117.47,1587.93,pro_VP+RSI_Div,target
2017-11-28 10:45:00,2017-11-28 12:15:00,NIFTY 50,bullish,60.49,55.51,455,-2265.29,118.97,-2384.26,pro_FVG+VP,stop_loss_premium_phase3
2017-11-29 09:45:00,2017-11-29 11:15:00,NIFTY 50,bullish,174.11,181.29,130,933.36,112.17,821.19,pro_VP+OTE,stop_loss_premium_phase3
2017-12-04 09:45:00,2017-12-04 10:00:00,NIFTY 50,bearish,129.96,119.14,65,-703.28,69.21,-772.49,pro_VP+RSI_Div+VWAP,target
2017-12-04 14:15:00,2017-12-04 15:15:00,NIFTY 50,bearish,77.96,86.04,325,2624.46,123.29,2501.17,pro_FVG+RSI_Div+VWAP,intraday_square_off
2017-12-08 14:15:00,2017-12-08 15:15:00,NIFTY 50,bullish,174.07,168.86,130,-677.14,108.73,-785.87,pro_LiqSweep+VP,intraday_square_off
2017-12-19 10:30:00,2017-12-19 12:00:00,NIFTY 50,bullish,175.14,177.71,130,334.46,111.27,223.19,pro_FVG+VP,stop_loss_premium_phase3
2017-12-22 10:00:00,2017-12-22 11:30:00,NIFTY 50,bullish,173.37,182.34,130,1166.9,112.4,1054.5,pro_LiqSweep+VP,stop_loss_premium_phase3
2017-12-26 09:45:00,2017-12-26 10:00:00,NIFTY 50,bullish,205.12,199.79,65,-346.38,83.57,-429.95,pro_FVG+VP+OTE,target
2017-12-29 14:15:00,2017-12-29 15:15:00,NIFTY 50,bullish,183.15,191.92,130,1141.08,115.88,1025.2,pro_LiqSweep+VP,intraday_square_off
2018-01-05 11:30:00,2018-01-05 13:00:00,NIFTY 50,bullish,73.2,76.33,325,1018.94,115.57,903.37,pro_FVG+VP,stop_loss_premium_phase3
2018-01-09 10:00:00,2018-01-09 11:30:00,NIFTY 50,bullish,178.41,183.65,130,681.77,113.19,568.58,pro_LiqSweep+VP,stop_loss_premium_phase3
2018-01-09 14:15:00,2018-01-09 15:15:00,NIFTY 50,bullish,49.9,55.04,455,2342.14,115.36,2226.78,pro_LiqSweep+VP,intraday_square_off
2018-01-16 10:30:00,2018-01-16 12:45:00,NIFTY 50,bullish,57.67,65.42,455,3526.42,127.71,3398.71,pro_LiqSweep+VP+OTE,stop_loss_premium_phase3
2018-01-19 11:30:00,2018-01-19 13:00:00,NIFTY 50,bullish,180.98,175.09,130,-765.75,111.05,-876.8,pro_FVG+VP,stop_loss_premium_phase3
2018-02-20 14:15:00,2018-02-20 14:45:00,NIFTY 50,bearish,63.09,84.37,455,9684.04,147.68,9536.36,pro_OTE+RSI_Div+VWAP,target
2018-02-23 10:00:00,2018-02-23 11:45:00,NIFTY 50,bullish,189.17,230.43,130,5364.23,127.04,5237.19,pro_LiqSweep+VP,target
2018-03-06 14:15:00,2018-03-06 14:45:00,NIFTY 50,bearish,56.41,80.84,585,14294.35,169.42,14124.93,pro_LiqSweep+RSI_Div+VWAP,target
2018-03-09 14:15:00,2018-03-09 14:45:00,NIFTY 50,bearish,95.91,120.57,325,8014.31,150.98,7863.33,pro_LiqSweep+RSI_Div+VWAP,target
2018-03-13 11:15:00,2018-03-13 13:00:00,NIFTY 50,bullish,86.88,94.23,390,2864.11,147.58,2716.53,pro_FVG+VP,stop_loss_premium_phase3
2018-03-19 10:15:00,2018-03-19 11:45:00,NIFTY 50,bullish,195.16,189.74,195,-1055.22,150.86,-1206.08,pro_LiqSweep+RSI_Div,stop_loss_premium_phase3
2018-03-26 10:00:00,2018-03-26 11:30:00,NIFTY 50,bullish,158.49,170.24,195,2292.36,138.08,2154.28,pro_LiqSweep+VP+RSI_Div,stop_loss_premium_phase3
2018-03-26 14:15:00,2018-03-26 15:00:00,NIFTY 50,bullish,184.58,234.31,195,9696.13,167.98,9528.15,pro_LiqSweep+FVG+VP,target
2018-04-06 10:00:00,2018-04-06 11:00:00,NIFTY 50,bullish,80.72,80.42,520,-152.76,163.68,-316.44,pro_FVG+VP+RSI_Div,stop_loss_premium_phase2
2018-04-06 14:15:00,2018-04-06 15:15:00,NIFTY 50,bullish,171.7,182.38,195,2082.8,144.8,1938.0,pro_LiqSweep+VP,intraday_square_off
2018-04-17 14:15:00,2018-04-17 15:15:00,NIFTY 50,bullish,56.92,57.78,715,610.85,161.76,449.09,pro_LiqSweep+VP,intraday_square_off
2018-04-20 10:30:00,2018-04-20 12:00:00,NIFTY 50,bullish,76.51,76.31,520,-102.51,157.69,-260.2,pro_LiqSweep+FVG+VP+OTE,stop_loss_premium_phase3
2018-04-24 14:15:00,2018-04-24 15:15:00,NIFTY 50,bullish,163.34,150.35,260,-3377.47,158.2,-3535.67,pro_FVG+VP+RSI_Div,intraday_square_off
2018-04-30 10:00:00,2018-04-30 11:30:00,NIFTY 50,bullish,102.27,107.51,390,2044.35,162.54,1881.81,pro_FVG+VP,stop_loss_premium_phase3
2018-05-11 14:15:00,2018-05-11 14:45:00,NIFTY 50,bullish,179.98,200.42,195,3985.64,153.34,3832.3,pro_LiqSweep+VP+RSI_Div,target
2018-05-14 10:00:00,2018-05-14 11:30:00,NIFTY 50,bullish,62.63,62.37,650,-164.88,160.13,-325.01,pro_LiqSweep+VP+RSI_Div,stop_loss_premium_phase3
2018-05-15 11:15:00,2018-05-15 12:45:00,NIFTY 50,bullish,166.47,160.74,195,-1116.7,135.16,-1251.86,pro_FVG+VP,stop_loss_premium_phase3
2018-05-21 09:45:00,2018-05-21 10:45:00,NIFTY 50,bullish,90.9,90.77,325,-41.44,129.32,-170.76,pro_VP+OTE+RSI_Div,stop_loss_premium_phase2
2018-05-22 09:45:00,2018-05-22 11:15:00,NIFTY 50,bearish,47.35,67.76,715,14592.77,172.44,14420.33,pro_VP+RSI_Div+VWAP,stop_loss_premium_phase3
2018-05-25 10:45:00,2018-05-25 12:15:00,NIFTY 50,bearish,148.56,154.62,260,1575.49,158.04,1417.45,pro_LiqSweep+RSI_Div+VWAP,stop_loss_premium_phase3
2018-05-28 11:15:00,2018-05-28 12:45:00,NIFTY 50,bearish,101.58,101.22,455,-161.63,175.47,-337.1,pro_LiqSweep+RSI_Div+VWAP,stop_loss_premium_phase3
2018-05-29 09:45:00,2018-05-29 10:45:00,NIFTY 50,bearish,71.09,71.64,520,287.01,150.68,136.33,pro_LiqSweep+RSI_Div+VWAP,stop_loss_premium_phase2
2018-06-01 11:00:00,2018-06-01 12:30:00,NIFTY 50,bearish,180.46,202.38,195,4273.26,154.21,4119.05,pro_LiqSweep+OTE+VWAP,stop_loss_premium_phase3
2018-06-04 09:45:00,2018-06-04 10:00:00,NIFTY 50,bearish,177.4,172.39,65,-325.11,78.6,-403.71,pro_LiqSweep+FVG+VWAP,target
2018-06-04 10:15:00,2018-06-04 11:45:00,NIFTY 50,bearish,190.04,199.27,195,1798.06,154.15,1643.91,pro_LiqSweep+FVG+VWAP,stop_loss_premium_phase3
2018-06-05 11:30:00,2018-06-05 13:00:00,NIFTY 50,bullish,149.29,148.97,260,-84.28,155.04,-239.32,pro_LiqSweep+RSI_Div,stop_loss_premium_phase3
2018-06-15 10:00:00,2018-06-15 11:30:00,NIFTY 50,bullish,176.46,175.99,260,-123.88,174.61,-298.49,pro_LiqSweep+VP+RSI_Div,stop_loss_premium_phase3
2018-06-19 10:15:00,2018-06-19 12:00:00,NIFTY 50,bearish,58.94,66.8,780,6133.46,188.17,5945.29,pro_LiqSweep+FVG+VWAP,stop_loss_premium_phase3
2018-06-22 10:45:00,2018-06-22 13:30:00,NIFTY 50,bullish,155.34,173.28,260,4663.96,169.51,4494.45,pro_LiqSweep+OTE,stop_loss_premium_phase3
2018-06-22 14:15:00,2018-06-22 14:45:00,NIFTY 50,bullish,177.05,201.86,260,6450.4,189.02,6261.38,pro_LiqSweep+VP,target
2018-06-26 11:00:00,2018-06-26 12:30:00,NIFTY 50,bullish,63.99,63.82,780,-138.6,185.81,-324.41,pro_LiqSweep+VP,stop_loss_premium_phase3
2018-06-26 14:15:00,2018-06-26 15:15:00,NIFTY 50,bullish,52.77,42.24,975,-10265.82,168.55,-10434.37,pro_LiqSweep+FVG+VP,intraday_square_off
2018-07-03 09:45:00,2018-07-03 11:15:00,NIFTY 50,bullish,90.95,106.47,260,4033.43,121.58,3911.85,pro_FVG+VP+RSI_Div,target
2018-07-03 14:15:00,2018-07-03 15:15:00,NIFTY 50,bullish,70.35,68.03,715,-1658.63,183.65,-1842.28,pro_LiqSweep+VP,intraday_square_off
2018-07-17 10:15:00,2018-07-17 11:45:00,NIFTY 50,bullish,171.75,185.54,260,3583.97,179.09,3404.88,pro_FVG+VP,stop_loss_premium_phase3
2018-07-20 10:00:00,2018-07-20 11:30:00,NIFTY 50,bullish,169.67,169.63,260,-9.38,169.94,-179.32,pro_LiqSweep+VP,stop_loss_premium_phase3
2018-07-23 09:45:00,2018-07-23 11:15:00,NIFTY 50,bearish,71.48,81.83,520,5380.91,162.08,5218.83,pro_LiqSweep+FVG+VWAP,stop_loss_premium_phase3
2018-07-23 11:30:00,2018-07-23 13:00:00,NIFTY 50,bullish,147.89,147.57,325,-103.72,180.74,-284.46,pro_FVG+VP,stop_loss_premium_phase3
2018-07-31 10:00:00,2018-07-31 11:30:00,NIFTY 50,bullish,63.73,62.07,780,-1296.77,182.78,-1479.55,pro_LiqSweep+VP+OTE,stop_loss_premium_phase3
2018-08-06 10:45:00,2018-08-06 12:15:00,NIFTY 50,bearish,153.01,160.29,325,2368.42,190.62,2177.8,pro_FVG+OTE+VWAP,stop_loss_premium_phase3
2018-08-10 14:15:00,2018-08-10 15:15:00,NIFTY 50,bearish,98.77,103.29,520,2354.47,195.13,2159.34,pro_FVG+OTE+VWAP,intraday_square_off
2018-08-14 10:15:00,2018-08-14 11:45:00,NIFTY 50,bearish,56.23,61.41,910,4713.12,199.62,4513.5,pro_FVG+RSI_Div+VWAP,stop_loss_premium_phase3
2018-08-14 14:15:00,2018-08-14 15:15:00,NIFTY 50,bearish,69.32,71.09,715,1262.57,187.82,1074.75,pro_LiqSweep+RSI_Div+VWAP,intraday_square_off
2018-08-21 10:00:00,2018-08-21 11:30:00,NIFTY 50,bullish,159.96,161.34,325,447.5,192.83,254.67,pro_LiqSweep+VP,stop_loss_premium_phase3
2018-08-21 14:15:00,2018-08-21 15:15:00,NIFTY 50,bullish,167.09,169.42,260,606.9,169.38,437.52,pro_LiqSweep+VP,intraday_square_off
2018-08-24 10:00:00,2018-08-24 11:30:00,NIFTY 50,bullish,157.03,151.28,325,-1867.0,185.25,-2052.25,pro_LiqSweep+VP+RSI_Div,stop_loss_premium_phase3
2018-08-27 09:45:00,2018-08-27 10:00:00,NIFTY 50,bullish,261.77,195.52,65,-4306.43,85.39,-4391.82,pro_LiqSweep+VP,target
2018-08-31 10:00:00,2018-08-31 11:00:00,NIFTY 50,bullish,183.65,178.65,260,-1298.04,177.31,-1475.35,pro_LiqSweep+FVG+VP,stop_loss_premium_phase2
2018-09-25 10:45:00,2018-09-25 12:15:00,NIFTY 50,bullish,196.35,195.75,260,-156.44,188.93,-345.37,pro_VP+RSI_Div,stop_loss_premium_phase3
2018-09-28 10:00:00,2018-09-28 11:15:00,NIFTY 50,bullish,178.31,220.7,260,11021.47,199.65,10821.82,pro_LiqSweep+OTE+RSI_Div,target
2018-09-28 11:30:00,2018-09-28 12:30:00,NIFTY 50,bullish,207.99,207.98,260,-3.88,197.68,-201.56,pro_LiqSweep+VP,stop_loss_premium_phase2
2018-10-09 10:00:00,2018-10-09 11:30:00,NIFTY 50,bearish,186.83,210.23,260,6082.8,195.31,5887.49,pro_OTE+RSI_Div+VWAP,stop_loss_premium_phase3
2018-10-09 14:15:00,2018-10-09 15:00:00,NIFTY 50,bearish,181.01,241.3,260,15674.49,211.5,15462.99,pro_LiqSweep+FVG+VWAP,target
2018-10-15 09:45:00,2018-10-15 11:45:00,NIFTY 50,bearish,159.19,158.67,260,-136.33,162.09,-298.42,pro_LiqSweep+OTE+RSI_Div+VWAP,stop_loss_premium_phase3
2018-10-19 14:15:00,2018-10-19 15:15:00,NIFTY 50,bullish,199.94,196.91,260,-788.27,190.19,-978.46,pro_VP+RSI_Div,intraday_square_off
2018-10-30 10:45:00,2018-10-30 12:15:00,NIFTY 50,bullish,187.06,187.11,260,13.42,182.57,-169.15,pro_FVG+VP,stop_loss_premium_phase3
2018-10-30 14:15:00,2018-10-30 15:15:00,NIFTY 50,bullish,110.0,102.91,520,-3685.12,198.54,-3883.66,pro_LiqSweep+OTE,intraday_square_off
2018-11-02 14:15:00,2018-11-02 15:15:00,NIFTY 50,bearish,143.4,138.5,390,-1911.5,198.77,-2110.27,pro_OTE+RSI_Div+VWAP,intraday_square_off
2018-11-05 14:15:00,2018-11-05 15:15:00,NIFTY 50,bullish,162.68,191.31,325,9305.85,214.12,9091.73,pro_FVG+OTE,intraday_square_off
2018-11-06 10:00:00,2018-11-06 11:30:00,NIFTY 50,bullish,182.87,182.47,325,-129.24,212.31,-341.55,pro_LiqSweep+FVG+VP+RSI_Div,stop_loss_premium_phase3
2018-11-06 14:15:00,2018-11-06 15:15:00,NIFTY 50,bullish,171.13,198.58,325,8921.49,220.94,8700.55,pro_FVG+RSI_Div,intraday_square_off
2018-11-12 09:45:00,2018-11-12 10:00:00,NIFTY 50,bullish,149.35,132.2,65,-1114.35,71.84,-1186.19,pro_FVG+VP+OTE,target
2018-11-20 10:00:00,2018-11-20 11:30:00,NIFTY 50,bullish,100.2,100.41,585,121.42,210.58,-89.16,pro_LiqSweep+VP,stop_loss_premium_phase3
2018-11-27 10:15:00,2018-11-27 11:45:00,NIFTY 50,bullish,99.5,99.29,585,-118.65,208.92,-327.57,pro_LiqSweep+VP,stop_loss_premium_phase3
2018-11-27 14:15:00,2018-11-27 15:15:00,NIFTY 50,bullish,157.59,180.07,390,8766.45,236.87,8529.58,pro_LiqSweep+FVG+VP+RSI_Div,intraday_square_off
2018-11-30 11:15:00,2018-11-30 12:45:00,NIFTY 50,bullish,181.01,175.83,325,-1683.48,207.33,-1890.81,pro_FVG+VP,stop_loss_premium_phase3
2018-12-04 10:00:00,2018-12-04 11:30:00,NIFTY 50,bullish,84.11,83.95,715,-114.41,214.32,-328.73,pro_VP+OTE+RSI_Div,stop_loss_premium_phase3
2018-12-04 14:15:00,2018-12-04 15:15:00,NIFTY 50,bullish,175.99,176.96,325,312.84,207.04,105.8,pro_LiqSweep+FVG+VP+RSI_Div,intraday_square_off
2018-12-11 14:15:00,2018-12-11 15:15:00,NIFTY 50,bullish,167.21,174.72,325,2439.04,203.62,2235.42,pro_FVG+VP,intraday_square_off
2018-12-14 10:30:00,2018-12-14 12:00:00,NIFTY 50,bullish,190.21,184.5,325,-1854.23,215.28,-2069.51,pro_FVG+VP,stop_loss_premium_phase3
2018-12-14 14:15:00,2018-12-14 15:15:00,NIFTY 50,bullish,116.36,136.62,520,10534.55,237.97,10296.58,pro_FVG+VP,intraday_square_off
2018-12-31 09:45:00,2018-12-31 12:00:00,NIFTY 50,bearish,71.13,85.86,715,10535.41,211.13,10324.28,pro_OTE+RSI_Div+VWAP,stop_loss_premium_phase3
2019-01-01 10:45:00,2019-01-01 12:15:00,NIFTY 50,bullish,59.45,63.13,1105,4070.13,238.66,3831.47,pro_FVG+OTE,stop_loss_premium_phase3
2019-01-01 14:15:00,2019-01-01 14:30:00,NIFTY 50,bullish,176.61,192.18,390,6072.92,251.78,5821.14,pro_FVG+RSI_Div,target
2019-01-04 11:00:00,2019-01-04 13:00:00,NIFTY 50,bullish,194.69,229.39,325,11278.48,247.26,11031.22,pro_LiqSweep+OTE+RSI_Div,stop_loss_premium_phase3
2019-01-04 14:15:00,2019-01-04 15:15:00,NIFTY 50,bullish,200.17,230.56,325,9877.57,249.24,9628.33,pro_LiqSweep+FVG+OTE,intraday_square_off
2019-01-07 11:30:00,2019-01-07 13:00:00,NIFTY 50,bearish,157.98,152.66,455,-2418.97,242.08,-2661.05,pro_FVG+RSI_Div+VWAP,stop_loss_premium_phase3
2019-01-08 10:00:00,2019-01-08 11:30:00,NIFTY 50,bullish,174.28,173.73,390,-214.25,235.89,-450.14,pro_LiqSweep+FVG+OTE+RSI_Div,stop_loss_premium_phase3
2019-01-08 14:15:00,2019-01-08 15:15:00,NIFTY 50,bullish,76.03,74.05,975,-1929.64,249.39,-2179.03,pro_LiqSweep+VP+RSI_Div,intraday_square_off
2019-01-11 10:30:00,2019-01-11 12:00:00,NIFTY 50,bullish,183.82,183.41,390,-160.0,246.36,-406.36,pro_VP+OTE,stop_loss_premium_phase3
2019-01-18 10:00:00,2019-01-18 12:00:00,NIFTY 50,bullish,172.49,179.62,390,2781.49,240.32,2541.17,pro_LiqSweep+VP,stop_loss_premium_phase3
2019-01-18 14:15:00,2019-01-18 15:15:00,NIFTY 50,bullish,86.22,91.01,845,4051.85,258.55,3793.3,pro_VP+RSI_Div,intraday_square_off
2019-01-22 10:00:00,2019-01-22 12:00:00,NIFTY 50,bearish,54.35,72.68,1365,25015.37,306.85,24708.52,pro_LiqSweep+RSI_Div+VWAP,target
2019-01-25 10:30:00,2019-01-25 12:00:00,NIFTY 50,bullish,189.37,188.95,390,-165.49,252.37,-417.86,pro_LiqSweep+FVG+VP,stop_loss_premium_phase3
2019-01-29 10:00:00,2019-01-29 11:30:00,NIFTY 50,bullish,177.94,177.39,455,-247.15,271.97,-519.12,pro_VP+RSI_Div,stop_loss_premium_phase3
2019-02-04 14:15:00,2019-02-04 14:30:00,NIFTY 50,bullish,185.51,215.56,390,11717.94,273.45,11444.49,pro_VP+RSI_Div,target
2019-02-05 10:00:00,2019-02-05 11:30:00,NIFTY 50,bearish,112.37,120.1,715,5520.73,282.53,5238.2,pro_LiqSweep+FVG+RSI_Div+VWAP,stop_loss_premium_phase3
2019-02-06 09:45:00,2019-02-06 11:15:00,NIFTY 50,bearish,104.01,121.88,650,11616.64,260.03,11356.61,pro_LiqSweep+OTE+RSI_Div+VWAP,stop_loss_premium_phase3
2019-02-12 09:45:00,2019-02-12 11:15:00,NIFTY 50,bullish,67.14,78.9,1040,12227.95,267.5,11960.45,pro_LiqSweep+FVG+VP+RSI_Div,stop_loss_premium_phase3
2019-02-13 09:45:00,2019-02-13 10:00:00,NIFTY 50,bearish,189.29,184.59,195,-917.18,147.97,-1065.15,pro_LiqSweep+OTE+VWAP,target
2019-02-15 14:15:00,2019-02-15 15:15:00,NIFTY 50,bullish,188.62,200.87,455,5572.93,297.88,5275.05,pro_LiqSweep+RSI_Div,intraday_square_off
2019-02-22 10:30:00,2019-02-22 12:00:00,NIFTY 50,bullish,158.78,153.38,585,-3156.51,298.97,-3455.48,pro_FVG+VP,stop_loss_premium_phase3
2019-03-05 10:00:00,2019-03-05 11:45:00,NIFTY 50,bullish,64.0,94.55,1430,43679.91,394.78,43285.13,pro_LiqSweep+FVG+VP+RSI_Div,target
2019-03-08 14:15:00,2019-03-08 15:15:00,NIFTY 50,bullish,100.76,112.13,975,11083.68,344.15,10739.53,pro_FVG+VP+RSI_Div,intraday_square_off
2019-03-11 10:00:00,2019-03-11 11:30:00,NIFTY 50,bullish,107.77,113.88,975,5950.98,352.26,5598.72,pro_FVG+VP,stop_loss_premium_phase3
2019-03-11 14:15:00,2019-03-11 15:15:00,NIFTY 50,bullish,69.23,75.73,1560,10141.71,369.29,9772.42,pro_LiqSweep+VP,intraday_square_off
2019-03-19 10:00:00,2019-03-19 11:30:00,NIFTY 50,bullish,176.81,194.48,585,10334.59,357.01,9977.58,pro_LiqSweep+FVG+VP,stop_loss_premium_phase3
2019-03-19 14:15:00,2019-03-19 15:00:00,NIFTY 50,bullish,166.07,195.96,650,19428.88,388.9,19039.98,pro_LiqSweep+VP,target
2019-03-22 10:30:00,2019-03-22 12:00:00,NIFTY 50,bullish,163.53,163.09,715,-313.57,371.9,-685.47,pro_FVG+VP+RSI_Div,stop_loss_premium_phase3
2019-03-25 14:15:00,2019-03-25 14:45:00,NIFTY 50,bullish,64.1,81.22,1820,31147.01,438.1,30708.91,pro_LiqSweep+RSI_Div,target
2019-03-26 10:00:00,2019-03-26 11:30:00,NIFTY 50,bullish,65.67,65.94,1885,522.63,392.77,129.86,pro_LiqSweep+VP+RSI_Div,stop_loss_premium_phase3
2019-04-05 10:00:00,2019-04-05 11:30:00,NIFTY 50,bullish,184.62,178.07,650,-4254.96,372.09,-4627.05,pro_FVG+VP,stop_loss_premium_phase3
2019-04-05 14:15:00,2019-04-05 15:15:00,NIFTY 50,bullish,154.11,163.35,780,7204.74,397.03,6807.71,pro_FVG+VP,intraday_square_off
2019-04-08 10:00:00,2019-04-08 11:30:00,NIFTY 50,bullish,179.33,173.96,650,-3489.94,364.15,-3854.09,pro_LiqSweep+VP+RSI_Div,stop_loss_premium_phase3
2019-04-09 10:15:00,2019-04-09 11:45:00,NIFTY 50,bullish,183.7,183.14,650,-361.46,378.71,-740.17,pro_FVG+VP,stop_loss_premium_phase3
2019-04-09 14:15:00,2019-04-09 15:15:00,NIFTY 50,bullish,66.25,81.92,1820,28516.83,443.36,28073.47,pro_LiqSweep+VP,intraday_square_off
2019-04-15 10:00:00,2019-04-15 11:45:00,NIFTY 50,bearish,113.99,108.67,1105,-5877.32,385.22,-6262.54,pro_OTE+RSI_Div+VWAP,stop_loss_premium_phase3
2019-04-30 09:45:00,2019-04-30 11:15:00,NIFTY 50,bullish,120.33,143.7,845,19741.95,372.14,19369.81,pro_FVG+VP,stop_loss_premium_phase3
2019-04-30 14:15:00,2019-04-30 15:00:00,NIFTY 50,bullish,83.1,115.81,1625,53156.9,536.01,52620.89,pro_LiqSweep+VP+RSI_Div,target
2019-05-13 10:15:00,2019-05-13 12:15:00,NIFTY 50,bearish,183.66,202.35,780,14573.76,476.85,14096.91,pro_FVG+RSI_Div+VWAP,stop_loss_premium_phase3
2019-05-17 10:00:00,2019-05-17 11:45:00,NIFTY 50,bullish,204.66,214.65,715,7148.36,469.6,6678.76,pro_FVG+VP,stop_loss_premium_phase3
2019-05-21 11:00:00,2019-05-21 12:30:00,NIFTY 50,bearish,176.82,192.06,845,12876.59,490.36,12386.23,pro_FVG+OTE+VWAP,stop_loss_premium_phase3
2019-05-27 09:45:00,2019-05-27 11:15:00,NIFTY 50,bearish,140.76,147.32,845,5544.31,389.99,5154.32,pro_LiqSweep+FVG+VWAP,stop_loss_premium_phase3
2019-06-03 14:15:00,2019-06-03 15:15:00,NIFTY 50,bullish,84.05,97.69,1820,24818.18,525.67,24292.51,pro_VP+RSI_Div,intraday_square_off
2019-06-07 10:00:00,2019-06-07 11:30:00,NIFTY 50,bearish,171.95,193.14,910,19284.47,523.65,18760.82,pro_LiqSweep+FVG+RSI_Div+VWAP,stop_loss_premium_phase3
2019-06-10 09:45:00,2019-06-10 11:15:00,NIFTY 50,bearish,106.21,130.02,1235,29401.97,474.74,28927.23,pro_LiqSweep+FVG+VWAP,stop_loss_premium_phase3
2019-06-12 09:45:00,2019-06-12 10:00:00,NIFTY 50,bearish,118.24,84.94,195,-6493.97,97.56,-6591.53,pro_FVG+RSI_Div+VWAP,target
2019-06-18 14:15:00,2019-06-18 14:45:00,NIFTY 50,bearish,63.78,90.98,2730,74253.17,689.63,73563.54,pro_LiqSweep+FVG+OTE+VWAP,target
2019-06-21 11:00:00,2019-06-21 12:30:00,NIFTY 50,bullish,199.68,199.15,910,-485.72,551.83,-1037.55,pro_LiqSweep+OTE,stop_loss_premium_phase3
2019-06-24 10:00:00,2019-06-24 11:30:00,NIFTY 50,bullish,186.04,191.85,975,5664.04,564.01,5100.03,pro_LiqSweep+RSI_Div,stop_loss_premium_phase3
2019-06-24 14:15:00,2019-06-24 15:15:00,NIFTY 50,bullish,79.01,81.7,2405,6486.55,589.75,5896.8,pro_LiqSweep+OTE+RSI_Div,intraday_square_off
2019-06-28 10:00:00,2019-06-28 11:30:00,NIFTY 50,bullish,190.75,185.08,975,-5527.88,552.99,-6080.87,pro_LiqSweep+OTE+RSI_Div,stop_loss_premium_phase3
2019-07-01 10:45:00,2019-07-01 12:15:00,NIFTY 50,bearish,113.41,113.02,1690,-650.21,579.16,-1229.37,pro_LiqSweep+FVG+VWAP,stop_loss_premium_phase3
2019-07-02 10:00:00,2019-07-02 11:30:00,NIFTY 50,bullish,162.32,161.88,1170,-511.83,574.6,-1086.43,pro_VP+OTE+RSI_Div,stop_loss_premium_phase3
2019-07-09 14:15:00,2019-07-09 15:15:00,NIFTY 50,bullish,165.23,188.3,1105,25490.69,609.48,24881.21,pro_LiqSweep+VP,intraday_square_off
2019-07-12 11:30:00,2019-07-12 13:00:00,NIFTY 50,bearish,164.28,170.43,1170,7192.23,597.38,6594.85,pro_LiqSweep+OTE+VWAP,stop_loss_premium_phase3
2019-07-23 10:00:00,2019-07-23 11:30:00,NIFTY 50,bearish,112.63,123.93,1755,19829.39,639.41,19189.98,pro_LiqSweep+FVG+RSI_Div+VWAP,stop_loss_premium_phase3
2019-07-24 09:45:00,2019-07-24 10:00:00,NIFTY 50,bearish,101.62,73.77,260,-7241.02,105.33,-7346.35,pro_FVG+OTE+VWAP,target
2019-08-13 09:45:00,2019-08-13 10:00:00,NIFTY 50,bearish,187.43,177.39,325,-3261.18,209.78,-3470.96,pro_LiqSweep+RSI_Div+VWAP,target
2019-08-16 10:00:00,2019-08-16 11:00:00,NIFTY 50,bearish,203.6,198.41,975,-5059.94,588.84,-5648.78,pro_LiqSweep+FVG+VWAP,stop_loss_premium_phase2
2019-08-20 09:45:00,2019-08-20 11:15:00,NIFTY 50,bearish,109.17,115.33,1820,11217.0,623.94,10593.06,pro_VP+RSI_Div+VWAP,stop_loss_premium_phase3
2019-08-27 10:30:00,2019-08-27 12:00:00,NIFTY 50,bearish,157.64,169.94,1235,15184.48,621.27,14563.21,pro_LiqSweep+RSI_Div+VWAP,stop_loss_premium_phase3
2019-09-09 10:30:00,2019-09-09 12:00:00,NIFTY 50,bullish,164.12,175.24,1235,13741.79,640.45,13101.34,pro_FVG+VP,stop_loss_premium_phase3
2019-09-13 10:00:00,2019-09-13 11:30:00,NIFTY 50,bullish,174.42,186.32,1170,13920.37,644.7,13275.67,pro_FVG+RSI_Div,stop_loss_premium_phase3
2019-09-13 14:15:00,2019-09-13 15:00:00,NIFTY 50,bullish,191.3,222.77,1105,34774.34,709.4,34064.94,pro_VP+RSI_Div,target
2019-09-30 11:15:00,2019-09-30 12:45:00,NIFTY 50,bullish,159.46,163.18,1365,5077.78,663.71,4414.07,pro_LiqSweep+RSI_Div,stop_loss_premium_phase3
2019-09-30 14:15:00,2019-09-30 15:15:00,NIFTY 50,bullish,115.77,91.94,1885,-44910.0,558.98,-45468.98,pro_LiqSweep+OTE,intraday_square_off
2019-10-04 14:15:00,2019-10-04 15:15:00,NIFTY 50,bearish,192.08,214.96,1105,25285.09,691.6,24593.49,pro_LiqSweep+FVG+VWAP,intraday_square_off
2019-10-07 10:15:00,2019-10-07 11:45:00,NIFTY 50,bearish,180.6,195.88,1170,17879.03,673.22,17205.81,pro_LiqSweep+FVG+VWAP,stop_loss_premium_phase3
2019-10-11 14:15:00,2019-10-11 15:15:00,NIFTY 50,bearish,186.35,187.8,1170,1695.08,657.54,1037.54,pro_OTE+RSI_Div+VWAP,intraday_square_off
2019-10-25 10:00:00,2019-10-25 11:30:00,NIFTY 50,bearish,203.38,210.1,1040,6986.9,650.66,6336.24,pro_LiqSweep+RSI_Div+VWAP,stop_loss_premium_phase3
2019-10-25 14:15:00,2019-10-25 15:15:00,NIFTY 50,bearish,169.53,160.98,1300,-11114.99,636.87,-11751.86,pro_LiqSweep+FVG+VWAP,intraday_square_off
2019-11-04 09:45:00,2019-11-04 10:00:00,NIFTY 50,bullish,271.0,219.22,195,-10095.64,172.79,-10268.43,pro_LiqSweep+VP,target
2019-11-04 10:15:00,2019-11-04 11:45:00,NIFTY 50,bullish,183.37,201.77,1170,21528.83,690.0,20838.83,pro_LiqSweep+FVG+VP,stop_loss_premium_phase3
2019-11-05 09:45:00,2019-11-05 11:15:00,NIFTY 50,bullish,165.63,173.73,1300,10528.81,668.79,9860.02,pro_LiqSweep+FVG+VP,stop_loss_premium_phase3
2019-11-05 11:30:00,2019-11-05 12:45:00,NIFTY 50,bullish,150.1,150.19,1495,123.56,671.93,-548.37,pro_LiqSweep+FVG+VP,stop_loss_premium_phase2
2019-11-06 09:45:00,2019-11-06 10:45:00,NIFTY 50,bullish,55.08,55.21,3250,413.54,546.26,-132.72,pro_LiqSweep+OTE,stop_loss_premium_phase2
2019-11-08 11:00:00,2019-11-08 12:30:00,NIFTY 50,bearish,151.34,146.64,1495,-7024.53,661.89,-7686.42,pro_FVG+RSI_Div+VWAP,stop_loss_premium_phase3
2019-11-18 09:45:00,2019-11-18 10:00:00,NIFTY 50,bearish,138.19,128.48,455,-4417.64,212.78,-4630.42,pro_OTE+RSI_Div+VWAP,target
2019-11-25 09:45:00,2019-11-25 10:00:00,NIFTY 50,bullish,229.78,208.08,260,-5642.51,201.46,-5843.97,pro_VP+OTE+RSI_Div,target
2019-11-25 10:15:00,2019-11-25 12:00:00,NIFTY 50,bullish,186.66,211.17,1170,28681.23,715.92,27965.31,pro_FVG+VP+RSI_Div,stop_loss_premium_phase3
2019-11-26 10:15:00,2019-11-26 11:45:00,NIFTY 50,bullish,76.85,72.17,2925,-13697.39,643.65,-14341.04,pro_FVG+VP,stop_loss_premium_phase3
2019-12-02 11:00:00,2019-12-02 12:30:00,NIFTY 50,bearish,168.53,168.62,1300,115.07,657.11,-542.04,pro_LiqSweep+FVG+VWAP,stop_loss_premium_phase3
2019-12-03 10:15:00,2019-12-03 11:15:00,NIFTY 50,bullish,177.29,176.06,1235,-1508.81,653.28,-2162.09,pro_LiqSweep+RSI_Div,stop_loss_premium_phase2
2019-12-17 10:00:00,2019-12-17 11:30:00,NIFTY 50,bullish,179.55,189.4,1235,12164.99,690.14,11474.85,pro_LiqSweep+VP,stop_loss_premium_phase3
2019-12-17 14:15:00,2019-12-17 15:15:00,NIFTY 50,bullish,63.54,77.13,3250,44150.2,715.75,43434.45,pro_LiqSweep+VP,intraday_square_off
2019-12-23 14:15:00,2019-12-23 15:00:00,NIFTY 50,bullish,76.78,89.98,3055,40332.79,785.69,39547.1,pro_VP+OTE,target
2019-12-30 11:15:00,2019-12-30 12:45:00,NIFTY 50,bullish,172.49,167.35,1430,-7349.99,717.98,-8067.97,pro_FVG+VP,stop_loss_premium_phase3
2020-01-17 14:15:00,2020-01-17 15:15:00,NIFTY 50,bearish,100.83,100.68,2405,-353.45,721.26,-1074.71,pro_FVG+OTE+VWAP,intraday_square_off
2020-01-21 14:15:00,2020-01-21 15:15:00,NIFTY 50,bullish,57.24,49.9,3250,-23854.95,514.18,-24369.13,pro_LiqSweep+VP+OTE,intraday_square_off
2020-02-01 14:15:00,2020-02-01 14:45:00,NIFTY 50,bearish,200.85,256.4,1170,64986.98,839.34,64147.64,pro_FVG+RSI_Div+VWAP,target
2020-02-03 10:45:00,2020-02-03 11:45:00,NIFTY 50,bullish,212.54,207.28,1170,-6151.45,726.12,-6877.57,pro_FVG+OTE,stop_loss_premium_phase2
2020-02-07 11:00:00,2020-02-07 12:30:00,NIFTY 50,bullish,190.87,185.47,1300,-7010.26,722.78,-7733.04,pro_LiqSweep+VP+OTE,stop_loss_premium_phase3
2020-02-18 14:15:00,2020-02-18 15:00:00,NIFTY 50,bullish,56.76,75.64,3250,61344.84,691.02,60653.82,pro_LiqSweep+RSI_Div,target
2020-03-02 10:00:00,2020-03-02 11:30:00,NIFTY 50,bearish,212.23,206.79,1235,-6718.79,762.3,-7481.09,pro_FVG+OTE+VWAP,stop_loss_premium_phase3
2020-03-02 14:15:00,2020-03-02 14:45:00,NIFTY 50,bearish,167.51,223.69,1560,87644.11,960.77,86683.34,pro_LiqSweep+FVG+OTE+RSI_Div+VWAP,target
2020-03-17 10:45:00,2020-03-17 12:15:00,NIFTY 50,bearish,211.8,244.86,1300,42979.36,904.8,42074.56,pro_FVG+OTE+VWAP,stop_loss_premium_phase3
2020-03-31 11:15:00,2020-03-31 12:15:00,NIFTY 50,bearish,201.96,202.04,1430,108.55,851.12,-742.57,pro_FVG+OTE+VWAP,stop_loss_premium_phase2
2020-04-15 09:45:00,2020-04-15 10:00:00,NIFTY 50,bullish,326.97,283.49,130,-5652.3,153.47,-5805.77,pro_FVG+OTE+RSI_Div,target
2020-04-20 14:15:00,2020-04-20 14:45:00,NIFTY 50,bearish,198.9,246.8,1430,68502.67,984.36,67518.31,pro_LiqSweep+FVG+VWAP,target
2020-05-11 10:30:00,2020-05-11 12:00:00,NIFTY 50,bearish,184.65,209.9,1690,42679.53,1006.35,41673.18,pro_FVG+OTE+VWAP,stop_loss_premium_phase3
2020-05-11 14:15:00,2020-05-11 14:45:00,NIFTY 50,bearish,176.38,216.02,1820,72139.27,1093.93,71045.34,pro_VP+RSI_Div+VWAP,target
2020-05-15 10:15:00,2020-05-15 11:45:00,NIFTY 50,bearish,191.2,201.32,1755,17766.12,1018.74,16747.38,pro_FVG+RSI_Div+VWAP,stop_loss_premium_phase3
2020-05-18 10:15:00,2020-05-18 11:45:00,NIFTY 50,bearish,194.0,237.77,1755,76802.24,1157.99,75644.25,pro_LiqSweep+RSI_Div+VWAP,stop_loss_premium_phase3
2020-05-22 10:15:00,2020-05-22 11:45:00,NIFTY 50,bullish,199.85,198.66,1820,-2176.48,1054.76,-3231.24,pro_LiqSweep+OTE+RSI_Div,stop_loss_premium_phase3
2020-05-29 10:30:00,2020-05-29 12:00:00,NIFTY 50,bullish,196.62,196.18,1820,-794.36,1041.32,-1835.68,pro_LiqSweep+VP,stop_loss_premium_phase3
2020-06-19 14:15:00,2020-06-19 15:15:00,NIFTY 50,bullish,199.01,226.52,1820,50064.17,1161.59,48902.58,pro_VP+RSI_Div,intraday_square_off
2020-06-23 10:00:00,2020-06-23 11:30:00,NIFTY 50,bullish,162.38,173.4,2275,25084.11,1128.54,23955.57,pro_LiqSweep+FVG,stop_loss_premium_phase3
2020-06-30 09:45:00,2020-06-30 10:00:00,NIFTY 50,bullish,244.11,234.27,390,-3835.86,303.97,-4139.83,pro_LiqSweep+VP,target
2020-07-01 09:45:00,2020-07-01 11:15:00,NIFTY 50,bearish,138.44,160.74,2145,47815.69,975.26,46840.43,pro_VP+RSI_Div+VWAP,stop_loss_premium_phase3
2020-07-10 10:00:00,2020-07-10 11:00:00,NIFTY 50,bullish,195.35,189.46,1950,-11477.84,1082.86,-12560.7,pro_LiqSweep+VP,stop_loss_premium_phase2
2020-07-15 09:45:00,2020-07-15 10:00:00,NIFTY 50,bullish,278.66,224.99,260,-13953.6,219.15,-14172.75,pro_FVG+OTE,target
2020-07-17 10:00:00,2020-07-17 11:30:00,NIFTY 50,bullish,207.47,217.58,1820,18411.34,1137.11,17274.23,pro_FVG+VP,stop_loss_premium_phase3
2020-07-17 14:15:00,2020-07-17 15:00:00,NIFTY 50,bullish,175.6,223.17,2210,105118.24,1350.68,103767.56,pro_LiqSweep+VP,target
2020-07-27 10:00:00,2020-07-27 11:30:00,NIFTY 50,bearish,172.74,172.77,2405,74.54,1203.44,-1128.9,pro_LiqSweep+RSI_Div+VWAP,stop_loss_premium_phase3
2020-07-28 11:00:00,2020-07-28 13:00:00,NIFTY 50,bullish,162.27,202.27,2535,101397.08,1407.5,99989.58,pro_FVG+VP,stop_loss_premium_phase3
2020-07-29 09:45:00,2020-07-29 11:15:00,NIFTY 50,bullish,104.57,104.37,3250,-649.29,991.53,-1640.82,pro_VP+RSI_Div,stop_loss_premium_phase3
2020-08-07 10:45:00,2020-08-07 12:15:00,NIFTY 50,bearish,216.32,210.0,2015,-12732.91,1233.09,-13966.0,pro_LiqSweep+RSI_Div+VWAP,stop_loss_premium_phase3
2020-08-18 10:00:00,2020-08-18 11:30:00,NIFTY 50,bullish,178.28,186.95,2405,20847.66,1284.71,19562.95,pro_LiqSweep+FVG+VP,stop_loss_premium_phase3
2020-08-18 14:15:00,2020-08-18 15:15:00,NIFTY 50,bullish,172.97,175.05,2535,5269.95,1278.6,3991.35,pro_LiqSweep+VP,intraday_square_off
2020-08-28 10:00:00,2020-08-28 11:30:00,NIFTY 50,bullish,185.44,220.35,2340,81681.54,1428.43,80253.11,pro_FVG+VP,target
2020-09-07 14:15:00,2020-09-07 15:15:00,NIFTY 50,bullish,166.37,188.57,2730,60620.0,1439.99,59180.01,pro_LiqSweep+VP,intraday_square_off
2020-09-08 14:15:00,2020-09-08 14:30:00,NIFTY 50,bearish,99.22,127.65,3250,92422.22,1141.05,91281.17,pro_FVG+OTE+VWAP,target
2020-09-21 10:30:00,2020-09-21 12:00:00,NIFTY 50,bearish,209.65,222.54,2340,30170.42,1476.54,28693.88,pro_LiqSweep+FVG+RSI_Div+VWAP,stop_loss_premium_phase3
2020-09-29 11:30:00,2020-09-29 13:00:00,NIFTY 50,bearish,154.59,185.2,3250,99484.61,1656.84,97827.77,pro_LiqSweep+FVG+VWAP,stop_loss_premium_phase3
2020-10-09 10:30:00,2020-10-09 12:00:00,NIFTY 50,bearish,194.03,188.27,2730,-15727.82,1487.83,-17215.65,pro_LiqSweep+FVG+OTE+VWAP,stop_loss_premium_phase3
2020-10-12 10:00:00,2020-10-12 11:00:00,NIFTY 50,bullish,165.82,165.36,3185,-1460.4,1513.76,-2974.16,pro_FVG+VP,stop_loss_premium_phase2
2020-10-12 11:15:00,2020-10-12 12:15:00,NIFTY 50,bullish,186.75,186.19,2795,-1581.81,1496.37,-3078.18,pro_FVG+RSI_Div,stop_loss_premium_phase2
2020-10-27 14:15:00,2020-10-27 15:15:00,NIFTY 50,bullish,165.47,173.76,3185,26402.98,1569.96,24833.02,pro_VP+RSI_Div,intraday_square_off
2020-10-30 10:00:00,2020-10-30 11:00:00,NIFTY 50,bullish,209.11,203.1,2535,-15246.85,1489.93,-16736.78,pro_FVG+VP,stop_loss_premium_phase2
2020-11-06 10:00:00,2020-11-06 11:30:00,NIFTY 50,bullish,179.92,174.27,2925,-16548.58,1476.54,-18025.12,pro_LiqSweep+VP,stop_loss_premium_phase3
2020-11-09 09:45:00,2020-11-09 10:00:00,NIFTY 50,bullish,378.38,248.08,195,-25409.77,198.5,-25608.27,pro_FVG+VP,target
2020-11-13 14:15:00,2020-11-13 15:15:00,NIFTY 50,bullish,192.45,208.08,2665,41658.06,1562.99,40095.07,pro_LiqSweep+VP,intraday_square_off
2020-11-23 10:00:00,2020-11-23 11:30:00,NIFTY 50,bearish,186.27,196.89,2795,29693.17,1559.14,28134.03,pro_OTE+RSI_Div+VWAP,stop_loss_premium_phase3
2020-12-01 10:00:00,2020-12-01 11:30:00,NIFTY 50,bearish,171.84,171.32,3055,-1592.92,1504.69,-3097.61,pro_OTE+RSI_Div+VWAP,stop_loss_premium_phase3
2020-12-07 10:00:00,2020-12-07 11:30:00,NIFTY 50,bullish,189.77,189.26,2795,-1426.1,1520.2,-2946.3,pro_FVG+VP,stop_loss_premium_phase3
2020-12-08 14:15:00,2020-12-08 15:15:00,NIFTY 50,bearish,171.78,193.97,3055,67781.22,1651.74,66129.48,pro_OTE+RSI_Div+VWAP,intraday_square_off
2020-12-11 10:00:00,2020-12-11 11:30:00,NIFTY 50,bullish,193.21,198.98,2795,16130.15,1584.29,14545.86,pro_LiqSweep+VP,stop_loss_premium_phase3
2020-12-15 14:15:00,2020-12-15 15:15:00,NIFTY 50,bullish,181.77,186.34,2990,13683.07,1588.7,12094.37,pro_LiqSweep+VP,intraday_square_off
2020-12-18 14:15:00,2020-12-18 15:15:00,NIFTY 50,bullish,173.43,187.12,3185,43623.31,1677.08,41946.23,pro_LiqSweep+VP+RSI_Div,intraday_square_off
2020-12-21 10:00:00,2020-12-21 11:30:00,NIFTY 50,bullish,187.12,186.71,2990,-1249.52,1601.51,-2851.03,pro_LiqSweep+VP,stop_loss_premium_phase3
2020-12-28 14:15:00,2020-12-28 15:15:00,NIFTY 50,bearish,100.61,97.22,3250,-11028.32,933.69,-11962.01,pro_LiqSweep+RSI_Div+VWAP,intraday_square_off
2020-12-29 10:00:00,2020-12-29 11:00:00,NIFTY 50,bullish,171.99,166.21,3250,-18768.98,1562.74,-20331.72,pro_LiqSweep+VP,stop_loss_premium_phase2
2020-12-29 11:30:00,2020-12-29 13:00:00,NIFTY 50,bullish,157.35,163.2,3250,19010.06,1510.71,17499.35,pro_LiqSweep+OTE,stop_loss_premium_phase3
2020-12-29 14:15:00,2020-12-29 15:15:00,NIFTY 50,bullish,187.72,198.28,2990,31579.31,1676.27,29903.04,pro_FVG+VP,intraday_square_off
2021-01-05 10:45:00,2021-01-05 12:15:00,NIFTY 50,bullish,162.19,180.42,3250,59254.2,1640.07,57614.13,pro_LiqSweep+VP,stop_loss_premium_phase3
2021-01-05 14:15:00,2021-01-05 15:15:00,NIFTY 50,bullish,174.83,213.76,3250,126507.01,1897.39,124609.62,pro_LiqSweep+VP+RSI_Div,intraday_square_off
2021-01-12 11:00:00,2021-01-12 12:30:00,NIFTY 50,bearish,141.75,141.29,3250,-1489.24,1326.01,-2815.25,pro_LiqSweep+OTE+RSI_Div+VWAP,stop_loss_premium_phase3
2021-01-15 10:00:00,2021-01-15 11:15:00,NIFTY 50,bearish,201.66,257.09,2990,165733.95,2077.52,163656.43,pro_LiqSweep+FVG+RSI_Div+VWAP,target
2021-01-19 10:15:00,2021-01-19 11:45:00,NIFTY 50,bearish,211.96,211.48,3055,-1443.35,1846.06,-3289.41,pro_LiqSweep+FVG+VWAP,stop_loss_premium_phase3
2021-01-25 11:15:00,2021-01-25 12:45:00,NIFTY 50,bearish,201.53,208.62,3250,23064.2,1918.86,21145.34,pro_LiqSweep+OTE+VWAP,stop_loss_premium_phase3
2021-02-10 09:45:00,2021-02-10 10:00:00,NIFTY 50,bearish,270.3,217.79,455,-23895.04,338.64,-24233.68,pro_LiqSweep+RSI_Div+VWAP,target
2021-02-16 11:15:00,2021-02-16 12:45:00,NIFTY 50,bullish,162.7,172.64,3250,32299.9,1587.34,30712.56,pro_FVG+VP,stop_loss_premium_phase3
2021-02-17 09:45:00,2021-02-17 11:15:00,NIFTY 50,bullish,139.03,182.62,3250,141655.8,1605.82,140049.98,pro_FVG+OTE,stop_loss_premium_phase3
2021-02-19 10:30:00,2021-02-19 12:00:00,NIFTY 50,bullish,205.54,199.91,3250,-18294.2,1867.23,-20161.43,pro_VP+RSI_Div,stop_loss_premium_phase3
2021-02-22 09:45:00,2021-02-22 11:15:00,NIFTY 50,bullish,214.74,197.25,3185,-55676.14,1832.06,-57508.2,pro_VP+OTE,stop_loss_premium_phase3
2021-03-08 11:00:00,2021-03-08 12:30:00,NIFTY 50,bearish,209.59,219.12,3185,30338.61,1969.35,28369.26,pro_LiqSweep+FVG+VWAP,stop_loss_premium_phase3
2021-03-19 11:15:00,2021-03-19 12:45:00,NIFTY 50,bullish,204.66,199.43,3250,-17011.67,1862.02,-18873.69,pro_FVG+RSI_Div,stop_loss_premium_phase3
2021-03-23 11:30:00,2021-03-23 13:00:00,NIFTY 50,bearish,193.7,194.63,3250,3030.78,1805.46,1225.32,pro_OTE+RSI_Div+VWAP,stop_loss_premium_phase3
2021-04-06 09:45:00,2021-04-06 11:15:00,NIFTY 50,bearish,162.21,161.42,3250,-2564.14,1508.76,-4072.9,pro_FVG+OTE+VWAP,stop_loss_premium_phase3
2021-04-13 10:00:00,2021-04-13 11:00:00,NIFTY 50,bullish,187.39,181.08,3250,-20494.07,1698.36,-22192.43,pro_LiqSweep+VP,stop_loss_premium_phase2
2021-04-27 10:00:00,2021-04-27 12:15:00,NIFTY 50,bullish,192.25,224.55,3250,104978.16,2009.18,102968.98,pro_LiqSweep+VP+RSI_Div,stop_loss_premium_phase3
2021-05-03 14:15:00,2021-05-03 15:15:00,NIFTY 50,bullish,198.82,212.85,3250,45607.74,1942.31,43665.43,pro_LiqSweep+VP+RSI_Div,intraday_square_off
2021-05-04 14:15:00,2021-05-04 14:30:00,NIFTY 50,bearish,171.57,234.97,3250,206071.52,2037.07,204034.45,pro_LiqSweep+FVG+VWAP,target
2021-05-10 14:15:00,2021-05-10 15:15:00,NIFTY 50,bearish,155.3,156.4,3250,3575.84,1459.36,2116.48,pro_LiqSweep+OTE+RSI_Div+VWAP,intraday_square_off
2021-06-04 11:30:00,2021-06-04 13:00:00,NIFTY 50,bullish,192.79,211.09,3250,59476.65,1917.26,57559.39,pro_FVG+OTE,stop_loss_premium_phase3
2021-06-07 09:45:00,2021-06-07 10:00:00,NIFTY 50,bullish,232.97,235.99,1495,4513.63,1026.04,3487.59,pro_FVG+OTE,target
2021-06-08 10:30:00,2021-06-08 12:15:00,NIFTY 50,bearish,102.57,102.8,3250,768.69,976.47,-207.78,pro_LiqSweep+FVG+VWAP,stop_loss_premium_phase3
2021-06-15 14:15:00,2021-06-15 15:15:00,NIFTY 50,bearish,79.85,84.23,3250,14239.05,799.65,13439.4,pro_LiqSweep+OTE+VWAP,intraday_square_off
2021-06-25 10:15:00,2021-06-25 11:45:00,NIFTY 50,bearish,190.96,190.98,3250,76.34,1774.43,-1698.09,pro_LiqSweep+FVG+VWAP,stop_loss_premium_phase3
2021-06-28 10:00:00,2021-06-28 11:30:00,NIFTY 50,bearish,154.49,176.52,3250,71594.16,1596.67,69997.49,pro_LiqSweep+RSI_Div+VWAP,stop_loss_premium_phase3
2021-07-02 10:15:00,2021-07-02 11:45:00,NIFTY 50,bullish,170.28,168.54,3250,-5664.07,1575.17,-7239.24,pro_LiqSweep+VP+RSI_Div,stop_loss_premium_phase3
2021-07-02 14:15:00,2021-07-02 15:15:00,NIFTY 50,bullish,165.29,177.56,3250,39864.95,1626.86,38238.09,pro_LiqSweep+VP,intraday_square_off
2021-07-16 10:30:00,2021-07-16 12:15:00,NIFTY 50,bearish,140.46,176.42,3250,116862.24,1566.06,115296.18,pro_LiqSweep+FVG+RSI_Div+VWAP,target
2021-07-19 09:45:00,2021-07-19 10:00:00,NIFTY 50,bearish,218.16,171.12,780,-36692.36,442.72,-37135.08,pro_LiqSweep+RSI_Div+VWAP,target
2021-07-23 10:00:00,2021-07-23 11:30:00,NIFTY 50,bearish,193.33,207.17,3250,45000.28,1891.34,43108.94,pro_FVG+OTE+RSI_Div+VWAP,stop_loss_premium_phase3
2021-07-26 11:00:00,2021-07-26 12:30:00,NIFTY 50,bearish,148.21,169.63,3250,69601.14,1535.63,68065.51,pro_OTE+RSI_Div+VWAP,stop_loss_premium_phase3
2021-07-26 14:15:00,2021-07-26 15:00:00,NIFTY 50,bearish,113.0,138.18,3250,81853.08,1243.22,80609.86,pro_FVG+RSI_Div+VWAP,target
2021-07-27 11:00:00,2021-07-27 12:15:00,NIFTY 50,bullish,168.2,167.68,3250,-1710.41,1564.82,-3275.23,pro_FVG+VP,stop_loss_premium_phase2
2021-08-03 09:45:00,2021-08-03 11:15:00,NIFTY 50,bearish,85.39,80.61,3250,-15518.67,786.47,-16305.14,pro_LiqSweep+RSI_Div+VWAP,stop_loss_premium_phase3
2021-08-06 11:00:00,2021-08-06 12:30:00,NIFTY 50,bearish,189.76,189.25,3250,-1666.57,1759.86,-3426.43,pro_FVG+RSI_Div+VWAP,stop_loss_premium_phase3
2021-08-06 14:15:00,2021-08-06 15:15:00,NIFTY 50,bearish,162.51,188.96,3250,85975.13,1699.77,84275.36,pro_LiqSweep+FVG+VWAP,intraday_square_off
2021-08-09 10:00:00,2021-08-09 11:30:00,NIFTY 50,bullish,187.57,187.01,3250,-1831.92,1739.7,-3571.62,pro_VP+RSI_Div,stop_loss_premium_phase3
2021-08-09 14:15:00,2021-08-09 15:15:00,NIFTY 50,bullish,162.33,180.47,3250,58939.45,1640.69,57298.76,pro_LiqSweep+FVG+OTE+RSI_Div,intraday_square_off
2021-08-10 10:00:00,2021-08-10 12:15:00,NIFTY 50,bullish,187.8,208.93,3250,68687.05,1891.71,66795.34,pro_LiqSweep+VP,stop_loss_premium_phase3
2021-08-13 14:15:00,2021-08-13 15:15:00,NIFTY 50,bullish,195.96,202.49,3250,21222.12,1864.59,19357.53,pro_LiqSweep+VP,intraday_square_off
2021-08-16 10:00:00,2021-08-16 11:30:00,NIFTY 50,bullish,169.15,193.74,3250,79902.46,1746.91,78155.55,pro_LiqSweep+VP,stop_loss_premium_phase3
2021-08-17 14:15:00,2021-08-17 15:15:00,NIFTY 50,bullish,110.7,149.38,3250,125708.36,1315.67,124392.69,pro_LiqSweep+VP,intraday_square_off
2021-08-23 11:00:00,2021-08-23 12:30:00,NIFTY 50,bearish,200.84,200.81,3250,-99.73,1863.44,-1963.17,pro_FVG+RSI_Div+VWAP,stop_loss_premium_phase3
2021-08-27 10:30:00,2021-08-27 12:00:00,NIFTY 50,bullish,196.84,216.97,3250,65423.41,1966.51,63456.9,pro_LiqSweep+VP+RSI_Div,stop_loss_premium_phase3
2021-08-30 09:45:00,2021-08-30 10:45:00,NIFTY 50,bearish,77.82,70.36,3250,-24237.0,699.43,-24936.43,pro_LiqSweep+RSI_Div+VWAP,stop_loss_premium_phase2
2021-09-03 14:15:00,2021-09-03 15:15:00,NIFTY 50,bullish,181.88,207.75,3250,84093.93,1870.95,82222.98,pro_LiqSweep+VP,intraday_square_off
2021-09-28 10:00:00,2021-09-28 11:00:00,NIFTY 50,bullish,159.49,159.67,3250,559.31,1490.86,-931.55,pro_LiqSweep+VP,stop_loss_premium_phase2
2021-09-28 11:30:00,2021-09-28 12:30:00,NIFTY 50,bullish,203.05,197.63,3250,-17608.54,1846.12,-19454.66,pro_LiqSweep+OTE,stop_loss_premium_phase2
2021-10-05 10:15:00,2021-10-05 11:45:00,NIFTY 50,bullish,116.13,116.35,3250,740.71,1099.03,-358.32,pro_LiqSweep+VP,stop_loss_premium_phase3
2021-10-05 14:15:00,2021-10-05 15:15:00,NIFTY 50,bullish,158.75,188.74,3250,97470.45,1690.21,95780.24,pro_LiqSweep+VP+RSI_Div,intraday_square_off
2021-10-12 10:45:00,2021-10-12 11:45:00,NIFTY 50,bullish,167.51,167.14,3250,-1200.24,1559.66,-2759.9,pro_LiqSweep+OTE,stop_loss_premium_phase2
2021-10-12 14:15:00,2021-10-12 15:15:00,NIFTY 50,bullish,188.52,200.49,3250,38902.73,1834.89,37067.84,pro_LiqSweep+VP,intraday_square_off
2021-10-19 09:45:00,2021-10-19 10:00:00,NIFTY 50,bearish,109.77,205.55,3250,311287.55,1701.9,309585.65,pro_LiqSweep+OTE+RSI_Div+VWAP,target
2021-10-19 11:00:00,2021-10-19 12:30:00,NIFTY 50,bearish,208.0,208.02,3250,64.45,1928.47,-1864.02,pro_FVG+OTE+VWAP,stop_loss_premium_phase3
2021-10-20 09:45:00,2021-10-20 10:00:00,NIFTY 50,bearish,242.71,203.55,845,-33085.86,547.57,-33633.43,pro_LiqSweep+FVG+OTE+VWAP,target
2021-10-22 10:00:00,2021-10-22 11:15:00,NIFTY 50,bullish,212.51,212.03,3250,-1562.66,1965.88,-3528.54,pro_FVG+VP,stop_loss_premium_phase2
2021-10-22 11:30:00,2021-10-22 12:45:00,NIFTY 50,bullish,215.69,215.71,3250,55.16,1998.06,-1942.9,pro_FVG+RSI_Div,stop_loss_premium_phase2
2021-10-26 10:15:00,2021-10-26 11:15:00,NIFTY 50,bullish,194.97,189.6,3250,-17442.6,1773.41,-19216.01,pro_FVG+VP,stop_loss_premium_phase2
2021-11-09 14:15:00,2021-11-09 15:15:00,NIFTY 50,bullish,189.52,184.57,3250,-16081.07,1727.03,-17808.1,pro_LiqSweep+OTE+RSI_Div,intraday_square_off
2021-11-30 14:15:00,2021-11-30 15:00:00,NIFTY 50,bearish,203.49,295.37,3250,298605.18,2522.52,296082.66,pro_LiqSweep+FVG+RSI_Div+VWAP,target
2021-12-07 10:00:00,2021-12-07 11:00:00,NIFTY 50,bearish,206.23,206.25,3250,67.58,1912.54,-1844.96,pro_LiqSweep+FVG+VWAP,stop_loss_premium_phase2
2021-12-10 10:00:00,2021-12-10 11:30:00,NIFTY 50,bullish,190.68,205.87,3250,49376.93,1876.72,47500.21,pro_LiqSweep+VP+RSI_Div,stop_loss_premium_phase3
2021-12-13 09:45:00,2021-12-13 10:00:00,NIFTY 50,bullish,285.67,221.56,780,-50009.66,560.94,-50570.6,pro_LiqSweep+VP,target
2021-12-14 11:30:00,2021-12-14 13:15:00,NIFTY 50,bullish,196.66,241.24,3250,144873.41,2133.89,142739.52,pro_LiqSweep+OTE+RSI_Div,stop_loss_premium_phase3
2021-12-15 09:45:00,2021-12-15 11:15:00,NIFTY 50,bullish,196.72,196.25,3250,-1534.78,1823.13,-3357.91,pro_LiqSweep+OTE,stop_loss_premium_phase3
2021-12-21 14:15:00,2021-12-21 15:15:00,NIFTY 50,bearish,182.63,162.43,3250,-65620.88,1559.35,-67180.23,pro_FVG+RSI_Div+VWAP,intraday_square_off
2021-12-31 10:15:00,2021-12-31 12:00:00,NIFTY 50,bullish,205.15,223.78,3250,60537.24,2031.32,58505.92,pro_VP+RSI_Div,stop_loss_premium_phase3
2022-01-03 10:00:00,2022-01-03 11:30:00,NIFTY 50,bullish,185.42,202.24,3250,54640.57,1840.39,52800.18,pro_LiqSweep+VP,stop_loss_premium_phase3
2022-01-04 10:00:00,2022-01-04 11:15:00,NIFTY 50,bullish,179.16,178.62,3250,-1771.01,1663.78,-3434.79,pro_LiqSweep+VP,stop_loss_premium_phase2
2022-01-04 11:30:00,2022-01-04 13:00:00,NIFTY 50,bullish,180.71,196.8,3250,52307.7,1792.77,50514.93,pro_LiqSweep+VP,stop_loss_premium_phase3
2022-01-04 14:15:00,2022-01-04 15:15:00,NIFTY 50,bullish,152.93,195.99,3250,139958.39,1727.89,138230.5,pro_LiqSweep+VP,intraday_square_off
2022-01-07 10:00:00,2022-01-07 11:15:00,NIFTY 50,bullish,211.54,210.91,3250,-2052.22,1956.03,-4008.25,pro_FVG+VP,stop_loss_premium_phase2
2022-01-07 11:30:00,2022-01-07 12:30:00,NIFTY 50,bullish,214.79,209.22,3250,-18108.28,1951.29,-20059.57,pro_FVG+VP,stop_loss_premium_phase2
2022-01-11 10:30:00,2022-01-11 12:00:00,NIFTY 50,bullish,182.42,182.0,3250,-1344.31,1694.15,-3038.46,pro_LiqSweep+VP,stop_loss_premium_phase3
2022-01-11 14:15:00,2022-01-11 15:15:00,NIFTY 50,bullish,178.5,176.44,3250,-6683.25,1647.33,-8330.58,pro_LiqSweep+VP,intraday_square_off
2022-01-14 10:00:00,2022-01-14 11:30:00,NIFTY 50,bullish,187.68,187.67,3250,-46.41,1744.5,-1790.91,pro_FVG+VP,stop_loss_premium_phase3
2022-01-14 14:15:00,2022-01-14 15:15:00,NIFTY 50,bullish,169.24,181.64,3250,40299.04,1663.49,38635.55,pro_LiqSweep+VP,intraday_square_off
2022-01-17 10:00:00,2022-01-17 11:30:00,NIFTY 50,bullish,194.89,194.36,3250,-1704.7,1806.17,-3510.87,pro_LiqSweep+VP,stop_loss_premium_phase3
2022-01-17 14:15:00,2022-01-17 15:15:00,NIFTY 50,bullish,173.69,171.33,3250,-7680.26,1601.76,-9282.02,pro_LiqSweep+VP,intraday_square_off
2022-01-25 10:15:00,2022-01-25 11:45:00,NIFTY 50,bullish,215.67,233.8,3250,58936.17,2123.04,56813.13,pro_FVG+RSI_Div,stop_loss_premium_phase3
2022-01-25 14:15:00,2022-01-25 15:15:00,NIFTY 50,bullish,184.86,236.44,3250,167631.71,2075.52,165556.19,pro_LiqSweep+FVG+VP+RSI_Div,intraday_square_off
2022-02-25 14:15:00,2022-02-25 15:15:00,NIFTY 50,bearish,202.34,225.81,3250,76270.78,2039.35,74231.43,pro_FVG+OTE+VWAP,intraday_square_off
2022-03-09 09:45:00,2022-03-09 10:00:00,NIFTY 50,bullish,335.96,274.95,650,-39654.41,570.57,-40224.98,pro_LiqSweep+VP,target
2022-03-11 10:00:00,2022-03-11 11:30:00,NIFTY 50,bullish,214.56,214.09,3250,-1500.09,1984.47,-3484.56,pro_LiqSweep+RSI_Div,stop_loss_premium_phase3
2022-03-11 14:15:00,2022-03-11 15:15:00,NIFTY 50,bullish,189.5,200.24,3250,34896.15,1835.27,33060.88,pro_LiqSweep+FVG,intraday_square_off
2022-03-14 10:00:00,2022-03-14 11:30:00,NIFTY 50,bullish,189.21,220.44,3250,101517.85,1974.28,99543.57,pro_LiqSweep+VP,stop_loss_premium_phase3
2022-03-23 09:45:00,2022-03-23 10:00:00,NIFTY 50,bullish,252.41,254.57,1365,2945.49,1012.25,1933.24,pro_FVG+VP,target
2022-04-01 10:00:00,2022-04-01 11:30:00,NIFTY 50,bullish,195.91,209.26,3250,43376.18,1911.28,41464.9,pro_LiqSweep+VP+RSI_Div,stop_loss_premium_phase3
2022-04-01 14:15:00,2022-04-01 15:00:00,NIFTY 50,bullish,168.92,208.73,3250,129383.05,1850.08,127532.97,pro_LiqSweep+VP,target
2022-04-19 14:15:00,2022-04-19 14:45:00,NIFTY 50,bearish,170.15,217.46,3250,153769.32,1913.01,151856.31,pro_FVG+OTE+VWAP,target
2022-04-29 10:00:00,2022-04-29 11:00:00,NIFTY 50,bearish,201.45,201.27,3250,-561.01,1867.91,-2428.92,pro_OTE+RSI_Div+VWAP,stop_loss_premium_phase2
2022-05-04 09:45:00,2022-05-04 11:15:00,NIFTY 50,bullish,242.79,180.69,1820,-113032.41,1036.52,-114068.93,pro_LiqSweep+VP,stop_loss_premium_phase3
2022-05-16 09:45:00,2022-05-16 11:15:00,NIFTY 50,bearish,166.84,186.71,3250,64564.16,1693.4,62870.76,pro_VP+RSI_Div+VWAP,stop_loss_premium_phase3
2022-05-23 14:15:00,2022-05-23 15:15:00,NIFTY 50,bearish,181.19,219.47,3250,124408.11,1950.44,122457.67,pro_LiqSweep+RSI_Div+VWAP,intraday_square_off
2022-05-24 10:00:00,2022-05-24 11:30:00,NIFTY 50,bearish,205.28,204.82,3250,-1481.24,1900.62,-3381.86,pro_LiqSweep+VP+VWAP,stop_loss_premium_phase3
2022-06-14 10:15:00,2022-06-14 11:45:00,NIFTY 50,bullish,209.0,245.27,3250,117870.56,2188.06,115682.5,pro_VP+RSI_Div,stop_loss_premium_phase3
2022-06-17 10:00:00,2022-06-17 11:30:00,NIFTY 50,bullish,203.35,213.9,3250,34287.84,1959.2,32328.64,pro_LiqSweep+OTE+RSI_Div,stop_loss_premium_phase3
2022-06-28 14:15:00,2022-06-28 15:15:00,NIFTY 50,bullish,169.73,189.39,3250,63892.71,1718.1,62174.61,pro_VP+RSI_Div,intraday_square_off
2022-07-04 11:15:00,2022-07-04 12:45:00,NIFTY 50,bullish,214.17,228.57,3250,46815.52,2083.7,44731.82,pro_FVG+VP,stop_loss_premium_phase3
2022-07-04 14:15:00,2022-07-04 15:00:00,NIFTY 50,bullish,197.0,247.57,3250,164355.31,2178.36,162176.95,pro_LiqSweep+VP+RSI_Div,target
2022-07-05 14:15:00,2022-07-05 15:00:00,NIFTY 50,bearish,157.79,212.85,3250,178951.47,1854.78,177096.69,pro_LiqSweep+RSI_Div+VWAP,target
2022-08-12 10:00:00,2022-08-12 11:45:00,NIFTY 50,bullish,201.39,200.84,3250,-1767.22,1864.81,-3632.03,pro_FVG+VP,stop_loss_premium_phase3
2022-09-05 10:15:00,2022-09-05 11:45:00,NIFTY 50,bearish,189.22,205.43,3250,52685.69,1870.58,50815.11,pro_FVG+RSI_Div+VWAP,stop_loss_premium_phase3
2022-09-13 14:15:00,2022-09-13 15:15:00,NIFTY 50,bearish,169.96,171.27,3250,4258.21,1593.36,2664.85,pro_LiqSweep+RSI_Div+VWAP,intraday_square_off
2022-09-19 10:00:00,2022-09-19 11:30:00,NIFTY 50,bearish,200.9,200.91,3250,9.48,1864.21,-1854.73,pro_FVG+OTE+RSI_Div+VWAP,stop_loss_premium_phase3
2022-09-20 09:45:00,2022-09-20 11:00:00,NIFTY 50,bearish,92.93,83.93,3250,-29233.82,825.47,-30059.29,pro_LiqSweep+OTE+VWAP,stop_loss_premium_phase2
2022-10-03 10:00:00,2022-10-03 11:30:00,NIFTY 50,bearish,200.02,213.26,3250,43016.75,1947.7,41069.05,pro_LiqSweep+RSI_Div+VWAP,stop_loss_premium_phase3
2022-10-06 09:45:00,2022-10-06 11:00:00,NIFTY 50,bearish,53.17,52.55,3250,-1997.42,523.81,-2521.23,pro_LiqSweep+RSI_Div+VWAP,stop_loss_premium_phase2
2022-10-07 10:15:00,2022-10-07 11:45:00,NIFTY 50,bullish,208.16,207.54,3250,-2024.21,1925.52,-3949.73,pro_FVG+OTE,stop_loss_premium_phase3
2022-11-04 10:00:00,2022-11-04 11:30:00,NIFTY 50,bullish,189.93,189.42,3250,-1673.62,1761.39,-3435.01,pro_VP+OTE+RSI_Div,stop_loss_premium_phase3
2022-11-15 11:15:00,2022-11-15 12:45:00,NIFTY 50,bullish,119.74,136.56,3250,54689.36,1246.39,53442.97,pro_LiqSweep+FVG,stop_loss_premium_phase3
2022-11-15 14:15:00,2022-11-15 15:00:00,NIFTY 50,bullish,183.62,231.69,3250,156231.64,2040.04,154191.6,pro_LiqSweep+FVG+VP,target
2022-11-21 09:45:00,2022-11-21 11:15:00,NIFTY 50,bullish,114.77,115.03,3250,835.96,1086.98,-251.02,pro_VP+RSI_Div,stop_loss_premium_phase3
2022-11-22 11:00:00,2022-11-22 12:45:00,NIFTY 50,bullish,168.5,179.35,3250,35245.17,1646.09,33599.08,pro_LiqSweep+VP,stop_loss_premium_phase3
2022-11-25 10:00:00,2022-11-25 11:30:00,NIFTY 50,bullish,181.69,182.42,3250,2382.57,1695.5,687.07,pro_FVG+VP,stop_loss_premium_phase3
2022-11-29 14:15:00,2022-11-29 15:15:00,NIFTY 50,bearish,108.84,127.46,3250,60526.48,1160.23,59366.25,pro_LiqSweep+RSI_Div+VWAP,intraday_square_off
2022-12-12 11:30:00,2022-12-12 13:00:00,NIFTY 50,bullish,195.17,203.01,3250,25496.66,1866.52,23630.14,pro_VP+RSI_Div,stop_loss_premium_phase3
2022-12-13 10:15:00,2022-12-13 12:15:00,NIFTY 50,bullish,154.75,184.99,3250,98264.98,1655.73,96609.25,pro_LiqSweep+VP,stop_loss_premium_phase3
2022-12-19 11:00:00,2022-12-19 12:30:00,NIFTY 50,bullish,189.98,210.19,3250,65683.5,1905.04,63778.46,pro_FVG+RSI_Div,stop_loss_premium_phase3
2022-12-20 11:15:00,2022-12-20 12:45:00,NIFTY 50,bullish,174.37,203.33,3250,94099.78,1824.33,92275.45,pro_LiqSweep+RSI_Div,stop_loss_premium_phase3
2022-12-20 14:15:00,2022-12-20 15:00:00,NIFTY 50,bullish,167.04,218.83,3250,168316.52,1915.87,166400.65,pro_LiqSweep+VP+RSI_Div,target
2022-12-26 10:00:00,2022-12-26 12:15:00,NIFTY 50,bullish,186.85,216.04,3250,94853.57,1938.82,92914.75,pro_FVG+VP+RSI_Div,stop_loss_premium_phase3
2023-01-02 10:45:00,2023-01-02 12:15:00,NIFTY 50,bullish,201.54,206.13,3250,14919.14,1901.71,13017.43,pro_LiqSweep+VP,stop_loss_premium_phase3
2023-01-04 09:45:00,2023-01-04 11:00:00,NIFTY 50,bullish,58.49,58.64,3250,505.32,577.26,-71.94,pro_LiqSweep+VP,stop_loss_premium_phase2
2023-01-10 11:30:00,2023-01-10 12:45:00,NIFTY 50,bullish,178.83,178.36,3250,-1548.9,1661.29,-3210.19,pro_FVG+RSI_Div,stop_loss_premium_phase2
2023-01-13 11:15:00,2023-01-13 12:15:00,NIFTY 50,bearish,185.01,184.45,3250,-1834.41,1716.54,-3550.95,pro_LiqSweep+FVG+OTE+VWAP,stop_loss_premium_phase2
2023-01-17 10:15:00,2023-01-17 11:45:00,NIFTY 50,bullish,186.22,185.65,3250,-1860.39,1727.45,-3587.84,pro_FVG+VP,stop_loss_premium_phase3
2023-01-30 10:00:00,2023-01-30 11:00:00,NIFTY 50,bullish,206.49,206.43,3250,-223.29,1914.29,-2137.58,pro_LiqSweep+RSI_Div,stop_loss_premium_phase2
2023-01-30 11:15:00,2023-01-30 12:45:00,NIFTY 50,bullish,220.36,238.47,3250,58865.93,2165.34,56700.59,pro_LiqSweep+RSI_Div,stop_loss_premium_phase3
2023-02-06 14:15:00,2023-02-06 15:15:00,NIFTY 50,bullish,168.63,170.9,3250,7380.93,1587.96,5792.97,pro_LiqSweep+VP+RSI_Div,intraday_square_off
2023-02-07 10:00:00,2023-02-07 11:30:00,NIFTY 50,bullish,177.28,187.21,3250,32241.8,1719.14,30522.66,pro_LiqSweep+VP,stop_loss_premium_phase3
2023-02-14 09:45:00,2023-02-14 11:15:00,NIFTY 50,bearish,145.78,145.16,3250,-2030.35,1361.38,-3391.73,pro_LiqSweep+FVG+VWAP,stop_loss_premium_phase3
2023-03-15 09:45:00,2023-03-15 11:15:00,NIFTY 50,bearish,139.88,139.89,3250,45.17,1312.34,-1267.17,pro_LiqSweep+FVG+VWAP,stop_loss_premium_phase3
2023-04-21 10:00:00,2023-04-21 11:30:00,NIFTY 50,bullish,188.22,183.13,3250,-16536.43,1714.34,-18250.77,pro_LiqSweep+VP+OTE,stop_loss_premium_phase3
2023-05-12 10:00:00,2023-05-12 11:30:00,NIFTY 50,bearish,195.33,195.35,3250,55.4,1813.91,-1758.51,pro_LiqSweep+FVG+VWAP,stop_loss_premium_phase3
2023-05-19 11:15:00,2023-05-19 12:45:00,NIFTY 50,bullish,190.81,196.72,3250,19231.28,1813.76,17417.52,pro_LiqSweep+OTE,stop_loss_premium_phase3
2023-05-19 14:15:00,2023-05-19 15:15:00,NIFTY 50,bullish,200.51,229.35,3250,93710.19,2059.93,91650.26,pro_LiqSweep+VP,intraday_square_off
2023-05-22 14:15:00,2023-05-22 15:15:00,NIFTY 50,bearish,155.83,143.47,3250,-40183.08,1371.14,-41554.22,pro_LiqSweep+RSI_Div+VWAP,intraday_square_off
2023-05-23 14:15:00,2023-05-23 14:45:00,NIFTY 50,bearish,153.3,186.11,3250,106633.79,1660.37,104973.42,pro_LiqSweep+OTE+RSI_Div+VWAP,target
2023-05-30 10:00:00,2023-05-30 11:00:00,NIFTY 50,bullish,111.96,112.11,3250,507.08,1060.82,-553.74,pro_LiqSweep+VP+RSI_Div,stop_loss_premium_phase2
2023-05-30 11:15:00,2023-05-30 12:45:00,NIFTY 50,bullish,175.7,183.81,3250,26340.67,1692.27,24648.4,pro_LiqSweep+FVG+VP+OTE+RSI_Div,stop_loss_premium_phase3
2023-06-06 10:00:00,2023-06-06 11:00:00,NIFTY 50,bullish,112.39,107.48,3250,-15932.42,1029.75,-16962.17,pro_FVG+VP,stop_loss_premium_phase2
2023-06-06 11:30:00,2023-06-06 13:15:00,NIFTY 50,bullish,173.27,172.89,3250,-1242.78,1611.67,-2854.45,pro_FVG+VP,stop_loss_premium_phase3
2023-06-06 14:15:00,2023-06-06 15:00:00,NIFTY 50,bullish,166.77,191.85,3250,81519.45,1728.8,79790.65,pro_VP+OTE,target
2023-06-16 14:15:00,2023-06-16 14:45:00,NIFTY 50,bullish,178.42,205.9,3250,89313.92,1850.8,87463.12,pro_LiqSweep+VP+RSI_Div,target
2023-06-19 10:15:00,2023-06-19 11:45:00,NIFTY 50,bullish,159.1,159.2,3250,332.18,1486.83,-1154.65,pro_LiqSweep+VP,stop_loss_premium_phase3
2023-06-26 11:30:00,2023-06-26 13:00:00,NIFTY 50,bullish,165.84,171.23,3250,17523.31,1584.32,15938.99,pro_VP+OTE+RSI_Div,stop_loss_premium_phase3
2023-06-27 11:15:00,2023-06-27 12:45:00,NIFTY 50,bullish,185.93,195.53,3250,31198.2,1795.11,29403.09,pro_FVG+VP,stop_loss_premium_phase3
2023-07-07 10:45:00,2023-07-07 12:00:00,NIFTY 50,bullish,198.97,198.37,3250,-1940.82,1842.59,-3783.41,pro_VP+OTE+RSI_Div,stop_loss_premium_phase2
2023-07-10 14:15:00,2023-07-10 15:00:00,NIFTY 50,bearish,163.67,202.26,3250,125397.38,1794.11,123603.27,pro_FVG+OTE+VWAP,target
2023-07-14 10:00:00,2023-07-14 11:30:00,NIFTY 50,bullish,190.79,208.34,3250,57031.47,1894.0,55137.47,pro_FVG+OTE,stop_loss_premium_phase3
2023-07-24 14:15:00,2023-07-24 15:15:00,NIFTY 50,bearish,169.11,199.63,3250,99194.73,1787.55,97407.18,pro_LiqSweep+OTE+VWAP,intraday_square_off
2023-07-28 10:00:00,2023-07-28 11:30:00,NIFTY 50,bullish,206.28,208.63,3250,7645.19,1929.07,5716.12,pro_LiqSweep+OTE+RSI_Div,stop_loss_premium_phase3
2023-07-28 14:15:00,2023-07-28 15:15:00,NIFTY 50,bullish,191.62,216.5,3250,80861.11,1952.18,78908.93,pro_LiqSweep+OTE+RSI_Div,intraday_square_off
2023-07-31 10:00:00,2023-07-31 11:45:00,NIFTY 50,bullish,204.3,227.7,3250,76044.84,2056.6,73988.24,pro_LiqSweep+VP,stop_loss_premium_phase3
2023-08-02 09:45:00,2023-08-02 10:00:00,NIFTY 50,bearish,208.82,146.78,1560,-96783.2,747.93,-97531.13,pro_FVG+OTE+RSI_Div+VWAP,target
2023-08-08 11:30:00,2023-08-08 13:00:00,NIFTY 50,bearish,161.61,155.69,3250,-19224.92,1467.91,-20692.83,pro_LiqSweep+VP+VWAP,stop_loss_premium_phase3
2023-08-21 10:45:00,2023-08-21 12:15:00,NIFTY 50,bullish,202.61,214.94,3250,40068.87,1964.82,38104.05,pro_FVG+VP,stop_loss_premium_phase3
2023-08-22 10:00:00,2023-08-22 11:30:00,NIFTY 50,bearish,161.45,155.42,3250,-19599.83,1465.72,-21065.55,pro_LiqSweep+RSI_Div+VWAP,stop_loss_premium_phase3
2023-08-28 11:30:00,2023-08-28 13:00:00,NIFTY 50,bearish,158.38,158.03,3250,-1131.26,1477.18,-2608.44,pro_LiqSweep+FVG+VWAP,stop_loss_premium_phase3
2023-09-15 10:00:00,2023-09-15 12:15:00,NIFTY 50,bullish,198.95,216.23,3250,56189.5,1965.96,54223.54,pro_LiqSweep+FVG+VP+RSI_Div,stop_loss_premium_phase3
2023-09-18 10:00:00,2023-09-18 11:30:00,NIFTY 50,bearish,180.6,188.34,3250,25165.94,1734.06,23431.88,pro_LiqSweep+FVG+RSI_Div+VWAP,stop_loss_premium_phase3
2023-09-25 14:15:00,2023-09-25 14:45:00,NIFTY 50,bullish,175.86,217.14,3250,134171.15,1922.97,132248.18,pro_FVG+OTE,target
2023-09-26 14:15:00,2023-09-26 15:15:00,NIFTY 50,bullish,189.79,177.39,3250,-40293.1,1677.96,-41971.06,pro_LiqSweep+VP,intraday_square_off
2023-09-29 10:15:00,2023-09-29 11:30:00,NIFTY 50,bearish,189.74,189.18,3250,-1840.07,1759.34,-3599.41,pro_LiqSweep+OTE+VWAP,stop_loss_premium_phase2
2023-10-03 10:00:00,2023-10-03 11:15:00,NIFTY 50,bearish,171.14,165.57,3250,-18105.14,1556.54,-19661.68,pro_LiqSweep+RSI_Div+VWAP,stop_loss_premium_phase2
2023-10-03 11:30:00,2023-10-03 13:00:00,NIFTY 50,bearish,191.44,192.91,3250,4781.45,1788.77,2992.68,pro_LiqSweep+FVG+VWAP,stop_loss_premium_phase3
2023-10-04 09:45:00,2023-10-04 10:00:00,NIFTY 50,bearish,290.54,217.0,1300,-95608.93,894.98,-96503.91,pro_LiqSweep+FVG+RSI_Div+VWAP,target
2023-10-09 14:15:00,2023-10-09 15:15:00,NIFTY 50,bullish,190.41,175.85,3250,-47331.07,1668.68,-48999.75,pro_FVG+VP+OTE+RSI_Div,intraday_square_off
2023-10-16 10:45:00,2023-10-16 12:15:00,NIFTY 50,bearish,158.92,158.58,3250,-1113.48,1482.12,-2595.6,pro_FVG+OTE+VWAP,stop_loss_premium_phase3
2023-10-30 14:15:00,2023-10-30 15:15:00,NIFTY 50,bullish,193.15,214.42,3250,69146.31,1941.08,67205.23,pro_VP+RSI_Div,intraday_square_off
2023-10-31 10:00:00,2023-10-31 11:30:00,NIFTY 50,bearish,147.58,157.33,3250,31697.14,1449.3,30247.84,pro_LiqSweep+RSI_Div+VWAP,stop_loss_premium_phase3
2023-11-03 14:15:00,2023-11-03 14:45:00,NIFTY 50,bearish,163.53,189.61,3250,84762.99,1706.46,83056.53,pro_LiqSweep+RSI_Div+VWAP,target
2023-11-07 10:15:00,2023-11-07 11:45:00,NIFTY 50,bullish,181.93,197.95,3250,52050.63,1803.27,50247.36,pro_LiqSweep+VP+OTE,stop_loss_premium_phase3
2023-11-07 14:15:00,2023-11-07 15:15:00,NIFTY 50,bullish,168.15,175.54,3250,24026.27,1619.03,22407.24,pro_LiqSweep+VP,intraday_square_off
2023-11-20 10:30:00,2023-11-20 11:30:00,NIFTY 50,bullish,184.09,183.51,3250,-1888.02,1708.14,-3596.16,pro_LiqSweep+VP+RSI_Div,stop_loss_premium_phase2
2023-11-21 11:30:00,2023-11-21 13:00:00,NIFTY 50,bearish,172.75,166.39,3250,-20691.18,1565.61,-22256.79,pro_LiqSweep+FVG+VWAP,stop_loss_premium_phase3
2023-11-22 09:45:00,2023-11-22 11:15:00,NIFTY 50,bearish,152.21,159.57,3250,23899.49,1474.64,22424.85,pro_LiqSweep+FVG+VWAP,stop_loss_premium_phase3
2023-11-24 10:45:00,2023-11-24 12:15:00,NIFTY 50,bearish,153.8,153.39,3250,-1351.86,1435.35,-2787.21,pro_OTE+RSI_Div+VWAP,stop_loss_premium_phase3
2023-11-28 10:00:00,2023-11-28 11:30:00,NIFTY 50,bullish,186.28,194.47,3250,26614.7,1788.5,24826.2,pro_LiqSweep+FVG+VP,stop_loss_premium_phase3
2023-12-01 14:15:00,2023-12-01 15:15:00,NIFTY 50,bearish,152.2,151.24,3250,-3095.12,1417.09,-4512.21,pro_LiqSweep+RSI_Div+VWAP,intraday_square_off
2023-12-08 11:15:00,2023-12-08 12:45:00,NIFTY 50,bullish,169.35,169.88,3250,1723.62,1582.45,141.17,pro_FVG+VP,stop_loss_premium_phase3
2023-12-19 10:45:00,2023-12-19 11:45:00,NIFTY 50,bearish,171.8,167.03,3250,-15494.18,1567.99,-17062.17,pro_LiqSweep+FVG+VWAP,stop_loss_premium_phase2
2023-12-27 09:45:00,2023-12-27 10:45:00,NIFTY 50,bearish,57.62,52.22,3250,-17559.6,531.01,-18090.61,pro_LiqSweep+RSI_Div+VWAP,stop_loss_premium_phase2
2023-12-29 10:00:00,2023-12-29 12:30:00,NIFTY 50,bullish,188.43,220.83,3250,105287.71,1975.27,103312.44,pro_LiqSweep+FVG+VP,stop_loss_premium_phase3
2024-01-01 10:00:00,2024-01-01 11:30:00,NIFTY 50,bullish,174.58,192.82,3250,59288.68,1752.17,57536.51,pro_LiqSweep+VP,stop_loss_premium_phase3
2024-01-05 10:15:00,2024-01-05 11:15:00,NIFTY 50,bullish,182.27,182.43,3250,499.59,1696.76,-1197.17,pro_FVG+VP,stop_loss_premium_phase2
2024-01-05 11:30:00,2024-01-05 13:00:00,NIFTY 50,bullish,188.34,187.83,3250,-1644.8,1747.06,-3391.86,pro_FVG+VP,stop_loss_premium_phase3
2024-01-29 10:00:00,2024-01-29 11:30:00,NIFTY 50,bullish,204.97,233.11,3250,91426.37,2095.42,89330.95,pro_VP+RSI_Div,stop_loss_premium_phase3
2024-01-30 10:00:00,2024-01-30 11:30:00,NIFTY 50,bearish,202.92,254.68,3250,168200.4,2240.1,165960.3,pro_LiqSweep+OTE+RSI_Div+VWAP,stop_loss_premium_phase3
2024-02-06 14:15:00,2024-02-06 15:15:00,NIFTY 50,bullish,196.54,201.7,3250,16780.98,1860.38,14920.6,pro_FVG+VP,intraday_square_off
2024-02-09 10:00:00,2024-02-09 11:00:00,NIFTY 50,bullish,195.23,190.69,3250,-14755.92,1781.49,-16537.41,pro_LiqSweep+RSI_Div,stop_loss_premium_phase2
2024-02-09 11:15:00,2024-02-09 12:45:00,NIFTY 50,bullish,201.81,233.13,3250,101780.43,2088.84,99691.59,pro_LiqSweep+OTE,stop_loss_premium_phase3
2024-02-09 14:15:00,2024-02-09 15:15:00,NIFTY 50,bullish,198.13,205.92,3250,25317.83,1892.97,23424.86,pro_LiqSweep+VP,intraday_square_off
2024-02-13 10:15:00,2024-02-13 11:45:00,NIFTY 50,bullish,191.05,212.22,3250,68792.33,1921.36,66870.97,pro_LiqSweep+VP+RSI_Div,stop_loss_premium_phase3
2024-02-16 14:15:00,2024-02-16 15:15:00,NIFTY 50,bearish,177.94,189.25,3250,36749.38,1734.65,35014.73,pro_OTE+RSI_Div+VWAP,intraday_square_off
2024-02-27 10:00:00,2024-02-27 11:30:00,NIFTY 50,bullish,169.46,202.27,3250,106654.82,1806.56,104848.26,pro_VP+RSI_Div,stop_loss_premium_phase3
2024-03-01 10:15:00,2024-03-01 12:00:00,NIFTY 50,bullish,217.83,257.02,3250,127381.07,2288.15,125092.92,pro_LiqSweep+VP,stop_loss_premium_phase3
2024-03-11 10:30:00,2024-03-11 11:45:00,NIFTY 50,bullish,197.92,197.48,3250,-1433.97,1834.2,-3268.17,pro_VP+OTE+RSI_Div,stop_loss_premium_phase2
2024-03-12 11:15:00,2024-03-12 12:45:00,NIFTY 50,bearish,207.47,207.0,3250,-1542.51,1920.34,-3462.85,pro_LiqSweep+FVG+VWAP,stop_loss_premium_phase3
2024-03-22 10:00:00,2024-03-22 11:45:00,NIFTY 50,bullish,208.89,238.53,3250,96332.8,2141.22,94191.58,pro_LiqSweep+VP+RSI_Div,stop_loss_premium_phase3
2024-04-01 10:15:00,2024-04-01 11:45:00,NIFTY 50,bearish,198.0,211.61,3250,44215.96,1931.99,42283.97,pro_LiqSweep+RSI_Div+VWAP,stop_loss_premium_phase3
2024-04-02 10:00:00,2024-04-02 11:00:00,NIFTY 50,bullish,160.63,160.14,3250,-1598.91,1496.53,-3095.44,pro_LiqSweep+FVG+VP+RSI_Div,stop_loss_premium_phase2
2024-04-02 11:15:00,2024-04-02 12:45:00,NIFTY 50,bullish,167.99,174.74,3250,21938.74,1613.18,20325.56,pro_LiqSweep+FVG+VP+RSI_Div,stop_loss_premium_phase3
2024-04-02 14:15:00,2024-04-02 15:15:00,NIFTY 50,bullish,185.5,209.75,3250,78799.43,1892.45,76906.98,pro_LiqSweep+FVG+VP+OTE+RSI_Div,intraday_square_off
2024-04-16 14:15:00,2024-04-16 15:15:00,NIFTY 50,bullish,166.9,195.89,3250,94220.82,1756.99,92463.83,pro_VP+RSI_Div,intraday_square_off
2024-04-22 09:45:00,2024-04-22 10:45:00,NIFTY 50,bullish,244.55,265.82,3250,69130.12,2405.95,66724.17,pro_FVG+VP,target
2024-04-29 10:45:00,2024-04-29 12:15:00,NIFTY 50,bullish,204.98,224.23,3250,62537.67,2034.07,60503.6,pro_FVG+VP,stop_loss_premium_phase3
2024-04-30 11:00:00,2024-04-30 12:30:00,NIFTY 50,bearish,174.16,173.78,3250,-1227.73,1619.71,-2847.44,pro_LiqSweep+RSI_Div+VWAP,stop_loss_premium_phase3
2024-05-10 10:30:00,2024-05-10 12:00:00,NIFTY 50,bullish,204.96,199.0,3250,-19362.35,1859.68,-21222.03,pro_FVG+RSI_Div,stop_loss_premium_phase3
2024-05-13 09:45:00,2024-05-13 10:45:00,NIFTY 50,bullish,98.39,97.21,3250,-3823.45,928.89,-4752.34,pro_FVG+OTE,stop_loss_premium_phase2
2024-05-13 14:15:00,2024-05-13 15:15:00,NIFTY 50,bullish,210.12,207.9,3250,-7195.12,1932.21,-9127.33,pro_VP+RSI_Div,intraday_square_off
2024-05-14 10:15:00,2024-05-14 11:45:00,NIFTY 50,bearish,213.46,212.82,3250,-2063.8,1973.36,-4037.16,pro_OTE+RSI_Div+VWAP,stop_loss_premium_phase3
2024-05-17 14:15:00,2024-05-17 15:15:00,NIFTY 50,bullish,187.28,189.76,3250,8060.16,1758.15,6302.01,pro_LiqSweep+VP,intraday_square_off
2024-05-18 11:30:00,2024-05-21 10:15:00,NIFTY 50,bullish,201.08,202.32,3250,4030.26,1874.38,2155.88,pro_LiqSweep+VP,stop_loss_premium_phase3
2024-05-24 10:30:00,2024-05-24 12:00:00,NIFTY 50,bearish,205.9,200.3,3250,-18213.0,1870.69,-20083.69,pro_OTE+RSI_Div+VWAP,stop_loss_premium_phase3
2024-05-27 11:00:00,2024-05-27 12:00:00,NIFTY 50,bearish,199.46,194.03,3250,-17654.01,1813.6,-19467.61,pro_LiqSweep+OTE+VWAP,stop_loss_premium_phase2
2024-05-31 10:00:00,2024-05-31 11:30:00,NIFTY 50,bullish,200.16,199.62,3250,-1736.19,1853.77,-3589.96,pro_FVG+VP,stop_loss_premium_phase3
2024-05-31 14:15:00,2024-05-31 15:15:00,NIFTY 50,bullish,193.73,192.82,3250,-2980.43,1793.0,-4773.43,pro_VP+RSI_Div,intraday_square_off
2024-06-07 14:15:00,2024-06-07 15:15:00,NIFTY 50,bearish,195.62,181.12,3250,-47117.11,1716.22,-48833.33,pro_LiqSweep+FVG+RSI_Div+VWAP,intraday_square_off
2024-06-11 14:15:00,2024-06-11 15:00:00,NIFTY 50,bearish,177.89,224.34,3250,150976.12,1977.07,148999.05,pro_OTE+RSI_Div+VWAP,target
2024-06-14 11:30:00,2024-06-14 13:00:00,NIFTY 50,bullish,209.61,209.14,3250,-1535.42,1939.71,-3475.13,pro_FVG+VP,stop_loss_premium_phase3
2024-06-21 11:00:00,2024-06-21 12:30:00,NIFTY 50,bearish,194.59,194.33,3250,-859.55,1805.27,-2664.82,pro_LiqSweep+FVG+VWAP,stop_loss_premium_phase3
2024-06-24 10:00:00,2024-06-24 11:30:00,NIFTY 50,bullish,196.01,228.99,3250,107184.75,2047.88,105136.87,pro_LiqSweep+OTE+RSI_Div,stop_loss_premium_phase3
2024-06-25 10:00:00,2024-06-25 11:30:00,NIFTY 50,bullish,199.62,204.79,3250,16771.21,1888.29,14882.92,pro_LiqSweep+FVG+VP,stop_loss_premium_phase3
2024-06-25 14:15:00,2024-06-25 15:15:00,NIFTY 50,bullish,173.0,203.64,3250,99586.94,1823.6,97763.34,pro_LiqSweep+VP,intraday_square_off
2024-07-01 10:15:00,2024-07-01 11:45:00,NIFTY 50,bullish,198.84,216.53,3250,57498.5,1967.79,55530.71,pro_FVG+VP,stop_loss_premium_phase3
2024-07-08 10:00:00,2024-07-08 11:30:00,NIFTY 50,bullish,201.5,201.04,3250,-1474.56,1866.43,-3340.99,pro_LiqSweep+FVG+VP,stop_loss_premium_phase3
2024-07-08 14:15:00,2024-07-08 15:15:00,NIFTY 50,bullish,184.35,186.15,3250,5847.49,1726.91,4120.58,pro_LiqSweep+FVG+VP,intraday_square_off
2024-07-09 10:00:00,2024-07-09 11:30:00,NIFTY 50,bullish,194.72,212.66,3250,58312.67,1932.22,56380.45,pro_LiqSweep+VP,stop_loss_premium_phase3
2024-07-15 10:15:00,2024-07-15 11:45:00,NIFTY 50,bearish,182.46,177.05,3250,-17593.09,1659.97,-19253.06,pro_LiqSweep+OTE+VWAP,stop_loss_premium_phase3
2024-07-15 14:15:00,2024-07-15 15:15:00,NIFTY 50,bearish,178.02,198.89,3250,67834.63,1801.44,66033.19,pro_LiqSweep+OTE+VWAP,intraday_square_off
2024-07-19 10:00:00,2024-07-19 11:30:00,NIFTY 50,bearish,214.89,231.08,3250,52620.6,2102.55,50518.05,pro_LiqSweep+RSI_Div+VWAP,stop_loss_premium_phase3
2024-07-26 11:30:00,2024-07-26 12:45:00,NIFTY 50,bullish,187.38,245.32,3250,188313.35,2142.29,186171.06,pro_FVG+VP,target
2024-07-30 14:15:00,2024-07-30 15:00:00,NIFTY 50,bearish,182.27,256.24,3250,240416.33,2206.88,238209.45,pro_LiqSweep+FVG+OTE+RSI_Div+VWAP,target
2024-08-06 11:00:00,2024-08-06 12:45:00,NIFTY 50,bearish,210.79,229.53,3250,60913.38,2083.09,58830.29,pro_FVG+OTE+VWAP,stop_loss_premium_phase3
2024-08-12 10:45:00,2024-08-12 12:15:00,NIFTY 50,bearish,192.33,191.75,3250,-1893.02,1782.61,-3675.63,pro_FVG+OTE+VWAP,stop_loss_premium_phase3
2024-08-13 09:45:00,2024-08-13 10:00:00,NIFTY 50,bearish,228.85,230.49,3250,5323.87,2128.27,3195.6,pro_LiqSweep+OTE+VWAP,target
2024-08-20 10:00:00,2024-08-20 11:00:00,NIFTY 50,bullish,175.26,174.72,3250,-1735.92,1628.55,-3364.47,pro_LiqSweep+VP,stop_loss_premium_phase2
2024-08-20 11:15:00,2024-08-20 12:45:00,NIFTY 50,bullish,187.07,186.56,3250,-1636.18,1735.59,-3371.77,pro_LiqSweep+VP,stop_loss_premium_phase3
2024-08-21 09:45:00,2024-08-21 11:15:00,NIFTY 50,bullish,166.26,189.99,3250,77145.03,1714.87,75430.16,pro_LiqSweep+VP,stop_loss_premium_phase3
2024-08-27 10:00:00,2024-08-27 11:15:00,NIFTY 50,bearish,182.45,182.04,3250,-1324.58,1694.5,-3019.08,pro_LiqSweep+OTE+RSI_Div+VWAP,stop_loss_premium_phase2
2024-08-28 09:45:00,2024-08-28 10:00:00,NIFTY 50,bearish,210.89,197.9,3250,-42238.08,1864.73,-44102.81,pro_LiqSweep+OTE+VWAP,target
2024-09-03 10:45:00,2024-09-03 12:15:00,NIFTY 50,bullish,189.92,189.41,3250,-1646.41,1761.35,-3407.76,pro_VP+OTE+RSI_Div,stop_loss_premium_phase3
2024-09-09 11:00:00,2024-09-09 12:30:00,NIFTY 50,bullish,191.69,186.28,3250,-17570.94,1743.46,-19314.4,pro_FVG+VP,stop_loss_premium_phase3
2024-09-13 14:15:00,2024-09-13 15:15:00,NIFTY 50,bearish,195.44,205.35,3250,32204.33,1883.28,30321.05,pro_LiqSweep+OTE+VWAP,intraday_square_off
2024-09-16 11:15:00,2024-09-16 12:45:00,NIFTY 50,bearish,187.05,209.19,3250,71947.41,1891.89,70055.52,pro_LiqSweep+RSI_Div+VWAP,stop_loss_premium_phase3
2024-09-23 10:00:00,2024-09-23 11:30:00,NIFTY 50,bullish,232.99,227.11,3250,-19091.61,2113.78,-21205.39,pro_FVG+VP,stop_loss_premium_phase3
2024-09-23 14:15:00,2024-09-23 15:15:00,NIFTY 50,bullish,203.37,209.31,3250,19275.47,1927.53,17347.94,pro_LiqSweep+VP,intraday_square_off
2024-09-24 10:00:00,2024-09-24 11:30:00,NIFTY 50,bullish,192.36,194.6,3250,7277.42,1802.42,5475.0,pro_LiqSweep+VP+RSI_Div,stop_loss_premium_phase3
2024-09-27 10:00:00,2024-09-27 11:30:00,NIFTY 50,bullish,191.98,191.55,3250,-1390.88,1780.54,-3171.42,pro_LiqSweep+VP,stop_loss_premium_phase3
2024-10-01 10:00:00,2024-10-01 11:00:00,NIFTY 50,bullish,201.55,201.62,3250,233.11,1870.53,-1637.42,pro_VP+OTE+RSI_Div,stop_loss_premium_phase2
2024-10-04 10:15:00,2024-10-04 10:45:00,NIFTY 50,bullish,215.6,280.46,3250,210808.44,2445.36,208363.08,pro_LiqSweep+OTE+RSI_Div,target
2024-10-04 11:30:00,2024-10-04 12:15:00,NIFTY 50,bullish,213.77,279.7,3250,214278.29,2436.19,211842.1,pro_LiqSweep+VP,target
2024-10-07 10:00:00,2024-10-07 11:00:00,NIFTY 50,bullish,210.88,210.83,3250,-169.01,1954.04,-2123.05,pro_LiqSweep+OTE,stop_loss_premium_phase2
2024-10-08 14:15:00,2024-10-08 15:15:00,NIFTY 50,bullish,199.91,182.99,3250,-54984.01,1738.28,-56722.29,pro_LiqSweep+VP,intraday_square_off
2024-10-11 10:00:00,2024-10-11 11:00:00,NIFTY 50,bullish,208.27,202.38,3250,-19160.99,1890.09,-21051.08,pro_VP+RSI_Div,stop_loss_premium_phase2
2024-10-11 11:15:00,2024-10-11 12:45:00,NIFTY 50,bullish,193.14,207.93,3250,48070.55,1896.2,46174.35,pro_VP+RSI_Div,stop_loss_premium_phase3
2024-10-14 10:00:00,2024-10-14 11:30:00,NIFTY 50,bullish,195.11,205.17,3250,32697.01,1881.35,30815.66,pro_FVG+VP,stop_loss_premium_phase3
2024-10-21 10:15:00,2024-10-21 12:15:00,NIFTY 50,bearish,216.15,247.54,3250,102039.9,2219.03,99820.87,pro_LiqSweep+FVG+VWAP,stop_loss_premium_phase3
2024-10-22 09:45:00,2024-10-22 10:00:00,NIFTY 50,bearish,180.1,242.8,3250,203769.5,2109.37,201660.13,pro_FVG+OTE+VWAP,target
2024-10-22 11:00:00,2024-10-22 13:15:00,NIFTY 50,bearish,209.64,288.55,3250,256461.75,2488.54,253973.21,pro_FVG+RSI_Div+VWAP,target
2024-10-25 14:15:00,2024-10-25 15:00:00,NIFTY 50,bullish,206.34,257.21,3250,165339.36,2264.94,163074.42,pro_LiqSweep+RSI_Div,target
2024-10-28 10:00:00,2024-10-28 10:30:00,NIFTY 50,bullish,210.37,288.27,3250,253176.36,2488.14,250688.22,pro_LiqSweep+VP+RSI_Div,target
2024-10-28 10:45:00,2024-10-28 12:15:00,NIFTY 50,bullish,199.45,227.89,3250,92432.87,2047.56,90385.31,pro_LiqSweep+VP,stop_loss_premium_phase3
2024-10-29 11:30:00,2024-10-29 13:15:00,NIFTY 50,bullish,190.53,235.49,3250,146145.54,2081.1,144064.44,pro_LiqSweep+RSI_Div,stop_loss_premium_phase3
2024-10-29 14:15:00,2024-10-29 15:15:00,NIFTY 50,bullish,190.61,227.52,3250,119954.02,2026.19,117927.83,pro_LiqSweep+VP+RSI_Div,intraday_square_off
2024-11-08 10:15:00,2024-11-08 12:15:00,NIFTY 50,bearish,197.81,228.46,3250,99589.1,2048.01,97541.09,pro_OTE+RSI_Div+VWAP,stop_loss_premium_phase3
2024-11-11 10:15:00,2024-11-11 11:30:00,NIFTY 50,bullish,204.42,274.91,3250,229073.44,2383.13,226690.31,pro_FVG+VP,target
2024-11-11 14:15:00,2024-11-11 15:15:00,NIFTY 50,bullish,198.19,209.37,3250,36325.11,1916.9,34408.21,pro_FVG+OTE,intraday_square_off
2024-11-18 11:00:00,2024-11-18 12:15:00,NIFTY 50,bullish,210.58,276.19,3250,213218.51,2405.13,210813.38,pro_LiqSweep+OTE,target
2024-11-19 09:45:00,2024-11-19 10:00:00,NIFTY 50,bullish,363.26,276.84,1560,-134818.45,1337.51,-136155.96,pro_LiqSweep+FVG,target
2024-11-19 14:15:00,2024-11-19 14:45:00,NIFTY 50,bearish,157.07,201.23,3250,143503.2,1772.9,141730.3,pro_OTE+RSI_Div+VWAP,target
2024-12-09 11:30:00,2024-12-09 12:30:00,NIFTY 50,bullish,200.63,194.82,3250,-18870.76,1821.57,-20692.33,pro_LiqSweep+VP,stop_loss_premium_phase2
2024-12-10 10:00:00,2024-12-10 11:30:00,NIFTY 50,bullish,197.37,197.46,3250,306.97,1832.85,-1525.88,pro_LiqSweep+VP+RSI_Div,stop_loss_premium_phase3
2024-12-10 14:15:00,2024-12-10 15:15:00,NIFTY 50,bullish,171.33,210.91,3250,128664.27,1870.27,126794.0,pro_LiqSweep+FVG,intraday_square_off
2024-12-13 14:15:00,2024-12-13 15:15:00,NIFTY 50,bullish,233.84,237.74,3250,12672.55,2189.04,10483.51,pro_FVG+VP,intraday_square_off
2024-12-17 10:15:00,2024-12-17 11:15:00,NIFTY 50,bearish,163.18,162.66,3250,-1708.63,1519.42,-3228.05,pro_LiqSweep+FVG+VWAP,stop_loss_premium_phase2
2024-12-30 11:30:00,2024-12-30 12:30:00,NIFTY 50,bullish,211.31,210.84,3250,-1544.56,1955.06,-3499.62,pro_LiqSweep+VP,stop_loss_premium_phase2
2025-01-03 10:45:00,2025-01-03 11:15:00,NIFTY 50,bullish,187.78,239.53,3250,168172.28,2103.13,166069.15,pro_FVG+OTE,target
2025-01-06 11:30:00,2025-01-06 13:00:00,NIFTY 50,bearish,206.43,215.63,3250,29899.52,1977.77,27921.75,pro_LiqSweep+FVG+VWAP,stop_loss_premium_phase3
2025-01-10 11:15:00,2025-01-10 12:45:00,NIFTY 50,bullish,197.07,196.48,3250,-1923.79,1825.44,-3749.23,pro_LiqSweep+VP,stop_loss_premium_phase3
2025-01-20 10:00:00,2025-01-20 11:15:00,NIFTY 50,bearish,190.25,184.35,3250,-19174.06,1727.04,-20901.1,pro_LiqSweep+RSI_Div+VWAP,stop_loss_premium_phase2
2025-01-28 14:15:00,2025-01-28 14:45:00,NIFTY 50,bearish,190.8,266.95,3250,247507.56,2299.09,245208.47,pro_LiqSweep+FVG+RSI_Div+VWAP,target
2025-02-07 10:00:00,2025-02-07 11:30:00,NIFTY 50,bullish,182.73,235.69,3250,172108.38,2065.83,170042.55,pro_LiqSweep+VP,target
2025-02-11 09:45:00,2025-02-11 10:45:00,NIFTY 50,bullish,181.84,181.96,3250,364.78,1692.59,-1327.81,pro_LiqSweep+RSI_Div,stop_loss_premium_phase2
2025-02-17 11:00:00,2025-02-17 12:30:00,NIFTY 50,bullish,210.86,238.87,3250,91036.98,2147.78,88889.2,pro_FVG+VP,stop_loss_premium_phase3
2025-02-17 14:15:00,2025-02-17 15:15:00,NIFTY 50,bullish,190.75,220.15,3250,95555.63,1975.54,93580.09,pro_LiqSweep+VP,intraday_square_off
2025-02-18 10:00:00,2025-02-18 11:00:00,NIFTY 50,bullish,205.52,205.54,3250,44.85,1906.07,-1861.22,pro_LiqSweep+VP,stop_loss_premium_phase2
2025-03-03 10:30:00,2025-03-03 12:00:00,NIFTY 50,bearish,205.0,218.41,3250,43596.15,1993.95,41602.2,pro_LiqSweep+FVG+VWAP,stop_loss_premium_phase3
2025-03-07 10:00:00,2025-03-07 11:30:00,NIFTY 50,bullish,191.73,201.8,3250,32728.02,1850.81,30877.21,pro_LiqSweep+VP+RSI_Div,stop_loss_premium_phase3
2025-03-07 14:15:00,2025-03-07 15:15:00,NIFTY 50,bullish,198.99,186.72,3250,-39890.97,1762.07,-41653.04,pro_LiqSweep+VP,intraday_square_off
2025-03-11 09:45:00,2025-03-11 10:00:00,NIFTY 50,bearish,239.74,216.15,3250,-76661.06,2052.44,-78713.5,pro_VP+RSI_Div+VWAP,target
2025-03-17 10:00:00,2025-03-17 11:30:00,NIFTY 50,bullish,215.38,209.7,3250,-18453.65,1955.85,-20409.5,pro_FVG+VP+RSI_Div,stop_loss_premium_phase3
2025-03-17 14:15:00,2025-03-17 15:15:00,NIFTY 50,bullish,175.17,179.44,3250,13893.82,1660.97,12232.85,pro_LiqSweep+FVG+VP,intraday_square_off
2025-03-25 10:15:00,2025-03-25 10:30:00,NIFTY 50,bearish,184.57,245.12,3250,196810.68,2134.94,194675.74,pro_OTE+RSI_Div+VWAP,target
2025-03-28 10:15:00,2025-03-28 11:45:00,NIFTY 50,bearish,172.99,167.53,3250,-17766.64,1574.0,-19340.64,pro_LiqSweep+RSI_Div+VWAP,stop_loss_premium_phase3
2025-03-28 14:15:00,2025-03-28 15:15:00,NIFTY 50,bullish,187.46,168.09,3250,-62937.51,1608.74,-64546.25,pro_LiqSweep+OTE+RSI_Div,intraday_square_off
2025-04-01 10:00:00,2025-04-01 11:00:00,NIFTY 50,bullish,194.42,194.39,3250,-104.45,1805.32,-1909.77,pro_LiqSweep+VP+RSI_Div,stop_loss_premium_phase2
2025-04-22 10:00:00,2025-04-22 11:30:00,NIFTY 50,bearish,174.18,173.79,3250,-1264.87,1619.78,-2884.65,pro_OTE+RSI_Div+VWAP,stop_loss_premium_phase3
2025-04-22 14:15:00,2025-04-22 15:15:00,NIFTY 50,bearish,180.19,197.86,3250,57405.52,1798.95,55606.57,pro_LiqSweep+OTE+VWAP,intraday_square_off
2025-05-06 10:00:00,2025-05-06 11:30:00,NIFTY 50,bearish,181.73,192.76,3250,35830.46,1767.01,34063.45,pro_LiqSweep+RSI_Div+VWAP,stop_loss_premium_phase3
2025-05-12 09:45:00,2025-05-12 10:00:00,NIFTY 50,bullish,576.28,263.82,715,-223412.77,718.76,-224131.53,pro_LiqSweep+RSI_Div,target
2025-05-13 10:30:00,2025-05-13 11:30:00,NIFTY 50,bearish,201.0,200.38,3250,-2044.83,1860.76,-3905.59,pro_VP+RSI_Div+VWAP,stop_loss_premium_phase2
2025-05-26 10:30:00,2025-05-26 12:00:00,NIFTY 50,bullish,197.59,213.93,3250,53091.65,1947.14,51144.51,pro_FVG+VP,stop_loss_premium_phase3
2025-05-26 14:15:00,2025-05-26 15:15:00,NIFTY 50,bullish,202.59,215.9,3250,43254.59,1971.4,41283.19,pro_LiqSweep+VP,intraday_square_off
2025-06-17 10:00:00,2025-06-17 11:30:00,NIFTY 50,bearish,149.64,144.26,3250,-17505.26,1363.36,-18868.62,pro_LiqSweep+RSI_Div+VWAP,stop_loss_premium_phase3
2025-06-20 10:00:00,2025-06-20 10:30:00,NIFTY 50,bullish,213.29,278.85,3250,213071.6,2429.26,210642.34,pro_LiqSweep+VP,target
2025-06-20 10:45:00,2025-06-20 12:15:00,NIFTY 50,bullish,209.52,228.0,3250,60050.89,2069.81,57981.08,pro_LiqSweep+FVG+VP,stop_loss_premium_phase3
2025-07-01 10:00:00,2025-07-01 11:30:00,NIFTY 50,bullish,196.88,196.35,3250,-1718.36,1824.15,-3542.51,pro_FVG+VP,stop_loss_premium_phase3
2025-07-01 14:15:00,2025-07-01 15:15:00,NIFTY 50,bullish,182.41,183.47,3250,3436.11,1704.25,1731.86,pro_LiqSweep+VP,intraday_square_off
2025-07-04 10:15:00,2025-07-04 11:45:00,NIFTY 50,bullish,200.4,205.08,3250,15185.39,1891.97,13293.42,pro_LiqSweep+RSI_Div,stop_loss_premium_phase3
2025-07-04 14:15:00,2025-07-04 14:30:00,NIFTY 50,bullish,199.77,232.31,3250,105754.97,2078.84,103676.13,pro_VP+RSI_Div,target
2025-07-07 10:15:00,2025-07-07 11:45:00,NIFTY 50,bullish,188.73,201.25,3250,40690.68,1840.61,38850.07,pro_FVG+VP,stop_loss_premium_phase3
2025-07-08 10:45:00,2025-07-08 12:15:00,NIFTY 50,bullish,177.8,177.87,3250,234.28,1655.7,-1421.42,pro_FVG+VP,stop_loss_premium_phase3
2025-07-15 14:15:00,2025-07-15 15:15:00,NIFTY 50,bullish,167.96,182.82,3250,48277.26,1668.91,46608.35,pro_LiqSweep+VP,intraday_square_off
2025-07-18 14:15:00,2025-07-18 15:15:00,NIFTY 50,bullish,186.88,174.98,3250,-38671.61,1655.15,-40326.76,pro_LiqSweep+OTE,intraday_square_off
2025-07-21 10:00:00,2025-07-21 11:30:00,NIFTY 50,bullish,185.89,185.4,3250,-1607.27,1725.0,-3332.27,pro_LiqSweep+VP,stop_loss_premium_phase3
2025-07-21 14:15:00,2025-07-21 15:15:00,NIFTY 50,bullish,176.51,216.04,3250,128473.03,1916.72,126556.31,pro_LiqSweep+FVG+VP,intraday_square_off
2025-07-22 10:00:00,2025-07-22 11:00:00,NIFTY 50,bullish,183.05,183.15,3250,334.91,1703.41,-1368.5,pro_LiqSweep+VP,stop_loss_premium_phase2
2025-07-22 14:15:00,2025-07-22 15:15:00,NIFTY 50,bullish,168.89,159.33,3250,-31063.61,1508.62,-32572.23,pro_LiqSweep+VP+OTE,intraday_square_off
2025-07-25 10:15:00,2025-07-25 11:45:00,NIFTY 50,bearish,185.79,191.26,3250,17778.6,1765.3,16013.3,pro_LiqSweep+VP+VWAP,stop_loss_premium_phase3
2025-08-04 10:15:00,2025-08-04 12:00:00,NIFTY 50,bullish,205.86,231.77,3250,84217.76,2088.08,82129.68,pro_LiqSweep+VP,stop_loss_premium_phase3
2025-08-05 10:30:00,2025-08-05 12:00:00,NIFTY 50,bearish,197.8,197.2,3250,-1938.35,1831.99,-3770.34,pro_LiqSweep+FVG+VWAP,stop_loss_premium_phase3
2025-08-06 09:45:00,2025-08-06 10:45:00,NIFTY 50,bullish,195.75,195.18,3250,-1839.27,1813.67,-3652.94,pro_VP+OTE+RSI_Div,stop_loss_premium_phase2
2025-08-11 10:00:00,2025-08-11 11:30:00,NIFTY 50,bullish,202.92,230.24,3250,88770.72,2071.21,86699.51,pro_LiqSweep+VP,stop_loss_premium_phase3
2025-08-19 10:00:00,2025-08-19 11:30:00,NIFTY 50,bullish,193.15,204.02,3250,35317.75,1869.19,33448.56,pro_FVG+VP+RSI_Div,stop_loss_premium_phase3
2025-08-19 14:15:00,2025-08-19 15:15:00,NIFTY 50,bullish,171.29,171.11,3250,-607.42,1595.1,-2202.52,pro_FVG+VP,intraday_square_off
2025-08-26 09:45:00,2025-08-26 10:00:00,NIFTY 50,bearish,353.03,211.46,1625,-230055.33,1154.45,-231209.78,pro_FVG+OTE+VWAP,target
2025-09-12 10:00:00,2025-09-12 11:45:00,NIFTY 50,bullish,183.89,219.46,3250,115603.54,1956.14,113647.4,pro_LiqSweep+VP+RSI_Div,stop_loss_premium_phase3
2025-09-15 09:45:00,2025-09-15 11:15:00,NIFTY 50,bullish,172.0,171.94,3250,-219.51,1602.35,-1821.86,pro_LiqSweep+VP+RSI_Div,stop_loss_premium_phase3
2025-09-17 10:00:00,2025-09-17 11:30:00,NIFTY 50,bullish,189.72,201.02,3250,36734.75,1841.14,34893.61,pro_LiqSweep+VP,stop_loss_premium_phase3
2025-09-19 10:30:00,2025-09-19 12:00:00,NIFTY 50,bullish,177.89,177.49,3250,-1294.86,1653.29,-2948.15,pro_LiqSweep+VP+OTE+RSI_Div,stop_loss_premium_phase3
2025-09-22 09:45:00,2025-09-22 11:15:00,NIFTY 50,bullish,151.61,151.15,3250,-1497.36,1415.21,-2912.57,pro_FVG+VP,stop_loss_premium_phase3
2025-10-03 10:45:00,2025-10-03 12:15:00,NIFTY 50,bullish,191.3,219.5,3250,91657.75,1972.23,89685.52,pro_FVG+VP+OTE,stop_loss_premium_phase3
2025-10-08 11:15:00,2025-10-08 12:45:00,NIFTY 50,bearish,203.27,202.82,3250,-1474.08,1882.45,-3356.53,pro_LiqSweep+VP+VWAP,stop_loss_premium_phase3
2025-10-09 10:00:00,2025-10-09 11:30:00,NIFTY 50,bullish,190.14,271.57,3250,264634.92,2329.6,262305.32,pro_LiqSweep+VP+OTE+RSI_Div,target
2025-10-09 14:15:00,2025-10-09 15:15:00,NIFTY 50,bullish,187.83,216.99,3250,94775.48,1947.49,92827.99,pro_FVG+VP,intraday_square_off
2025-10-13 09:45:00,2025-10-13 10:00:00,NIFTY 50,bearish,229.0,199.0,3250,-97506.91,1910.98,-99417.89,pro_OTE+RSI_Div+VWAP,target
2025-10-15 10:00:00,2025-10-15 11:30:00,NIFTY 50,bullish,189.84,219.84,3250,97509.58,1971.46,95538.12,pro_LiqSweep+FVG+VP,stop_loss_premium_phase3
2025-10-16 10:00:00,2025-10-16 11:30:00,NIFTY 50,bullish,168.39,194.29,3250,84169.93,1749.09,82420.84,pro_LiqSweep+VP,stop_loss_premium_phase3
2025-10-24 14:15:00,2025-10-24 15:15:00,NIFTY 50,bullish,196.65,213.92,3250,56145.68,1945.09,54200.59,pro_FVG+RSI_Div,intraday_square_off
2025-10-29 10:00:00,2025-10-29 11:30:00,NIFTY 50,bullish,204.75,223.24,3250,60099.01,2026.76,58072.25,pro_LiqSweep+VP,stop_loss_premium_phase3
2025-10-31 09:45:00,2025-10-31 10:45:00,NIFTY 50,bullish,218.22,189.37,3250,-93780.94,1821.43,-95602.37,pro_VP+OTE+RSI_Div,stop_loss_premium_phase2
2025-11-12 14:15:00,2025-11-12 15:15:00,NIFTY 50,bearish,191.35,193.12,3250,5761.74,1790.02,3971.72,pro_OTE+RSI_Div+VWAP,intraday_square_off
2025-11-13 10:00:00,2025-11-13 11:00:00,NIFTY 50,bullish,180.87,225.87,3250,146220.78,1993.97,144226.81,pro_LiqSweep+VP,target
2025-11-13 11:15:00,2025-11-13 12:45:00,NIFTY 50,bullish,173.5,173.03,3250,-1525.02,1613.08,-3138.1,pro_LiqSweep+VP,stop_loss_premium_phase3
2025-11-14 10:15:00,2025-11-14 11:45:00,NIFTY 50,bullish,200.79,237.82,3250,120357.06,2119.08,118237.98,pro_LiqSweep+FVG,stop_loss_premium_phase3
2025-11-14 14:15:00,2025-11-14 15:00:00,NIFTY 50,bullish,167.32,246.27,3250,256585.83,2106.08,254479.75,pro_LiqSweep+VP+OTE+RSI_Div,target
2025-11-19 10:45:00,2025-11-19 12:15:00,NIFTY 50,bearish,181.87,181.46,3250,-1304.8,1689.24,-2994.04,pro_FVG+OTE+VWAP,stop_loss_premium_phase3
2025-12-03 14:15:00,2025-12-03 14:45:00,NIFTY 50,bullish,177.56,213.12,3250,115553.34,1898.82,113654.52,pro_LiqSweep+OTE,target
2025-12-04 10:00:00,2025-12-04 11:30:00,NIFTY 50,bullish,184.36,205.86,3250,69856.4,1863.14,67993.26,pro_LiqSweep+VP,stop_loss_premium_phase3
2025-12-05 09:45:00,2025-12-05 10:00:00,NIFTY 50,bullish,195.81,210.84,3250,48848.94,1921.96,46926.98,pro_VP+OTE,target
2025-12-05 10:15:00,2025-12-05 11:00:00,NIFTY 50,bullish,182.29,256.23,3250,240331.33,2206.85,238124.48,pro_LiqSweep+VP+RSI_Div,target
2025-12-05 14:15:00,2025-12-05 15:15:00,NIFTY 50,bullish,194.46,209.99,3250,50481.34,1913.24,48568.1,pro_LiqSweep+VP,intraday_square_off
2025-12-10 10:00:00,2025-12-10 11:00:00,NIFTY 50,bullish,211.37,210.89,3250,-1548.45,1955.57,-3504.02,pro_FVG+VP,stop_loss_premium_phase2
2025-12-10 11:30:00,2025-12-10 12:30:00,NIFTY 50,bullish,213.58,213.55,3250,-76.7,1978.66,-2055.36,pro_VP+OTE,stop_loss_premium_phase2
2025-12-11 10:15:00,2025-12-11 12:30:00,NIFTY 50,bullish,205.79,253.71,3250,155741.0,2239.58,153501.42,pro_LiqSweep+VP+RSI_Div,stop_loss_premium_phase3
2025-12-17 10:00:00,2025-12-17 11:30:00,NIFTY 50,bullish,202.27,201.82,3250,-1475.31,1873.46,-3348.77,pro_LiqSweep+VP+OTE+RSI_Div,stop_loss_premium_phase3
2025-12-18 10:15:00,2025-12-18 11:45:00,NIFTY 50,bullish,201.77,216.12,3250,46623.63,1971.2,44652.43,pro_LiqSweep+VP,stop_loss_premium_phase3
2025-12-18 14:15:00,2025-12-18 15:15:00,NIFTY 50,bullish,201.82,224.41,3250,73400.88,2028.59,71372.29,pro_FVG+VP,intraday_square_off
2025-12-19 14:15:00,2025-12-19 15:15:00,NIFTY 50,bearish,153.51,153.54,3250,99.88,1435.81,-1335.93,pro_FVG+RSI_Div+VWAP,intraday_square_off
2025-12-24 10:00:00,2025-12-24 11:30:00,NIFTY 50,bullish,178.97,178.41,3250,-1817.37,1661.97,-3479.34,pro_LiqSweep+VP+RSI_Div,stop_loss_premium_phase3
2025-12-26 11:15:00,2025-12-26 12:45:00,NIFTY 50,bullish,200.1,194.91,3250,-16858.15,1821.04,-18679.19,pro_LiqSweep+FVG,stop_loss_premium_phase3
2025-12-31 10:00:00,2025-12-31 11:30:00,NIFTY 50,bullish,204.8,236.93,3250,104423.91,2121.48,102302.43,pro_LiqSweep+VP,stop_loss_premium_phase3
2026-01-01 10:00:00,2026-01-01 11:30:00,NIFTY 50,bearish,172.73,172.21,3250,-1719.27,1605.77,-3325.04,pro_LiqSweep+OTE+RSI_Div+VWAP,stop_loss_premium_phase3
2026-01-01 14:15:00,2026-01-01 15:15:00,NIFTY 50,bearish,166.15,171.79,3250,18310.5,1588.84,16721.66,pro_LiqSweep+OTE+VWAP,intraday_square_off
2026-01-02 10:30:00,2026-01-02 12:00:00,NIFTY 50,bullish,179.84,203.71,3250,77562.14,1838.64,75723.5,pro_FVG+VP+RSI_Div,stop_loss_premium_phase3
2026-01-02 14:15:00,2026-01-02 14:30:00,NIFTY 50,bearish,165.75,190.54,3250,80552.84,1717.59,78835.25,pro_LiqSweep+RSI_Div+VWAP,target
2026-01-07 10:15:00,2026-01-07 11:45:00,NIFTY 50,bullish,191.47,206.04,3250,47367.78,1879.59,45488.19,pro_LiqSweep+VP+RSI_Div,stop_loss_premium_phase3
2026-01-07 14:15:00,2026-01-07 15:00:00,NIFTY 50,bullish,178.65,211.81,3250,107795.83,1892.12,105903.71,pro_VP+OTE,target
2026-01-09 10:30:00,2026-01-09 11:30:00,NIFTY 50,bullish,195.74,195.8,3250,203.18,1817.88,-1614.7,pro_VP+RSI_Div,stop_loss_premium_phase2
2026-01-14 10:00:00,2026-01-14 11:30:00,NIFTY 50,bullish,208.58,236.99,3250,92308.78,2129.95,90178.83,pro_LiqSweep+VP,stop_loss_premium_phase3
2026-01-14 14:15:00,2026-01-14 15:15:00,NIFTY 50,bearish,202.9,183.86,3250,-61855.12,1750.69,-63605.81,pro_LiqSweep+FVG+VWAP,intraday_square_off
2026-01-16 10:45:00,2026-01-16 12:15:00,NIFTY 50,bullish,212.2,211.57,3250,-2069.07,1962.0,-4031.07,pro_FVG+VP,stop_loss_premium_phase3
