entry_time,exit_time,symbol,direction,entry_price,exit_price,quantity,gross_pnl,costs,net_pnl,strategy,exit_reason
2015-01-21 11:15:00,2015-01-21 13:00:00,NIFTY FIN SERVICE,bearish,74.16,73.96,60,-12.25,59.56,-71.81,pro_FVG+OTE+VWAP,stop_loss_premium_phase3
2015-01-22 09:45:00,2015-01-22 11:15:00,NIFTY FIN SERVICE,bullish,31.61,31.51,180,-17.1,63.0,-80.1,pro_FVG+VP+OTE,stop_loss_premium_phase3
2015-01-23 09:30:00,2015-01-23 09:45:00,NIFTY FIN SERVICE,bullish,89.1,44.18,60,-2695.49,56.35,-2751.84,pro_FVG+VP,target
2015-01-28 09:45:00,2015-01-28 11:15:00,NIFTY FIN SERVICE,bullish,67.17,93.11,60,1556.37,61.72,1494.65,pro_LiqSweep+FVG,target
2015-01-30 09:30:00,2015-01-30 09:45:00,NIFTY FIN SERVICE,bullish,70.4,62.49,60,-474.89,57.95,-532.84,pro_FVG+RSI_Div,target
2015-02-04 10:30:00,2015-02-04 11:30:00,NIFTY FIN SERVICE,bearish,85.63,85.65,60,1.37,61.5,-60.13,pro_LiqSweep+FVG+VWAP,stop_loss_premium_phase2
2015-02-05 09:45:00,2015-02-05 11:15:00,NIFTY FIN SERVICE,bearish,67.78,67.55,60,-13.36,58.49,-71.85,pro_FVG+OTE+VWAP,stop_loss_premium_phase3
2015-02-06 14:15:00,2015-02-06 15:15:00,NIFTY FIN SERVICE,bearish,65.04,76.64,60,696.27,59.54,636.73,pro_FVG+OTE+RSI_Div+VWAP,intraday_square_off
2015-02-11 10:15:00,2015-02-11 11:45:00,NIFTY FIN SERVICE,bearish,179.73,195.82,60,965.24,79.26,885.98,pro_LiqSweep+RSI_Div+VWAP,stop_loss_premium_phase3
2015-02-11 14:15:00,2015-02-11 15:15:00,NIFTY FIN SERVICE,bearish,66.36,88.64,60,1336.61,61.12,1275.49,pro_LiqSweep+RSI_Div+VWAP,intraday_square_off
2015-02-20 11:30:00,2015-02-20 13:00:00,NIFTY FIN SERVICE,bearish,78.62,85.42,60,408.16,61.19,346.97,pro_FVG+OTE+VWAP,stop_loss_premium_phase3
2015-02-26 09:30:00,2015-02-26 10:30:00,NIFTY FIN SERVICE,bearish,72.86,55.7,60,-1029.8,57.18,-1086.98,pro_FVG+RSI_Div+VWAP,stop_loss_premium_phase2
2015-03-05 10:00:00,2015-03-05 11:30:00,NIFTY FIN SERVICE,bullish,96.91,107.13,60,613.0,64.69,548.31,pro_FVG+RSI_Div,stop_loss_premium_phase3
2015-03-09 09:30:00,2015-03-09 11:00:00,NIFTY FIN SERVICE,bullish,42.03,45.07,120,363.98,62.01,301.97,pro_FVG+RSI_Div,stop_loss_premium_phase3
2015-03-18 10:15:00,2015-03-18 11:45:00,NIFTY FIN SERVICE,bearish,204.83,205.1,60,16.55,81.43,-64.88,pro_FVG+OTE+VWAP,stop_loss_premium_phase3
2015-03-18 14:15:00,2015-03-18 15:15:00,NIFTY FIN SERVICE,bearish,65.22,65.79,60,34.19,58.16,-23.97,pro_LiqSweep+FVG+OTE+VWAP,intraday_square_off
2015-03-19 11:30:00,2015-03-19 13:15:00,NIFTY FIN SERVICE,bearish,74.34,74.19,60,-9.44,59.59,-69.03,pro_FVG+OTE+VWAP,stop_loss_premium_phase3
2015-03-25 10:30:00,2015-03-25 12:00:00,NIFTY FIN SERVICE,bearish,193.61,205.56,60,717.18,81.05,636.13,pro_FVG+RSI_Div+VWAP,stop_loss_premium_phase3
2015-04-08 10:30:00,2015-04-08 12:00:00,NIFTY FIN SERVICE,bearish,65.1,77.4,60,738.04,59.64,678.4,pro_LiqSweep+FVG+VWAP,stop_loss_premium_phase3
2015-04-16 14:15:00,2015-04-16 15:00:00,NIFTY FIN SERVICE,bullish,41.03,60.37,180,3480.23,75.15,3405.08,pro_LiqSweep+FVG+RSI_Div,target
2015-04-17 10:45:00,2015-04-17 12:15:00,NIFTY FIN SERVICE,bearish,57.24,60.9,120,439.11,67.25,371.86,pro_LiqSweep+FVG+VWAP,stop_loss_premium_phase3
2015-04-22 10:00:00,2015-04-22 11:30:00,NIFTY FIN SERVICE,bullish,84.78,84.59,60,-11.09,61.33,-72.42,pro_FVG+VP,stop_loss_premium_phase3
2015-04-24 09:30:00,2015-04-24 09:45:00,NIFTY FIN SERVICE,bearish,101.53,75.75,60,-1546.95,60.86,-1607.81,pro_FVG+OTE+VWAP,target
2015-04-29 10:30:00,2015-04-29 12:00:00,NIFTY FIN SERVICE,bearish,195.0,196.44,60,86.66,79.94,6.72,pro_LiqSweep+RSI_Div+VWAP,stop_loss_premium_phase3
2015-04-29 14:15:00,2015-04-29 14:30:00,NIFTY FIN SERVICE,bearish,80.8,109.33,60,1711.57,64.33,1647.24,pro_LiqSweep+OTE+RSI_Div+VWAP,target
2015-04-30 10:15:00,2015-04-30 11:45:00,NIFTY FIN SERVICE,bearish,87.88,91.55,60,220.44,62.34,158.1,pro_LiqSweep+FVG+VWAP,stop_loss_premium_phase3
2015-05-08 11:30:00,2015-05-08 12:30:00,NIFTY FIN SERVICE,bearish,72.96,72.72,120,-28.31,71.5,-99.81,pro_LiqSweep+FVG+VWAP,stop_loss_premium_phase2
2015-05-08 14:15:00,2015-05-08 15:15:00,NIFTY FIN SERVICE,bearish,33.58,46.82,240,3175.76,76.38,3099.38,pro_LiqSweep+RSI_Div+VWAP,intraday_square_off
2015-05-27 10:00:00,2015-05-27 11:30:00,NIFTY FIN SERVICE,bullish,66.7,70.63,120,471.15,70.48,400.67,pro_LiqSweep+VP+RSI_Div,stop_loss_premium_phase3
2015-05-29 09:45:00,2015-05-29 11:30:00,NIFTY FIN SERVICE,bullish,27.83,37.07,360,3327.95,82.15,3245.8,pro_FVG+VP,stop_loss_premium_phase3
2015-06-05 09:45:00,2015-06-05 11:15:00,NIFTY FIN SERVICE,bearish,55.57,61.02,180,981.24,77.12,904.12,pro_FVG+OTE+VWAP,stop_loss_premium_phase3
2015-06-10 09:45:00,2015-06-10 11:15:00,NIFTY FIN SERVICE,bullish,66.2,67.5,180,233.71,80.86,152.85,pro_LiqSweep+VP,stop_loss_premium_phase3
2015-06-10 11:30:00,2015-06-10 13:00:00,NIFTY FIN SERVICE,bullish,58.93,63.67,180,853.85,78.53,775.32,pro_LiqSweep+FVG+VP,stop_loss_premium_phase3
2015-06-11 11:30:00,2015-06-11 13:00:00,NIFTY FIN SERVICE,bearish,50.7,50.83,240,32.46,81.13,-48.67,pro_FVG+RSI_Div+VWAP,stop_loss_premium_phase3
2015-06-12 10:30:00,2015-06-12 12:00:00,NIFTY FIN SERVICE,bullish,41.87,60.44,300,5569.26,94.0,5475.26,pro_FVG+OTE,target
2015-06-18 14:15:00,2015-06-18 15:15:00,NIFTY FIN SERVICE,bearish,21.84,24.68,360,1023.68,71.25,952.43,pro_LiqSweep+RSI_Div+VWAP,intraday_square_off
2015-06-24 10:15:00,2015-06-24 11:45:00,NIFTY FIN SERVICE,bearish,66.55,66.34,240,-52.7,91.54,-144.24,pro_LiqSweep+OTE+VWAP,stop_loss_premium_phase3
2015-07-01 09:45:00,2015-07-01 11:15:00,NIFTY FIN SERVICE,bullish,68.92,76.02,180,1278.08,84.44,1193.64,pro_LiqSweep+VP,stop_loss_premium_phase3
2015-07-01 11:30:00,2015-07-01 13:45:00,NIFTY FIN SERVICE,bullish,69.63,84.55,180,2684.87,87.79,2597.08,pro_FVG+VP,stop_loss_premium_phase3
2015-07-03 09:45:00,2015-07-03 11:15:00,NIFTY FIN SERVICE,bullish,41.44,45.66,420,1772.28,99.4,1672.88,pro_LiqSweep+VP,stop_loss_premium_phase3
2015-07-03 11:30:00,2015-07-03 12:30:00,NIFTY FIN SERVICE,bullish,27.47,27.42,480,-20.66,83.85,-104.51,pro_LiqSweep+VP,stop_loss_premium_phase2
2015-07-06 09:30:00,2015-07-06 11:00:00,NIFTY FIN SERVICE,bullish,16.06,24.08,720,5776.44,91.65,5684.79,pro_LiqSweep+VP,stop_loss_premium_phase3
2015-07-09 11:00:00,2015-07-09 12:30:00,NIFTY FIN SERVICE,bullish,69.67,69.44,300,-68.25,105.21,-173.46,pro_LiqSweep+FVG+RSI_Div,stop_loss_premium_phase3
2015-07-09 14:15:00,2015-07-09 15:15:00,NIFTY FIN SERVICE,bullish,46.58,47.09,420,211.43,102.09,109.34,pro_LiqSweep+VP,intraday_square_off
2015-07-10 09:45:00,2015-07-10 10:45:00,NIFTY FIN SERVICE,bullish,34.26,34.44,540,93.01,98.89,-5.88,pro_LiqSweep+VP,stop_loss_premium_phase2
2015-07-10 11:00:00,2015-07-10 12:30:00,NIFTY FIN SERVICE,bullish,46.45,47.79,420,565.68,102.69,462.99,pro_LiqSweep+FVG,stop_loss_premium_phase3
2015-07-10 14:15:00,2015-07-10 15:00:00,NIFTY FIN SERVICE,bullish,24.85,39.27,540,7789.54,101.1,7688.44,pro_LiqSweep+VP,target
2015-07-15 09:45:00,2015-07-15 11:15:00,NIFTY FIN SERVICE,bullish,50.48,50.38,360,-36.01,97.7,-133.71,pro_LiqSweep+VP+RSI_Div,stop_loss_premium_phase3
2015-07-15 11:30:00,2015-07-15 13:00:00,NIFTY FIN SERVICE,bullish,55.12,56.8,300,503.44,94.29,409.15,pro_LiqSweep+VP,stop_loss_premium_phase3
2015-07-15 14:15:00,2015-07-15 15:15:00,NIFTY FIN SERVICE,bullish,30.16,27.48,600,-1605.57,94.14,-1699.71,pro_LiqSweep+VP,intraday_square_off
2015-07-16 09:45:00,2015-07-16 11:45:00,NIFTY FIN SERVICE,bullish,39.97,48.67,420,3653.82,101.69,3552.13,pro_LiqSweep+VP,stop_loss_premium_phase3
2015-07-17 10:15:00,2015-07-17 11:45:00,NIFTY FIN SERVICE,bearish,33.93,33.82,540,-55.55,98.06,-153.61,pro_LiqSweep+RSI_Div+VWAP,stop_loss_premium_phase3
2015-07-23 09:45:00,2015-07-23 11:15:00,NIFTY FIN SERVICE,bearish,52.89,62.59,360,3490.44,107.61,3382.83,pro_LiqSweep+OTE+RSI_Div+VWAP,stop_loss_premium_phase3
2015-08-05 09:45:00,2015-08-05 11:15:00,NIFTY FIN SERVICE,bullish,75.92,75.67,240,-59.63,97.78,-157.41,pro_FVG+VP,stop_loss_premium_phase3
2015-08-06 09:30:00,2015-08-06 11:00:00,NIFTY FIN SERVICE,bearish,58.72,44.06,120,-1759.46,63.07,-1822.53,pro_LiqSweep+FVG+VWAP,stop_loss_premium_phase3
2015-08-07 09:45:00,2015-08-07 11:00:00,NIFTY FIN SERVICE,bullish,39.74,37.05,480,-1292.15,97.54,-1389.69,pro_LiqSweep+VP,stop_loss_premium_phase2
2015-08-07 11:15:00,2015-08-07 12:45:00,NIFTY FIN SERVICE,bullish,22.99,27.13,780,3233.42,103.98,3129.44,pro_LiqSweep+FVG+OTE,stop_loss_premium_phase3
2015-08-10 09:30:00,2015-08-10 09:45:00,NIFTY FIN SERVICE,bullish,31.74,28.72,120,-362.28,57.03,-419.31,pro_LiqSweep+OTE+RSI_Div,target
2015-08-14 09:45:00,2015-08-14 11:15:00,NIFTY FIN SERVICE,bullish,67.64,103.07,300,10629.84,126.27,10503.57,pro_LiqSweep+VP+RSI_Div,target
2015-08-14 11:30:00,2015-08-14 12:45:00,NIFTY FIN SERVICE,bullish,54.87,84.38,420,12394.14,137.68,12256.46,pro_LiqSweep+VP,target
2015-08-19 11:30:00,2015-08-19 12:45:00,NIFTY FIN SERVICE,bullish,64.27,64.09,420,-75.14,122.15,-197.29,pro_VP+RSI_Div,stop_loss_premium_phase2
2015-09-04 11:30:00,2015-09-04 13:00:00,NIFTY FIN SERVICE,bullish,82.55,85.66,300,934.97,118.1,816.87,pro_FVG+OTE,stop_loss_premium_phase3
2015-09-21 09:30:00,2015-09-21 09:45:00,NIFTY FIN SERVICE,bearish,65.43,31.67,60,-2025.85,53.82,-2079.67,pro_OTE+RSI_Div+VWAP,target
2015-10-07 09:45:00,2015-10-07 11:15:00,NIFTY FIN SERVICE,bullish,70.57,78.03,360,2685.37,123.61,2561.76,pro_LiqSweep+VP,stop_loss_premium_phase3
2015-10-07 14:15:00,2015-10-07 15:15:00,NIFTY FIN SERVICE,bullish,38.87,45.98,720,5123.7,135.97,4987.73,pro_VP+RSI_Div,intraday_square_off
2015-10-08 14:15:00,2015-10-08 15:15:00,NIFTY FIN SERVICE,bullish,41.91,54.46,660,8285.44,141.78,8143.66,pro_LiqSweep+FVG+OTE+RSI_Div,intraday_square_off
2015-10-14 14:15:00,2015-10-14 15:15:00,NIFTY FIN SERVICE,bullish,23.58,21.81,720,-1274.43,91.74,-1366.17,pro_FVG+VP+RSI_Div,intraday_square_off
2015-10-15 09:45:00,2015-10-15 11:15:00,NIFTY FIN SERVICE,bullish,22.68,22.57,720,-77.3,92.48,-169.78,pro_FVG+VP+RSI_Div,stop_loss_premium_phase3
2015-10-16 10:45:00,2015-10-16 12:15:00,NIFTY FIN SERVICE,bullish,31.38,35.37,1020,4073.71,144.93,3928.78,pro_LiqSweep+FVG+OTE,stop_loss_premium_phase3
2015-10-19 09:30:00,2015-10-19 12:30:00,NIFTY FIN SERVICE,bullish,30.25,32.7,180,441.06,63.29,377.77,pro_LiqSweep+VP,target
2015-10-21 09:45:00,2015-10-21 11:15:00,NIFTY FIN SERVICE,bullish,61.92,67.35,540,2934.67,146.48,2788.19,pro_FVG+VP,stop_loss_premium_phase3
2015-10-23 09:30:00,2015-10-23 09:45:00,NIFTY FIN SERVICE,bullish,111.14,84.39,60,-1605.49,62.34,-1667.83,pro_LiqSweep+OTE,target
2015-10-30 09:45:00,2015-10-30 11:30:00,NIFTY FIN SERVICE,bullish,43.3,53.24,540,5368.14,123.68,5244.46,pro_LiqSweep+FVG,stop_loss_premium_phase3
2015-11-05 10:45:00,2015-11-05 11:45:00,NIFTY FIN SERVICE,bearish,54.82,54.63,480,-91.03,120.23,-211.26,pro_LiqSweep+FVG+VWAP,stop_loss_premium_phase2
2015-11-06 11:30:00,2015-11-06 12:45:00,NIFTY FIN SERVICE,bullish,35.39,32.72,720,-1922.57,114.01,-2036.58,pro_LiqSweep+VP+RSI_Div,stop_loss_premium_phase2
2015-11-27 09:45:00,2015-11-27 11:15:00,NIFTY FIN SERVICE,bullish,26.15,28.2,780,1592.84,107.36,1485.48,pro_LiqSweep+VP,stop_loss_premium_phase3
2015-11-27 11:30:00,2015-11-27 13:00:00,NIFTY FIN SERVICE,bullish,25.97,23.34,780,-2046.14,99.21,-2145.35,pro_LiqSweep+VP,stop_loss_premium_phase3
2015-12-09 09:45:00,2015-12-09 10:45:00,NIFTY FIN SERVICE,bullish,26.51,23.88,780,-2048.26,100.39,-2148.65,pro_LiqSweep+VP+RSI_Div,stop_loss_premium_phase2
2015-12-16 14:15:00,2015-12-16 15:15:00,NIFTY FIN SERVICE,bearish,32.73,30.11,720,-1890.54,108.76,-1999.3,pro_FVG+OTE+VWAP,intraday_square_off
2015-12-31 09:45:00,2015-12-31 12:15:00,NIFTY FIN SERVICE,bullish,21.1,26.98,780,4588.03,102.75,4485.28,pro_LiqSweep+VP+OTE+RSI_Div,stop_loss_premium_phase3
2016-01-01 10:15:00,2016-01-01 11:45:00,NIFTY FIN SERVICE,bearish,21.15,18.55,780,-2027.4,88.79,-2116.19,pro_LiqSweep+RSI_Div+VWAP,stop_loss_premium_phase3
2016-01-06 10:30:00,2016-01-06 12:00:00,NIFTY FIN SERVICE,bullish,27.98,29.94,780,1525.27,111.18,1414.09,pro_LiqSweep+VP,stop_loss_premium_phase3
2016-01-20 14:15:00,2016-01-20 14:45:00,NIFTY FIN SERVICE,bullish,57.21,74.0,420,7051.63,129.06,6922.57,pro_LiqSweep+RSI_Div,target
2016-02-04 14:15:00,2016-02-04 15:15:00,NIFTY FIN SERVICE,bearish,34.7,35.92,780,945.71,124.54,821.17,pro_LiqSweep+FVG+RSI_Div+VWAP,intraday_square_off
2016-02-05 09:45:00,2016-02-05 10:30:00,NIFTY FIN SERVICE,bullish,41.14,64.4,660,15354.6,155.4,15199.2,pro_LiqSweep+VP,target
2016-02-05 10:45:00,2016-02-05 12:15:00,NIFTY FIN SERVICE,bullish,44.22,44.06,660,-104.75,128.19,-232.94,pro_LiqSweep+VP,stop_loss_premium_phase3
2016-02-05 14:15:00,2016-02-05 15:15:00,NIFTY FIN SERVICE,bullish,19.13,29.41,960,9867.65,119.28,9748.37,pro_FVG+VP,intraday_square_off
2016-02-17 14:15:00,2016-02-17 15:15:00,NIFTY FIN SERVICE,bearish,55.42,51.57,600,-2307.4,134.82,-2442.22,pro_FVG+OTE+VWAP,intraday_square_off
2016-02-19 09:45:00,2016-02-19 11:15:00,NIFTY FIN SERVICE,bullish,43.12,55.06,720,8592.87,151.88,8440.99,pro_LiqSweep+OTE+RSI_Div,stop_loss_premium_phase3
2016-02-25 14:15:00,2016-02-25 15:15:00,NIFTY FIN SERVICE,bearish,33.85,47.36,1020,13784.78,172.58,13612.2,pro_LiqSweep+FVG+RSI_Div+VWAP,intraday_square_off
2016-02-26 09:45:00,2016-02-26 11:00:00,NIFTY FIN SERVICE,bearish,45.74,45.56,840,-149.64,153.8,-303.44,pro_LiqSweep+OTE+VWAP,stop_loss_premium_phase2
2016-02-26 11:15:00,2016-02-26 12:15:00,NIFTY FIN SERVICE,bearish,35.72,35.58,1080,-152.22,154.22,-306.44,pro_LiqSweep+FVG+VWAP,stop_loss_premium_phase2
2016-03-04 10:00:00,2016-03-04 11:30:00,NIFTY FIN SERVICE,bearish,52.2,53.69,720,1077.47,154.07,923.4,pro_FVG+RSI_Div+VWAP,stop_loss_premium_phase3
2016-03-10 09:30:00,2016-03-10 09:45:00,NIFTY FIN SERVICE,bullish,66.36,65.94,120,-50.86,69.25,-120.11,pro_FVG+VP,target
2016-03-10 10:00:00,2016-03-10 11:00:00,NIFTY FIN SERVICE,bearish,35.42,48.79,1080,14444.55,184.36,14260.19,pro_OTE+RSI_Div+VWAP,target
2016-03-17 09:30:00,2016-03-17 09:45:00,NIFTY FIN SERVICE,bullish,107.45,57.16,60,-3017.06,58.72,-3075.78,pro_VP+RSI_Div,target
2016-03-23 10:45:00,2016-03-23 12:30:00,NIFTY FIN SERVICE,bullish,45.5,50.62,900,4606.17,170.94,4435.23,pro_FVG+OTE,stop_loss_premium_phase3
2016-04-01 10:15:00,2016-04-01 11:30:00,NIFTY FIN SERVICE,bullish,43.82,41.11,960,-2603.82,158.74,-2762.56,pro_LiqSweep+OTE+RSI_Div,stop_loss_premium_phase2
2016-04-01 14:15:00,2016-04-01 15:15:00,NIFTY FIN SERVICE,bullish,31.47,38.7,1320,9546.32,183.1,9363.22,pro_LiqSweep+VP,intraday_square_off
2016-04-22 10:15:00,2016-04-22 11:15:00,NIFTY FIN SERVICE,bullish,26.31,26.27,1380,-55.45,148.12,-203.57,pro_FVG+RSI_Div,stop_loss_premium_phase2
2016-04-22 14:15:00,2016-04-22 15:15:00,NIFTY FIN SERVICE,bullish,24.28,30.76,1380,8930.18,159.45,8770.73,pro_FVG+VP,intraday_square_off
2016-05-06 09:45:00,2016-05-06 11:15:00,NIFTY FIN SERVICE,bearish,45.03,45.16,1020,135.07,175.3,-40.23,pro_LiqSweep+FVG+VWAP,stop_loss_premium_phase3
2016-05-12 09:30:00,2016-05-12 09:45:00,NIFTY FIN SERVICE,bullish,73.63,67.03,120,-792.29,70.1,-862.39,pro_FVG+OTE+RSI_Div,target
2016-05-18 14:15:00,2016-05-18 15:15:00,NIFTY FIN SERVICE,bullish,44.05,52.73,1020,8857.85,191.06,8666.79,pro_LiqSweep+FVG,intraday_square_off
2016-05-27 10:45:00,2016-05-27 12:15:00,NIFTY FIN SERVICE,bullish,38.66,38.51,1200,-178.14,175.92,-354.06,pro_FVG+VP,stop_loss_premium_phase3
2016-06-01 10:00:00,2016-06-01 12:00:00,NIFTY FIN SERVICE,bearish,61.7,68.71,780,5472.93,192.75,5280.18,pro_OTE+RSI_Div+VWAP,stop_loss_premium_phase3
2016-06-02 11:30:00,2016-06-02 13:00:00,NIFTY FIN SERVICE,bullish,45.52,51.35,1080,6295.1,197.41,6097.69,pro_FVG+OTE,stop_loss_premium_phase3
2016-06-02 14:15:00,2016-06-02 14:45:00,NIFTY FIN SERVICE,bullish,28.4,41.62,1620,21411.51,220.77,21190.74,pro_LiqSweep+VP,target
2016-06-08 10:45:00,2016-06-08 12:30:00,NIFTY FIN SERVICE,bullish,46.3,53.15,1200,8226.49,219.29,8007.2,pro_FVG+VP,stop_loss_premium_phase3
2016-06-16 09:45:00,2016-06-16 10:45:00,NIFTY FIN SERVICE,bullish,37.94,35.26,1500,-4024.45,197.01,-4221.46,pro_LiqSweep+OTE,stop_loss_premium_phase2
2016-06-22 09:45:00,2016-06-22 10:45:00,NIFTY FIN SERVICE,bullish,34.44,34.61,1620,278.39,203.05,75.34,pro_LiqSweep+VP,stop_loss_premium_phase2
2016-06-30 11:15:00,2016-06-30 12:45:00,NIFTY FIN SERVICE,bearish,42.77,46.86,1320,5399.22,215.78,5183.44,pro_FVG+RSI_Div+VWAP,stop_loss_premium_phase3
2016-07-13 10:00:00,2016-07-13 11:00:00,NIFTY FIN SERVICE,bullish,29.83,29.78,1860,-90.95,201.41,-292.36,pro_FVG+VP,stop_loss_premium_phase2
2016-07-14 10:30:00,2016-07-14 12:00:00,NIFTY FIN SERVICE,bullish,34.94,42.85,1620,12809.78,231.95,12577.83,pro_LiqSweep+VP,stop_loss_premium_phase3
2016-07-15 10:45:00,2016-07-15 11:45:00,NIFTY FIN SERVICE,bullish,27.04,26.99,1920,-80.61,191.49,-272.1,pro_VP+RSI_Div,stop_loss_premium_phase2
2016-07-21 09:30:00,2016-07-21 11:15:00,NIFTY FIN SERVICE,bullish,25.19,25.09,1080,-101.43,122.68,-224.11,pro_FVG+VP+OTE+RSI_Div,stop_loss_premium_phase3
2016-07-28 11:15:00,2016-07-28 12:45:00,NIFTY FIN SERVICE,bullish,52.06,54.98,1140,3330.7,219.42,3111.28,pro_FVG+VP,stop_loss_premium_phase3
2016-07-29 09:45:00,2016-07-29 10:45:00,NIFTY FIN SERVICE,bullish,30.49,27.66,1800,-5096.25,189.08,-5285.33,pro_LiqSweep+OTE,stop_loss_premium_phase2
2016-07-29 11:30:00,2016-07-29 13:00:00,NIFTY FIN SERVICE,bullish,30.07,27.42,1920,-5075.94,197.06,-5273.0,pro_LiqSweep+OTE,stop_loss_premium_phase3
2016-08-03 14:15:00,2016-08-03 15:00:00,NIFTY FIN SERVICE,bearish,42.99,59.97,1380,23436.54,262.11,23174.43,pro_LiqSweep+FVG+VWAP,target
2016-08-10 10:00:00,2016-08-10 11:30:00,NIFTY FIN SERVICE,bullish,44.31,44.22,1440,-122.0,224.48,-346.48,pro_LiqSweep+OTE+RSI_Div,stop_loss_premium_phase3
2016-08-11 09:45:00,2016-08-11 11:15:00,NIFTY FIN SERVICE,bullish,38.98,56.54,1680,29496.05,292.17,29203.88,pro_LiqSweep+VP,target
2016-08-12 14:15:00,2016-08-12 15:15:00,NIFTY FIN SERVICE,bullish,34.86,40.37,2040,11238.17,268.98,10969.19,pro_LiqSweep+VP,intraday_square_off
2016-08-17 10:15:00,2016-08-17 11:15:00,NIFTY FIN SERVICE,bearish,56.75,56.56,1320,-256.85,255.12,-511.97,pro_FVG+OTE+VWAP,stop_loss_premium_phase2
2016-08-24 09:45:00,2016-08-24 11:30:00,NIFTY FIN SERVICE,bullish,35.17,35.34,2100,357.4,253.5,103.9,pro_LiqSweep+FVG+VP,stop_loss_premium_phase3
2016-08-31 09:45:00,2016-08-31 10:45:00,NIFTY FIN SERVICE,bullish,42.25,39.44,1740,-4876.97,241.4,-5118.37,pro_FVG+VP,stop_loss_premium_phase2
2016-08-31 11:15:00,2016-08-31 12:45:00,NIFTY FIN SERVICE,bullish,50.88,50.73,1440,-209.57,250.64,-460.21,pro_FVG+VP,stop_loss_premium_phase3
2016-08-31 14:15:00,2016-08-31 15:15:00,NIFTY FIN SERVICE,bullish,28.88,29.04,2340,372.3,236.06,136.24,pro_FVG+VP,intraday_square_off
2016-09-01 10:00:00,2016-09-01 11:15:00,NIFTY FIN SERVICE,bearish,28.62,25.99,2340,-6169.43,220.47,-6389.9,pro_OTE+RSI_Div+VWAP,stop_loss_premium_phase2
2016-09-02 10:00:00,2016-09-02 11:30:00,NIFTY FIN SERVICE,bullish,27.84,30.61,2280,6320.75,237.26,6083.49,pro_FVG+VP,stop_loss_premium_phase3
2016-09-06 09:30:00,2016-09-06 09:45:00,NIFTY FIN SERVICE,bullish,73.03,38.51,60,-2070.72,54.99,-2125.71,pro_FVG+VP,target
2016-09-07 10:30:00,2016-09-07 11:30:00,NIFTY FIN SERVICE,bearish,65.75,65.85,1080,109.46,245.05,-135.59,pro_FVG+RSI_Div+VWAP,stop_loss_premium_phase2
2016-09-08 11:15:00,2016-09-08 12:45:00,NIFTY FIN SERVICE,bullish,45.64,47.92,1560,3562.55,252.89,3309.66,pro_FVG+VP,stop_loss_premium_phase3
2016-09-09 10:45:00,2016-09-09 12:15:00,NIFTY FIN SERVICE,bearish,34.74,37.32,2100,5403.77,261.72,5142.05,pro_LiqSweep+FVG+VWAP,stop_loss_premium_phase3
2016-09-09 14:15:00,2016-09-09 15:15:00,NIFTY FIN SERVICE,bearish,31.36,41.03,2400,23224.67,306.01,22918.66,pro_FVG+OTE+VWAP,intraday_square_off
2016-09-14 09:45:00,2016-09-14 11:15:00,NIFTY FIN SERVICE,bullish,54.43,56.89,1440,3543.45,272.86,3270.59,pro_LiqSweep+VP+RSI_Div,stop_loss_premium_phase3
2016-09-14 11:30:00,2016-09-14 12:30:00,NIFTY FIN SERVICE,bullish,47.87,66.35,1680,31042.37,337.0,30705.37,pro_LiqSweep+VP,target
2016-09-21 09:45:00,2016-09-21 11:15:00,NIFTY FIN SERVICE,bullish,28.1,34.5,2700,17270.7,295.08,16975.62,pro_LiqSweep+VP,stop_loss_premium_phase3
2016-09-21 11:30:00,2016-09-21 13:00:00,NIFTY FIN SERVICE,bullish,36.82,34.05,2520,-6987.76,290.56,-7278.32,pro_LiqSweep+VP,stop_loss_premium_phase3
2016-09-30 10:30:00,2016-09-30 12:00:00,NIFTY FIN SERVICE,bullish,91.35,88.23,960,-2999.13,284.86,-3283.99,pro_LiqSweep+OTE+RSI_Div,stop_loss_premium_phase3
2016-10-07 14:15:00,2016-10-07 15:15:00,NIFTY FIN SERVICE,bullish,26.09,24.77,2820,-3730.88,244.01,-3974.89,pro_LiqSweep+FVG+VP+RSI_Div,intraday_square_off
2016-10-14 14:15:00,2016-10-14 15:15:00,NIFTY FIN SERVICE,bullish,32.08,26.32,2820,-16263.51,264.39,-16527.9,pro_LiqSweep+VP,intraday_square_off
2016-10-19 10:00:00,2016-10-19 11:30:00,NIFTY FIN SERVICE,bearish,68.9,71.03,1200,2555.7,282.73,2272.97,pro_OTE+RSI_Div+VWAP,stop_loss_premium_phase3
2016-10-21 10:15:00,2016-10-21 11:45:00,NIFTY FIN SERVICE,bullish,34.49,31.69,2460,-6910.76,268.65,-7179.41,pro_FVG+OTE,stop_loss_premium_phase3
2016-10-24 09:30:00,2016-10-24 09:45:00,NIFTY FIN SERVICE,bullish,47.8,32.94,240,-3567.49,71.54,-3639.03,pro_FVG+VP,target
2016-10-27 14:15:00,2016-10-27 14:45:00,NIFTY FIN SERVICE,bullish,39.03,55.91,2100,35445.73,350.68,35095.05,pro_FVG+VP,target
2016-10-28 10:45:00,2016-10-28 12:15:00,NIFTY FIN SERVICE,bullish,43.12,42.99,2100,-264.32,298.62,-562.94,pro_FVG+VP,stop_loss_premium_phase3
2016-11-03 10:30:00,2016-11-03 12:00:00,NIFTY FIN SERVICE,bearish,38.51,45.28,2400,16260.17,338.96,15921.21,pro_LiqSweep+FVG+OTE+VWAP,stop_loss_premium_phase3
2016-11-04 09:30:00,2016-11-04 09:45:00,NIFTY FIN SERVICE,bearish,48.48,45.45,420,-1272.36,101.15,-1373.51,pro_FVG+OTE+VWAP,target
2016-11-11 09:30:00,2016-11-11 09:45:00,NIFTY FIN SERVICE,bearish,83.72,70.91,180,-2306.61,84.23,-2390.84,pro_LiqSweep+OTE+RSI_Div+VWAP,target
2016-11-17 10:00:00,2016-11-17 11:15:00,NIFTY FIN SERVICE,bearish,84.55,84.62,1080,68.47,301.47,-233.0,pro_LiqSweep+RSI_Div+VWAP,stop_loss_premium_phase2
2016-12-01 10:30:00,2016-12-01 12:15:00,NIFTY FIN SERVICE,bearish,67.65,90.5,1380,31520.96,374.04,31146.92,pro_OTE+RSI_Div+VWAP,target
2016-12-07 10:00:00,2016-12-07 11:30:00,NIFTY FIN SERVICE,bearish,45.02,42.24,2280,-6340.11,319.33,-6659.44,pro_FVG+RSI_Div+VWAP,stop_loss_premium_phase3
2016-12-08 10:00:00,2016-12-08 11:30:00,NIFTY FIN SERVICE,bearish,87.51,92.79,1140,6018.65,337.62,5681.03,pro_FVG+OTE+VWAP,stop_loss_premium_phase3
2016-12-14 10:00:00,2016-12-14 11:30:00,NIFTY FIN SERVICE,bearish,48.3,51.4,2100,6504.44,343.31,6161.13,pro_LiqSweep+RSI_Div+VWAP,stop_loss_premium_phase3
2016-12-22 14:15:00,2016-12-22 15:15:00,NIFTY FIN SERVICE,bullish,28.3,30.01,3000,5120.97,294.36,4826.61,pro_LiqSweep+RSI_Div,intraday_square_off
2016-12-23 09:45:00,2016-12-23 11:30:00,NIFTY FIN SERVICE,bullish,24.42,38.67,3000,42758.24,341.96,42416.28,pro_LiqSweep+VP+OTE,target
2016-12-28 11:15:00,2016-12-28 12:15:00,NIFTY FIN SERVICE,bearish,70.49,70.56,1620,107.08,365.22,-258.14,pro_LiqSweep+RSI_Div+VWAP,stop_loss_premium_phase2
2016-12-29 09:45:00,2016-12-29 11:15:00,NIFTY FIN SERVICE,bullish,55.45,64.19,2100,18341.18,410.26,17930.92,pro_LiqSweep+OTE,stop_loss_premium_phase3
2016-12-29 14:15:00,2016-12-29 15:00:00,NIFTY FIN SERVICE,bullish,23.52,35.15,3000,34888.84,317.7,34571.14,pro_LiqSweep+VP,target
2016-12-30 09:45:00,2016-12-30 11:15:00,NIFTY FIN SERVICE,bullish,27.98,27.85,3000,-373.62,279.96,-653.58,pro_LiqSweep+VP,stop_loss_premium_phase3
2017-01-06 14:15:00,2017-01-06 15:15:00,NIFTY FIN SERVICE,bearish,22.27,26.72,3000,13351.69,261.51,13090.18,pro_LiqSweep+OTE+RSI_Div+VWAP,intraday_square_off
2017-01-18 10:45:00,2017-01-18 12:15:00,NIFTY FIN SERVICE,bullish,52.7,55.42,2520,6855.29,431.33,6423.96,pro_FVG+VP,stop_loss_premium_phase3
2017-02-06 09:30:00,2017-02-06 10:30:00,NIFTY FIN SERVICE,bearish,12.24,11.24,3000,-3000.03,142.99,-3143.02,pro_LiqSweep+RSI_Div+VWAP,stop_loss_premium_phase2
2017-02-08 10:00:00,2017-02-08 11:30:00,NIFTY FIN SERVICE,bullish,49.88,49.78,2640,-260.74,413.09,-673.83,pro_LiqSweep+FVG,stop_loss_premium_phase3
2017-02-08 14:15:00,2017-02-08 15:15:00,NIFTY FIN SERVICE,bullish,27.34,38.02,3000,32054.29,343.6,31710.69,pro_LiqSweep+FVG+VP+OTE,intraday_square_off
2017-02-09 09:45:00,2017-02-09 10:45:00,NIFTY FIN SERVICE,bullish,74.23,74.33,1860,198.91,431.82,-232.91,pro_LiqSweep+VP,stop_loss_premium_phase2
2017-02-16 14:15:00,2017-02-16 15:15:00,NIFTY FIN SERVICE,bullish,32.3,36.59,3000,12883.21,344.22,12538.99,pro_LiqSweep+VP+RSI_Div,intraday_square_off
2017-02-17 10:00:00,2017-02-17 11:30:00,NIFTY FIN SERVICE,bearish,191.25,187.55,720,-2668.15,424.72,-3092.87,pro_FVG+OTE+VWAP,stop_loss_premium_phase3
2017-02-23 11:15:00,2017-02-23 12:45:00,NIFTY FIN SERVICE,bearish,40.43,47.37,3000,20819.77,428.99,20390.78,pro_LiqSweep+OTE+VWAP,stop_loss_premium_phase3
2017-03-01 09:45:00,2017-03-01 11:15:00,NIFTY FIN SERVICE,bullish,47.29,48.71,3000,4254.34,451.02,3803.32,pro_LiqSweep+VP,stop_loss_premium_phase3
2017-03-01 11:30:00,2017-03-01 13:00:00,NIFTY FIN SERVICE,bullish,44.4,46.07,3000,5023.03,428.54,4594.49,pro_FVG+VP,stop_loss_premium_phase3
2017-03-02 09:30:00,2017-03-02 11:00:00,NIFTY FIN SERVICE,bearish,14.39,16.21,3000,5478.99,178.96,5300.03,pro_LiqSweep+RSI_Div+VWAP,stop_loss_premium_phase3
2017-03-08 10:15:00,2017-03-08 11:15:00,NIFTY FIN SERVICE,bullish,25.0,22.36,3000,-7905.74,239.06,-8144.8,pro_FVG+VP,stop_loss_premium_phase2
2017-03-08 14:15:00,2017-03-08 15:15:00,NIFTY FIN SERVICE,bullish,49.98,57.53,3000,22628.32,512.59,22115.73,pro_FVG+VP,intraday_square_off
2017-03-17 09:45:00,2017-03-17 10:45:00,NIFTY FIN SERVICE,bullish,29.51,26.92,3000,-7778.43,277.03,-8055.46,pro_LiqSweep+OTE+RSI_Div,stop_loss_premium_phase2
2017-03-17 11:00:00,2017-03-17 12:30:00,NIFTY FIN SERVICE,bullish,26.12,27.08,3000,2857.84,271.36,2586.48,pro_LiqSweep+FVG,stop_loss_premium_phase3
2017-03-17 14:15:00,2017-03-17 15:00:00,NIFTY FIN SERVICE,bullish,25.85,35.57,3000,29185.92,325.03,28860.89,pro_LiqSweep+FVG,target
2017-03-30 14:15:00,2017-03-30 14:45:00,NIFTY FIN SERVICE,bearish,27.1,35.26,3000,24468.31,325.5,24142.81,pro_LiqSweep+RSI_Div+VWAP,target
2017-04-06 09:30:00,2017-04-06 11:00:00,NIFTY FIN SERVICE,bullish,16.07,18.09,3000,6084.28,194.27,5890.01,pro_FVG+VP,stop_loss_premium_phase3
2017-04-19 10:45:00,2017-04-19 12:15:00,NIFTY FIN SERVICE,bullish,76.28,76.32,2220,86.73,518.61,-431.88,pro_FVG+OTE,stop_loss_premium_phase3
2017-04-19 14:15:00,2017-04-19 15:15:00,NIFTY FIN SERVICE,bullish,41.33,41.25,3000,-227.84,391.73,-619.57,pro_LiqSweep+VP,intraday_square_off
2017-04-27 10:45:00,2017-04-27 12:15:00,NIFTY FIN SERVICE,bullish,52.56,52.43,3000,-376.18,485.16,-861.34,pro_LiqSweep+VP,stop_loss_premium_phase3
2017-05-03 09:45:00,2017-05-03 11:30:00,NIFTY FIN SERVICE,bearish,43.79,51.04,3000,21751.85,459.02,21292.83,pro_LiqSweep+OTE+VWAP,stop_loss_premium_phase3
2017-05-12 09:30:00,2017-05-12 09:45:00,NIFTY FIN SERVICE,bearish,50.57,41.74,540,-4769.35,113.05,-4882.4,pro_LiqSweep+FVG+RSI_Div+VWAP,target
2017-05-12 11:00:00,2017-05-12 12:45:00,NIFTY FIN SERVICE,bearish,32.88,38.3,3000,16256.27,356.27,15900.0,pro_LiqSweep+VP+VWAP,stop_loss_premium_phase3
2017-05-18 14:15:00,2017-05-18 15:15:00,NIFTY FIN SERVICE,bullish,28.17,21.53,3000,-19936.37,239.99,-20176.36,pro_FVG+VP+OTE,intraday_square_off
2017-05-26 11:15:00,2017-05-26 12:45:00,NIFTY FIN SERVICE,bearish,50.72,50.62,3000,-297.86,469.96,-767.82,pro_LiqSweep+RSI_Div+VWAP,stop_loss_premium_phase3
2017-05-31 09:45:00,2017-05-31 11:15:00,NIFTY FIN SERVICE,bullish,49.9,47.04,3000,-8580.74,445.52,-9026.26,pro_LiqSweep+VP,stop_loss_premium_phase3
2017-05-31 14:15:00,2017-05-31 15:15:00,NIFTY FIN SERVICE,bullish,28.59,35.25,3000,20002.65,328.38,19674.27,pro_LiqSweep+VP,intraday_square_off
2017-06-02 14:15:00,2017-06-02 15:15:00,NIFTY FIN SERVICE,bearish,28.53,31.91,3000,10133.47,306.95,9826.52,pro_LiqSweep+OTE+RSI_Div+VWAP,intraday_square_off
2017-06-09 10:45:00,2017-06-09 12:15:00,NIFTY FIN SERVICE,bearish,33.2,36.2,3000,8997.02,343.51,8653.51,pro_LiqSweep+FVG+OTE+VWAP,stop_loss_premium_phase3
2017-06-16 09:45:00,2017-06-16 11:15:00,NIFTY FIN SERVICE,bullish,28.76,29.52,3000,2266.25,292.13,1974.12,pro_LiqSweep+VP+RSI_Div,stop_loss_premium_phase3
2017-06-30 10:45:00,2017-06-30 12:30:00,NIFTY FIN SERVICE,bullish,58.18,71.58,3000,40198.85,618.41,39580.44,pro_FVG+OTE+RSI_Div,stop_loss_premium_phase3
2017-07-03 09:30:00,2017-07-03 10:45:00,NIFTY FIN SERVICE,bullish,21.86,50.18,3000,84957.71,410.34,84547.37,pro_LiqSweep+VP,target
2017-07-05 09:45:00,2017-07-05 11:15:00,NIFTY FIN SERVICE,bullish,41.87,49.49,3000,22852.36,445.34,22407.02,pro_LiqSweep+OTE,stop_loss_premium_phase3
2017-07-12 11:00:00,2017-07-12 12:30:00,NIFTY FIN SERVICE,bullish,41.8,41.64,3000,-466.98,395.17,-862.15,pro_FVG+OTE,stop_loss_premium_phase3
2017-07-14 11:00:00,2017-07-14 12:00:00,NIFTY FIN SERVICE,bullish,33.6,48.07,3000,43413.24,420.03,42993.21,pro_LiqSweep+FVG,target
2017-07-14 14:15:00,2017-07-14 15:00:00,NIFTY FIN SERVICE,bullish,29.28,39.23,3000,29848.21,355.08,29493.13,pro_LiqSweep+VP,target
2017-07-19 09:45:00,2017-07-19 11:15:00,NIFTY FIN SERVICE,bullish,43.21,43.13,3000,-246.63,407.4,-654.03,pro_LiqSweep+VP,stop_loss_premium_phase3
2017-07-19 11:30:00,2017-07-19 13:00:00,NIFTY FIN SERVICE,bullish,41.15,41.03,3000,-356.78,389.99,-746.77,pro_LiqSweep+VP,stop_loss_premium_phase3
2017-07-21 10:00:00,2017-07-21 11:30:00,NIFTY FIN SERVICE,bullish,29.28,29.19,3000,-264.7,291.1,-555.8,pro_VP+RSI_Div,stop_loss_premium_phase3
2017-07-26 09:45:00,2017-07-26 11:15:00,NIFTY FIN SERVICE,bullish,35.71,35.65,3000,-184.25,344.96,-529.21,pro_LiqSweep+VP+RSI_Div,stop_loss_premium_phase3
2017-07-26 11:30:00,2017-07-26 13:00:00,NIFTY FIN SERVICE,bullish,30.71,36.39,3000,17042.58,339.78,16702.8,pro_LiqSweep+VP,stop_loss_premium_phase3
2017-07-26 14:15:00,2017-07-26 15:00:00,NIFTY FIN SERVICE,bullish,32.13,43.65,3000,34577.27,388.95,34188.32,pro_LiqSweep+VP,target
2017-08-04 10:00:00,2017-08-04 11:00:00,NIFTY FIN SERVICE,bullish,46.92,46.75,3000,-500.13,437.81,-937.94,pro_LiqSweep+OTE+RSI_Div,stop_loss_premium_phase2
2017-08-10 09:30:00,2017-08-10 09:45:00,NIFTY FIN SERVICE,bearish,72.25,53.25,540,-10255.12,133.96,-10389.08,pro_FVG+OTE+VWAP,target
2017-08-18 14:15:00,2017-08-18 15:15:00,NIFTY FIN SERVICE,bullish,29.93,38.8,3000,26606.8,353.64,26253.16,pro_LiqSweep+RSI_Div,intraday_square_off
2017-08-24 09:45:00,2017-08-24 11:15:00,NIFTY FIN SERVICE,bearish,41.29,44.44,3000,9464.53,412.0,9052.53,pro_LiqSweep+RSI_Div+VWAP,stop_loss_premium_phase3
2017-08-31 11:30:00,2017-08-31 13:15:00,NIFTY FIN SERVICE,bullish,31.2,37.75,3000,19671.5,349.47,19322.03,pro_FVG+OTE,stop_loss_premium_phase3
2017-08-31 14:15:00,2017-08-31 15:00:00,NIFTY FIN SERVICE,bullish,34.36,46.32,3000,35893.1,410.35,35482.75,pro_VP+RSI_Div,target
2017-09-04 09:30:00,2017-09-04 09:45:00,NIFTY FIN SERVICE,bearish,52.57,41.27,840,-9494.2,149.9,-9644.1,pro_LiqSweep+RSI_Div+VWAP,target
2017-09-14 09:30:00,2017-09-14 11:00:00,NIFTY FIN SERVICE,bearish,32.75,37.22,3000,13413.38,349.14,13064.24,pro_LiqSweep+OTE+RSI_Div+VWAP,stop_loss_premium_phase3
2017-09-21 11:00:00,2017-09-21 12:30:00,NIFTY FIN SERVICE,bearish,37.41,41.52,3000,12307.43,385.73,11921.7,pro_LiqSweep+FVG+VWAP,stop_loss_premium_phase3
2017-09-27 10:00:00,2017-09-27 11:30:00,NIFTY FIN SERVICE,bearish,82.73,91.05,3000,24959.59,790.92,24168.67,pro_LiqSweep+RSI_Div+VWAP,stop_loss_premium_phase3
2017-09-28 14:15:00,2017-09-28 15:00:00,NIFTY FIN SERVICE,bullish,59.86,85.69,3000,77494.84,711.71,76783.13,pro_LiqSweep+VP+RSI_Div,target
2017-10-04 11:00:00,2017-10-04 12:30:00,NIFTY FIN SERVICE,bullish,46.62,46.76,3000,420.44,437.32,-16.88,pro_FVG+VP+RSI_Div,stop_loss_premium_phase3
2017-10-06 09:45:00,2017-10-06 11:30:00,NIFTY FIN SERVICE,bullish,30.95,31.14,3000,589.65,306.8,282.85,pro_FVG+VP,stop_loss_premium_phase3
2017-10-26 14:15:00,2017-10-26 15:00:00,NIFTY FIN SERVICE,bullish,53.36,77.01,3000,70937.44,643.52,70293.92,pro_LiqSweep+VP+RSI_Div,target
2017-11-03 10:00:00,2017-11-03 11:00:00,NIFTY FIN SERVICE,bearish,38.74,38.59,3000,-445.93,369.63,-815.56,pro_LiqSweep+FVG+VWAP,stop_loss_premium_phase2
2017-11-16 09:45:00,2017-11-16 11:15:00,NIFTY FIN SERVICE,bullish,52.16,56.54,3000,13146.05,510.6,12635.45,pro_FVG+VP,stop_loss_premium_phase3
2017-11-22 09:45:00,2017-11-22 10:45:00,NIFTY FIN SERVICE,bullish,47.08,47.21,3000,383.89,441.06,-57.17,pro_VP+RSI_Div,stop_loss_premium_phase2
2017-11-22 11:00:00,2017-11-22 12:45:00,NIFTY FIN SERVICE,bullish,44.68,54.94,3000,30758.34,485.65,30272.69,pro_FVG+VP+OTE,stop_loss_premium_phase3
2017-11-23 10:45:00,2017-11-23 12:15:00,NIFTY FIN SERVICE,bullish,31.28,34.22,3000,8830.88,327.08,8503.8,pro_LiqSweep+VP+OTE,stop_loss_premium_phase3
2017-11-29 10:30:00,2017-11-29 12:00:00,NIFTY FIN SERVICE,bearish,45.24,45.37,3000,411.14,425.72,-14.58,pro_FVG+RSI_Div+VWAP,stop_loss_premium_phase3
2017-12-13 11:30:00,2017-12-13 13:00:00,NIFTY FIN SERVICE,bullish,58.42,65.0,3000,19727.4,576.87,19150.53,pro_FVG+VP,stop_loss_premium_phase3
2017-12-14 10:15:00,2017-12-14 11:15:00,NIFTY FIN SERVICE,bullish,69.19,66.31,3000,-8646.37,606.46,-9252.83,pro_LiqSweep+OTE,stop_loss_premium_phase2
2017-12-14 14:15:00,2017-12-14 15:00:00,NIFTY FIN SERVICE,bullish,52.43,76.3,3000,71589.68,637.15,70952.53,pro_LiqSweep+VP,target
2017-12-20 09:45:00,2017-12-20 11:00:00,NIFTY FIN SERVICE,bearish,56.9,56.74,3000,-479.27,521.23,-1000.5,pro_LiqSweep+RSI_Div+VWAP,stop_loss_premium_phase2
2017-12-29 09:45:00,2017-12-29 11:15:00,NIFTY FIN SERVICE,bullish,35.18,37.53,3000,7027.27,355.87,6671.4,pro_LiqSweep+VP,stop_loss_premium_phase3
2017-12-29 11:30:00,2017-12-29 13:00:00,NIFTY FIN SERVICE,bullish,31.48,28.81,3000,-8009.55,292.96,-8302.51,pro_LiqSweep+VP,stop_loss_premium_phase3
2018-01-04 09:45:00,2018-01-04 11:45:00,NIFTY FIN SERVICE,bullish,31.56,35.78,3000,12679.78,337.61,12342.17,pro_VP+OTE,stop_loss_premium_phase3
2018-01-05 09:30:00,2018-01-05 09:45:00,NIFTY FIN SERVICE,bullish,49.79,44.78,1320,-6614.0,216.03,-6830.03,pro_LiqSweep+VP,target
2018-01-08 14:15:00,2018-01-08 15:15:00,NIFTY FIN SERVICE,bullish,31.66,34.55,3000,8664.81,329.97,8334.84,pro_LiqSweep+FVG+VP+OTE,intraday_square_off
2018-01-11 10:45:00,2018-01-11 13:00:00,NIFTY FIN SERVICE,bullish,31.42,37.07,3000,16948.45,345.58,16602.87,pro_LiqSweep+VP,stop_loss_premium_phase3
2018-01-12 11:30:00,2018-01-12 12:30:00,NIFTY FIN SERVICE,bullish,31.64,31.52,3000,-362.71,310.61,-673.32,pro_LiqSweep+FVG+VP,stop_loss_premium_phase2
2018-01-17 09:45:00,2018-01-17 11:15:00,NIFTY FIN SERVICE,bullish,70.17,75.71,3000,16634.32,668.37,15965.95,pro_LiqSweep+VP,stop_loss_premium_phase3
2018-01-17 11:30:00,2018-01-17 13:00:00,NIFTY FIN SERVICE,bullish,63.36,68.6,3000,15738.16,609.6,15128.56,pro_LiqSweep+VP+RSI_Div,stop_loss_premium_phase3
2018-01-19 09:45:00,2018-01-19 11:15:00,NIFTY FIN SERVICE,bullish,61.52,78.49,3000,50912.97,669.04,50243.93,pro_LiqSweep+FVG,stop_loss_premium_phase3
2018-01-19 11:30:00,2018-01-19 12:30:00,NIFTY FIN SERVICE,bullish,70.73,70.49,3000,-720.75,636.15,-1356.9,pro_LiqSweep+FVG+VP,stop_loss_premium_phase2
2018-01-19 14:15:00,2018-01-19 15:00:00,NIFTY FIN SERVICE,bullish,33.13,56.18,3000,69139.33,470.83,68668.5,pro_LiqSweep+FVG+VP,target
2018-01-24 09:45:00,2018-01-24 11:30:00,NIFTY FIN SERVICE,bullish,97.3,106.23,3000,26800.26,916.45,25883.81,pro_LiqSweep+RSI_Div,stop_loss_premium_phase3
2018-01-24 14:15:00,2018-01-24 15:15:00,NIFTY FIN SERVICE,bullish,54.35,60.76,3000,19213.9,541.82,18672.08,pro_LiqSweep+VP,intraday_square_off
2018-01-25 09:45:00,2018-01-25 11:15:00,NIFTY FIN SERVICE,bullish,56.19,56.0,3000,-576.84,515.07,-1091.91,pro_LiqSweep+VP,stop_loss_premium_phase3
2018-01-25 11:30:00,2018-01-25 12:30:00,NIFTY FIN SERVICE,bullish,39.81,39.73,3000,-235.39,379.06,-614.45,pro_LiqSweep+VP+OTE,stop_loss_premium_phase2
2018-01-31 09:45:00,2018-01-31 10:45:00,NIFTY FIN SERVICE,bullish,63.09,60.12,3000,-8890.86,554.97,-9445.83,pro_VP+RSI_Div,stop_loss_premium_phase2
2018-02-01 09:30:00,2018-02-01 09:45:00,NIFTY FIN SERVICE,bullish,122.12,94.75,540,-14781.5,199.28,-14980.78,pro_FVG+VP,target
2018-02-09 14:15:00,2018-02-09 15:15:00,NIFTY FIN SERVICE,bullish,51.81,45.56,3000,-18728.98,439.87,-19168.85,pro_LiqSweep+FVG+VP,intraday_square_off
2018-02-14 10:15:00,2018-02-14 11:45:00,NIFTY FIN SERVICE,bearish,77.08,76.83,3000,-737.88,689.1,-1426.98,pro_FVG+OTE+VWAP,stop_loss_premium_phase3
2018-02-14 14:15:00,2018-02-14 14:45:00,NIFTY FIN SERVICE,bearish,45.98,60.33,3000,43050.21,522.61,42527.6,pro_FVG+RSI_Div+VWAP,target
2018-02-16 14:15:00,2018-02-16 15:15:00,NIFTY FIN SERVICE,bearish,58.31,65.66,3000,22050.1,580.84,21469.26,pro_LiqSweep+FVG+VWAP,intraday_square_off
2018-02-21 14:15:00,2018-02-21 15:15:00,NIFTY FIN SERVICE,bearish,47.57,45.46,3000,-6332.02,430.86,-6762.88,pro_FVG+OTE+VWAP,intraday_square_off
2018-02-22 14:15:00,2018-02-22 15:00:00,NIFTY FIN SERVICE,bullish,31.07,45.14,3000,42199.96,396.34,41803.62,pro_LiqSweep+VP+OTE+RSI_Div,target
2018-02-23 09:45:00,2018-02-23 11:15:00,NIFTY FIN SERVICE,bullish,45.91,56.33,3000,31248.95,496.96,30751.99,pro_LiqSweep+VP,stop_loss_premium_phase3
2018-02-23 11:30:00,2018-02-23 13:00:00,NIFTY FIN SERVICE,bullish,39.75,41.88,3000,6378.91,392.62,5986.29,pro_LiqSweep+FVG+VP,stop_loss_premium_phase3
2018-03-07 09:45:00,2018-03-07 11:30:00,NIFTY FIN SERVICE,bearish,180.67,203.93,2340,54434.99,1339.42,53095.57,pro_LiqSweep+FVG+VWAP,stop_loss_premium_phase3
2018-03-08 09:30:00,2018-03-08 11:00:00,NIFTY FIN SERVICE,bearish,56.01,70.5,3000,43459.31,607.21,42852.1,pro_LiqSweep+FVG+VWAP,stop_loss_premium_phase3
2018-03-12 09:30:00,2018-03-12 10:30:00,NIFTY FIN SERVICE,bearish,42.32,42.21,3000,-336.27,399.81,-736.08,pro_FVG+OTE+RSI_Div+VWAP,stop_loss_premium_phase2
2018-03-15 09:30:00,2018-03-15 09:45:00,NIFTY FIN SERVICE,bullish,93.96,82.43,960,-11063.47,274.68,-11338.15,pro_LiqSweep+VP,target
2018-03-15 11:15:00,2018-03-15 12:15:00,NIFTY FIN SERVICE,bearish,47.68,44.99,3000,-8074.29,428.12,-8502.41,pro_FVG+OTE+RSI_Div+VWAP,stop_loss_premium_phase2
2018-03-28 14:15:00,2018-03-28 15:15:00,NIFTY FIN SERVICE,bullish,43.77,34.61,3000,-27477.08,354.18,-27831.26,pro_LiqSweep+VP+RSI_Div,intraday_square_off
2018-04-04 09:45:00,2018-04-04 11:15:00,NIFTY FIN SERVICE,bullish,47.94,54.59,3000,19956.05,489.88,19466.17,pro_LiqSweep+VP,stop_loss_premium_phase3
2018-04-06 09:45:00,2018-04-06 11:15:00,NIFTY FIN SERVICE,bullish,34.44,41.02,3000,19729.19,376.67,19352.52,pro_FVG+VP,stop_loss_premium_phase3
2018-04-06 14:15:00,2018-04-06 14:45:00,NIFTY FIN SERVICE,bullish,35.49,54.8,3000,57948.17,466.67,57481.5,pro_LiqSweep+VP,target
2018-04-11 10:15:00,2018-04-11 11:45:00,NIFTY FIN SERVICE,bearish,59.43,59.59,3000,490.96,544.39,-53.43,pro_LiqSweep+FVG+VWAP,stop_loss_premium_phase3
2018-04-11 14:15:00,2018-04-11 15:15:00,NIFTY FIN SERVICE,bearish,43.61,40.15,3000,-10385.65,389.21,-10774.86,pro_FVG+OTE+VWAP,intraday_square_off
2018-04-12 14:15:00,2018-04-12 15:15:00,NIFTY FIN SERVICE,bullish,31.62,39.75,3000,24373.47,363.03,24010.44,pro_FVG+VP,intraday_square_off
2018-04-13 10:30:00,2018-04-13 12:15:00,NIFTY FIN SERVICE,bullish,32.09,37.9,3000,17430.39,352.18,17078.21,pro_FVG+VP,stop_loss_premium_phase3
2018-04-13 14:15:00,2018-04-13 15:15:00,NIFTY FIN SERVICE,bullish,31.76,39.73,3000,23931.03,363.19,23567.84,pro_LiqSweep+FVG,intraday_square_off
2018-04-18 11:15:00,2018-04-18 12:45:00,NIFTY FIN SERVICE,bearish,64.09,72.9,3000,26439.67,638.48,25801.19,pro_LiqSweep+OTE+VWAP,stop_loss_premium_phase3
2018-04-20 14:15:00,2018-04-20 15:15:00,NIFTY FIN SERVICE,bullish,31.57,35.67,3000,12302.91,336.95,11965.96,pro_LiqSweep+RSI_Div,intraday_square_off
2018-04-26 11:00:00,2018-04-26 12:30:00,NIFTY FIN SERVICE,bullish,41.71,41.56,3000,-464.99,394.43,-859.42,pro_LiqSweep+OTE,stop_loss_premium_phase3
2018-04-26 14:15:00,2018-04-26 15:00:00,NIFTY FIN SERVICE,bullish,31.37,43.71,3000,37002.15,387.8,36614.35,pro_LiqSweep+VP,target
2018-04-27 09:45:00,2018-04-27 11:15:00,NIFTY FIN SERVICE,bullish,44.5,48.95,3000,13335.34,447.08,12888.26,pro_LiqSweep+FVG+VP,stop_loss_premium_phase3
2018-04-27 11:30:00,2018-04-27 13:00:00,NIFTY FIN SERVICE,bullish,51.54,54.36,3000,8459.05,495.46,7963.59,pro_LiqSweep+VP,stop_loss_premium_phase3
2018-05-10 09:30:00,2018-05-10 09:45:00,NIFTY FIN SERVICE,bullish,50.74,42.32,1980,-16662.31,291.33,-16953.64,pro_FVG+VP,target
2018-05-25 09:45:00,2018-05-25 11:15:00,NIFTY FIN SERVICE,bullish,68.21,73.39,3000,15532.98,649.7,14883.28,pro_FVG+VP,stop_loss_premium_phase3
2018-05-25 11:30:00,2018-05-25 13:00:00,NIFTY FIN SERVICE,bullish,50.17,47.56,3000,-7826.27,449.37,-8275.64,pro_LiqSweep+FVG+VP,stop_loss_premium_phase3
2018-05-25 14:15:00,2018-05-25 15:15:00,NIFTY FIN SERVICE,bullish,32.98,31.13,3000,-5563.12,310.7,-5873.82,pro_LiqSweep+VP,intraday_square_off
2018-06-01 10:45:00,2018-06-01 12:15:00,NIFTY FIN SERVICE,bearish,189.74,205.97,2580,41872.13,1498.52,40373.61,pro_FVG+OTE+VWAP,stop_loss_premium_phase3
2018-06-06 09:45:00,2018-06-06 11:15:00,NIFTY FIN SERVICE,bullish,94.6,99.09,3000,13455.25,865.6,12589.65,pro_VP+RSI_Div,stop_loss_premium_phase3
2018-06-14 09:30:00,2018-06-14 09:45:00,NIFTY FIN SERVICE,bearish,50.58,43.77,2040,-13878.33,304.8,-14183.13,pro_LiqSweep+OTE+VWAP,target
2018-06-15 14:15:00,2018-06-15 15:15:00,NIFTY FIN SERVICE,bearish,33.52,29.17,3000,-13034.29,299.31,-13333.6,pro_LiqSweep+FVG+VWAP,intraday_square_off
2018-06-20 09:45:00,2018-06-20 11:30:00,NIFTY FIN SERVICE,bullish,61.02,71.97,3000,32862.81,626.49,32236.32,pro_LiqSweep+FVG+VP+RSI_Div,stop_loss_premium_phase3
2018-06-22 10:45:00,2018-06-22 13:00:00,NIFTY FIN SERVICE,bullish,33.41,45.8,3000,37169.71,405.19,36764.52,pro_LiqSweep+OTE,target
2018-06-22 14:15:00,2018-06-22 14:30:00,NIFTY FIN SERVICE,bullish,33.16,42.85,3000,29044.61,385.83,28658.78,pro_LiqSweep+VP,target
2018-06-27 10:00:00,2018-06-27 11:15:00,NIFTY FIN SERVICE,bullish,53.88,51.2,3000,-8039.47,479.91,-8519.38,pro_LiqSweep+VP,stop_loss_premium_phase2
2018-06-28 10:00:00,2018-06-28 11:00:00,NIFTY FIN SERVICE,bullish,71.98,68.71,3000,-9808.25,627.29,-10435.54,pro_LiqSweep+OTE+RSI_Div,stop_loss_premium_phase2
2018-06-29 10:00:00,2018-06-29 11:30:00,NIFTY FIN SERVICE,bullish,55.7,55.82,3000,384.32,512.98,-128.66,pro_FVG+VP,stop_loss_premium_phase3
2018-07-04 09:45:00,2018-07-04 11:15:00,NIFTY FIN SERVICE,bullish,47.64,57.86,3000,30661.93,510.08,30151.85,pro_LiqSweep+VP+OTE,stop_loss_premium_phase3
2018-07-04 11:30:00,2018-07-04 13:00:00,NIFTY FIN SERVICE,bullish,56.99,62.77,3000,17333.05,559.87,16773.18,pro_LiqSweep+VP,stop_loss_premium_phase3
2018-07-05 10:00:00,2018-07-05 11:30:00,NIFTY FIN SERVICE,bearish,43.45,43.32,3000,-387.56,409.14,-796.7,pro_LiqSweep+RSI_Div+VWAP,stop_loss_premium_phase3
2018-07-06 14:15:00,2018-07-06 15:00:00,NIFTY FIN SERVICE,bearish,33.22,44.79,3000,34694.98,398.31,34296.67,pro_LiqSweep+OTE+VWAP,target
2018-07-13 09:45:00,2018-07-13 10:45:00,NIFTY FIN SERVICE,bullish,59.14,59.28,3000,420.74,541.85,-121.11,pro_LiqSweep+VP,stop_loss_premium_phase2
2018-07-13 11:00:00,2018-07-13 12:30:00,NIFTY FIN SERVICE,bullish,53.33,58.4,3000,15203.02,524.73,14678.29,pro_LiqSweep+VP,stop_loss_premium_phase3
2018-07-20 09:45:00,2018-07-20 11:15:00,NIFTY FIN SERVICE,bullish,60.43,62.57,3000,6444.23,565.36,5878.87,pro_LiqSweep+RSI_Div,stop_loss_premium_phase3
2018-07-20 11:30:00,2018-07-20 13:00:00,NIFTY FIN SERVICE,bullish,55.13,60.8,3000,17032.63,543.63,16489.0,pro_LiqSweep+VP,stop_loss_premium_phase3
2018-07-26 10:45:00,2018-07-26 12:15:00,NIFTY FIN SERVICE,bullish,53.65,62.27,3000,25837.85,550.07,25287.78,pro_FVG+VP,stop_loss_premium_phase3
2018-07-27 09:45:00,2018-07-27 10:45:00,NIFTY FIN SERVICE,bullish,39.3,39.15,3000,-469.04,374.32,-843.36,pro_LiqSweep+VP+RSI_Div,stop_loss_premium_phase2
2018-07-27 11:00:00,2018-07-27 12:30:00,NIFTY FIN SERVICE,bullish,36.39,40.08,3000,11098.04,374.56,10723.48,pro_LiqSweep+FVG+VP+RSI_Div,stop_loss_premium_phase3
2018-08-02 09:30:00,2018-08-02 09:45:00,NIFTY FIN SERVICE,bearish,90.59,68.72,1080,-23619.3,269.23,-23888.53,pro_LiqSweep+VP+VWAP,target
2018-08-08 09:45:00,2018-08-08 10:45:00,NIFTY FIN SERVICE,bullish,49.48,69.44,3000,59879.34,587.6,59291.74,pro_LiqSweep+FVG+VP,target
2018-08-10 09:45:00,2018-08-10 11:15:00,NIFTY FIN SERVICE,bearish,35.15,36.95,3000,5416.68,352.16,5064.52,pro_LiqSweep+FVG+VWAP,stop_loss_premium_phase3
2018-08-17 09:45:00,2018-08-17 10:45:00,NIFTY FIN SERVICE,bearish,47.33,47.48,3000,455.08,443.29,11.79,pro_LiqSweep+FVG+OTE+VWAP,stop_loss_premium_phase2
2018-08-17 11:30:00,2018-08-17 13:00:00,NIFTY FIN SERVICE,bearish,36.85,42.61,3000,17267.29,391.57,16875.72,pro_LiqSweep+FVG+VWAP,stop_loss_premium_phase3
2018-08-17 14:15:00,2018-08-17 15:15:00,NIFTY FIN SERVICE,bearish,34.92,35.77,3000,2538.92,344.13,2194.79,pro_LiqSweep+FVG+VWAP,intraday_square_off
2018-08-31 09:30:00,2018-08-31 10:30:00,NIFTY FIN SERVICE,bullish,44.88,32.6,3000,-36829.0,343.53,-37172.53,pro_LiqSweep+VP+OTE+RSI_Div,stop_loss_premium_phase2
2018-09-05 09:45:00,2018-09-05 11:15:00,NIFTY FIN SERVICE,bullish,83.24,83.06,3000,-543.26,740.94,-1284.2,pro_LiqSweep+OTE,stop_loss_premium_phase3
2018-09-07 11:00:00,2018-09-07 12:30:00,NIFTY FIN SERVICE,bullish,70.41,67.49,3000,-8759.24,616.38,-9375.62,pro_FVG+VP,stop_loss_premium_phase3
2018-09-07 14:15:00,2018-09-07 14:45:00,NIFTY FIN SERVICE,bullish,36.46,52.72,3000,48760.32,455.3,48305.02,pro_VP+RSI_Div,target
2018-09-28 09:45:00,2018-09-28 11:30:00,NIFTY FIN SERVICE,bullish,84.88,107.36,3000,67450.84,899.25,66551.59,pro_LiqSweep+OTE,stop_loss_premium_phase3
2018-10-05 10:00:00,2018-10-05 11:30:00,NIFTY FIN SERVICE,bearish,198.35,201.35,2940,8839.36,1688.75,7150.61,pro_FVG+OTE+VWAP,stop_loss_premium_phase3
2018-10-12 11:00:00,2018-10-12 12:30:00,NIFTY FIN SERVICE,bearish,174.97,179.9,3000,14779.24,1539.37,13239.87,pro_FVG+RSI_Div+VWAP,stop_loss_premium_phase3
2018-10-19 14:15:00,2018-10-19 15:15:00,NIFTY FIN SERVICE,bullish,61.61,57.62,3000,-11960.01,536.11,-12496.12,pro_VP+RSI_Div,intraday_square_off
2018-10-25 10:15:00,2018-10-25 11:45:00,NIFTY FIN SERVICE,bullish,180.62,177.08,3000,-10631.61,1532.52,-12164.13,pro_LiqSweep+FVG+OTE,stop_loss_premium_phase3
2018-10-26 09:30:00,2018-10-26 11:00:00,NIFTY FIN SERVICE,bullish,40.95,64.11,3000,69468.73,536.81,68931.92,pro_LiqSweep+OTE,stop_loss_premium_phase3
2018-10-31 14:15:00,2018-10-31 15:15:00,NIFTY FIN SERVICE,bullish,186.11,218.68,3000,97708.36,1808.72,95899.64,pro_FVG+VP,intraday_square_off
2018-11-09 10:45:00,2018-11-09 12:15:00,NIFTY FIN SERVICE,bullish,72.35,77.66,3000,15922.66,685.05,15237.61,pro_VP+RSI_Div,stop_loss_premium_phase3
2018-11-15 10:00:00,2018-11-15 12:30:00,NIFTY FIN SERVICE,bullish,89.96,109.6,3000,58930.54,923.52,58007.02,pro_LiqSweep+VP,stop_loss_premium_phase3
2018-11-15 14:15:00,2018-11-15 15:15:00,NIFTY FIN SERVICE,bullish,53.44,67.78,3000,43012.59,584.82,42427.77,pro_LiqSweep+FVG+VP+RSI_Div,intraday_square_off
2018-12-05 10:30:00,2018-12-05 12:00:00,NIFTY FIN SERVICE,bullish,67.1,68.27,3000,3509.43,614.85,2894.58,pro_FVG+VP,stop_loss_premium_phase3
2018-12-12 10:15:00,2018-12-12 11:45:00,NIFTY FIN SERVICE,bullish,183.19,182.69,3000,-1520.49,1573.34,-3093.83,pro_FVG+VP,stop_loss_premium_phase3
2018-12-14 10:30:00,2018-12-14 11:30:00,NIFTY FIN SERVICE,bullish,52.81,52.93,3000,372.92,488.85,-115.93,pro_FVG+OTE,stop_loss_premium_phase2
2018-12-19 09:45:00,2018-12-19 11:15:00,NIFTY FIN SERVICE,bullish,78.86,84.72,3000,17553.88,742.92,16810.96,pro_VP+RSI_Div,stop_loss_premium_phase3
2018-12-20 10:45:00,2018-12-20 12:15:00,NIFTY FIN SERVICE,bullish,59.27,65.04,3000,17306.41,578.8,16727.61,pro_LiqSweep+FVG,stop_loss_premium_phase3
2018-12-21 09:45:00,2018-12-21 10:45:00,NIFTY FIN SERVICE,bullish,44.06,41.39,3000,-8016.28,398.02,-8414.3,pro_LiqSweep+VP,stop_loss_premium_phase2
2018-12-27 10:15:00,2018-12-27 11:45:00,NIFTY FIN SERVICE,bearish,174.27,171.34,3000,-8789.05,1483.38,-10272.43,pro_OTE+RSI_Div+VWAP,stop_loss_premium_phase3
2018-12-31 09:30:00,2018-12-31 11:00:00,NIFTY FIN SERVICE,bearish,34.28,39.96,3000,17046.53,369.64,16676.89,pro_LiqSweep+OTE+RSI_Div+VWAP,stop_loss_premium_phase3
2019-01-02 09:45:00,2019-01-02 11:15:00,NIFTY FIN SERVICE,bullish,194.38,200.65,3000,18792.45,1709.94,17082.51,pro_LiqSweep+RSI_Div,stop_loss_premium_phase3
2019-01-04 09:45:00,2019-01-04 12:00:00,NIFTY FIN SERVICE,bullish,64.54,85.35,3000,62419.28,718.74,61700.54,pro_FVG+OTE+RSI_Div,stop_loss_premium_phase3
2019-01-10 14:15:00,2019-01-10 15:15:00,NIFTY FIN SERVICE,bearish,51.81,49.5,3000,-6928.22,464.99,-7393.21,pro_LiqSweep+FVG+VWAP,intraday_square_off
2019-01-11 09:45:00,2019-01-11 10:45:00,NIFTY FIN SERVICE,bullish,52.85,49.93,3000,-8753.67,469.77,-9223.44,pro_LiqSweep+VP,stop_loss_premium_phase2
2019-01-11 11:00:00,2019-01-11 12:00:00,NIFTY FIN SERVICE,bullish,51.26,51.39,3000,381.33,475.95,-94.62,pro_LiqSweep+OTE,stop_loss_premium_phase2
2019-01-11 14:15:00,2019-01-11 15:00:00,NIFTY FIN SERVICE,bullish,34.66,45.6,3000,32813.04,406.35,32406.69,pro_LiqSweep+OTE,target
2019-01-25 09:30:00,2019-01-25 11:00:00,NIFTY FIN SERVICE,bearish,33.72,33.48,3000,-733.33,327.15,-1060.48,pro_FVG+OTE+VWAP,stop_loss_premium_phase3
2019-01-30 10:00:00,2019-01-30 11:30:00,NIFTY FIN SERVICE,bullish,181.81,178.95,3000,-8595.39,1546.77,-10142.16,pro_FVG+VP+RSI_Div,stop_loss_premium_phase3
2019-01-31 09:30:00,2019-01-31 11:15:00,NIFTY FIN SERVICE,bullish,48.8,66.64,3000,53505.64,568.39,52937.25,pro_LiqSweep+VP,target
2019-02-06 09:45:00,2019-02-06 11:30:00,NIFTY FIN SERVICE,bullish,73.14,73.23,3000,275.22,658.39,-383.17,pro_LiqSweep+FVG+VP,stop_loss_premium_phase3
2019-02-06 14:15:00,2019-02-06 15:15:00,NIFTY FIN SERVICE,bullish,34.86,40.65,3000,17373.45,375.14,16998.31,pro_VP+RSI_Div,intraday_square_off
2019-02-07 10:30:00,2019-02-07 11:45:00,NIFTY FIN SERVICE,bearish,38.61,38.46,3000,-455.5,368.57,-824.07,pro_OTE+RSI_Div+VWAP,stop_loss_premium_phase2
2019-02-13 11:15:00,2019-02-13 12:45:00,NIFTY FIN SERVICE,bearish,69.45,72.64,3000,9554.16,647.33,8906.83,pro_LiqSweep+FVG+VWAP,stop_loss_premium_phase3
2019-02-13 14:15:00,2019-02-13 15:00:00,NIFTY FIN SERVICE,bearish,40.8,58.17,3000,52107.65,498.61,51609.04,pro_LiqSweep+FVG+OTE+VWAP,target
2019-02-15 14:15:00,2019-02-15 15:15:00,NIFTY FIN SERVICE,bullish,40.9,47.77,3000,20603.25,432.45,20170.8,pro_LiqSweep+OTE+RSI_Div,intraday_square_off
2019-02-21 10:00:00,2019-02-21 12:00:00,NIFTY FIN SERVICE,bullish,63.63,73.57,3000,29801.0,641.8,29159.2,pro_FVG+VP,stop_loss_premium_phase3
2019-02-22 10:00:00,2019-02-22 11:30:00,NIFTY FIN SERVICE,bearish,49.24,56.81,3000,22697.92,506.55,22191.37,pro_LiqSweep+FVG+VWAP,stop_loss_premium_phase3
2019-03-08 09:45:00,2019-03-08 11:15:00,NIFTY FIN SERVICE,bullish,44.78,51.21,3000,19289.93,462.03,18827.9,pro_LiqSweep+FVG,stop_loss_premium_phase3
2019-03-11 09:30:00,2019-03-11 09:45:00,NIFTY FIN SERVICE,bullish,65.16,45.25,1800,-35832.76,297.38,-36130.14,pro_VP+OTE,target
2019-03-13 10:15:00,2019-03-13 11:45:00,NIFTY FIN SERVICE,bullish,81.29,111.46,3000,90523.4,918.3,89605.1,pro_FVG+VP,target
2019-03-14 09:30:00,2019-03-14 09:45:00,NIFTY FIN SERVICE,bullish,103.81,82.39,1260,-26990.96,353.8,-27344.76,pro_FVG+VP,target
2019-03-14 10:45:00,2019-03-14 12:15:00,NIFTY FIN SERVICE,bearish,81.43,87.45,3000,18047.24,765.39,17281.85,pro_LiqSweep+FVG+RSI_Div+VWAP,stop_loss_premium_phase3
2019-03-15 10:45:00,2019-03-15 12:45:00,NIFTY FIN SERVICE,bullish,54.02,61.39,3000,22103.74,545.2,21558.54,pro_FVG+VP,stop_loss_premium_phase3
2019-03-22 14:15:00,2019-03-22 15:15:00,NIFTY FIN SERVICE,bearish,56.96,66.35,3000,28160.34,582.63,27577.71,pro_LiqSweep+RSI_Div+VWAP,intraday_square_off
2019-03-28 10:00:00,2019-03-28 11:30:00,NIFTY FIN SERVICE,bearish,199.7,199.23,3000,-1399.43,1711.39,-3110.82,pro_LiqSweep+FVG+OTE+VWAP,stop_loss_premium_phase3
2019-03-29 09:45:00,2019-03-29 11:15:00,NIFTY FIN SERVICE,bullish,79.69,79.45,3000,-724.95,710.97,-1435.92,pro_LiqSweep+RSI_Div,stop_loss_premium_phase3
2019-03-29 14:15:00,2019-03-29 15:15:00,NIFTY FIN SERVICE,bullish,37.55,41.8,3000,12753.56,387.79,12365.77,pro_LiqSweep+VP,intraday_square_off
2019-04-05 14:15:00,2019-04-05 15:15:00,NIFTY FIN SERVICE,bullish,37.62,44.79,3000,21499.54,407.0,21092.54,pro_LiqSweep+FVG+VP+RSI_Div,intraday_square_off
2019-04-11 09:45:00,2019-04-11 11:15:00,NIFTY FIN SERVICE,bullish,76.32,80.84,3000,13558.37,713.16,12845.21,pro_LiqSweep+OTE,stop_loss_premium_phase3
2019-04-11 14:15:00,2019-04-11 15:15:00,NIFTY FIN SERVICE,bullish,55.17,57.66,3000,7472.18,523.7,6948.48,pro_VP+OTE,intraday_square_off
2019-04-12 10:00:00,2019-04-12 11:30:00,NIFTY FIN SERVICE,bearish,52.73,52.58,3000,-453.43,486.44,-939.87,pro_LiqSweep+FVG+RSI_Div+VWAP,stop_loss_premium_phase3
2019-05-15 10:45:00,2019-05-15 12:15:00,NIFTY FIN SERVICE,bearish,188.14,187.65,3000,-1469.41,1614.78,-3084.19,pro_LiqSweep+OTE+VWAP,stop_loss_premium_phase3
2019-05-15 14:15:00,2019-05-15 15:00:00,NIFTY FIN SERVICE,bearish,188.22,228.74,3000,121558.67,1876.99,119681.68,pro_LiqSweep+OTE+VWAP,target
2019-05-16 10:45:00,2019-05-16 12:15:00,NIFTY FIN SERVICE,bullish,196.76,200.82,3000,12200.78,1715.76,10485.02,pro_LiqSweep+FVG,stop_loss_premium_phase3
2019-05-16 14:15:00,2019-05-16 15:15:00,NIFTY FIN SERVICE,bullish,58.1,80.65,3000,67642.15,676.1,66966.05,pro_LiqSweep+VP,intraday_square_off
2019-06-07 10:00:00,2019-06-07 11:15:00,NIFTY FIN SERVICE,bullish,189.07,188.54,3000,-1580.77,1622.25,-3203.02,pro_LiqSweep+OTE+RSI_Div,stop_loss_premium_phase2
2019-06-07 11:30:00,2019-06-07 13:00:00,NIFTY FIN SERVICE,bullish,185.6,185.18,3000,-1284.17,1593.96,-2878.13,pro_LiqSweep+FVG,stop_loss_premium_phase3
2019-06-07 14:15:00,2019-06-07 15:15:00,NIFTY FIN SERVICE,bullish,58.22,56.03,3000,-6583.14,519.25,-7102.39,pro_LiqSweep+VP,intraday_square_off
2019-06-12 11:00:00,2019-06-12 12:30:00,NIFTY FIN SERVICE,bearish,92.07,92.96,3000,2661.32,821.52,1839.8,pro_FVG+RSI_Div+VWAP,stop_loss_premium_phase3
2019-06-13 09:30:00,2019-06-13 11:00:00,NIFTY FIN SERVICE,bullish,62.76,52.54,3000,-30653.99,505.97,-31159.96,pro_VP+OTE+RSI_Div,stop_loss_premium_phase3
2019-06-13 14:15:00,2019-06-13 15:15:00,NIFTY FIN SERVICE,bullish,69.41,90.7,3000,63869.34,762.47,63106.87,pro_LiqSweep+VP,intraday_square_off
2019-06-20 10:00:00,2019-06-20 11:30:00,NIFTY FIN SERVICE,bullish,193.08,201.51,3000,25302.1,1712.87,23589.23,pro_FVG+VP,stop_loss_premium_phase3
2019-06-26 11:00:00,2019-06-26 12:30:00,NIFTY FIN SERVICE,bearish,79.33,79.84,3000,1536.65,712.73,823.92,pro_LiqSweep+OTE+RSI_Div+VWAP,stop_loss_premium_phase3
2019-06-28 10:30:00,2019-06-28 12:00:00,NIFTY FIN SERVICE,bullish,80.95,80.77,3000,-531.67,721.83,-1253.5,pro_LiqSweep+FVG,stop_loss_premium_phase3
2019-06-28 14:15:00,2019-06-28 15:15:00,NIFTY FIN SERVICE,bullish,40.51,33.46,3000,-21149.49,340.44,-21489.93,pro_LiqSweep+FVG+VP,intraday_square_off
2019-07-04 11:30:00,2019-07-04 13:00:00,NIFTY FIN SERVICE,bullish,44.29,49.39,3000,15308.25,449.46,14858.79,pro_FVG+VP,stop_loss_premium_phase3
2019-07-05 14:15:00,2019-07-05 15:15:00,NIFTY FIN SERVICE,bearish,187.69,184.91,3000,-8352.98,1596.38,-9949.36,pro_FVG+RSI_Div+VWAP,intraday_square_off
2019-07-10 10:15:00,2019-07-10 11:45:00,NIFTY FIN SERVICE,bearish,201.25,215.76,3000,43527.87,1819.89,41707.98,pro_OTE+RSI_Div+VWAP,stop_loss_premium_phase3
2019-07-12 09:30:00,2019-07-12 11:00:00,NIFTY FIN SERVICE,bearish,57.9,62.33,3000,13279.0,558.83,12720.17,pro_LiqSweep+RSI_Div+VWAP,stop_loss_premium_phase3
2019-07-18 09:45:00,2019-07-18 11:00:00,NIFTY FIN SERVICE,bearish,50.43,50.33,3000,-311.74,467.55,-779.29,pro_LiqSweep+OTE+RSI_Div+VWAP,stop_loss_premium_phase2
2019-07-18 11:30:00,2019-07-18 13:00:00,NIFTY FIN SERVICE,bearish,44.33,41.29,3000,-9129.22,397.9,-9527.12,pro_LiqSweep+OTE+VWAP,stop_loss_premium_phase3
2019-07-18 14:15:00,2019-07-18 15:15:00,NIFTY FIN SERVICE,bearish,40.5,53.05,3000,37663.92,465.38,37198.54,pro_LiqSweep+RSI_Div+VWAP,intraday_square_off
2019-07-31 11:00:00,2019-07-31 12:30:00,NIFTY FIN SERVICE,bullish,192.89,210.43,3000,52605.72,1769.41,50836.31,pro_LiqSweep+RSI_Div,stop_loss_premium_phase3
2019-07-31 14:15:00,2019-07-31 15:15:00,NIFTY FIN SERVICE,bullish,91.88,86.77,3000,-15329.45,781.67,-16111.12,pro_LiqSweep+VP+RSI_Div,intraday_square_off
2019-08-14 10:45:00,2019-08-14 12:15:00,NIFTY FIN SERVICE,bearish,186.33,207.15,3000,62465.22,1735.59,60729.63,pro_FVG+OTE+VWAP,stop_loss_premium_phase3
2019-08-19 09:30:00,2019-08-19 09:45:00,NIFTY FIN SERVICE,bullish,114.2,120.64,1800,11587.62,643.88,10943.74,pro_LiqSweep+VP+RSI_Div,target
2019-08-23 14:15:00,2019-08-23 15:15:00,NIFTY FIN SERVICE,bullish,87.19,71.28,3000,-47707.57,673.62,-48381.19,pro_FVG+VP,intraday_square_off
2019-08-28 14:15:00,2019-08-28 15:00:00,NIFTY FIN SERVICE,bullish,80.55,105.68,3000,75379.97,879.96,74500.01,pro_FVG+RSI_Div,target
2019-08-30 09:45:00,2019-08-30 10:45:00,NIFTY FIN SERVICE,bullish,199.24,199.04,3000,-576.6,1709.29,-2285.89,pro_LiqSweep+VP,stop_loss_premium_phase2
2019-09-04 14:15:00,2019-09-04 15:15:00,NIFTY FIN SERVICE,bullish,198.49,229.59,3000,93282.27,1902.65,91379.62,pro_FVG+VP,intraday_square_off
2019-09-12 11:15:00,2019-09-12 12:30:00,NIFTY FIN SERVICE,bearish,73.53,73.29,3000,-725.43,659.52,-1384.95,pro_OTE+RSI_Div+VWAP,stop_loss_premium_phase2
2019-09-13 11:00:00,2019-09-13 12:30:00,NIFTY FIN SERVICE,bullish,84.02,95.79,3000,35301.45,823.7,34477.75,pro_FVG+OTE,stop_loss_premium_phase3
2019-09-18 14:15:00,2019-09-18 15:15:00,NIFTY FIN SERVICE,bearish,191.11,227.88,3000,110317.42,1877.26,108440.16,pro_LiqSweep+RSI_Div+VWAP,intraday_square_off
2019-09-19 09:45:00,2019-09-19 11:15:00,NIFTY FIN SERVICE,bearish,183.03,203.12,3000,60269.09,1703.4,58565.69,pro_LiqSweep+FVG+VWAP,stop_loss_premium_phase3
2019-09-20 10:30:00,2019-09-20 11:30:00,NIFTY FIN SERVICE,bearish,77.01,74.15,3000,-8565.73,671.87,-9237.6,pro_LiqSweep+FVG+VWAP,stop_loss_premium_phase2
2019-09-25 11:30:00,2019-09-25 13:00:00,NIFTY FIN SERVICE,bullish,195.98,224.66,3000,86033.71,1866.24,84167.47,pro_LiqSweep+FVG+RSI_Div,stop_loss_premium_phase3
2019-09-26 09:45:00,2019-09-26 10:15:00,NIFTY FIN SERVICE,bullish,185.3,253.85,3000,205648.56,2031.48,203617.08,pro_LiqSweep+VP+RSI_Div,target
2019-09-26 11:00:00,2019-09-26 12:00:00,NIFTY FIN SERVICE,bullish,189.93,189.49,3000,-1317.0,1629.97,-2946.97,pro_LiqSweep+FVG+RSI_Div,stop_loss_premium_phase2
2019-10-10 10:30:00,2019-10-10 11:30:00,NIFTY FIN SERVICE,bullish,179.77,179.26,3000,-1528.23,1544.72,-3072.95,pro_FVG+OTE,stop_loss_premium_phase2
2019-10-11 14:15:00,2019-10-11 15:15:00,NIFTY FIN SERVICE,bearish,176.08,188.35,3000,36794.79,1595.45,35199.34,pro_LiqSweep+RSI_Div+VWAP,intraday_square_off
2019-10-17 10:30:00,2019-10-17 11:45:00,NIFTY FIN SERVICE,bullish,195.3,195.29,3000,-43.1,1677.58,-1720.68,pro_FVG+VP,stop_loss_premium_phase2
2019-10-18 09:45:00,2019-10-18 10:45:00,NIFTY FIN SERVICE,bullish,81.58,81.76,3000,554.69,729.42,-174.73,pro_LiqSweep+VP,stop_loss_premium_phase2
2019-10-18 11:00:00,2019-10-18 12:30:00,NIFTY FIN SERVICE,bullish,67.74,81.5,3000,41288.68,700.48,40588.2,pro_LiqSweep+VP,stop_loss_premium_phase3
2019-10-18 14:15:00,2019-10-18 15:15:00,NIFTY FIN SERVICE,bullish,52.32,65.57,3000,39751.67,568.55,39183.12,pro_LiqSweep+VP,intraday_square_off
2019-10-25 09:45:00,2019-10-25 11:15:00,NIFTY FIN SERVICE,bearish,87.77,100.34,3000,37714.73,860.14,36854.59,pro_LiqSweep+FVG+VWAP,stop_loss_premium_phase3
2019-10-30 10:15:00,2019-10-30 11:45:00,NIFTY FIN SERVICE,bearish,185.31,209.53,3000,72641.83,1748.74,70893.09,pro_OTE+RSI_Div+VWAP,stop_loss_premium_phase3
2019-11-06 14:15:00,2019-11-06 15:15:00,NIFTY FIN SERVICE,bullish,199.92,188.8,3000,-33375.03,1645.26,-35020.29,pro_LiqSweep+VP,intraday_square_off
2019-11-07 10:30:00,2019-11-07 12:00:00,NIFTY FIN SERVICE,bearish,184.78,187.94,3000,9494.19,1609.98,7884.21,pro_OTE+RSI_Div+VWAP,stop_loss_premium_phase3
2019-11-07 14:15:00,2019-11-07 15:15:00,NIFTY FIN SERVICE,bearish,78.01,90.6,3000,37759.61,778.78,36980.83,pro_OTE+RSI_Div+VWAP,intraday_square_off
2019-11-15 10:45:00,2019-11-15 12:15:00,NIFTY FIN SERVICE,bearish,90.29,90.2,3000,-287.17,800.38,-1087.55,pro_LiqSweep+OTE+VWAP,stop_loss_premium_phase3
2019-11-20 09:45:00,2019-11-20 10:45:00,NIFTY FIN SERVICE,bearish,75.41,72.35,3000,-9197.86,657.23,-9855.09,pro_LiqSweep+RSI_Div+VWAP,stop_loss_premium_phase2
2019-12-04 10:00:00,2019-12-04 11:00:00,NIFTY FIN SERVICE,bullish,97.14,97.17,3000,84.67,858.35,-773.68,pro_LiqSweep+VP,stop_loss_premium_phase2
2019-12-04 11:15:00,2019-12-04 12:45:00,NIFTY FIN SERVICE,bullish,201.96,201.77,3000,-585.06,1732.04,-2317.1,pro_LiqSweep+VP,stop_loss_premium_phase3
2019-12-05 14:15:00,2019-12-05 15:15:00,NIFTY FIN SERVICE,bearish,199.62,201.14,3000,4564.27,1723.41,2840.86,pro_FVG+OTE+RSI_Div+VWAP,intraday_square_off
2019-12-11 09:45:00,2019-12-11 11:15:00,NIFTY FIN SERVICE,bullish,78.59,81.96,3000,10121.67,724.82,9396.85,pro_LiqSweep+VP,stop_loss_premium_phase3
2019-12-12 14:15:00,2019-12-12 15:15:00,NIFTY FIN SERVICE,bullish,42.53,50.17,3000,22905.33,450.99,22454.34,pro_LiqSweep+VP,intraday_square_off
2019-12-19 11:00:00,2019-12-19 12:30:00,NIFTY FIN SERVICE,bearish,74.66,74.46,3000,-601.34,669.22,-1270.56,pro_FVG+RSI_Div+VWAP,stop_loss_premium_phase3
2019-12-20 09:45:00,2019-12-20 11:00:00,NIFTY FIN SERVICE,bullish,43.93,43.77,3000,-485.66,412.92,-898.58,pro_LiqSweep+VP,stop_loss_premium_phase2
2019-12-20 11:15:00,2019-12-20 12:45:00,NIFTY FIN SERVICE,bullish,43.75,43.67,3000,-253.93,411.94,-665.87,pro_LiqSweep+VP,stop_loss_premium_phase3
2019-12-20 14:15:00,2019-12-20 15:15:00,NIFTY FIN SERVICE,bullish,43.25,46.07,3000,8449.31,426.25,8023.06,pro_LiqSweep+VP+RSI_Div,intraday_square_off
2019-12-26 10:00:00,2019-12-26 12:00:00,NIFTY FIN SERVICE,bearish,50.02,60.6,3000,31749.11,532.28,31216.83,pro_LiqSweep+FVG+VWAP,stop_loss_premium_phase3
2020-01-01 09:45:00,2020-01-01 11:15:00,NIFTY FIN SERVICE,bullish,84.63,81.26,3000,-10103.07,732.25,-10835.32,pro_FVG+VP,stop_loss_premium_phase3
2020-01-01 11:30:00,2020-01-01 13:15:00,NIFTY FIN SERVICE,bullish,80.55,85.32,3000,14291.41,750.09,13541.32,pro_FVG+OTE,stop_loss_premium_phase3
2020-01-01 14:15:00,2020-01-01 15:15:00,NIFTY FIN SERVICE,bullish,49.51,54.87,3000,16094.67,494.74,15599.93,pro_LiqSweep+FVG+VP+OTE,intraday_square_off
2020-01-02 10:00:00,2020-01-02 11:30:00,NIFTY FIN SERVICE,bullish,44.4,52.39,3000,23962.69,468.8,23493.89,pro_LiqSweep+VP,stop_loss_premium_phase3
2020-01-10 11:15:00,2020-01-10 12:45:00,NIFTY FIN SERVICE,bearish,61.22,61.32,3000,299.68,558.95,-259.27,pro_LiqSweep+RSI_Div+VWAP,stop_loss_premium_phase3
2020-01-16 14:15:00,2020-01-16 15:15:00,NIFTY FIN SERVICE,bearish,46.47,45.32,3000,-3455.33,427.84,-3883.17,pro_FVG+OTE+RSI_Div+VWAP,intraday_square_off
2020-01-23 10:00:00,2020-01-23 11:00:00,NIFTY FIN SERVICE,bullish,78.74,76.28,3000,-7388.37,688.85,-8077.22,pro_LiqSweep+VP+RSI_Div,stop_loss_premium_phase2
2020-01-23 11:15:00,2020-01-23 12:30:00,NIFTY FIN SERVICE,bullish,96.49,129.79,3000,99896.19,1065.18,98831.01,pro_LiqSweep+OTE+RSI_Div,target
2020-01-29 09:45:00,2020-01-29 11:15:00,NIFTY FIN SERVICE,bearish,203.0,202.52,3000,-1428.7,1738.87,-3167.57,pro_LiqSweep+FVG+RSI_Div+VWAP,stop_loss_premium_phase3
2020-01-29 11:30:00,2020-01-29 13:00:00,NIFTY FIN SERVICE,bearish,195.5,213.69,3000,54580.98,1795.34,52785.64,pro_LiqSweep+FVG+VWAP,stop_loss_premium_phase3
2020-01-30 11:15:00,2020-01-30 12:45:00,NIFTY FIN SERVICE,bullish,92.0,98.54,3000,19638.72,856.98,18781.74,pro_LiqSweep+RSI_Div,stop_loss_premium_phase3
2020-02-05 09:45:00,2020-02-05 10:30:00,NIFTY FIN SERVICE,bullish,87.15,121.37,3000,102645.88,993.06,101652.82,pro_LiqSweep+VP,target
2020-02-05 10:45:00,2020-02-05 11:45:00,NIFTY FIN SERVICE,bullish,96.08,93.43,3000,-7943.97,832.43,-8776.4,pro_LiqSweep+VP,stop_loss_premium_phase2
2020-02-05 14:15:00,2020-02-05 15:15:00,NIFTY FIN SERVICE,bullish,96.89,95.9,3000,-2944.86,849.78,-3794.64,pro_LiqSweep+VP,intraday_square_off
2020-02-06 10:15:00,2020-02-06 11:45:00,NIFTY FIN SERVICE,bearish,192.57,206.56,3000,41972.41,1744.11,40228.3,pro_LiqSweep+OTE+VWAP,stop_loss_premium_phase3
2020-02-07 14:15:00,2020-02-07 15:15:00,NIFTY FIN SERVICE,bullish,43.53,49.28,3000,17270.18,447.29,16822.89,pro_LiqSweep+FVG+VP+OTE,intraday_square_off
2020-02-13 14:15:00,2020-02-13 15:15:00,NIFTY FIN SERVICE,bullish,43.57,43.98,3000,1206.22,413.53,792.69,pro_FVG+RSI_Div,intraday_square_off
2020-02-14 11:30:00,2020-02-14 13:00:00,NIFTY FIN SERVICE,bearish,93.66,103.43,3000,29306.66,891.46,28415.2,pro_LiqSweep+FVG+VWAP,stop_loss_premium_phase3
2020-02-20 10:45:00,2020-02-20 11:45:00,NIFTY FIN SERVICE,bearish,81.57,81.65,3000,211.49,728.67,-517.18,pro_FVG+OTE+VWAP,stop_loss_premium_phase2
2020-03-04 10:30:00,2020-03-04 12:00:00,NIFTY FIN SERVICE,bullish,203.55,203.11,3000,-1325.4,1743.7,-3069.1,pro_LiqSweep+OTE,stop_loss_premium_phase3
2020-03-05 10:30:00,2020-03-05 11:30:00,NIFTY FIN SERVICE,bearish,199.39,199.28,3000,-327.93,1711.06,-2038.99,pro_OTE+RSI_Div+VWAP,stop_loss_premium_phase2
2020-03-20 11:00:00,2020-03-20 12:15:00,NIFTY FIN SERVICE,bullish,199.13,407.59,3000,625369.41,3039.41,622330.0,pro_FVG+OTE,target
2020-03-27 10:45:00,2020-03-27 11:45:00,NIFTY FIN SERVICE,bearish,192.18,191.6,3000,-1743.69,1647.86,-3391.55,pro_LiqSweep+RSI_Div+VWAP,stop_loss_premium_phase2
2020-04-23 09:30:00,2020-04-23 09:45:00,NIFTY FIN SERVICE,bullish,233.59,234.82,1980,2430.27,1339.43,1090.84,pro_VP+RSI_Div,target
2020-04-29 10:00:00,2020-04-29 11:30:00,NIFTY FIN SERVICE,bullish,198.29,207.73,3000,28319.75,1762.81,26556.94,pro_FVG+VP,stop_loss_premium_phase3
2020-05-06 11:00:00,2020-05-06 12:30:00,NIFTY FIN SERVICE,bullish,204.89,204.35,3000,-1634.88,1754.23,-3389.11,pro_VP+RSI_Div,stop_loss_premium_phase3
2020-05-15 10:00:00,2020-05-15 11:30:00,NIFTY FIN SERVICE,bearish,204.17,230.13,3000,77855.38,1917.28,75938.1,pro_LiqSweep+VP+VWAP,stop_loss_premium_phase3
2020-05-22 10:00:00,2020-05-22 11:00:00,NIFTY FIN SERVICE,bullish,197.59,197.4,3000,-546.1,1695.56,-2241.66,pro_LiqSweep+RSI_Div,stop_loss_premium_phase2
2020-06-04 09:45:00,2020-06-04 11:15:00,NIFTY FIN SERVICE,bearish,184.36,210.24,3000,77637.19,1751.41,75885.78,pro_LiqSweep+RSI_Div+VWAP,stop_loss_premium_phase3
2020-06-19 14:15:00,2020-06-19 15:15:00,NIFTY FIN SERVICE,bullish,182.87,235.57,3000,158094.81,1910.02,156184.79,pro_LiqSweep+RSI_Div,intraday_square_off
2020-07-01 09:45:00,2020-07-01 11:15:00,NIFTY FIN SERVICE,bullish,176.24,175.83,3000,-1225.17,1515.94,-2741.11,pro_LiqSweep+VP,stop_loss_premium_phase3
2020-07-15 14:15:00,2020-07-15 14:30:00,NIFTY FIN SERVICE,bearish,193.94,238.33,3000,133167.2,1949.46,131217.74,pro_FVG+RSI_Div+VWAP,target
2020-07-17 09:30:00,2020-07-17 09:45:00,NIFTY FIN SERVICE,bullish,299.48,256.46,1080,-46469.34,848.47,-47317.81,pro_VP+RSI_Div,target
2020-07-17 10:30:00,2020-07-17 12:00:00,NIFTY FIN SERVICE,bullish,186.17,183.14,3000,-9096.38,1582.1,-10678.48,pro_FVG+VP,stop_loss_premium_phase3
2020-07-20 09:30:00,2020-07-20 09:45:00,NIFTY FIN SERVICE,bullish,224.57,125.21,780,-77503.96,369.84,-77873.8,pro_FVG+VP,target
2020-07-23 11:30:00,2020-07-23 13:00:00,NIFTY FIN SERVICE,bullish,180.83,188.61,3000,23345.35,1606.47,21738.88,pro_FVG+VP,stop_loss_premium_phase3
2020-07-24 14:15:00,2020-07-24 15:15:00,NIFTY FIN SERVICE,bullish,76.63,68.21,3000,-25269.73,633.22,-25902.95,pro_LiqSweep+RSI_Div,intraday_square_off
2020-07-30 11:30:00,2020-07-30 12:45:00,NIFTY FIN SERVICE,bearish,202.93,269.23,3000,198895.7,2164.29,196731.41,pro_LiqSweep+FVG+OTE+VWAP,target
2020-08-07 10:00:00,2020-08-07 11:30:00,NIFTY FIN SERVICE,bullish,191.57,191.07,3000,-1497.73,1643.29,-3141.02,pro_LiqSweep+RSI_Div,stop_loss_premium_phase3
2020-08-07 14:15:00,2020-08-07 15:15:00,NIFTY FIN SERVICE,bullish,70.45,68.88,3000,-4694.89,625.33,-5320.22,pro_LiqSweep+VP,intraday_square_off
2020-08-19 14:15:00,2020-08-19 15:15:00,NIFTY FIN SERVICE,bearish,73.17,81.74,3000,25708.6,712.68,24995.92,pro_LiqSweep+OTE+RSI_Div+VWAP,intraday_square_off
2020-08-21 14:15:00,2020-08-21 15:15:00,NIFTY FIN SERVICE,bearish,33.2,36.8,3000,10805.99,347.31,10458.68,pro_LiqSweep+RSI_Div+VWAP,intraday_square_off
2020-08-26 09:45:00,2020-08-26 11:15:00,NIFTY FIN SERVICE,bullish,99.05,99.48,3000,1306.51,876.86,429.65,pro_FVG+VP,stop_loss_premium_phase3
2020-08-26 14:15:00,2020-08-26 15:00:00,NIFTY FIN SERVICE,bullish,66.57,91.58,3000,75045.14,762.52,74282.62,pro_LiqSweep+OTE+RSI_Div,target
2020-08-28 10:00:00,2020-08-28 11:15:00,NIFTY FIN SERVICE,bullish,59.22,91.87,3000,97952.0,749.91,97202.09,pro_FVG+VP,target
2020-09-11 14:15:00,2020-09-11 15:00:00,NIFTY FIN SERVICE,bullish,56.63,81.28,3000,73940.38,677.2,73263.18,pro_LiqSweep+OTE,target
2020-09-16 11:30:00,2020-09-16 12:45:00,NIFTY FIN SERVICE,bearish,187.51,187.02,3000,-1476.84,1609.5,-3086.34,pro_FVG+OTE+VWAP,stop_loss_premium_phase2
2020-09-25 10:00:00,2020-09-25 11:00:00,NIFTY FIN SERVICE,bearish,92.79,92.59,3000,-602.57,820.55,-1423.12,pro_LiqSweep+RSI_Div+VWAP,stop_loss_premium_phase2
2020-10-07 11:00:00,2020-10-07 12:00:00,NIFTY FIN SERVICE,bearish,201.05,200.91,3000,-416.85,1724.78,-2141.63,pro_LiqSweep+RSI_Div+VWAP,stop_loss_premium_phase2
2020-10-07 14:15:00,2020-10-07 15:15:00,NIFTY FIN SERVICE,bullish,181.67,165.86,3000,-47443.66,1463.01,-48906.67,pro_LiqSweep+VP,intraday_square_off
2020-10-08 14:15:00,2020-10-08 14:45:00,NIFTY FIN SERVICE,bearish,62.0,84.87,3000,68626.39,710.69,67915.7,pro_LiqSweep+OTE+VWAP,target
2020-10-09 10:15:00,2020-10-09 11:15:00,NIFTY FIN SERVICE,bearish,187.1,186.81,3000,-856.18,1607.34,-2463.52,pro_LiqSweep+OTE+VWAP,stop_loss_premium_phase2
2020-10-09 14:15:00,2020-10-09 15:15:00,NIFTY FIN SERVICE,bearish,172.04,194.56,3000,67557.9,1627.15,65930.75,pro_FVG+OTE+VWAP,intraday_square_off
2020-10-23 09:30:00,2020-10-23 09:45:00,NIFTY FIN SERVICE,bullish,244.21,239.21,1860,-9306.22,1291.46,-10597.68,pro_FVG+OTE,target
2020-10-28 10:15:00,2020-10-28 11:45:00,NIFTY FIN SERVICE,bearish,200.92,218.24,3000,51948.82,1835.02,50113.8,pro_LiqSweep+FVG+VWAP,stop_loss_premium_phase3
2020-10-29 10:15:00,2020-10-29 11:45:00,NIFTY FIN SERVICE,bullish,198.5,204.03,3000,16590.44,1739.65,14850.79,pro_LiqSweep+OTE,stop_loss_premium_phase3
2020-11-02 09:30:00,2020-11-02 09:45:00,NIFTY FIN SERVICE,bullish,275.28,250.38,1320,-32867.79,988.5,-33856.29,pro_LiqSweep+OTE,target
2020-11-04 10:30:00,2020-11-04 12:00:00,NIFTY FIN SERVICE,bullish,196.25,195.74,3000,-1539.17,1682.34,-3221.51,pro_LiqSweep+OTE,stop_loss_premium_phase3
2020-11-05 09:30:00,2020-11-05 10:00:00,NIFTY FIN SERVICE,bullish,249.17,251.89,1800,4900.65,1305.7,3594.95,pro_LiqSweep+VP,target
2020-11-06 09:45:00,2020-11-06 11:15:00,NIFTY FIN SERVICE,bullish,91.96,109.29,3000,52017.94,925.49,51092.45,pro_LiqSweep+VP,stop_loss_premium_phase3
2020-11-06 11:30:00,2020-11-06 12:45:00,NIFTY FIN SERVICE,bullish,73.15,114.41,3000,123790.81,921.11,122869.7,pro_LiqSweep+VP,target
2020-11-06 14:15:00,2020-11-06 15:15:00,NIFTY FIN SERVICE,bullish,81.5,110.37,3000,86591.17,911.75,85679.42,pro_LiqSweep+FVG+VP,intraday_square_off
2020-11-12 11:15:00,2020-11-12 12:15:00,NIFTY FIN SERVICE,bullish,201.93,201.76,3000,-504.0,1731.93,-2235.93,pro_FVG+OTE,stop_loss_premium_phase2
2020-11-20 11:15:00,2020-11-20 12:45:00,NIFTY FIN SERVICE,bullish,185.24,208.2,3000,68873.34,1740.09,67133.25,pro_LiqSweep+FVG,stop_loss_premium_phase3
2020-11-23 09:30:00,2020-11-23 10:30:00,NIFTY FIN SERVICE,bullish,214.46,216.14,3000,5038.43,1848.28,3190.15,pro_FVG+VP,stop_loss_premium_phase2
2020-11-26 09:30:00,2020-11-26 11:00:00,NIFTY FIN SERVICE,bearish,203.12,210.62,3000,22496.48,1790.76,20705.72,pro_FVG+RSI_Div+VWAP,stop_loss_premium_phase3
2020-12-04 10:30:00,2020-12-04 11:30:00,NIFTY FIN SERVICE,bullish,96.74,96.45,3000,-875.16,852.97,-1728.13,pro_LiqSweep+VP,stop_loss_premium_phase2
2020-12-10 11:15:00,2020-12-10 12:45:00,NIFTY FIN SERVICE,bullish,193.81,193.6,3000,-625.36,1663.86,-2289.22,pro_FVG+OTE,stop_loss_premium_phase3
2020-12-10 14:15:00,2020-12-10 14:45:00,NIFTY FIN SERVICE,bullish,69.05,94.64,3000,76776.77,786.92,75989.85,pro_LiqSweep+RSI_Div,target
2020-12-11 09:45:00,2020-12-11 10:45:00,NIFTY FIN SERVICE,bullish,83.64,83.38,3000,-782.66,743.79,-1526.45,pro_LiqSweep+VP+RSI_Div,stop_loss_premium_phase2
2020-12-11 11:00:00,2020-12-11 12:45:00,NIFTY FIN SERVICE,bullish,73.17,80.77,3000,22787.97,706.53,22081.44,pro_LiqSweep+FVG+RSI_Div,stop_loss_premium_phase3
2020-12-23 10:00:00,2020-12-23 11:30:00,NIFTY FIN SERVICE,bullish,200.16,227.07,3000,80738.05,1889.87,78848.18,pro_LiqSweep+VP+RSI_Div,stop_loss_premium_phase3
2020-12-23 14:15:00,2020-12-23 15:15:00,NIFTY FIN SERVICE,bullish,193.11,224.26,3000,93443.99,1858.06,91585.93,pro_LiqSweep+VP,intraday_square_off
2021-01-14 09:45:00,2021-01-14 11:15:00,NIFTY FIN SERVICE,bullish,202.98,203.27,3000,851.57,1743.61,-892.04,pro_LiqSweep+FVG,stop_loss_premium_phase3
2021-01-15 09:30:00,2021-01-15 10:30:00,NIFTY FIN SERVICE,bullish,87.38,87.04,3000,-1029.83,774.51,-1804.34,pro_LiqSweep+FVG,stop_loss_premium_phase2
2021-02-05 10:30:00,2021-02-05 12:00:00,NIFTY FIN SERVICE,bearish,195.7,205.78,3000,30228.26,1745.29,28482.97,pro_OTE+RSI_Div+VWAP,stop_loss_premium_phase3
2021-02-10 10:45:00,2021-02-10 12:15:00,NIFTY FIN SERVICE,bullish,191.62,215.76,3000,72423.15,1800.93,70622.22,pro_LiqSweep+FVG,stop_loss_premium_phase3
2021-02-12 09:45:00,2021-02-12 11:00:00,NIFTY FIN SERVICE,bullish,201.52,287.58,3000,258179.31,2278.52,255900.79,pro_LiqSweep+VP,target
2021-02-12 11:15:00,2021-02-12 12:45:00,NIFTY FIN SERVICE,bullish,175.61,175.54,3000,-203.71,1512.84,-1716.55,pro_LiqSweep+VP,stop_loss_premium_phase3
2021-02-24 09:45:00,2021-02-24 15:45:00,NIFTY FIN SERVICE,bullish,187.01,218.75,3000,95217.97,1810.88,93407.09,pro_LiqSweep+FVG+RSI_Div,intraday_square_off
2021-03-17 11:30:00,2021-03-17 12:15:00,NIFTY FIN SERVICE,bearish,192.31,244.99,3000,158035.12,1988.71,156046.41,pro_FVG+OTE+VWAP,target
2021-03-26 10:15:00,2021-03-26 11:45:00,NIFTY FIN SERVICE,bearish,195.18,217.62,3000,67344.48,1819.81,65524.67,pro_LiqSweep+RSI_Div+VWAP,stop_loss_premium_phase3
2021-04-08 09:30:00,2021-04-08 11:15:00,NIFTY FIN SERVICE,bearish,116.67,130.26,3000,40767.94,1107.93,39660.01,pro_FVG+OTE+VWAP,stop_loss_premium_phase3
2021-04-16 11:15:00,2021-04-16 12:45:00,NIFTY FIN SERVICE,bearish,195.53,233.32,3000,113389.03,1920.65,111468.38,pro_LiqSweep+RSI_Div+VWAP,stop_loss_premium_phase3
2021-04-19 09:30:00,2021-04-19 09:45:00,NIFTY FIN SERVICE,bearish,658.28,251.63,300,-121995.54,337.35,-122332.89,pro_LiqSweep+OTE+VWAP,target
2021-04-22 09:45:00,2021-04-22 11:15:00,NIFTY FIN SERVICE,bullish,197.97,211.15,3000,39536.62,1784.0,37752.62,pro_LiqSweep+OTE,stop_loss_premium_phase3
2021-04-22 14:15:00,2021-04-22 15:15:00,NIFTY FIN SERVICE,bullish,198.77,247.91,3000,147426.93,2020.09,145406.84,pro_LiqSweep+VP,intraday_square_off
2021-04-23 11:30:00,2021-04-23 12:30:00,NIFTY FIN SERVICE,bullish,183.26,182.73,3000,-1606.05,1573.72,-3179.77,pro_FVG+VP,stop_loss_premium_phase2
2021-04-29 11:15:00,2021-04-29 12:45:00,NIFTY FIN SERVICE,bearish,199.91,202.4,3000,7457.48,1732.01,5725.47,pro_FVG+RSI_Div+VWAP,stop_loss_premium_phase3
2021-05-07 11:00:00,2021-05-07 12:45:00,NIFTY FIN SERVICE,bearish,172.38,171.99,3000,-1188.58,1483.79,-2672.37,pro_FVG+OTE+VWAP,stop_loss_premium_phase3
2021-05-27 11:00:00,2021-05-27 11:45:00,NIFTY FIN SERVICE,bullish,84.3,114.73,3000,91302.32,945.12,90357.2,pro_LiqSweep+OTE,target
2021-05-27 14:15:00,2021-05-27 15:00:00,NIFTY FIN SERVICE,bullish,200.35,251.55,3000,153609.46,2046.43,151563.03,pro_LiqSweep+OTE,target
2021-05-28 11:30:00,2021-05-28 13:00:00,NIFTY FIN SERVICE,bearish,193.95,193.49,3000,-1373.54,1663.44,-3036.98,pro_FVG+OTE+VWAP,stop_loss_premium_phase3
2021-06-02 10:15:00,2021-06-02 11:45:00,NIFTY FIN SERVICE,bullish,176.77,191.22,3000,43322.05,1615.11,41706.94,pro_LiqSweep+FVG,stop_loss_premium_phase3
2021-06-02 14:15:00,2021-06-02 14:45:00,NIFTY FIN SERVICE,bullish,86.36,110.66,3000,72914.53,923.2,71991.33,pro_LiqSweep+RSI_Div,target
2021-06-04 09:45:00,2021-06-04 10:45:00,NIFTY FIN SERVICE,bullish,72.82,72.66,3000,-474.31,654.1,-1128.41,pro_LiqSweep+VP,stop_loss_premium_phase2
2021-06-04 11:00:00,2021-06-04 12:30:00,NIFTY FIN SERVICE,bearish,84.14,87.7,3000,10699.72,772.35,9927.37,pro_FVG+RSI_Div+VWAP,stop_loss_premium_phase3
2021-06-09 10:30:00,2021-06-09 12:00:00,NIFTY FIN SERVICE,bullish,184.79,186.28,3000,4461.0,1599.38,2861.62,pro_FVG+VP+RSI_Div,stop_loss_premium_phase3
2021-06-24 09:45:00,2021-06-24 11:15:00,NIFTY FIN SERVICE,bullish,189.43,194.16,3000,14205.18,1658.82,12546.36,pro_LiqSweep+VP,stop_loss_premium_phase3
2021-06-24 11:30:00,2021-06-24 13:00:00,NIFTY FIN SERVICE,bullish,74.06,77.84,3000,11333.38,689.6,10643.78,pro_LiqSweep+VP,stop_loss_premium_phase3
2021-06-25 09:30:00,2021-06-25 09:45:00,NIFTY FIN SERVICE,bullish,117.45,107.28,3000,-30506.68,962.86,-31469.54,pro_FVG+VP,target
2021-07-02 10:15:00,2021-07-02 11:45:00,NIFTY FIN SERVICE,bullish,57.3,54.48,3000,-8460.53,507.61,-8968.14,pro_LiqSweep+RSI_Div,stop_loss_premium_phase3
2021-07-07 10:00:00,2021-07-07 11:30:00,NIFTY FIN SERVICE,bullish,192.09,191.64,3000,-1351.56,1648.01,-2999.57,pro_FVG+VP,stop_loss_premium_phase3
2021-07-08 09:30:00,2021-07-08 11:00:00,NIFTY FIN SERVICE,bullish,67.68,63.14,3000,-13627.85,583.27,-14211.12,pro_FVG+VP,stop_loss_premium_phase3
2021-07-08 11:15:00,2021-07-08 12:15:00,NIFTY FIN SERVICE,bullish,76.24,76.32,3000,248.18,684.2,-436.02,pro_FVG+VP+RSI_Div,stop_loss_premium_phase2
2021-07-09 11:00:00,2021-07-09 12:30:00,NIFTY FIN SERVICE,bullish,183.89,183.41,3000,-1436.54,1579.34,-3015.88,pro_FVG+OTE+RSI_Div,stop_loss_premium_phase3
2021-07-23 10:15:00,2021-07-23 11:45:00,NIFTY FIN SERVICE,bullish,184.0,179.68,3000,-12968.89,1555.75,-14524.64,pro_LiqSweep+VP+RSI_Div,stop_loss_premium_phase3
2021-08-06 10:45:00,2021-08-06 12:15:00,NIFTY FIN SERVICE,bearish,195.37,194.91,3000,-1366.04,1675.28,-3041.32,pro_LiqSweep+RSI_Div+VWAP,stop_loss_premium_phase3
2021-08-12 10:00:00,2021-08-12 11:30:00,NIFTY FIN SERVICE,bullish,191.58,198.07,3000,19464.87,1688.0,17776.87,pro_VP+RSI_Div,stop_loss_premium_phase3
2021-08-25 09:45:00,2021-08-25 11:15:00,NIFTY FIN SERVICE,bearish,195.73,221.3,3000,76696.53,1844.32,74852.21,pro_OTE+RSI_Div+VWAP,stop_loss_premium_phase3
2021-08-26 09:45:00,2021-08-26 11:15:00,NIFTY FIN SERVICE,bullish,195.63,215.22,3000,58796.01,1805.39,56990.62,pro_LiqSweep+OTE+RSI_Div,stop_loss_premium_phase3
2021-08-26 11:30:00,2021-08-26 12:45:00,NIFTY FIN SERVICE,bullish,96.13,95.88,3000,-777.9,848.12,-1626.02,pro_LiqSweep+VP,stop_loss_premium_phase2
2021-08-26 14:15:00,2021-08-26 15:15:00,NIFTY FIN SERVICE,bullish,77.53,69.65,3000,-23628.15,644.17,-24272.32,pro_LiqSweep+VP,intraday_square_off
2021-08-27 11:30:00,2021-08-27 12:45:00,NIFTY FIN SERVICE,bearish,76.01,75.8,3000,-625.42,680.41,-1305.83,pro_LiqSweep+FVG+VWAP,stop_loss_premium_phase2
2021-09-01 10:30:00,2021-09-01 11:00:00,NIFTY FIN SERVICE,bearish,181.97,234.64,3000,157996.77,1902.32,156094.45,pro_OTE+RSI_Div+VWAP,target
2021-09-02 10:00:00,2021-09-02 11:15:00,NIFTY FIN SERVICE,bullish,195.35,250.62,3000,165797.92,2030.61,163767.31,pro_VP+RSI_Div,target
2021-09-02 14:15:00,2021-09-02 15:15:00,NIFTY FIN SERVICE,bullish,87.56,101.57,3000,42026.48,867.59,41158.89,pro_LiqSweep+VP,intraday_square_off
2021-09-03 09:45:00,2021-09-03 10:45:00,NIFTY FIN SERVICE,bullish,75.64,75.4,3000,-722.92,677.12,-1400.04,pro_LiqSweep+VP+RSI_Div,stop_loss_premium_phase2
2021-09-03 11:00:00,2021-09-03 12:30:00,NIFTY FIN SERVICE,bullish,200.37,199.88,3000,-1455.84,1716.87,-3172.71,pro_LiqSweep+OTE+RSI_Div,stop_loss_premium_phase3
2021-09-08 09:45:00,2021-09-08 11:15:00,NIFTY FIN SERVICE,bullish,178.19,188.87,3000,32042.92,1602.95,30439.97,pro_LiqSweep+VP,stop_loss_premium_phase3
2021-09-09 11:00:00,2021-09-09 12:30:00,NIFTY FIN SERVICE,bullish,174.44,185.12,3000,32056.34,1571.63,30484.71,pro_VP+RSI_Div,stop_loss_premium_phase3
2021-09-30 11:30:00,2021-09-30 13:00:00,NIFTY FIN SERVICE,bearish,188.44,188.0,3000,-1331.64,1617.57,-2949.21,pro_FVG+OTE+VWAP,stop_loss_premium_phase3
2021-10-13 14:15:00,2021-10-13 15:15:00,NIFTY FIN SERVICE,bearish,191.72,222.47,3000,92243.09,1843.92,90399.17,pro_OTE+RSI_Div+VWAP,intraday_square_off
2021-10-14 09:45:00,2021-10-14 11:15:00,NIFTY FIN SERVICE,bullish,192.19,191.96,3000,-681.13,1650.21,-2331.34,pro_LiqSweep+VP,stop_loss_premium_phase3
2021-10-14 11:30:00,2021-10-14 13:00:00,NIFTY FIN SERVICE,bullish,93.25,106.12,3000,38604.88,907.76,37697.12,pro_LiqSweep+VP,stop_loss_premium_phase3
2021-10-25 09:30:00,2021-10-25 09:45:00,NIFTY FIN SERVICE,bullish,294.21,284.38,1860,-18288.62,1531.14,-19819.76,pro_LiqSweep+FVG,target
2021-10-28 14:15:00,2021-10-28 15:15:00,NIFTY FIN SERVICE,bearish,183.23,236.67,3000,160336.81,1917.81,158419.0,pro_LiqSweep+FVG+VWAP,intraday_square_off
2021-11-12 09:30:00,2021-11-12 09:45:00,NIFTY FIN SERVICE,bullish,295.07,251.06,1800,-79218.45,1356.79,-80575.24,pro_LiqSweep+OTE,target
2021-12-02 11:30:00,2021-12-02 13:00:00,NIFTY FIN SERVICE,bullish,180.0,179.85,3000,-450.76,1548.94,-1999.7,pro_LiqSweep+VP,stop_loss_premium_phase3
2021-12-10 10:30:00,2021-12-10 12:00:00,NIFTY FIN SERVICE,bullish,182.81,183.9,3000,3247.1,1580.3,1666.8,pro_LiqSweep+RSI_Div,stop_loss_premium_phase3
2021-12-10 14:15:00,2021-12-10 15:15:00,NIFTY FIN SERVICE,bullish,76.83,113.15,3000,108986.06,920.31,108065.75,pro_LiqSweep+FVG+OTE,intraday_square_off
2021-12-24 10:30:00,2021-12-24 12:00:00,NIFTY FIN SERVICE,bearish,201.24,200.67,3000,-1708.96,1723.58,-3432.54,pro_FVG+RSI_Div+VWAP,stop_loss_premium_phase3
2021-12-27 09:30:00,2021-12-27 09:45:00,NIFTY FIN SERVICE,bearish,263.93,244.16,2160,-42712.1,1542.85,-44254.95,pro_FVG+OTE+VWAP,target
2021-12-30 10:00:00,2021-12-30 11:30:00,NIFTY FIN SERVICE,bearish,202.8,230.23,3000,82317.89,1915.26,80402.63,pro_LiqSweep+FVG+VWAP,stop_loss_premium_phase3
2021-12-30 14:15:00,2021-12-30 15:00:00,NIFTY FIN SERVICE,bearish,86.36,115.38,3000,87049.49,953.28,86096.21,pro_FVG+OTE+VWAP,target
2021-12-31 09:45:00,2021-12-31 11:15:00,NIFTY FIN SERVICE,bullish,193.14,192.68,3000,-1372.09,1656.66,-3028.75,pro_VP+RSI_Div,stop_loss_premium_phase3
2022-01-06 09:30:00,2022-01-06 09:45:00,NIFTY FIN SERVICE,bearish,359.15,240.73,960,-113687.17,764.92,-114452.09,pro_LiqSweep+RSI_Div+VWAP,target
2022-01-07 09:45:00,2022-01-07 10:45:00,NIFTY FIN SERVICE,bullish,174.67,174.26,3000,-1231.78,1502.77,-2734.55,pro_FVG+VP,stop_loss_premium_phase2
2022-01-13 09:45:00,2022-01-13 10:45:00,NIFTY FIN SERVICE,bullish,187.03,181.98,3000,-15147.46,1576.36,-16723.82,pro_LiqSweep+VP,stop_loss_premium_phase2
2022-01-13 11:15:00,2022-01-13 12:45:00,NIFTY FIN SERVICE,bullish,197.35,209.16,3000,35442.33,1770.08,33672.25,pro_LiqSweep+FVG+RSI_Div,stop_loss_premium_phase3
2022-01-14 09:30:00,2022-01-14 10:30:00,NIFTY FIN SERVICE,bullish,34.73,31.45,3000,-9854.67,316.22,-10170.89,pro_LiqSweep+FVG,stop_loss_premium_phase2
2022-01-19 14:15:00,2022-01-19 15:15:00,NIFTY FIN SERVICE,bullish,182.02,203.91,3000,65689.28,1706.44,63982.84,pro_LiqSweep+OTE+RSI_Div,intraday_square_off
2022-01-20 09:45:00,2022-01-20 10:45:00,NIFTY FIN SERVICE,bullish,189.74,189.56,3000,-541.41,1630.06,-2171.47,pro_LiqSweep+RSI_Div,stop_loss_premium_phase2
2022-02-16 10:00:00,2022-02-16 11:30:00,NIFTY FIN SERVICE,bearish,199.06,232.36,3000,99914.53,1921.46,97993.07,pro_FVG+RSI_Div+VWAP,stop_loss_premium_phase3
2022-02-17 09:30:00,2022-02-17 09:45:00,NIFTY FIN SERVICE,bearish,253.6,241.85,2640,-31030.9,1844.32,-32875.22,pro_FVG+OTE+VWAP,target
2022-02-17 14:15:00,2022-02-17 15:15:00,NIFTY FIN SERVICE,bearish,187.42,232.69,3000,135794.6,1900.65,133893.95,pro_LiqSweep+FVG+VWAP,intraday_square_off
2022-02-25 14:15:00,2022-02-25 15:15:00,NIFTY FIN SERVICE,bearish,200.43,231.28,3000,92566.68,1917.29,90649.39,pro_FVG+OTE+VWAP,intraday_square_off
2022-03-09 09:45:00,2022-03-09 11:15:00,NIFTY FIN SERVICE,bullish,253.4,265.25,3000,35550.08,2238.25,33311.83,pro_LiqSweep+VP,stop_loss_premium_phase3
2022-03-14 09:30:00,2022-03-14 09:45:00,NIFTY FIN SERVICE,bullish,259.64,273.47,3000,41486.22,2302.98,39183.24,pro_FVG+OTE+RSI_Div,target
2022-04-01 10:00:00,2022-04-01 11:30:00,NIFTY FIN SERVICE,bullish,195.58,224.28,3000,86111.06,1863.05,84248.01,pro_LiqSweep+VP+RSI_Div,stop_loss_premium_phase3
2022-04-08 10:15:00,2022-04-08 11:45:00,NIFTY FIN SERVICE,bearish,188.76,214.55,3000,77394.07,1787.57,75606.5,pro_FVG+RSI_Div+VWAP,stop_loss_premium_phase3
2022-04-29 10:45:00,2022-04-29 11:45:00,NIFTY FIN SERVICE,bearish,182.23,182.08,3000,-452.52,1567.59,-2020.11,pro_LiqSweep+RSI_Div+VWAP,stop_loss_premium_phase2
2022-05-04 09:45:00,2022-05-04 10:45:00,NIFTY FIN SERVICE,bearish,195.11,250.51,3000,166205.15,2029.43,164175.72,pro_FVG+OTE+VWAP,target
2022-05-12 11:00:00,2022-05-12 12:30:00,NIFTY FIN SERVICE,bullish,202.34,209.26,3000,20773.65,1780.55,18993.1,pro_LiqSweep+RSI_Div,stop_loss_premium_phase3
2022-05-20 09:30:00,2022-05-20 09:45:00,NIFTY FIN SERVICE,bullish,224.58,132.74,1380,-126734.05,640.16,-127374.21,pro_FVG+VP+RSI_Div,target
2022-06-02 10:00:00,2022-06-02 11:30:00,NIFTY FIN SERVICE,bullish,184.88,184.36,3000,-1575.23,1587.3,-3162.53,pro_LiqSweep+OTE+RSI_Div,stop_loss_premium_phase3
2022-06-02 14:15:00,2022-06-02 15:15:00,NIFTY FIN SERVICE,bullish,97.89,118.96,3000,63183.61,998.81,62184.8,pro_LiqSweep+VP+RSI_Div,intraday_square_off
2022-06-09 10:30:00,2022-06-09 12:00:00,NIFTY FIN SERVICE,bullish,202.08,206.49,3000,13208.0,1762.35,11445.65,pro_LiqSweep+OTE,stop_loss_premium_phase3
2022-06-09 14:15:00,2022-06-09 15:15:00,NIFTY FIN SERVICE,bullish,87.68,122.39,3000,104119.57,1000.59,103118.98,pro_LiqSweep+VP+RSI_Div,intraday_square_off
2022-06-17 09:45:00,2022-06-17 10:45:00,NIFTY FIN SERVICE,bullish,190.53,190.4,3000,-379.42,1637.01,-2016.43,pro_LiqSweep+OTE+RSI_Div,stop_loss_premium_phase2
2022-06-20 09:30:00,2022-06-20 09:45:00,NIFTY FIN SERVICE,bullish,239.29,252.76,3000,40435.06,2130.84,38304.22,pro_LiqSweep+FVG,target
2022-06-23 14:15:00,2022-06-23 15:15:00,NIFTY FIN SERVICE,bearish,190.63,181.21,3000,-28279.31,1578.55,-29857.86,pro_LiqSweep+RSI_Div+VWAP,intraday_square_off
2022-06-30 10:45:00,2022-06-30 12:15:00,NIFTY FIN SERVICE,bearish,199.88,199.36,3000,-1546.65,1712.59,-3259.24,pro_FVG+OTE+RSI_Div+VWAP,stop_loss_premium_phase3
2022-07-05 09:30:00,2022-07-05 09:45:00,NIFTY FIN SERVICE,bullish,106.08,72.51,3000,-100703.8,718.66,-101422.46,pro_LiqSweep+FVG+VP+RSI_Div,target
2022-07-13 09:45:00,2022-07-13 11:15:00,NIFTY FIN SERVICE,bearish,176.84,205.49,3000,85960.67,1706.28,84254.39,pro_LiqSweep+OTE+VWAP,stop_loss_premium_phase3
2022-07-14 10:00:00,2022-07-14 11:30:00,NIFTY FIN SERVICE,bullish,193.88,193.42,3000,-1367.68,1662.85,-3030.53,pro_LiqSweep+VP,stop_loss_premium_phase3
2022-07-20 11:15:00,2022-07-20 12:45:00,NIFTY FIN SERVICE,bearish,186.85,192.29,3000,16327.09,1641.79,14685.3,pro_LiqSweep+RSI_Div+VWAP,stop_loss_premium_phase3
2022-07-21 10:15:00,2022-07-21 11:45:00,NIFTY FIN SERVICE,bullish,95.58,119.16,3000,70728.87,995.53,69733.34,pro_LiqSweep+VP,stop_loss_premium_phase3
2022-07-22 14:15:00,2022-07-22 15:15:00,NIFTY FIN SERVICE,bearish,66.85,72.4,3000,16652.14,640.7,16011.44,pro_LiqSweep+RSI_Div+VWAP,intraday_square_off
2022-07-27 10:00:00,2022-07-27 11:30:00,NIFTY FIN SERVICE,bullish,180.09,193.47,3000,40147.08,1636.01,38511.07,pro_FVG+OTE,stop_loss_premium_phase3
2022-07-27 14:15:00,2022-07-27 15:15:00,NIFTY FIN SERVICE,bullish,80.41,100.01,3000,58808.43,843.54,57964.89,pro_FVG+VP,intraday_square_off
2022-08-03 10:30:00,2022-08-03 12:00:00,NIFTY FIN SERVICE,bullish,186.12,185.6,3000,-1563.84,1597.71,-3161.55,pro_FVG+RSI_Div,stop_loss_premium_phase3
2022-08-12 10:00:00,2022-08-12 11:15:00,NIFTY FIN SERVICE,bullish,55.13,77.5,3000,67097.13,650.13,66447.0,pro_VP+OTE,target
2022-08-16 09:30:00,2022-08-16 09:45:00,NIFTY FIN SERVICE,bullish,113.07,73.93,3000,-117434.15,741.46,-118175.61,pro_FVG+VP,target
2022-08-17 09:45:00,2022-08-17 11:15:00,NIFTY FIN SERVICE,bullish,89.89,124.65,3000,104290.63,1019.41,103271.22,pro_LiqSweep+VP,target
2022-08-17 11:30:00,2022-08-17 13:00:00,NIFTY FIN SERVICE,bullish,170.65,175.59,3000,14810.71,1503.34,13307.37,pro_LiqSweep+VP,stop_loss_premium_phase3
2022-08-17 14:15:00,2022-08-17 15:15:00,NIFTY FIN SERVICE,bullish,64.74,73.52,3000,26329.35,643.65,25685.7,pro_LiqSweep+VP,intraday_square_off
2022-08-18 09:45:00,2022-08-18 11:00:00,NIFTY FIN SERVICE,bullish,73.59,73.37,3000,-671.55,660.16,-1331.71,pro_LiqSweep+VP,stop_loss_premium_phase2
2022-08-18 11:15:00,2022-08-18 12:45:00,NIFTY FIN SERVICE,bullish,93.3,93.09,3000,-617.28,824.78,-1442.06,pro_LiqSweep+VP,stop_loss_premium_phase3
2022-08-24 10:30:00,2022-08-24 12:00:00,NIFTY FIN SERVICE,bullish,200.47,219.38,3000,56726.61,1841.43,54885.18,pro_FVG+VP,stop_loss_premium_phase3
2022-08-26 10:00:00,2022-08-26 11:30:00,NIFTY FIN SERVICE,bearish,203.57,250.41,3000,140512.92,2045.46,138467.46,pro_FVG+OTE+RSI_Div+VWAP,stop_loss_premium_phase3
2022-09-15 09:45:00,2022-09-15 11:00:00,NIFTY FIN SERVICE,bearish,200.03,266.17,3000,198418.41,2139.08,196279.33,pro_OTE+RSI_Div+VWAP,target
2022-09-23 14:15:00,2022-09-23 15:15:00,NIFTY FIN SERVICE,bullish,201.89,225.34,3000,70362.82,1882.26,68480.56,pro_LiqSweep+RSI_Div,intraday_square_off
2022-10-20 14:15:00,2022-10-20 15:00:00,NIFTY FIN SERVICE,bullish,85.92,123.01,3000,111252.22,1001.08,110251.14,pro_FVG+VP,target
2022-10-28 09:45:00,2022-10-28 10:45:00,NIFTY FIN SERVICE,bullish,69.87,69.72,3000,-461.3,629.56,-1090.86,pro_FVG+VP,stop_loss_premium_phase2
2022-11-03 10:45:00,2022-11-03 12:15:00,NIFTY FIN SERVICE,bullish,199.16,198.69,3000,-1396.13,1706.89,-3103.02,pro_FVG+VP+RSI_Div,stop_loss_premium_phase3
2022-11-11 09:30:00,2022-11-11 09:45:00,NIFTY FIN SERVICE,bullish,176.95,76.56,1680,-168659.41,515.83,-169175.24,pro_VP+RSI_Div,target
2022-11-11 14:15:00,2022-11-11 15:15:00,NIFTY FIN SERVICE,bearish,178.26,188.58,3000,30951.97,1601.24,29350.73,pro_OTE+RSI_Div+VWAP,intraday_square_off
2022-11-16 10:00:00,2022-11-16 11:30:00,NIFTY FIN SERVICE,bullish,190.78,204.83,3000,42161.56,1729.53,40432.03,pro_VP+RSI_Div,stop_loss_premium_phase3
2022-11-18 09:45:00,2022-11-18 10:45:00,NIFTY FIN SERVICE,bullish,77.19,77.03,3000,-465.25,690.62,-1155.87,pro_VP+OTE,stop_loss_premium_phase2
2022-11-18 14:15:00,2022-11-18 15:15:00,NIFTY FIN SERVICE,bullish,58.01,71.49,3000,40449.28,617.5,39831.78,pro_LiqSweep+FVG+RSI_Div,intraday_square_off
2022-11-25 09:45:00,2022-11-25 11:00:00,NIFTY FIN SERVICE,bullish,69.66,69.46,3000,-585.22,627.48,-1212.7,pro_FVG+VP,stop_loss_premium_phase2
2022-11-30 09:45:00,2022-11-30 10:45:00,NIFTY FIN SERVICE,bullish,97.22,97.2,3000,-58.33,858.73,-917.06,pro_LiqSweep+FVG+VP,stop_loss_premium_phase2
2022-12-01 14:15:00,2022-12-01 15:15:00,NIFTY FIN SERVICE,bearish,61.87,67.06,3000,15561.37,596.84,14964.53,pro_LiqSweep+FVG+RSI_Div+VWAP,intraday_square_off
2022-12-02 14:15:00,2022-12-02 15:15:00,NIFTY FIN SERVICE,bullish,57.73,55.6,3000,-6368.64,515.58,-6884.22,pro_VP+OTE,intraday_square_off
2022-12-08 10:30:00,2022-12-08 12:00:00,NIFTY FIN SERVICE,bullish,88.77,98.39,3000,28863.88,849.67,28014.21,pro_LiqSweep+FVG+VP,stop_loss_premium_phase3
2022-12-09 09:30:00,2022-12-09 11:00:00,NIFTY FIN SERVICE,bullish,69.96,69.49,3000,-1399.23,628.25,-2027.48,pro_LiqSweep+FVG+VP,stop_loss_premium_phase3
2022-12-09 11:15:00,2022-12-09 12:30:00,NIFTY FIN SERVICE,bullish,58.29,58.12,3000,-497.61,532.74,-1030.35,pro_LiqSweep+VP,stop_loss_premium_phase2
2022-12-12 09:30:00,2022-12-12 11:00:00,NIFTY FIN SERVICE,bullish,31.86,58.47,3000,79820.68,482.92,79337.76,pro_LiqSweep+RSI_Div,stop_loss_premium_phase3
2023-01-11 10:00:00,2023-01-11 11:00:00,NIFTY FIN SERVICE,bullish,198.02,197.46,3000,-1695.94,1696.77,-3392.71,pro_LiqSweep+VP,stop_loss_premium_phase2
2023-01-12 10:15:00,2023-01-12 11:45:00,NIFTY FIN SERVICE,bullish,181.14,195.28,3000,42415.47,1649.63,40765.84,pro_LiqSweep+OTE,stop_loss_premium_phase3
2023-01-16 09:30:00,2023-01-16 09:45:00,NIFTY FIN SERVICE,bullish,135.79,112.59,3000,-69599.44,1032.85,-70632.29,pro_FVG+VP,target
2023-01-18 10:30:00,2023-01-18 12:15:00,NIFTY FIN SERVICE,bullish,193.71,218.35,3000,73915.59,1821.57,72094.02,pro_FVG+VP,stop_loss_premium_phase3
2023-01-18 14:15:00,2023-01-18 15:15:00,NIFTY FIN SERVICE,bullish,84.25,81.63,3000,-7840.24,733.86,-8574.1,pro_LiqSweep+VP,intraday_square_off
2023-01-19 09:45:00,2023-01-19 11:15:00,NIFTY FIN SERVICE,bullish,97.38,97.11,3000,-807.07,858.46,-1665.53,pro_LiqSweep+VP,stop_loss_premium_phase3
2023-01-19 11:30:00,2023-01-19 13:00:00,NIFTY FIN SERVICE,bullish,195.35,206.29,3000,32827.5,1747.88,31079.62,pro_LiqSweep+VP,stop_loss_premium_phase3
2023-01-25 14:15:00,2023-01-25 15:15:00,NIFTY FIN SERVICE,bearish,193.24,218.36,3000,75363.53,1820.68,73542.85,pro_LiqSweep+FVG+VWAP,intraday_square_off
2023-01-30 09:30:00,2023-01-30 09:45:00,NIFTY FIN SERVICE,bullish,289.7,244.78,1920,-86246.05,1411.67,-87657.72,pro_LiqSweep+RSI_Div,target
2023-02-02 14:15:00,2023-02-02 15:15:00,NIFTY FIN SERVICE,bullish,196.82,209.66,3000,38547.71,1772.26,36775.45,pro_LiqSweep+RSI_Div,intraday_square_off
2023-02-08 11:15:00,2023-02-08 12:45:00,NIFTY FIN SERVICE,bearish,188.7,188.16,3000,-1604.03,1619.11,-3223.14,pro_FVG+OTE+VWAP,stop_loss_premium_phase3
2023-02-10 10:30:00,2023-02-10 12:00:00,NIFTY FIN SERVICE,bearish,84.17,84.22,3000,145.12,750.22,-605.1,pro_LiqSweep+RSI_Div+VWAP,stop_loss_premium_phase3
2023-02-15 09:45:00,2023-02-15 11:15:00,NIFTY FIN SERVICE,bullish,89.73,106.5,3000,50307.03,903.28,49403.75,pro_FVG+OTE,stop_loss_premium_phase3
2023-02-15 11:30:00,2023-02-15 13:00:00,NIFTY FIN SERVICE,bullish,190.74,190.52,3000,-651.47,1638.16,-2289.63,pro_FVG+VP,stop_loss_premium_phase3
2023-02-16 11:00:00,2023-02-16 12:45:00,NIFTY FIN SERVICE,bearish,171.88,204.41,3000,97576.11,1689.63,95886.48,pro_FVG+OTE+VWAP,stop_loss_premium_phase3
2023-02-17 11:30:00,2023-02-17 12:30:00,NIFTY FIN SERVICE,bullish,185.57,185.04,3000,-1585.51,1593.04,-3178.55,pro_LiqSweep+RSI_Div,stop_loss_premium_phase2
2023-02-23 10:30:00,2023-02-23 12:00:00,NIFTY FIN SERVICE,bearish,186.97,219.62,3000,97933.43,1816.38,96117.05,pro_FVG+OTE+VWAP,stop_loss_premium_phase3
2023-03-08 10:00:00,2023-03-08 11:30:00,NIFTY FIN SERVICE,bullish,195.09,194.53,3000,-1681.22,1672.31,-3353.53,pro_LiqSweep+FVG+VP,stop_loss_premium_phase3
2023-03-08 14:15:00,2023-03-08 15:15:00,NIFTY FIN SERVICE,bullish,76.7,94.7,3000,53995.76,802.34,53193.42,pro_FVG+VP+RSI_Div,intraday_square_off
2023-03-09 09:45:00,2023-03-09 10:45:00,NIFTY FIN SERVICE,bearish,76.1,75.85,3000,-756.69,680.9,-1437.59,pro_FVG+OTE+VWAP,stop_loss_premium_phase2
2023-03-10 14:15:00,2023-03-10 15:15:00,NIFTY FIN SERVICE,bullish,61.34,74.53,3000,39556.86,643.44,38913.42,pro_LiqSweep+OTE+RSI_Div,intraday_square_off
2023-03-29 09:45:00,2023-03-29 11:15:00,NIFTY FIN SERVICE,bullish,191.41,218.06,3000,79947.03,1815.14,78131.89,pro_LiqSweep+VP+RSI_Div,stop_loss_premium_phase3
2023-03-29 11:30:00,2023-03-29 13:00:00,NIFTY FIN SERVICE,bullish,202.23,201.67,3000,-1680.49,1731.89,-3412.38,pro_LiqSweep+VP+RSI_Div,stop_loss_premium_phase3
2023-04-05 09:45:00,2023-04-05 11:15:00,NIFTY FIN SERVICE,bullish,179.22,178.81,3000,-1252.41,1540.77,-2793.18,pro_FVG+VP,stop_loss_premium_phase3
2023-04-06 10:15:00,2023-04-06 11:15:00,NIFTY FIN SERVICE,bullish,200.62,254.12,3000,160504.06,2063.33,158440.73,pro_VP+RSI_Div,target
2023-04-06 11:30:00,2023-04-06 13:00:00,NIFTY FIN SERVICE,bullish,177.32,176.9,3000,-1262.89,1524.87,-2787.76,pro_VP+RSI_Div,stop_loss_premium_phase3
2023-04-19 10:15:00,2023-04-19 11:45:00,NIFTY FIN SERVICE,bullish,185.79,187.59,3000,5382.55,1609.71,3772.84,pro_LiqSweep+OTE+RSI_Div,stop_loss_premium_phase3
2023-04-19 14:15:00,2023-04-19 15:15:00,NIFTY FIN SERVICE,bullish,90.19,100.71,3000,31563.13,867.28,30695.85,pro_LiqSweep+VP+OTE+RSI_Div,intraday_square_off
2023-04-20 10:00:00,2023-04-20 11:30:00,NIFTY FIN SERVICE,bullish,185.76,185.27,3000,-1461.77,1594.87,-3056.64,pro_FVG+VP,stop_loss_premium_phase3
2023-04-21 09:30:00,2023-04-21 09:45:00,NIFTY FIN SERVICE,bullish,98.96,104.13,3000,15496.48,906.31,14590.17,pro_LiqSweep+VP+OTE,target
2023-04-21 10:00:00,2023-04-21 11:30:00,NIFTY FIN SERVICE,bullish,59.57,59.45,3000,-374.18,543.75,-917.93,pro_LiqSweep+FVG+VP+OTE,stop_loss_premium_phase3
2023-04-24 09:30:00,2023-04-24 09:45:00,NIFTY FIN SERVICE,bullish,112.07,83.57,3000,-85516.28,800.98,-86317.26,pro_LiqSweep+VP,target
2023-04-28 11:15:00,2023-04-28 12:45:00,NIFTY FIN SERVICE,bullish,80.16,93.43,3000,39827.98,801.08,39026.9,pro_FVG+OTE,stop_loss_premium_phase3
2023-05-04 10:00:00,2023-05-04 11:30:00,NIFTY FIN SERVICE,bullish,193.31,226.64,3000,99997.71,1873.67,98124.04,pro_VP+RSI_Div,stop_loss_premium_phase3
2023-05-11 14:15:00,2023-05-11 15:15:00,NIFTY FIN SERVICE,bearish,61.98,76.53,3000,43647.01,657.48,42989.53,pro_LiqSweep+OTE+RSI_Div+VWAP,intraday_square_off
2023-05-12 10:00:00,2023-05-12 11:00:00,NIFTY FIN SERVICE,bearish,75.34,75.37,3000,76.44,676.37,-599.93,pro_LiqSweep+FVG+VWAP,stop_loss_premium_phase2
2023-05-12 11:15:00,2023-05-12 12:45:00,NIFTY FIN SERVICE,bearish,194.37,194.35,3000,-43.35,1669.77,-1713.12,pro_LiqSweep+OTE+VWAP,stop_loss_premium_phase3
2023-05-25 14:15:00,2023-05-25 15:00:00,NIFTY FIN SERVICE,bullish,70.63,102.01,3000,94119.84,837.02,93282.82,pro_LiqSweep+OTE+RSI_Div,target
2023-05-31 14:15:00,2023-05-31 15:00:00,NIFTY FIN SERVICE,bullish,86.68,119.15,3000,97429.35,977.98,96451.37,pro_LiqSweep+FVG+RSI_Div,target
2023-06-02 11:00:00,2023-06-02 12:30:00,NIFTY FIN SERVICE,bearish,189.35,188.85,3000,-1494.82,1624.79,-3119.61,pro_LiqSweep+FVG+VWAP,stop_loss_premium_phase3
2023-06-07 11:30:00,2023-06-07 13:00:00,NIFTY FIN SERVICE,bullish,89.55,100.18,3000,31903.28,862.63,31040.65,pro_FVG+VP,stop_loss_premium_phase3
2023-06-07 14:15:00,2023-06-07 15:15:00,NIFTY FIN SERVICE,bullish,61.45,74.06,3000,37829.81,640.69,37189.12,pro_FVG+VP+OTE,intraday_square_off
2023-06-22 10:30:00,2023-06-22 12:00:00,NIFTY FIN SERVICE,bearish,194.27,211.29,3000,51060.84,1777.59,49283.25,pro_LiqSweep+RSI_Div+VWAP,stop_loss_premium_phase3
2023-06-28 11:00:00,2023-06-28 12:00:00,NIFTY FIN SERVICE,bearish,204.65,204.43,3000,-642.85,1754.33,-2397.18,pro_OTE+RSI_Div+VWAP,stop_loss_premium_phase2
2023-06-28 14:15:00,2023-06-28 15:00:00,NIFTY FIN SERVICE,bearish,188.71,231.48,3000,128302.67,1895.46,126407.21,pro_LiqSweep+OTE+VWAP,target
2023-07-06 09:45:00,2023-07-06 11:15:00,NIFTY FIN SERVICE,bullish,200.75,223.0,3000,66750.03,1865.09,64884.94,pro_LiqSweep+FVG,stop_loss_premium_phase3
2023-07-06 11:30:00,2023-07-06 12:30:00,NIFTY FIN SERVICE,bullish,87.43,87.23,3000,-601.39,775.81,-1377.2,pro_LiqSweep+VP,stop_loss_premium_phase2
2023-07-06 14:15:00,2023-07-06 15:15:00,NIFTY FIN SERVICE,bullish,71.93,79.35,3000,22241.26,695.02,21546.24,pro_LiqSweep+VP+RSI_Div,intraday_square_off
2023-07-19 09:45:00,2023-07-19 11:15:00,NIFTY FIN SERVICE,bullish,190.11,189.65,3000,-1379.74,1631.36,-3011.1,pro_LiqSweep+FVG+OTE,stop_loss_premium_phase3
2023-07-21 10:00:00,2023-07-21 11:30:00,NIFTY FIN SERVICE,bearish,174.61,189.74,3000,45394.2,1601.43,43792.77,pro_OTE+RSI_Div+VWAP,stop_loss_premium_phase3
2023-07-26 09:45:00,2023-07-26 11:15:00,NIFTY FIN SERVICE,bullish,191.51,200.71,3000,27597.91,1704.66,25893.25,pro_LiqSweep+FVG+VP,stop_loss_premium_phase3
2023-07-31 09:30:00,2023-07-31 11:15:00,NIFTY FIN SERVICE,bullish,61.77,78.44,3000,50024.85,669.23,49355.62,pro_LiqSweep+VP,stop_loss_premium_phase3
2023-08-17 09:45:00,2023-08-17 11:15:00,NIFTY FIN SERVICE,bullish,89.65,114.15,3000,73518.67,951.95,72566.72,pro_LiqSweep+VP,stop_loss_premium_phase3
2023-08-17 11:30:00,2023-08-17 12:30:00,NIFTY FIN SERVICE,bullish,94.11,94.1,3000,-28.92,832.8,-861.72,pro_LiqSweep+VP,stop_loss_premium_phase2
2023-08-17 14:15:00,2023-08-17 15:15:00,NIFTY FIN SERVICE,bullish,63.27,70.86,3000,22758.6,623.84,22134.76,pro_LiqSweep+VP+OTE,intraday_square_off
2023-08-23 10:30:00,2023-08-23 11:15:00,NIFTY FIN SERVICE,bullish,196.24,241.22,3000,134944.62,1972.42,132972.2,pro_FVG+RSI_Div,target
2023-08-25 14:15:00,2023-08-25 15:15:00,NIFTY FIN SERVICE,bullish,63.59,59.11,3000,-13437.85,549.5,-13987.35,pro_FVG+VP+RSI_Div,intraday_square_off
2023-08-31 09:45:00,2023-08-31 10:30:00,NIFTY FIN SERVICE,bearish,191.76,244.32,3000,157681.25,1983.4,155697.85,pro_FVG+RSI_Div+VWAP,target
2023-09-06 09:45:00,2023-09-06 11:15:00,NIFTY FIN SERVICE,bullish,89.32,96.36,3000,21104.87,837.79,20267.08,pro_LiqSweep+VP,stop_loss_premium_phase3
2023-09-06 11:30:00,2023-09-06 12:45:00,NIFTY FIN SERVICE,bullish,97.97,97.75,3000,-659.38,863.71,-1523.09,pro_VP+OTE,stop_loss_premium_phase2
2023-09-07 11:30:00,2023-09-07 13:00:00,NIFTY FIN SERVICE,bullish,189.14,204.2,3000,45180.01,1722.29,43457.72,pro_FVG+VP,stop_loss_premium_phase3
2023-09-08 11:30:00,2023-09-08 12:30:00,NIFTY FIN SERVICE,bearish,93.34,93.05,3000,-860.58,824.57,-1685.15,pro_LiqSweep+RSI_Div+VWAP,stop_loss_premium_phase2
2023-09-14 10:15:00,2023-09-14 11:45:00,NIFTY FIN SERVICE,bullish,201.63,201.11,3000,-1573.73,1727.14,-3300.87,pro_LiqSweep+OTE,stop_loss_premium_phase3
2023-09-14 14:15:00,2023-09-14 15:15:00,NIFTY FIN SERVICE,bullish,82.72,93.77,3000,33127.47,808.25,32319.22,pro_LiqSweep+OTE,intraday_square_off
2023-09-15 14:15:00,2023-09-15 15:15:00,NIFTY FIN SERVICE,bearish,61.69,67.7,3000,18040.8,600.54,17440.26,pro_LiqSweep+FVG+OTE+VWAP,intraday_square_off
2023-09-27 11:30:00,2023-09-27 13:00:00,NIFTY FIN SERVICE,bullish,186.17,185.66,3000,-1529.45,1598.18,-3127.63,pro_FVG+OTE,stop_loss_premium_phase3
2023-10-05 09:30:00,2023-10-05 09:45:00,NIFTY FIN SERVICE,bullish,131.27,106.6,3000,-74026.24,985.72,-75011.96,pro_LiqSweep+VP+OTE,target
2023-10-12 09:45:00,2023-10-12 11:15:00,NIFTY FIN SERVICE,bullish,60.42,67.9,3000,22441.67,599.32,21842.35,pro_LiqSweep+FVG+VP,stop_loss_premium_phase3
2023-10-12 11:30:00,2023-10-12 13:00:00,NIFTY FIN SERVICE,bullish,59.91,62.22,3000,6937.12,562.09,6375.03,pro_LiqSweep+FVG+VP,stop_loss_premium_phase3
2023-10-25 09:45:00,2023-10-25 11:15:00,NIFTY FIN SERVICE,bearish,202.79,230.98,3000,84565.61,1920.0,82645.61,pro_LiqSweep+FVG+VWAP,stop_loss_premium_phase3
2023-10-27 14:15:00,2023-10-27 15:15:00,NIFTY FIN SERVICE,bearish,57.53,60.54,3000,9023.34,546.7,8476.64,pro_FVG+OTE+RSI_Div+VWAP,intraday_square_off
2023-11-01 14:15:00,2023-11-01 15:15:00,NIFTY FIN SERVICE,bullish,91.97,97.96,3000,17950.66,853.2,17097.46,pro_LiqSweep+VP+RSI_Div,intraday_square_off
2023-11-02 14:15:00,2023-11-02 15:15:00,NIFTY FIN SERVICE,bearish,83.61,72.94,3000,-32024.33,677.14,-32701.47,pro_FVG+RSI_Div+VWAP,intraday_square_off
2023-11-08 09:45:00,2023-11-08 11:00:00,NIFTY FIN SERVICE,bullish,176.81,176.7,3000,-350.08,1522.55,-1872.63,pro_LiqSweep+VP,stop_loss_premium_phase2
2023-11-08 11:15:00,2023-11-08 12:45:00,NIFTY FIN SERVICE,bullish,180.91,191.54,3000,31899.73,1625.32,30274.41,pro_LiqSweep+FVG,stop_loss_premium_phase3
2023-11-08 14:15:00,2023-11-08 15:15:00,NIFTY FIN SERVICE,bullish,67.9,75.57,3000,23003.09,662.96,22340.13,pro_FVG+OTE,intraday_square_off
2023-11-10 10:45:00,2023-11-10 12:15:00,NIFTY FIN SERVICE,bullish,58.51,58.62,3000,318.48,536.35,-217.87,pro_LiqSweep+VP,stop_loss_premium_phase3
2023-11-13 09:30:00,2023-11-13 10:00:00,NIFTY FIN SERVICE,bullish,65.73,76.71,3000,32921.58,665.98,32255.6,pro_LiqSweep+VP,target
2023-11-15 14:15:00,2023-11-15 15:15:00,NIFTY FIN SERVICE,bearish,83.58,80.29,3000,-9870.49,723.95,-10594.44,pro_LiqSweep+RSI_Div+VWAP,intraday_square_off
2023-11-16 09:45:00,2023-11-16 11:00:00,NIFTY FIN SERVICE,bullish,82.37,109.89,3000,82565.44,910.44,81655.0,pro_VP+RSI_Div,target
2023-11-16 11:30:00,2023-11-16 13:00:00,NIFTY FIN SERVICE,bullish,198.02,197.46,3000,-1679.73,1696.82,-3376.55,pro_FVG+VP,stop_loss_premium_phase3
2023-11-16 14:15:00,2023-11-16 15:15:00,NIFTY FIN SERVICE,bullish,59.92,11.61,3000,-144929.3,239.26,-145168.56,pro_FVG+VP,intraday_square_off
2023-11-22 09:45:00,2023-11-22 11:15:00,NIFTY FIN SERVICE,bullish,60.44,60.31,3000,-408.77,550.95,-959.72,pro_FVG+VP+OTE,stop_loss_premium_phase3
2023-11-22 11:30:00,2023-11-22 12:30:00,NIFTY FIN SERVICE,bullish,81.7,81.77,3000,211.31,729.73,-518.42,pro_LiqSweep+FVG+VP+OTE+RSI_Div,stop_loss_premium_phase2
2023-11-24 09:45:00,2023-11-24 10:30:00,NIFTY FIN SERVICE,bullish,59.26,73.87,3000,43817.36,635.1,43182.26,pro_VP+RSI_Div,target
2023-11-30 14:15:00,2023-11-30 15:00:00,NIFTY FIN SERVICE,bullish,65.05,89.02,3000,71926.95,743.19,71183.76,pro_LiqSweep+OTE,target
2023-12-01 09:45:00,2023-12-01 11:15:00,NIFTY FIN SERVICE,bullish,194.0,213.44,3000,58314.08,1790.78,56523.3,pro_LiqSweep+VP,stop_loss_premium_phase3
2023-12-01 14:15:00,2023-12-01 15:15:00,NIFTY FIN SERVICE,bullish,61.82,57.32,3000,-13482.07,534.61,-14016.68,pro_LiqSweep+VP,intraday_square_off
2023-12-06 10:00:00,2023-12-06 11:00:00,NIFTY FIN SERVICE,bearish,194.4,193.87,3000,-1596.65,1666.73,-3263.38,pro_LiqSweep+RSI_Div+VWAP,stop_loss_premium_phase2
2023-12-07 10:45:00,2023-12-07 12:15:00,NIFTY FIN SERVICE,bullish,183.21,201.53,3000,54946.09,1693.55,53252.54,pro_LiqSweep+VP,stop_loss_premium_phase3
2023-12-07 14:15:00,2023-12-07 15:15:00,NIFTY FIN SERVICE,bearish,87.81,98.92,3000,33339.31,851.18,32488.13,pro_LiqSweep+OTE+RSI_Div+VWAP,intraday_square_off
2023-12-08 10:00:00,2023-12-08 11:00:00,NIFTY FIN SERVICE,bullish,65.22,65.1,3000,-358.47,590.95,-949.42,pro_VP+RSI_Div,stop_loss_premium_phase2
2023-12-08 11:15:00,2023-12-08 12:15:00,NIFTY FIN SERVICE,bullish,89.34,89.37,3000,92.49,793.26,-700.77,pro_VP+RSI_Div,stop_loss_premium_phase2
2023-12-20 14:15:00,2023-12-20 14:30:00,NIFTY FIN SERVICE,bearish,178.29,224.65,3000,139057.88,1831.36,137226.52,pro_VP+RSI_Div+VWAP,target
2023-12-22 11:00:00,2023-12-22 12:30:00,NIFTY FIN SERVICE,bearish,177.91,241.89,3000,191944.55,1940.59,190003.96,pro_FVG+RSI_Div+VWAP,target
2023-12-27 10:15:00,2023-12-27 11:45:00,NIFTY FIN SERVICE,bullish,191.93,191.43,3000,-1494.6,1646.29,-3140.89,pro_FVG+VP,stop_loss_premium_phase3
2023-12-29 10:15:00,2023-12-29 11:45:00,NIFTY FIN SERVICE,bullish,196.0,216.74,3000,62206.74,1815.79,60390.95,pro_LiqSweep+FVG,stop_loss_premium_phase3
2024-01-05 09:45:00,2024-01-05 10:45:00,NIFTY FIN SERVICE,bullish,66.73,66.85,3000,363.82,605.04,-241.22,pro_VP+RSI_Div,stop_loss_premium_phase2
2024-01-10 09:45:00,2024-01-10 11:15:00,NIFTY FIN SERVICE,bullish,202.42,201.95,3000,-1423.88,1734.08,-3157.96,pro_LiqSweep+OTE,stop_loss_premium_phase3
2024-01-10 11:30:00,2024-01-10 13:00:00,NIFTY FIN SERVICE,bullish,192.61,192.5,3000,-322.99,1654.46,-1977.45,pro_LiqSweep+OTE,stop_loss_premium_phase3
2024-01-10 14:15:00,2024-01-10 15:15:00,NIFTY FIN SERVICE,bullish,187.77,201.46,3000,41075.13,1702.08,39373.05,pro_LiqSweep+VP+RSI_Div,intraday_square_off
2024-01-12 11:15:00,2024-01-12 12:45:00,NIFTY FIN SERVICE,bearish,198.24,225.44,3000,81603.95,1875.71,79728.24,pro_LiqSweep+FVG+RSI_Div+VWAP,stop_loss_premium_phase3
2024-01-24 10:15:00,2024-01-24 11:15:00,NIFTY FIN SERVICE,bullish,199.03,198.46,3000,-1683.23,1705.17,-3388.4,pro_LiqSweep+RSI_Div,stop_loss_premium_phase2
2024-01-24 11:30:00,2024-01-24 12:30:00,NIFTY FIN SERVICE,bullish,245.19,240.78,3000,-13225.48,2065.99,-15291.47,pro_LiqSweep+FVG+RSI_Div,stop_loss_premium_phase2
2024-01-25 14:15:00,2024-01-25 15:00:00,NIFTY FIN SERVICE,bullish,197.95,258.08,3000,180394.35,2083.33,178311.02,pro_LiqSweep+RSI_Div,target
2024-02-01 09:30:00,2024-02-01 11:00:00,NIFTY FIN SERVICE,bearish,222.88,190.01,3000,-98631.19,1698.19,-100329.38,pro_LiqSweep+OTE+RSI_Div+VWAP,stop_loss_premium_phase3
2024-02-08 10:45:00,2024-02-08 11:00:00,NIFTY FIN SERVICE,bearish,185.56,256.01,3000,211359.17,2045.73,209313.44,pro_LiqSweep+RSI_Div+VWAP,target
2024-02-08 11:30:00,2024-02-08 13:00:00,NIFTY FIN SERVICE,bearish,191.23,190.78,3000,-1329.49,1640.81,-2970.3,pro_LiqSweep+FVG+VWAP,stop_loss_premium_phase3
2024-02-09 14:15:00,2024-02-09 15:15:00,NIFTY FIN SERVICE,bullish,91.81,116.79,3000,74941.82,973.05,73968.77,pro_LiqSweep+VP,intraday_square_off
2024-02-14 14:15:00,2024-02-14 14:45:00,NIFTY FIN SERVICE,bullish,196.74,262.85,3000,198327.61,2111.36,196216.25,pro_LiqSweep+VP,target
2024-02-15 09:45:00,2024-02-15 11:15:00,NIFTY FIN SERVICE,bullish,186.31,216.21,3000,89720.67,1793.34,87927.33,pro_LiqSweep+FVG,stop_loss_premium_phase3
2024-02-15 14:15:00,2024-02-15 15:15:00,NIFTY FIN SERVICE,bullish,189.55,207.55,3000,53988.64,1744.45,52244.19,pro_FVG+VP,intraday_square_off
2024-02-16 10:00:00,2024-02-16 11:45:00,NIFTY FIN SERVICE,bearish,177.43,203.98,3000,79643.04,1697.85,77945.19,pro_LiqSweep+RSI_Div+VWAP,stop_loss_premium_phase3
2024-02-23 09:30:00,2024-02-23 09:45:00,NIFTY FIN SERVICE,bullish,258.01,246.69,3000,-33961.24,2128.99,-36090.23,pro_FVG+VP,target
2024-02-23 14:15:00,2024-02-23 15:15:00,NIFTY FIN SERVICE,bearish,85.06,87.04,3000,5918.59,769.93,5148.66,pro_LiqSweep+RSI_Div+VWAP,intraday_square_off
2024-02-28 14:15:00,2024-02-28 15:15:00,NIFTY FIN SERVICE,bearish,189.28,243.59,3000,162933.94,1973.81,160960.13,pro_LiqSweep+FVG+VWAP,intraday_square_off
2024-02-29 10:00:00,2024-02-29 11:00:00,NIFTY FIN SERVICE,bearish,186.47,186.34,3000,-381.86,1603.08,-1984.94,pro_LiqSweep+FVG+OTE+VWAP,stop_loss_premium_phase2
2024-03-07 10:30:00,2024-03-07 12:00:00,NIFTY FIN SERVICE,bearish,198.19,197.65,3000,-1633.05,1698.32,-3331.37,pro_LiqSweep+RSI_Div+VWAP,stop_loss_premium_phase3
2024-03-13 10:30:00,2024-03-13 11:30:00,NIFTY FIN SERVICE,bullish,199.73,199.6,3000,-363.81,1713.82,-2077.63,pro_LiqSweep+VP,stop_loss_premium_phase2
2024-03-15 14:15:00,2024-03-15 15:15:00,NIFTY FIN SERVICE,bullish,84.84,94.44,3000,28807.19,816.75,27990.44,pro_LiqSweep+VP,intraday_square_off
2024-03-20 09:45:00,2024-03-20 10:45:00,NIFTY FIN SERVICE,bullish,186.88,183.59,3000,-9862.99,1586.37,-11449.36,pro_LiqSweep+VP,stop_loss_premium_phase2
2024-03-22 09:45:00,2024-03-22 11:15:00,NIFTY FIN SERVICE,bullish,76.94,88.75,3000,35449.67,764.87,34684.8,pro_LiqSweep+VP+RSI_Div,stop_loss_premium_phase3
2024-03-22 11:30:00,2024-03-22 13:00:00,NIFTY FIN SERVICE,bullish,202.53,201.97,3000,-1668.5,1734.45,-3402.95,pro_LiqSweep+VP,stop_loss_premium_phase3
2024-03-27 14:15:00,2024-03-27 15:15:00,NIFTY FIN SERVICE,bullish,67.97,76.51,3000,25630.81,669.15,24961.66,pro_LiqSweep+VP,intraday_square_off
2024-04-03 10:45:00,2024-04-03 12:15:00,NIFTY FIN SERVICE,bullish,186.65,200.24,3000,40763.88,1692.11,39071.77,pro_FVG+VP,stop_loss_premium_phase3
2024-04-05 10:30:00,2024-04-05 12:00:00,NIFTY FIN SERVICE,bullish,186.45,212.51,3000,78176.08,1769.98,76406.1,pro_VP+RSI_Div,stop_loss_premium_phase3
2024-04-05 14:15:00,2024-04-05 15:00:00,NIFTY FIN SERVICE,bullish,64.69,85.68,3000,62984.71,721.18,62263.53,pro_VP+RSI_Div,target
2024-04-12 09:30:00,2024-04-12 09:45:00,NIFTY FIN SERVICE,bearish,105.27,99.49,3000,-17338.88,889.19,-18228.07,pro_LiqSweep+RSI_Div+VWAP,target
2024-04-19 10:15:00,2024-04-19 11:45:00,NIFTY FIN SERVICE,bullish,199.22,232.01,3000,98360.39,1919.52,96440.87,pro_FVG+OTE+RSI_Div,stop_loss_premium_phase3
2024-04-22 09:30:00,2024-04-22 09:45:00,NIFTY FIN SERVICE,bullish,275.7,264.38,2880,-32583.08,2187.49,-34770.57,pro_FVG+VP,target
2024-04-26 10:15:00,2024-04-26 11:45:00,NIFTY FIN SERVICE,bullish,189.92,189.63,3000,-864.62,1630.89,-2495.51,pro_LiqSweep+OTE,stop_loss_premium_phase3
2024-05-02 11:15:00,2024-05-02 12:45:00,NIFTY FIN SERVICE,bullish,197.23,196.77,3000,-1375.15,1690.79,-3065.94,pro_FVG+OTE,stop_loss_premium_phase3
2024-05-08 09:45:00,2024-05-08 10:45:00,NIFTY FIN SERVICE,bullish,194.6,194.06,3000,-1604.33,1668.38,-3272.71,pro_LiqSweep+VP+RSI_Div,stop_loss_premium_phase2
2024-05-10 10:30:00,2024-05-10 11:45:00,NIFTY FIN SERVICE,bullish,185.87,185.82,3000,-142.26,1598.6,-1740.86,pro_FVG+VP,stop_loss_premium_phase2
2024-05-15 09:45:00,2024-05-15 10:45:00,NIFTY FIN SERVICE,bullish,201.29,201.12,3000,-498.92,1726.56,-2225.48,pro_LiqSweep+VP,stop_loss_premium_phase2
2024-05-15 14:15:00,2024-05-15 15:15:00,NIFTY FIN SERVICE,bullish,172.09,188.25,3000,48490.65,1586.99,46903.66,pro_FVG+OTE,intraday_square_off
2024-05-18 09:45:00,2024-05-21 09:30:00,NIFTY FIN SERVICE,bullish,64.57,64.39,3000,-538.3,585.08,-1123.38,pro_LiqSweep+VP,stop_loss_premium_phase2
2024-05-22 11:15:00,2024-05-22 12:45:00,NIFTY FIN SERVICE,bullish,201.88,213.46,3000,34730.56,1806.41,32924.15,pro_LiqSweep+FVG,stop_loss_premium_phase3
2024-05-22 14:15:00,2024-05-22 15:15:00,NIFTY FIN SERVICE,bullish,90.36,110.57,3000,60629.8,930.48,59699.32,pro_LiqSweep+FVG+RSI_Div,intraday_square_off
2024-05-23 09:45:00,2024-05-23 11:15:00,NIFTY FIN SERVICE,bullish,196.17,228.07,3000,95695.9,1888.4,93807.5,pro_LiqSweep+VP,stop_loss_premium_phase3
2024-05-24 10:30:00,2024-05-24 11:45:00,NIFTY FIN SERVICE,bearish,180.13,179.96,3000,-501.86,1549.94,-2051.8,pro_OTE+RSI_Div+VWAP,stop_loss_premium_phase2
2024-05-31 09:45:00,2024-05-31 10:45:00,NIFTY FIN SERVICE,bullish,197.43,192.73,3000,-14101.41,1665.46,-15766.87,pro_FVG+VP,stop_loss_premium_phase2
2024-05-31 14:15:00,2024-05-31 15:15:00,NIFTY FIN SERVICE,bullish,94.22,106.47,3000,36726.98,911.92,35815.06,pro_LiqSweep+VP,intraday_square_off
2024-06-07 14:15:00,2024-06-07 15:15:00,NIFTY FIN SERVICE,bearish,191.43,197.75,3000,18952.52,1685.65,17266.87,pro_LiqSweep+FVG+RSI_Div+VWAP,intraday_square_off
2024-06-14 10:00:00,2024-06-14 11:30:00,NIFTY FIN SERVICE,bullish,75.47,88.32,3000,38557.36,759.23,37798.13,pro_LiqSweep+VP,stop_loss_premium_phase3
2024-06-14 14:15:00,2024-06-14 15:15:00,NIFTY FIN SERVICE,bullish,67.53,76.33,3000,26420.65,667.12,25753.53,pro_LiqSweep+VP,intraday_square_off
2024-06-20 14:15:00,2024-06-20 15:15:00,NIFTY FIN SERVICE,bearish,202.03,197.98,3000,-12172.45,1707.98,-13880.43,pro_LiqSweep+FVG+OTE+VWAP,intraday_square_off
2024-06-26 11:00:00,2024-06-26 12:30:00,NIFTY FIN SERVICE,bullish,180.85,212.18,3000,94004.69,1756.86,92247.83,pro_LiqSweep+VP,stop_loss_premium_phase3
2024-06-26 14:15:00,2024-06-26 15:15:00,NIFTY FIN SERVICE,bullish,199.23,184.01,3000,-45644.02,1613.36,-47257.38,pro_LiqSweep+VP+RSI_Div,intraday_square_off
2024-06-27 11:00:00,2024-06-27 12:30:00,NIFTY FIN SERVICE,bearish,219.82,221.44,3000,4864.69,1892.7,2971.99,pro_LiqSweep+FVG+VWAP,stop_loss_premium_phase3
2024-07-04 11:00:00,2024-07-04 12:00:00,NIFTY FIN SERVICE,bearish,4.29,4.29,3000,-5.59,82.98,-88.57,pro_LiqSweep+FVG+VWAP,stop_loss_premium_phase2
2024-07-04 14:15:00,2024-07-04 15:15:00,NIFTY FIN SERVICE,bearish,3.04,11.82,3000,26347.89,128.59,26219.3,pro_LiqSweep+RSI_Div+VWAP,intraday_square_off
2024-07-10 11:15:00,2024-07-10 12:45:00,NIFTY FIN SERVICE,bullish,2983.96,2989.06,1200,6119.53,10024.74,-3905.21,pro_LiqSweep+OTE,stop_loss_premium_phase3
2024-07-10 14:15:00,2024-07-10 14:30:00,NIFTY FIN SERVICE,bullish,2901.75,2909.7,1260,10019.91,10243.0,-223.09,pro_LiqSweep+RSI_Div,target
2024-07-12 09:30:00,2024-07-12 09:45:00,NIFTY FIN SERVICE,bullish,275.28,255.95,3000,-58011.5,2222.03,-60233.53,pro_LiqSweep+FVG+VP,target
2024-07-24 10:30:00,2024-07-24 11:30:00,NIFTY FIN SERVICE,bullish,360.61,359.98,3000,-1906.74,3053.68,-4960.42,pro_LiqSweep+RSI_Div,stop_loss_premium_phase2
2024-07-26 09:30:00,2024-07-26 11:00:00,NIFTY FIN SERVICE,bullish,3315.88,3304.02,840,-9964.16,7777.06,-17741.22,pro_FVG+VP,stop_loss_premium_phase3
2024-07-26 11:15:00,2024-07-26 13:00:00,NIFTY FIN SERVICE,bullish,3408.61,3433.64,1020,25529.77,9776.66,15753.11,pro_LiqSweep+VP,stop_loss_premium_phase3
2024-07-31 14:15:00,2024-07-31 15:15:00,NIFTY FIN SERVICE,bullish,201.29,208.08,3000,20360.36,1770.96,18589.4,pro_LiqSweep+VP,intraday_square_off
2024-08-14 14:15:00,2024-08-14 15:15:00,NIFTY FIN SERVICE,bullish,79.21,74.92,3000,-12881.6,681.1,-13562.7,pro_LiqSweep+VP,intraday_square_off
2024-08-22 09:30:00,2024-08-22 09:45:00,NIFTY FIN SERVICE,bullish,3498.81,3454.5,1020,-45204.11,9882.3,-55086.41,pro_VP+OTE+RSI_Div,target
2024-08-22 14:15:00,2024-08-22 15:15:00,NIFTY FIN SERVICE,bearish,70.86,64.46,3000,-19208.29,597.91,-19806.2,pro_LiqSweep+RSI_Div+VWAP,intraday_square_off
2024-08-29 09:45:00,2024-08-29 10:45:00,NIFTY FIN SERVICE,bullish,70.71,70.56,3000,-457.06,636.58,-1093.64,pro_LiqSweep+VP,stop_loss_premium_phase2
2024-08-29 11:00:00,2024-08-29 12:45:00,NIFTY FIN SERVICE,bullish,92.7,110.86,3000,54476.3,936.91,53539.39,pro_LiqSweep+VP,stop_loss_premium_phase3
2024-08-30 10:00:00,2024-08-30 11:30:00,NIFTY FIN SERVICE,bearish,200.23,200.03,3000,-595.17,1717.5,-2312.67,pro_FVG+OTE+VWAP,stop_loss_premium_phase3
2024-09-11 10:30:00,2024-09-11 11:30:00,NIFTY FIN SERVICE,bearish,179.12,239.0,3000,179640.56,1924.52,177716.04,pro_LiqSweep+OTE+RSI_Div+VWAP,target
2024-09-13 10:00:00,2024-09-13 11:00:00,NIFTY FIN SERVICE,bearish,5.45,5.43,3000,-41.27,92.59,-133.86,pro_OTE+RSI_Div+VWAP,stop_loss_premium_phase2
2024-09-13 14:15:00,2024-09-13 15:15:00,NIFTY FIN SERVICE,bearish,3.88,6.38,3000,7493.95,95.54,7398.41,pro_OTE+RSI_Div+VWAP,intraday_square_off
2024-09-18 14:15:00,2024-09-18 15:15:00,NIFTY FIN SERVICE,bearish,6.87,1.85,3000,-15042.43,72.54,-15114.97,pro_FVG+RSI_Div+VWAP,intraday_square_off
2024-09-25 09:45:00,2024-09-25 11:15:00,NIFTY FIN SERVICE,bullish,1927.33,1922.57,1920,-9134.76,10325.44,-19460.2,pro_LiqSweep+RSI_Div,stop_loss_premium_phase3
2024-09-25 11:30:00,2024-09-25 13:00:00,NIFTY FIN SERVICE,bullish,1928.64,1923.77,1920,-9356.61,10332.0,-19688.61,pro_LiqSweep+VP,stop_loss_premium_phase3
2024-09-26 14:15:00,2024-09-26 14:30:00,NIFTY FIN SERVICE,bullish,1796.9,1819.15,2040,45396.87,10344.58,35052.29,pro_LiqSweep+VP,target
2024-10-24 10:30:00,2024-10-24 12:00:00,NIFTY FIN SERVICE,bullish,192.23,191.7,3000,-1582.37,1648.65,-3231.02,pro_FVG+VP,stop_loss_premium_phase3
2024-10-24 14:15:00,2024-10-24 15:15:00,NIFTY FIN SERVICE,bullish,2659.81,2644.56,1380,-21058.3,10216.81,-31275.11,pro_LiqSweep+FVG+VP,intraday_square_off
2024-10-31 09:30:00,2024-10-31 11:00:00,NIFTY FIN SERVICE,bullish,2544.43,2539.09,1140,-6094.0,8106.18,-14200.18,pro_LiqSweep+RSI_Div,stop_loss_premium_phase3
2024-11-06 10:45:00,2024-11-06 11:45:00,NIFTY FIN SERVICE,bearish,4.2,4.2,3000,-7.59,82.24,-89.83,pro_FVG+RSI_Div+VWAP,stop_loss_premium_phase2
2024-11-22 10:30:00,2024-11-22 11:30:00,NIFTY FIN SERVICE,bearish,3.17,3.17,3000,4.11,73.69,-69.58,pro_OTE+RSI_Div+VWAP,stop_loss_premium_phase2
2024-11-28 09:45:00,2024-11-28 11:15:00,NIFTY FIN SERVICE,bullish,2353.07,2347.03,1560,-9434.53,10242.23,-19676.76,pro_LiqSweep+VP,stop_loss_premium_phase3
2024-11-29 11:15:00,2024-11-29 12:45:00,NIFTY FIN SERVICE,bullish,2747.85,2730.11,1320,-23416.9,10091.06,-33507.96,pro_FVG+RSI_Div,stop_loss_premium_phase3
2024-12-05 09:45:00,2024-12-05 11:15:00,NIFTY FIN SERVICE,bullish,2274.94,2269.1,1620,-9471.82,10282.81,-19754.63,pro_LiqSweep+VP,stop_loss_premium_phase3
2024-12-05 14:15:00,2024-12-05 15:15:00,NIFTY FIN SERVICE,bullish,1916.26,1871.89,1920,-85202.66,10104.57,-95307.23,pro_LiqSweep+VP,intraday_square_off
2024-12-06 09:45:00,2024-12-06 10:45:00,NIFTY FIN SERVICE,bearish,7.36,7.35,3000,-26.51,108.57,-135.08,pro_LiqSweep+FVG+OTE+VWAP,stop_loss_premium_phase2
2024-12-11 10:00:00,2024-12-11 11:45:00,NIFTY FIN SERVICE,bullish,2062.57,2099.11,1740,63576.48,10169.52,53406.96,pro_LiqSweep+VP+RSI_Div,stop_loss_premium_phase3
2024-12-13 14:15:00,2024-12-13 15:15:00,NIFTY FIN SERVICE,bullish,1913.97,1922.35,1920,16092.77,10307.7,5785.07,pro_FVG+VP,intraday_square_off
2024-12-18 09:45:00,2024-12-18 11:15:00,NIFTY FIN SERVICE,bullish,2183.54,2177.93,1680,-9438.81,10235.42,-19674.23,pro_LiqSweep+OTE,stop_loss_premium_phase3
2024-12-26 09:45:00,2024-12-26 11:15:00,NIFTY FIN SERVICE,bullish,2740.57,2723.32,1320,-22768.44,10065.72,-32834.16,pro_LiqSweep+FVG+VP,stop_loss_premium_phase3
2024-12-26 11:30:00,2024-12-26 13:00:00,NIFTY FIN SERVICE,bullish,185.69,185.17,3000,-1560.55,1594.11,-3154.66,pro_LiqSweep+FVG+OTE,stop_loss_premium_phase3
2024-12-26 14:15:00,2024-12-26 15:15:00,NIFTY FIN SERVICE,bullish,191.73,197.85,3000,18378.24,1686.9,16691.34,pro_LiqSweep+OTE+RSI_Div,intraday_square_off
2024-12-27 09:45:00,2024-12-27 11:15:00,NIFTY FIN SERVICE,bullish,2660.44,2653.88,1320,-8653.87,9801.37,-18455.24,pro_LiqSweep+VP+RSI_Div,stop_loss_premium_phase3
2024-12-27 11:30:00,2024-12-27 13:00:00,NIFTY FIN SERVICE,bullish,2658.57,2644.27,1320,-18877.52,9772.79,-28650.31,pro_LiqSweep+VP,stop_loss_premium_phase3
2025-01-01 10:00:00,2025-01-01 11:00:00,NIFTY FIN SERVICE,bearish,196.17,196.1,3000,-201.3,1684.45,-1885.75,pro_LiqSweep+FVG+RSI_Div+VWAP,stop_loss_premium_phase2
2025-01-03 14:15:00,2025-01-03 15:15:00,NIFTY FIN SERVICE,bearish,2.86,24.68,3000,65463.72,210.27,65253.45,pro_LiqSweep+FVG+VWAP,intraday_square_off
2025-01-08 10:45:00,2025-01-08 12:15:00,NIFTY FIN SERVICE,bearish,145.79,175.51,3000,89156.99,1453.91,87703.08,pro_LiqSweep+VP+VWAP,stop_loss_premium_phase3
2025-01-15 09:45:00,2025-01-15 11:15:00,NIFTY FIN SERVICE,bullish,3675.24,3693.32,960,17356.38,9902.47,7453.91,pro_LiqSweep+OTE,stop_loss_premium_phase3
2025-01-15 11:30:00,2025-01-15 13:00:00,NIFTY FIN SERVICE,bullish,3585.11,3576.25,1020,-9035.12,10204.16,-19239.28,pro_LiqSweep+VP,stop_loss_premium_phase3
2025-01-22 14:15:00,2025-01-22 15:15:00,NIFTY FIN SERVICE,bullish,189.77,226.65,3000,110622.37,1866.74,108755.63,pro_LiqSweep+RSI_Div,intraday_square_off
2025-01-24 09:45:00,2025-01-24 10:15:00,NIFTY FIN SERVICE,bullish,85.87,121.82,3000,107878.08,993.43,106884.65,pro_LiqSweep+OTE,target
2025-01-24 10:45:00,2025-01-24 12:15:00,NIFTY FIN SERVICE,bullish,178.2,219.48,3000,123846.41,1798.22,122048.19,pro_LiqSweep+VP,stop_loss_premium_phase3
2025-01-31 11:15:00,2025-01-31 13:00:00,NIFTY FIN SERVICE,bullish,183.29,265.21,3000,245783.59,2099.98,243683.61,pro_FVG+VP,target
2025-02-01 10:00:00,2025-02-01 11:15:00,NIFTY FIN SERVICE,bearish,195.37,195.43,3000,172.89,1678.62,-1505.73,pro_OTE+RSI_Div+VWAP,stop_loss_premium_phase2
2025-02-01 14:15:00,2025-02-01 15:15:00,NIFTY FIN SERVICE,bearish,1.3,17.75,3000,49332.69,162.98,49169.71,pro_LiqSweep+RSI_Div+VWAP,intraday_square_off
2025-02-05 11:30:00,2025-02-05 12:30:00,NIFTY FIN SERVICE,bearish,9.0,8.99,3000,-13.67,122.29,-135.96,pro_LiqSweep+RSI_Div+VWAP,stop_loss_premium_phase2
2025-02-05 14:15:00,2025-02-05 15:15:00,NIFTY FIN SERVICE,bearish,189.4,217.36,3000,83874.66,1806.72,82067.94,pro_LiqSweep+OTE+RSI_Div+VWAP,intraday_square_off
2025-03-05 09:45:00,2025-03-05 11:00:00,NIFTY FIN SERVICE,bullish,201.15,200.88,3000,-803.99,1724.79,-2528.78,pro_LiqSweep+VP,stop_loss_premium_phase2
2025-03-05 11:15:00,2025-03-05 12:45:00,NIFTY FIN SERVICE,bullish,3409.98,3414.2,1080,4557.84,10305.34,-5747.5,pro_LiqSweep+VP,stop_loss_premium_phase3
2025-03-05 14:15:00,2025-03-05 15:15:00,NIFTY FIN SERVICE,bullish,3322.95,3298.27,1140,-28136.96,10529.06,-38666.02,pro_LiqSweep+VP,intraday_square_off
2025-03-07 11:00:00,2025-03-07 12:00:00,NIFTY FIN SERVICE,bullish,187.26,187.07,3000,-577.34,1609.29,-2186.63,pro_FVG+VP,stop_loss_premium_phase2
2025-03-07 14:15:00,2025-03-07 15:15:00,NIFTY FIN SERVICE,bullish,87.21,82.68,3000,-13592.35,746.38,-14338.73,pro_LiqSweep+OTE+RSI_Div,intraday_square_off
2025-03-12 10:15:00,2025-03-12 11:45:00,NIFTY FIN SERVICE,bullish,3235.8,3227.53,1140,-9434.74,10292.37,-19727.11,pro_FVG+VP,stop_loss_premium_phase3
2025-03-12 14:15:00,2025-03-12 15:15:00,NIFTY FIN SERVICE,bullish,186.85,173.58,3000,-39792.12,1522.47,-41314.59,pro_LiqSweep+VP,intraday_square_off
2025-03-19 10:15:00,2025-03-19 11:15:00,NIFTY FIN SERVICE,bearish,4.58,4.57,3000,-14.63,85.39,-100.02,pro_LiqSweep+RSI_Div+VWAP,stop_loss_premium_phase2
2025-04-02 09:45:00,2025-04-02 11:15:00,NIFTY FIN SERVICE,bullish,2063.87,2058.67,1800,-9371.32,10365.3,-19736.62,pro_LiqSweep+FVG+VP+RSI_Div,stop_loss_premium_phase3
2025-04-02 11:30:00,2025-04-02 13:00:00,NIFTY FIN SERVICE,bullish,2065.0,2062.74,1800,-4066.24,10382.23,-14448.47,pro_LiqSweep+FVG+VP,stop_loss_premium_phase3
2025-04-09 10:00:00,2025-04-09 11:30:00,NIFTY FIN SERVICE,bullish,2460.94,2455.62,1500,-7980.67,10302.69,-18283.36,pro_FVG+OTE,stop_loss_premium_phase3
2025-04-24 10:30:00,2025-04-24 12:00:00,NIFTY FIN SERVICE,bearish,148.92,160.69,3000,35313.91,1365.52,33948.39,pro_LiqSweep+RSI_Div+VWAP,stop_loss_premium_phase3
2025-04-25 11:00:00,2025-04-25 12:30:00,NIFTY FIN SERVICE,bearish,56.04,96.04,3000,120015.08,770.21,119244.87,pro_LiqSweep+VP+RSI_Div+VWAP,stop_loss_premium_phase3
2025-04-28 09:30:00,2025-04-28 10:30:00,NIFTY FIN SERVICE,bearish,64.5,62.64,3000,-5570.81,573.83,-6144.64,pro_FVG+RSI_Div+VWAP,stop_loss_premium_phase2
2025-05-07 10:00:00,2025-05-07 11:30:00,NIFTY FIN SERVICE,bullish,658.78,675.71,3000,50790.94,5654.98,45135.96,pro_FVG+VP+RSI_Div,stop_loss_premium_phase3
2025-05-07 14:15:00,2025-05-07 15:00:00,NIFTY FIN SERVICE,bullish,985.3,1034.81,3000,148533.05,8588.7,139944.35,pro_LiqSweep+VP,target
2025-05-09 14:15:00,2025-05-09 15:15:00,NIFTY FIN SERVICE,bullish,1611.04,1622.92,2400,28507.39,10867.51,17639.88,pro_LiqSweep+RSI_Div,intraday_square_off
2025-05-14 10:00:00,2025-05-14 11:30:00,NIFTY FIN SERVICE,bullish,771.27,765.83,3000,-16308.88,6451.37,-22760.25,pro_FVG+OTE+RSI_Div,stop_loss_premium_phase3
2025-05-14 14:15:00,2025-05-14 15:15:00,NIFTY FIN SERVICE,bullish,991.86,1018.04,3000,78555.98,8494.67,70061.31,pro_FVG+OTE,intraday_square_off
2025-05-16 11:15:00,2025-05-16 12:45:00,NIFTY FIN SERVICE,bullish,631.96,641.44,3000,28456.97,5383.55,23073.42,pro_FVG+VP+RSI_Div,stop_loss_premium_phase3
2025-05-22 14:15:00,2025-05-22 14:30:00,NIFTY FIN SERVICE,bullish,658.78,687.04,3000,84772.16,5727.25,79044.91,pro_LiqSweep+RSI_Div,target
2025-05-23 14:15:00,2025-05-23 15:15:00,NIFTY FIN SERVICE,bearish,173.34,174.86,3000,4569.63,1504.0,3065.63,pro_LiqSweep+RSI_Div+VWAP,intraday_square_off
2025-05-28 14:15:00,2025-05-28 15:15:00,NIFTY FIN SERVICE,bearish,172.87,167.58,3000,-15873.07,1456.63,-17329.7,pro_OTE+RSI_Div+VWAP,intraday_square_off
2025-05-29 09:45:00,2025-05-29 11:15:00,NIFTY FIN SERVICE,bullish,598.87,597.75,3000,-3362.63,5039.68,-8402.31,pro_LiqSweep+OTE,stop_loss_premium_phase3
2025-05-29 14:15:00,2025-05-29 15:00:00,NIFTY FIN SERVICE,bullish,802.17,853.82,3000,154951.07,7073.52,147877.55,pro_LiqSweep+RSI_Div,target
2025-05-30 09:45:00,2025-05-30 11:15:00,NIFTY FIN SERVICE,bullish,562.34,560.86,3000,-4444.28,4732.38,-9176.66,pro_LiqSweep+VP,stop_loss_premium_phase3
2025-05-30 14:15:00,2025-05-30 15:15:00,NIFTY FIN SERVICE,bullish,563.4,562.69,3000,-2133.78,4746.14,-6879.92,pro_FVG+VP+OTE,intraday_square_off
2025-06-05 09:45:00,2025-06-05 11:15:00,NIFTY FIN SERVICE,bullish,599.34,598.27,3000,-3225.69,5043.89,-8269.58,pro_LiqSweep+VP,stop_loss_premium_phase3
2025-06-05 11:30:00,2025-06-05 12:00:00,NIFTY FIN SERVICE,bullish,773.53,839.24,3000,197130.38,6924.15,190206.23,pro_LiqSweep+VP,target
2025-06-11 10:30:00,2025-06-11 12:00:00,NIFTY FIN SERVICE,bullish,399.36,398.4,3000,-2891.59,3375.09,-6266.68,pro_LiqSweep+FVG+VP+RSI_Div,stop_loss_premium_phase3
2025-06-13 14:15:00,2025-06-13 15:15:00,NIFTY FIN SERVICE,bullish,599.31,593.21,3000,-18292.01,5011.55,-23303.56,pro_LiqSweep+FVG+VP+RSI_Div,intraday_square_off
2025-06-18 10:00:00,2025-06-18 11:30:00,NIFTY FIN SERVICE,bullish,632.83,631.71,3000,-3359.54,5323.21,-8682.75,pro_VP+RSI_Div,stop_loss_premium_phase3
2025-06-20 10:45:00,2025-06-20 12:15:00,NIFTY FIN SERVICE,bullish,563.65,594.79,3000,93407.99,4951.43,88456.56,pro_FVG+VP,stop_loss_premium_phase3
2025-06-26 10:15:00,2025-06-26 11:45:00,NIFTY FIN SERVICE,bullish,302.02,301.54,3000,-1451.47,2565.49,-4016.96,pro_LiqSweep+FVG+VP,stop_loss_premium_phase3
2025-07-04 11:00:00,2025-07-04 12:30:00,NIFTY FIN SERVICE,bullish,429.52,428.82,3000,-2094.09,3628.53,-5722.62,pro_LiqSweep+VP,stop_loss_premium_phase3
2025-07-04 14:15:00,2025-07-04 14:30:00,NIFTY FIN SERVICE,bullish,330.87,357.8,3000,80813.41,2981.24,77832.17,pro_VP+RSI_Div,target
2025-07-09 10:00:00,2025-07-09 11:30:00,NIFTY FIN SERVICE,bearish,386.96,387.11,3000,469.61,3278.66,-2809.05,pro_FVG+OTE+VWAP,stop_loss_premium_phase3
2025-07-09 14:15:00,2025-07-09 15:15:00,NIFTY FIN SERVICE,bearish,457.8,445.89,3000,-35734.82,3793.15,-39527.97,pro_LiqSweep+OTE+VWAP,intraday_square_off
2025-07-11 14:15:00,2025-07-11 15:15:00,NIFTY FIN SERVICE,bullish,302.76,304.26,3000,4502.22,2584.31,1917.91,pro_LiqSweep+OTE+RSI_Div,intraday_square_off
2025-07-24 10:00:00,2025-07-24 11:30:00,NIFTY FIN SERVICE,bearish,535.8,534.38,3000,-4252.04,4511.25,-8763.29,pro_LiqSweep+RSI_Div+VWAP,stop_loss_premium_phase3
2025-08-01 14:15:00,2025-08-01 15:15:00,NIFTY FIN SERVICE,bearish,204.51,255.19,3000,152029.58,2077.83,149951.75,pro_LiqSweep+RSI_Div+VWAP,intraday_square_off
2025-08-06 09:45:00,2025-08-06 11:15:00,NIFTY FIN SERVICE,bullish,726.03,724.14,3000,-5668.19,6096.3,-11764.49,pro_LiqSweep+VP,stop_loss_premium_phase3
2025-08-06 11:30:00,2025-08-06 13:00:00,NIFTY FIN SERVICE,bullish,726.42,741.03,3000,43834.27,6204.85,37629.42,pro_VP+OTE+RSI_Div,stop_loss_premium_phase3
2025-08-08 09:30:00,2025-08-08 11:00:00,NIFTY FIN SERVICE,bullish,693.6,653.21,3000,-121159.98,5580.01,-126739.99,pro_VP+RSI_Div,stop_loss_premium_phase3
2025-08-14 09:45:00,2025-08-14 11:15:00,NIFTY FIN SERVICE,bullish,598.94,601.25,3000,6936.14,5062.12,1874.02,pro_LiqSweep+VP,stop_loss_premium_phase3
2025-08-14 11:30:00,2025-08-14 13:00:00,NIFTY FIN SERVICE,bullish,632.53,653.32,3000,62383.62,5460.46,56923.16,pro_LiqSweep+VP,stop_loss_premium_phase3
2025-08-18 09:30:00,2025-08-18 09:45:00,NIFTY FIN SERVICE,bullish,773.24,626.13,1800,-264806.53,3357.31,-268163.84,pro_LiqSweep+VP+OTE,target
2025-08-20 11:15:00,2025-08-20 13:15:00,NIFTY FIN SERVICE,bullish,599.12,597.6,3000,-4577.71,5039.19,-9616.9,pro_LiqSweep+FVG,stop_loss_premium_phase3
2025-08-22 09:45:00,2025-08-22 10:15:00,NIFTY FIN SERVICE,bearish,115.14,137.9,3000,68297.58,1153.64,67143.94,pro_FVG+RSI_Div+VWAP,target
2025-09-12 09:45:00,2025-09-12 11:15:00,NIFTY FIN SERVICE,bullish,773.19,805.77,3000,97730.38,6709.9,91020.48,pro_LiqSweep+VP,target
2025-09-12 11:30:00,2025-09-12 13:15:00,NIFTY FIN SERVICE,bullish,632.91,647.25,3000,43017.42,5422.48,37594.94,pro_LiqSweep+VP,stop_loss_premium_phase3
2025-09-17 09:45:00,2025-09-17 11:15:00,NIFTY FIN SERVICE,bullish,563.22,561.85,3000,-4111.29,4740.46,-8851.75,pro_LiqSweep+VP,stop_loss_premium_phase3
2025-09-17 11:30:00,2025-09-17 13:00:00,NIFTY FIN SERVICE,bullish,562.32,581.0,3000,56056.32,4860.83,51195.49,pro_LiqSweep+VP,stop_loss_premium_phase3
2025-09-19 10:45:00,2025-09-19 12:15:00,NIFTY FIN SERVICE,bullish,598.41,597.25,3000,-3496.47,5035.56,-8532.03,pro_FVG+RSI_Div,stop_loss_premium_phase3
2025-09-22 09:30:00,2025-09-22 09:45:00,NIFTY FIN SERVICE,bullish,525.17,526.81,3000,4900.4,4441.96,458.44,pro_FVG+VP+OTE,target
2025-10-03 11:00:00,2025-10-03 12:30:00,NIFTY FIN SERVICE,bullish,803.28,814.22,3000,32822.53,6823.12,25999.41,pro_VP+OTE,stop_loss_premium_phase3
2025-10-10 14:15:00,2025-10-10 15:00:00,NIFTY FIN SERVICE,bearish,263.57,294.05,3000,91418.08,2442.02,88976.06,pro_LiqSweep+RSI_Div+VWAP,target
2025-10-15 09:45:00,2025-10-15 10:45:00,NIFTY FIN SERVICE,bullish,332.55,406.77,3000,222680.14,3296.93,219383.21,pro_FVG+VP,target
2025-10-15 14:15:00,2025-10-15 15:15:00,NIFTY FIN SERVICE,bullish,210.24,208.77,3000,-4386.27,1793.0,-6179.27,pro_FVG+VP,intraday_square_off
2025-10-16 10:00:00,2025-10-16 11:30:00,NIFTY FIN SERVICE,bearish,597.99,596.92,3000,-3215.93,5032.63,-8248.56,pro_OTE+RSI_Div+VWAP,stop_loss_premium_phase3
2025-10-31 09:30:00,2025-10-31 10:30:00,NIFTY FIN SERVICE,bullish,80.24,80.11,3000,-392.03,716.28,-1108.31,pro_FVG+OTE+RSI_Div,stop_loss_premium_phase2
2025-11-12 14:15:00,2025-11-12 15:15:00,NIFTY FIN SERVICE,bearish,748.97,774.69,3000,77177.24,6464.0,70713.24,pro_LiqSweep+RSI_Div+VWAP,intraday_square_off
2025-11-13 09:45:00,2025-11-13 11:15:00,NIFTY FIN SERVICE,bearish,615.62,609.67,3000,-17853.54,5148.7,-23002.24,pro_LiqSweep+FVG+VWAP,stop_loss_premium_phase3
2025-11-17 09:30:00,2025-11-17 09:45:00,NIFTY FIN SERVICE,bullish,186.09,126.09,3000,-179994.31,1218.0,-181212.31,pro_VP+RSI_Div,target
2025-11-19 10:30:00,2025-11-19 13:00:00,NIFTY FIN SERVICE,bullish,97.3,146.73,3000,148291.15,1174.85,147116.3,pro_FVG+OTE+RSI_Div,target
2025-11-26 10:00:00,2025-11-26 11:30:00,NIFTY FIN SERVICE,bullish,591.78,603.95,3000,36508.13,5065.21,31442.92,pro_VP+RSI_Div,stop_loss_premium_phase3
2025-11-28 10:45:00,2025-11-28 12:15:00,NIFTY FIN SERVICE,bearish,2246.28,2259.99,1800,24695.34,11351.39,13343.95,pro_LiqSweep+FVG+OTE+VWAP,stop_loss_premium_phase3
2025-12-10 10:00:00,2025-12-10 11:00:00,NIFTY FIN SERVICE,bullish,72.93,73.04,3000,331.13,656.79,-325.66,pro_FVG+VP+RSI_Div,stop_loss_premium_phase2
2025-12-11 10:15:00,2025-12-11 11:45:00,NIFTY FIN SERVICE,bullish,98.72,115.72,3000,50992.35,979.78,50012.57,pro_LiqSweep+VP+RSI_Div,stop_loss_premium_phase3
2025-12-18 11:15:00,2025-12-18 12:45:00,NIFTY FIN SERVICE,bullish,139.83,148.4,3000,25707.65,1269.24,24438.41,pro_FVG+VP,stop_loss_premium_phase3
2025-12-19 11:00:00,2025-12-19 12:30:00,NIFTY FIN SERVICE,bearish,597.49,603.01,3000,16585.29,5070.51,11514.78,pro_LiqSweep+OTE+RSI_Div+VWAP,stop_loss_premium_phase3
2025-12-24 10:45:00,2025-12-24 11:45:00,NIFTY FIN SERVICE,bullish,74.6,74.32,3000,-834.66,668.2,-1502.86,pro_FVG+VP,stop_loss_premium_phase2
2025-12-26 10:30:00,2025-12-26 11:30:00,NIFTY FIN SERVICE,bullish,72.92,69.83,3000,-9293.42,636.23,-9929.65,pro_LiqSweep+RSI_Div,stop_loss_premium_phase2
2025-12-31 09:45:00,2025-12-31 11:15:00,NIFTY FIN SERVICE,bullish,105.31,134.37,3000,87158.29,1111.74,86046.55,pro_LiqSweep+VP,stop_loss_premium_phase3
2025-12-31 11:30:00,2025-12-31 12:45:00,NIFTY FIN SERVICE,bullish,97.56,166.97,3000,208231.45,1304.48,206926.97,pro_LiqSweep+VP,target
2026-01-05 09:45:00,2026-01-05 11:15:00,NIFTY FIN SERVICE,bullish,184.53,192.11,3000,22715.23,1636.06,21079.17,pro_VP+OTE,stop_loss_premium_phase3
2026-01-06 11:30:00,2026-01-06 13:00:00,NIFTY FIN SERVICE,bullish,482.89,482.03,3000,-2576.62,4073.1,-6649.72,pro_FVG+VP,stop_loss_premium_phase3
2026-01-07 14:15:00,2026-01-07 15:00:00,NIFTY FIN SERVICE,bullish,536.3,561.04,3000,74231.92,4682.28,69549.64,pro_VP+OTE,target
2026-01-08 14:15:00,2026-01-08 15:15:00,NIFTY FIN SERVICE,bearish,749.54,748.68,3000,-2575.38,6299.15,-8874.53,pro_FVG+RSI_Div+VWAP,intraday_square_off
2026-01-09 10:30:00,2026-01-09 12:00:00,NIFTY FIN SERVICE,bullish,563.5,562.5,3000,-2985.15,4745.15,-7730.3,pro_VP+RSI_Div,stop_loss_premium_phase3
2026-01-12 10:30:00,2026-01-12 11:30:00,NIFTY FIN SERVICE,bullish,72.79,72.89,3000,289.79,655.52,-365.73,pro_LiqSweep+VP,stop_loss_premium_phase2
2026-01-16 09:45:00,2026-01-16 11:15:00,NIFTY FIN SERVICE,bearish,748.89,742.64,3000,-18757.08,6259.36,-25016.44,pro_LiqSweep+RSI_Div+VWAP,stop_loss_premium_phase3
2026-01-19 11:15:00,2026-01-19 12:45:00,NIFTY FIN SERVICE,bullish,98.19,124.82,3000,79878.04,1036.82,78841.22,pro_FVG+OTE+RSI_Div,stop_loss_premium_phase3
2026-01-19 14:15:00,2026-01-19 15:15:00,NIFTY FIN SERVICE,bullish,86.17,89.74,3000,10723.43,789.36,9934.07,pro_FVG+VP,intraday_square_off
2026-01-28 09:45:00,2026-01-28 11:30:00,NIFTY FIN SERVICE,bullish,98.72,131.94,3000,99658.07,1083.26,98574.81,pro_FVG+VP+RSI_Div,stop_loss_premium_phase3
2026-01-29 09:45:00,2026-01-29 11:15:00,NIFTY FIN SERVICE,bullish,105.58,169.98,3000,193186.41,1339.43,191846.98,pro_LiqSweep+FVG+OTE,target
2026-01-29 11:30:00,2026-01-29 13:00:00,NIFTY FIN SERVICE,bullish,85.84,116.28,3000,91306.66,958.01,90348.65,pro_LiqSweep+VP,stop_loss_premium_phase3
2026-02-03 09:45:00,2026-02-03 11:15:00,NIFTY FIN SERVICE,bearish,1098.58,1095.74,3000,-8543.63,9200.45,-17744.08,pro_OTE+RSI_Div+VWAP,stop_loss_premium_phase3
2026-02-03 11:30:00,2026-02-03 13:00:00,NIFTY FIN SERVICE,bearish,748.76,770.41,3000,64956.66,6436.24,58520.42,pro_LiqSweep+OTE+VWAP,stop_loss_premium_phase3
2026-02-04 09:30:00,2026-02-04 11:00:00,NIFTY FIN SERVICE,bearish,728.7,726.99,3000,-5134.35,6119.78,-11254.13,pro_LiqSweep+OTE+RSI_Div+VWAP,stop_loss_premium_phase3
2026-02-06 09:45:00,2026-02-06 11:15:00,NIFTY FIN SERVICE,bullish,562.69,561.61,3000,-3221.24,4737.9,-7959.14,pro_VP+OTE+RSI_Div,stop_loss_premium_phase3
2026-02-06 14:15:00,2026-02-06 15:15:00,NIFTY FIN SERVICE,bullish,226.02,271.4,3000,136119.95,2223.57,133896.38,pro_FVG+VP,intraday_square_off
2026-02-11 10:45:00,2026-02-11 12:15:00,NIFTY FIN SERVICE,bullish,131.42,131.1,3000,-950.68,1142.31,-2092.99,pro_VP+RSI_Div,stop_loss_premium_phase3
2026-02-11 14:15:00,2026-02-11 15:15:00,NIFTY FIN SERVICE,bullish,11.12,24.06,3000,38810.13,222.58,38587.55,pro_LiqSweep+VP,intraday_square_off
2026-02-12 14:15:00,2026-02-12 15:15:00,NIFTY FIN SERVICE,bearish,1882.89,1861.12,2340,-50946.64,12199.77,-63146.41,pro_OTE+RSI_Div+VWAP,intraday_square_off
2026-02-16 10:15:00,2026-02-16 11:15:00,NIFTY FIN SERVICE,bullish,10.92,10.91,3000,-23.2,138.33,-161.53,pro_LiqSweep+VP,stop_loss_premium_phase2
2026-02-16 11:30:00,2026-02-16 13:15:00,NIFTY FIN SERVICE,bullish,148.39,170.54,3000,66444.78,1427.3,65017.48,pro_LiqSweep+FVG+VP,stop_loss_premium_phase3
2026-02-16 14:15:00,2026-02-16 15:00:00,NIFTY FIN SERVICE,bullish,164.92,219.53,3000,163837.09,1772.4,162064.69,pro_LiqSweep+VP,target
2026-02-17 09:45:00,2026-02-17 10:15:00,NIFTY FIN SERVICE,bullish,459.87,507.37,3000,142509.8,4189.41,138320.39,pro_LiqSweep+OTE,target
2026-02-19 09:30:00,2026-02-19 10:30:00,NIFTY FIN SERVICE,bullish,106.18,103.51,3000,-7999.01,916.63,-8915.64,pro_VP+RSI_Div,stop_loss_premium_phase2
2026-02-25 09:45:00,2026-02-25 11:15:00,NIFTY FIN SERVICE,bullish,107.43,116.07,3000,25935.74,999.21,24936.53,pro_FVG+VP,stop_loss_premium_phase3
2026-03-04 09:30:00,2026-03-04 11:00:00,NIFTY FIN SERVICE,bullish,398.78,375.9,3000,-68651.1,3230.43,-71881.53,pro_FVG+OTE+RSI_Div,stop_loss_premium_phase3
2026-03-16 10:30:00,2026-03-16 11:30:00,NIFTY FIN SERVICE,bearish,8.86,8.8,3000,-184.73,120.75,-305.48,pro_LiqSweep+VP+VWAP,stop_loss_premium_phase2
2026-03-16 14:15:00,2026-03-16 15:15:00,NIFTY FIN SERVICE,bullish,1496.81,1536.66,2940,117167.01,12542.36,104624.65,pro_LiqSweep+FVG+VP,intraday_square_off
2026-03-18 10:00:00,2026-03-18 11:00:00,NIFTY FIN SERVICE,bearish,33.28,33.46,3000,523.34,326.17,197.17,pro_OTE+RSI_Div+VWAP,stop_loss_premium_phase2
2026-03-18 11:15:00,2026-03-18 12:15:00,NIFTY FIN SERVICE,bearish,32.34,32.5,3000,486.94,318.2,168.74,pro_OTE+RSI_Div+VWAP,stop_loss_premium_phase2
2026-03-24 14:15:00,2026-03-24 15:15:00,NIFTY FIN SERVICE,bearish,5.29,25.06,3000,59305.46,217.47,59087.99,pro_LiqSweep+FVG+VWAP,intraday_square_off
2026-04-01 10:45:00,2026-04-01 12:15:00,NIFTY FIN SERVICE,bearish,767.94,765.93,3000,-6017.2,6445.45,-12462.65,pro_FVG+OTE+VWAP,stop_loss_premium_phase3
2026-04-01 14:15:00,2026-04-01 14:45:00,NIFTY FIN SERVICE,bearish,5.65,73.86,3000,204628.81,529.47,204099.34,pro_FVG+RSI_Div+VWAP,target
2026-04-07 09:30:00,2026-04-07 11:00:00,NIFTY FIN SERVICE,bullish,2089.96,2114.92,1740,43433.71,10259.29,33174.42,pro_FVG+VP,stop_loss_premium_phase3
2026-04-07 14:15:00,2026-04-07 15:15:00,NIFTY FIN SERVICE,bullish,2066.52,2111.89,2160,98009.26,12677.12,85332.14,pro_LiqSweep+VP+RSI_Div,intraday_square_off
2026-04-09 14:15:00,2026-04-09 15:15:00,NIFTY FIN SERVICE,bullish,1381.49,1425.77,3000,132840.99,11862.88,120978.11,pro_FVG+RSI_Div,intraday_square_off
2026-04-17 09:45:00,2026-04-17 11:15:00,NIFTY FIN SERVICE,bullish,562.52,567.48,3000,14888.25,4775.01,10113.24,pro_FVG+OTE,stop_loss_premium_phase3
2026-04-17 11:30:00,2026-04-17 13:15:00,NIFTY FIN SERVICE,bullish,511.91,527.81,3000,47704.07,4422.26,43281.81,pro_FVG+VP+RSI_Div,stop_loss_premium_phase3
2026-04-22 09:45:00,2026-04-22 10:45:00,NIFTY FIN SERVICE,bearish,222.54,222.01,3000,-1589.99,1901.69,-3491.68,pro_LiqSweep+VP+RSI_Div+VWAP,stop_loss_premium_phase2
2026-04-22 11:00:00,2026-04-22 12:30:00,NIFTY FIN SERVICE,bearish,204.56,203.99,3000,-1711.58,1751.34,-3462.92,pro_LiqSweep+RSI_Div+VWAP,stop_loss_premium_phase3
2026-04-30 14:15:00,2026-04-30 15:15:00,NIFTY FIN SERVICE,bullish,896.62,869.62,3000,-81017.17,7360.29,-88377.46,pro_LiqSweep+FVG+VP,intraday_square_off
2026-05-04 11:00:00,2026-05-04 12:00:00,NIFTY FIN SERVICE,bearish,39.44,39.65,3000,630.19,377.84,252.35,pro_OTE+RSI_Div+VWAP,stop_loss_premium_phase2
2026-05-08 11:15:00,2026-05-08 12:45:00,NIFTY FIN SERVICE,bullish,598.98,597.52,3000,-4376.34,5038.38,-9414.72,pro_LiqSweep+FVG,stop_loss_premium_phase3
2026-05-15 10:45:00,2026-05-15 12:15:00,NIFTY FIN SERVICE,bearish,28.96,60.87,3000,95729.82,492.52,95237.3,pro_FVG+OTE+RSI_Div+VWAP,stop_loss_premium_phase3
2026-05-19 10:00:00,2026-05-19 11:00:00,NIFTY FIN SERVICE,bearish,15.68,15.66,3000,-43.44,177.99,-221.43,pro_LiqSweep+OTE+RSI_Div+VWAP,stop_loss_premium_phase2
2026-05-19 11:15:00,2026-05-19 11:45:00,NIFTY FIN SERVICE,bearish,15.51,0.0,3000,-46519.23,77.74,-46596.97,pro_LiqSweep+OTE+VWAP,end_of_data
