entry_time,exit_time,symbol,direction,entry_price,exit_price,quantity,gross_pnl,costs,net_pnl,strategy,exit_reason
2015-01-20 09:45:00,2015-01-20 11:15:00,NIFTY BANK,bullish,172.94,192.61,30,590.1,62.89,527.21,pro_LiqSweep+VP,stop_loss_premium_phase3
2015-01-20 11:30:00,2015-01-20 13:00:00,NIFTY BANK,bullish,174.45,218.94,30,1334.65,64.6,1270.05,pro_LiqSweep+VP,stop_loss_premium_phase3
2015-02-03 09:30:00,2015-02-03 11:00:00,NIFTY BANK,bearish,214.68,251.26,30,1097.58,67.46,1030.12,pro_FVG+OTE+VWAP,stop_loss_premium_phase3
2015-02-10 11:00:00,2015-02-10 12:15:00,NIFTY BANK,bullish,206.45,205.89,30,-16.64,64.4,-81.04,pro_FVG+VP,stop_loss_premium_phase2
2015-03-03 11:15:00,2015-03-03 12:45:00,NIFTY BANK,bullish,225.91,239.87,30,418.56,66.95,351.61,pro_FVG+OTE+RSI_Div,stop_loss_premium_phase3
2015-03-10 11:00:00,2015-03-10 12:30:00,NIFTY BANK,bearish,190.67,190.15,30,-15.45,63.08,-78.53,pro_LiqSweep+FVG+OTE+VWAP,stop_loss_premium_phase3
2015-04-06 10:30:00,2015-04-06 12:00:00,NIFTY BANK,bearish,191.66,218.41,30,802.25,64.91,737.34,pro_OTE+RSI_Div+VWAP,stop_loss_premium_phase3
2015-04-15 09:30:00,2015-04-15 11:00:00,NIFTY BANK,bearish,110.48,124.81,60,860.13,67.48,792.65,pro_LiqSweep+FVG+VWAP,stop_loss_premium_phase3
2015-04-17 09:45:00,2015-04-17 11:15:00,NIFTY BANK,bearish,190.98,193.59,30,78.2,63.31,14.89,pro_LiqSweep+RSI_Div+VWAP,stop_loss_premium_phase3
2015-04-17 11:30:00,2015-04-17 13:00:00,NIFTY BANK,bearish,188.31,187.89,30,-12.49,62.89,-75.38,pro_LiqSweep+FVG+VWAP,stop_loss_premium_phase3
2015-04-21 14:15:00,2015-04-21 14:45:00,NIFTY BANK,bearish,185.16,254.25,30,2072.89,67.07,2005.82,pro_OTE+RSI_Div+VWAP,target
2015-05-04 10:00:00,2015-05-04 11:30:00,NIFTY BANK,bullish,220.4,238.96,30,556.64,66.78,489.86,pro_FVG+VP,stop_loss_premium_phase3
2015-05-08 10:30:00,2015-05-08 12:00:00,NIFTY BANK,bearish,208.61,202.58,30,-180.84,64.23,-245.07,pro_LiqSweep+FVG+VWAP,stop_loss_premium_phase3
2015-05-12 10:00:00,2015-05-12 11:30:00,NIFTY BANK,bearish,185.29,202.61,30,519.63,63.77,455.86,pro_FVG+RSI_Div+VWAP,stop_loss_premium_phase3
2015-05-26 10:30:00,2015-05-26 12:00:00,NIFTY BANK,bullish,185.44,205.6,30,604.82,63.97,540.85,pro_FVG+OTE+RSI_Div,stop_loss_premium_phase3
2015-05-29 09:45:00,2015-05-29 11:15:00,NIFTY BANK,bullish,216.82,256.0,30,1175.4,67.8,1107.6,pro_FVG+VP,stop_loss_premium_phase3
2015-05-29 11:30:00,2015-05-29 13:00:00,NIFTY BANK,bullish,187.79,181.87,30,-177.72,62.5,-240.22,pro_FVG+VP,stop_loss_premium_phase3
2015-06-12 10:30:00,2015-06-12 12:15:00,NIFTY BANK,bullish,205.31,237.83,30,975.61,66.41,909.2,pro_FVG+OTE+RSI_Div,stop_loss_premium_phase3
2015-06-12 14:15:00,2015-06-12 14:30:00,NIFTY BANK,bullish,204.34,257.41,30,1591.99,67.64,1524.35,pro_VP+RSI_Div,target
2015-06-15 10:45:00,2015-06-15 12:15:00,NIFTY BANK,bearish,209.99,209.43,30,-16.91,64.69,-81.6,pro_FVG+RSI_Div+VWAP,stop_loss_premium_phase3
2015-06-16 11:15:00,2015-06-16 12:45:00,NIFTY BANK,bullish,212.04,206.53,30,-165.29,64.55,-229.84,pro_FVG+OTE,stop_loss_premium_phase3
2015-06-16 14:15:00,2015-06-16 14:45:00,NIFTY BANK,bullish,198.91,259.96,30,1831.21,67.7,1763.51,pro_LiqSweep+VP+RSI_Div,target
2015-06-19 09:45:00,2015-06-19 11:30:00,NIFTY BANK,bullish,189.23,217.66,60,1706.08,82.42,1623.66,pro_LiqSweep+VP,stop_loss_premium_phase3
2015-06-22 10:00:00,2015-06-22 10:45:00,NIFTY BANK,bullish,190.75,248.77,60,3481.08,86.45,3394.63,pro_FVG+VP,target
2015-06-22 11:00:00,2015-06-22 12:30:00,NIFTY BANK,bullish,204.65,222.25,60,1056.21,83.62,972.59,pro_FVG+VP,stop_loss_premium_phase3
2015-07-03 10:00:00,2015-07-03 11:30:00,NIFTY BANK,bullish,214.63,214.78,60,9.1,83.06,-73.96,pro_FVG+VP,stop_loss_premium_phase3
2015-07-03 14:15:00,2015-07-03 15:15:00,NIFTY BANK,bullish,174.13,207.74,60,2016.96,80.56,1936.4,pro_LiqSweep+VP,intraday_square_off
2015-07-07 10:45:00,2015-07-07 12:15:00,NIFTY BANK,bullish,201.57,201.62,60,2.7,80.86,-78.16,pro_FVG+VP,stop_loss_premium_phase3
2015-07-17 14:15:00,2015-07-17 15:15:00,NIFTY BANK,bullish,209.79,168.32,60,-2488.27,76.94,-2565.21,pro_LiqSweep+VP,intraday_square_off
2015-07-20 11:15:00,2015-07-20 12:15:00,NIFTY BANK,bullish,169.01,169.23,60,13.43,75.45,-62.02,pro_LiqSweep+FVG,stop_loss_premium_phase2
2015-07-28 10:15:00,2015-07-28 11:45:00,NIFTY BANK,bearish,164.64,194.9,60,1815.27,78.55,1736.72,pro_FVG+OTE+VWAP,stop_loss_premium_phase3
2015-07-28 14:15:00,2015-07-28 15:15:00,NIFTY BANK,bearish,185.55,180.84,60,-282.54,77.58,-360.12,pro_FVG+OTE+VWAP,intraday_square_off
2015-08-10 09:30:00,2015-08-10 09:45:00,NIFTY BANK,bullish,217.19,214.77,30,-72.73,65.18,-137.91,pro_LiqSweep+OTE+RSI_Div,target
2015-08-10 14:15:00,2015-08-10 15:00:00,NIFTY BANK,bearish,209.1,255.43,60,2779.89,88.02,2691.87,pro_LiqSweep+OTE+VWAP,target
2015-08-11 09:45:00,2015-08-11 11:15:00,NIFTY BANK,bearish,192.46,197.96,60,330.0,80.04,249.96,pro_LiqSweep+FVG+VWAP,stop_loss_premium_phase3
2015-08-14 09:45:00,2015-08-14 11:15:00,NIFTY BANK,bullish,225.34,328.78,60,6206.51,98.02,6108.49,pro_LiqSweep+FVG+VP+RSI_Div,target
2015-08-14 11:30:00,2015-08-14 12:45:00,NIFTY BANK,bullish,220.54,301.02,60,4828.91,94.29,4734.62,pro_LiqSweep+VP,target
2015-08-31 09:30:00,2015-08-31 09:45:00,NIFTY BANK,bearish,299.38,300.84,30,43.78,72.29,-28.51,pro_LiqSweep+RSI_Div+VWAP,target
2015-09-08 09:45:00,2015-09-08 11:15:00,NIFTY BANK,bearish,185.94,222.8,90,3317.41,100.82,3216.59,pro_LiqSweep+FVG+VWAP,stop_loss_premium_phase3
2015-09-11 11:00:00,2015-09-11 12:30:00,NIFTY BANK,bearish,197.17,196.65,90,-47.34,96.48,-143.82,pro_FVG+OTE+VWAP,stop_loss_premium_phase3
2015-09-14 09:45:00,2015-09-14 11:30:00,NIFTY BANK,bullish,228.15,283.23,60,3304.23,92.32,3211.91,pro_LiqSweep+FVG,stop_loss_premium_phase3
2015-09-14 14:15:00,2015-09-14 15:15:00,NIFTY BANK,bullish,198.88,260.54,90,5550.21,108.81,5441.4,pro_LiqSweep+VP+RSI_Div,intraday_square_off
2015-09-15 10:00:00,2015-09-15 11:15:00,NIFTY BANK,bullish,198.66,198.11,90,-49.13,96.85,-145.98,pro_LiqSweep+FVG,stop_loss_premium_phase2
2015-09-15 11:30:00,2015-09-15 13:00:00,NIFTY BANK,bullish,172.32,204.47,120,3858.44,112.95,3745.49,pro_LiqSweep+FVG+OTE,stop_loss_premium_phase3
2015-09-21 09:30:00,2015-09-21 09:45:00,NIFTY BANK,bearish,351.95,250.75,30,-3036.24,70.13,-3106.37,pro_OTE+RSI_Div+VWAP,target
2015-09-22 14:15:00,2015-09-22 14:30:00,NIFTY BANK,bearish,229.38,307.32,90,7014.45,119.56,6894.89,pro_VP+RSI_Div+VWAP,target
2015-09-28 09:45:00,2015-09-28 10:45:00,NIFTY BANK,bearish,223.06,223.03,90,-3.15,103.06,-106.21,pro_FVG+OTE+VWAP,stop_loss_premium_phase2
2015-10-13 10:00:00,2015-10-13 11:30:00,NIFTY BANK,bullish,178.1,177.72,120,-46.32,106.58,-152.9,pro_FVG+OTE+RSI_Div,stop_loss_premium_phase3
2015-10-16 09:45:00,2015-10-16 11:15:00,NIFTY BANK,bullish,190.89,207.45,120,1987.74,115.17,1872.57,pro_FVG+RSI_Div,stop_loss_premium_phase3
2015-10-16 11:30:00,2015-10-16 13:00:00,NIFTY BANK,bullish,213.02,212.45,90,-51.64,100.44,-152.08,pro_FVG+OTE,stop_loss_premium_phase3
2015-10-16 14:15:00,2015-10-16 14:30:00,NIFTY BANK,bullish,170.97,220.21,120,5909.78,116.86,5792.92,pro_LiqSweep+VP+RSI_Div,target
2015-10-19 11:00:00,2015-10-19 12:30:00,NIFTY BANK,bearish,176.59,176.69,120,12.15,106.19,-94.04,pro_LiqSweep+OTE+VWAP,stop_loss_premium_phase3
2015-10-20 09:45:00,2015-10-20 11:15:00,NIFTY BANK,bullish,162.65,205.91,150,6489.51,128.89,6360.62,pro_LiqSweep+FVG,stop_loss_premium_phase3
2015-10-20 11:30:00,2015-10-20 13:00:00,NIFTY BANK,bullish,155.83,155.4,180,-78.15,125.09,-203.24,pro_LiqSweep+FVG+VP,stop_loss_premium_phase3
2015-10-26 10:00:00,2015-10-26 11:30:00,NIFTY BANK,bearish,209.77,209.22,120,-65.98,117.11,-183.09,pro_LiqSweep+RSI_Div+VWAP,stop_loss_premium_phase3
2015-10-27 14:15:00,2015-10-27 15:15:00,NIFTY BANK,bullish,165.97,176.08,150,1516.17,119.7,1396.47,pro_LiqSweep+FVG+VP,intraday_square_off
2015-10-30 09:45:00,2015-10-30 11:15:00,NIFTY BANK,bullish,186.23,213.7,150,4120.99,133.7,3987.29,pro_LiqSweep+FVG+VP,stop_loss_premium_phase3
2015-10-30 11:30:00,2015-10-30 13:00:00,NIFTY BANK,bullish,193.67,201.29,150,1143.27,130.47,1012.8,pro_LiqSweep+FVG+VP,stop_loss_premium_phase3
2015-11-02 09:45:00,2015-11-02 11:15:00,NIFTY BANK,bullish,239.34,246.33,120,838.94,128.91,710.03,pro_LiqSweep+FVG+VP,stop_loss_premium_phase3
2015-11-06 11:00:00,2015-11-06 12:30:00,NIFTY BANK,bullish,213.95,226.15,120,1464.37,121.76,1342.61,pro_LiqSweep+VP,stop_loss_premium_phase3
2015-11-27 10:15:00,2015-11-27 11:45:00,NIFTY BANK,bullish,193.58,203.44,150,1479.17,131.15,1348.02,pro_FVG+VP+RSI_Div,stop_loss_premium_phase3
2015-12-14 09:45:00,2015-12-14 11:15:00,NIFTY BANK,bullish,232.43,276.15,120,5246.39,135.97,5110.42,pro_LiqSweep+RSI_Div,stop_loss_premium_phase3
2015-12-14 11:30:00,2015-12-14 13:00:00,NIFTY BANK,bullish,227.86,258.02,120,3619.22,130.99,3488.23,pro_LiqSweep+FVG,stop_loss_premium_phase3
2015-12-15 14:15:00,2015-12-15 15:15:00,NIFTY BANK,bullish,176.17,226.21,180,9008.02,154.6,8853.42,pro_LiqSweep+VP+RSI_Div,intraday_square_off
2015-12-22 11:00:00,2015-12-22 12:30:00,NIFTY BANK,bearish,172.08,172.1,150,3.25,119.04,-115.79,pro_LiqSweep+RSI_Div+VWAP,stop_loss_premium_phase3
2015-12-28 09:45:00,2015-12-28 11:15:00,NIFTY BANK,bullish,146.95,146.46,180,-88.0,120.62,-208.62,pro_FVG+VP,stop_loss_premium_phase3
2015-12-28 11:30:00,2015-12-28 13:00:00,NIFTY BANK,bullish,206.24,215.23,120,1079.34,118.37,960.97,pro_FVG+VP,stop_loss_premium_phase3
2016-01-01 14:15:00,2016-01-01 15:15:00,NIFTY BANK,bullish,198.5,201.44,120,352.63,114.24,238.39,pro_LiqSweep+FVG+VP+RSI_Div,intraday_square_off
2016-01-15 10:15:00,2016-01-15 11:45:00,NIFTY BANK,bearish,196.03,207.28,120,1350.1,115.53,1234.57,pro_FVG+RSI_Div+VWAP,stop_loss_premium_phase3
2016-02-01 09:45:00,2016-02-01 11:15:00,NIFTY BANK,bearish,210.39,209.75,120,-76.41,117.29,-193.7,pro_LiqSweep+RSI_Div+VWAP,stop_loss_premium_phase3
2016-02-02 11:00:00,2016-02-02 12:00:00,NIFTY BANK,bearish,185.12,185.25,120,14.67,109.05,-94.38,pro_OTE+RSI_Div+VWAP,stop_loss_premium_phase2
2016-02-05 09:45:00,2016-02-05 10:30:00,NIFTY BANK,bullish,210.04,287.16,120,9254.18,137.02,9117.16,pro_LiqSweep+VP,target
2016-02-05 10:45:00,2016-02-05 12:15:00,NIFTY BANK,bullish,235.54,235.01,120,-63.82,125.72,-189.54,pro_LiqSweep+VP,stop_loss_premium_phase3
2016-02-08 14:15:00,2016-02-08 14:30:00,NIFTY BANK,bearish,179.0,233.99,150,8247.91,139.46,8108.45,pro_LiqSweep+OTE+VWAP,target
2016-02-16 09:30:00,2016-02-16 10:30:00,NIFTY BANK,bearish,232.5,252.14,60,1178.57,88.53,1090.04,pro_LiqSweep+RSI_Div+VWAP,target
2016-02-19 09:45:00,2016-02-19 11:15:00,NIFTY BANK,bullish,222.6,245.55,120,2754.2,127.39,2626.81,pro_LiqSweep+FVG,stop_loss_premium_phase3
2016-02-19 11:30:00,2016-02-19 13:00:00,NIFTY BANK,bullish,205.64,198.77,150,-1029.78,130.85,-1160.63,pro_LiqSweep+FVG,stop_loss_premium_phase3
2016-02-22 09:45:00,2016-02-22 11:15:00,NIFTY BANK,bullish,208.16,207.69,150,-69.7,133.94,-203.64,pro_VP+RSI_Div,stop_loss_premium_phase3
2016-02-29 09:45:00,2016-02-29 11:00:00,NIFTY BANK,bearish,228.57,227.9,120,-80.82,123.36,-204.18,pro_FVG+RSI_Div+VWAP,stop_loss_premium_phase2
2016-02-29 11:15:00,2016-02-29 11:45:00,NIFTY BANK,bearish,216.2,295.64,120,9532.32,139.67,9392.65,pro_FVG+OTE+RSI_Div+VWAP,target
2016-03-22 10:15:00,2016-03-22 11:45:00,NIFTY BANK,bullish,196.24,208.25,150,1801.75,132.95,1668.8,pro_LiqSweep+FVG,stop_loss_premium_phase3
2016-04-01 10:00:00,2016-04-01 11:30:00,NIFTY BANK,bullish,222.28,221.61,150,-100.05,139.77,-239.82,pro_LiqSweep+OTE+RSI_Div,stop_loss_premium_phase3
2016-04-01 14:15:00,2016-04-01 15:15:00,NIFTY BANK,bullish,186.25,179.1,180,-1286.52,137.76,-1424.28,pro_LiqSweep+VP+RSI_Div,intraday_square_off
2016-04-11 09:45:00,2016-04-11 11:15:00,NIFTY BANK,bullish,173.73,193.44,180,3547.64,141.77,3405.87,pro_LiqSweep+VP,stop_loss_premium_phase3
2016-04-12 10:00:00,2016-04-12 11:30:00,NIFTY BANK,bullish,201.57,221.88,150,3046.71,137.82,2908.89,pro_FVG+VP,stop_loss_premium_phase3
2016-04-13 09:30:00,2016-04-13 10:30:00,NIFTY BANK,bearish,80.28,72.61,330,-2530.99,115.54,-2646.53,pro_FVG+RSI_Div+VWAP,stop_loss_premium_phase2
2016-04-22 11:30:00,2016-04-22 13:00:00,NIFTY BANK,bullish,187.61,211.78,180,4350.43,150.42,4200.01,pro_FVG+OTE,stop_loss_premium_phase3
2016-04-25 11:00:00,2016-04-25 12:30:00,NIFTY BANK,bullish,189.75,189.82,180,12.88,142.28,-129.4,pro_LiqSweep+VP,stop_loss_premium_phase3
2016-04-29 11:15:00,2016-04-29 12:45:00,NIFTY BANK,bullish,194.04,196.41,180,426.29,145.3,280.99,pro_LiqSweep+VP,stop_loss_premium_phase3
2016-05-06 14:15:00,2016-05-06 15:15:00,NIFTY BANK,bullish,212.12,216.25,150,619.72,137.06,482.66,pro_LiqSweep+VP,intraday_square_off
2016-05-09 09:45:00,2016-05-09 11:15:00,NIFTY BANK,bullish,198.61,198.08,180,-95.94,146.48,-242.42,pro_LiqSweep+VP+RSI_Div,stop_loss_premium_phase3
2016-05-09 11:30:00,2016-05-09 13:00:00,NIFTY BANK,bullish,183.77,183.38,180,-70.91,139.1,-210.01,pro_LiqSweep+VP,stop_loss_premium_phase3
2016-05-24 14:15:00,2016-05-24 15:15:00,NIFTY BANK,bullish,171.11,188.15,210,3578.31,154.81,3423.5,pro_LiqSweep+VP,intraday_square_off
2016-05-30 14:15:00,2016-05-30 15:15:00,NIFTY BANK,bearish,200.56,233.91,180,6002.46,160.43,5842.03,pro_LiqSweep+FVG+VWAP,intraday_square_off
2016-06-06 09:45:00,2016-06-06 11:15:00,NIFTY BANK,bullish,202.85,202.41,180,-78.9,148.64,-227.54,pro_LiqSweep+VP,stop_loss_premium_phase3
2016-06-06 11:30:00,2016-06-06 13:00:00,NIFTY BANK,bullish,189.42,201.27,180,2133.3,146.62,1986.68,pro_LiqSweep+VP,stop_loss_premium_phase3
2016-06-14 09:30:00,2016-06-14 10:00:00,NIFTY BANK,bullish,262.42,274.23,60,708.3,92.52,615.78,pro_VP+OTE,target
2016-06-27 10:00:00,2016-06-27 11:30:00,NIFTY BANK,bullish,208.31,217.06,180,1574.43,154.89,1419.54,pro_FVG+VP,stop_loss_premium_phase3
2016-06-28 10:00:00,2016-06-28 11:30:00,NIFTY BANK,bearish,227.53,226.83,150,-104.76,141.95,-246.71,pro_LiqSweep+FVG+RSI_Div+VWAP,stop_loss_premium_phase3
2016-06-28 14:15:00,2016-06-28 15:15:00,NIFTY BANK,bullish,189.66,205.53,180,2856.96,148.28,2708.68,pro_LiqSweep+VP+RSI_Div,intraday_square_off
2016-07-18 14:15:00,2016-07-18 15:00:00,NIFTY BANK,bearish,171.02,220.91,210,10476.5,169.42,10307.08,pro_FVG+RSI_Div+VWAP,target
2016-07-29 11:30:00,2016-07-29 13:00:00,NIFTY BANK,bullish,206.17,205.57,180,-109.45,150.24,-259.69,pro_FVG+OTE,stop_loss_premium_phase3
2016-08-01 09:30:00,2016-08-01 09:45:00,NIFTY BANK,bullish,271.58,235.81,30,-1073.15,67.59,-1140.74,pro_LiqSweep+FVG+RSI_Div,target
2016-08-01 10:00:00,2016-08-01 11:30:00,NIFTY BANK,bullish,188.58,188.16,210,-87.68,157.22,-244.9,pro_LiqSweep+FVG+RSI_Div,stop_loss_premium_phase3
2016-08-09 10:00:00,2016-08-09 11:00:00,NIFTY BANK,bullish,178.37,177.94,210,-90.39,151.25,-241.64,pro_LiqSweep+VP+RSI_Div,stop_loss_premium_phase2
2016-08-10 09:30:00,2016-08-10 10:30:00,NIFTY BANK,bullish,217.36,216.81,150,-83.08,137.75,-220.83,pro_LiqSweep+VP+RSI_Div,stop_loss_premium_phase2
2016-08-16 11:15:00,2016-08-16 12:00:00,NIFTY BANK,bearish,184.37,261.91,210,16284.07,189.57,16094.5,pro_LiqSweep+FVG+OTE+VWAP,target
2016-08-22 10:00:00,2016-08-22 11:30:00,NIFTY BANK,bearish,180.28,192.5,240,2933.06,173.84,2759.22,pro_LiqSweep+RSI_Div+VWAP,stop_loss_premium_phase3
2016-08-22 14:15:00,2016-08-22 15:15:00,NIFTY BANK,bearish,157.15,176.22,300,5719.38,190.56,5528.82,pro_LiqSweep+FVG+VWAP,intraday_square_off
2016-08-23 14:15:00,2016-08-23 15:15:00,NIFTY BANK,bullish,195.59,224.72,240,6991.28,192.7,6798.58,pro_VP+OTE+RSI_Div,intraday_square_off
2016-08-29 09:45:00,2016-08-29 11:15:00,NIFTY BANK,bullish,148.34,159.14,330,3563.29,191.01,3372.28,pro_LiqSweep+VP+RSI_Div,stop_loss_premium_phase3
2016-08-29 14:15:00,2016-08-29 14:45:00,NIFTY BANK,bullish,166.04,205.51,300,11840.89,211.0,11629.89,pro_LiqSweep+OTE,target
2016-09-02 10:15:00,2016-09-02 11:45:00,NIFTY BANK,bullish,206.14,220.52,240,3450.05,192.21,3257.84,pro_FVG+VP,stop_loss_premium_phase3
2016-09-20 14:15:00,2016-09-20 15:15:00,NIFTY BANK,bullish,167.72,166.66,300,-315.94,186.55,-502.49,pro_LiqSweep+OTE,intraday_square_off
2016-09-27 10:45:00,2016-09-27 11:45:00,NIFTY BANK,bearish,159.63,159.13,330,-164.16,193.44,-357.6,pro_LiqSweep+FVG+VWAP,stop_loss_premium_phase2
2016-10-14 14:15:00,2016-10-14 15:15:00,NIFTY BANK,bullish,189.11,177.53,270,-3126.57,182.64,-3309.21,pro_LiqSweep+VP,intraday_square_off
2016-10-25 09:30:00,2016-10-25 09:45:00,NIFTY BANK,bearish,199.17,189.6,60,-574.0,79.23,-653.23,pro_OTE+RSI_Div+VWAP,target
2016-10-25 10:45:00,2016-10-25 12:15:00,NIFTY BANK,bearish,190.33,189.74,270,-161.04,189.86,-350.9,pro_FVG+RSI_Div+VWAP,stop_loss_premium_phase3
2016-10-28 10:45:00,2016-10-28 12:15:00,NIFTY BANK,bullish,202.06,207.43,240,1288.49,184.89,1103.6,pro_FVG+VP,stop_loss_premium_phase3
2016-11-18 11:00:00,2016-11-18 12:30:00,NIFTY BANK,bullish,233.39,242.13,210,1836.17,187.5,1648.67,pro_LiqSweep+OTE+RSI_Div,stop_loss_premium_phase3
2016-11-25 14:15:00,2016-11-25 15:15:00,NIFTY BANK,bearish,183.26,128.93,270,-14668.6,153.7,-14822.3,pro_LiqSweep+FVG+VWAP,intraday_square_off
2016-11-29 10:30:00,2016-11-29 12:00:00,NIFTY BANK,bearish,184.67,192.4,270,2086.32,190.39,1895.93,pro_FVG+RSI_Div+VWAP,stop_loss_premium_phase3
2016-12-13 10:00:00,2016-12-13 11:30:00,NIFTY BANK,bullish,200.73,200.11,240,-149.42,180.94,-330.36,pro_FVG+OTE,stop_loss_premium_phase3
2016-12-13 14:15:00,2016-12-13 15:15:00,NIFTY BANK,bullish,161.4,187.79,300,7915.11,198.78,7716.33,pro_VP+RSI_Div,intraday_square_off
2016-12-16 10:00:00,2016-12-16 11:30:00,NIFTY BANK,bearish,182.37,191.51,270,2467.89,189.47,2278.42,pro_LiqSweep+FVG+VWAP,stop_loss_premium_phase3
2016-12-23 09:45:00,2016-12-23 11:15:00,NIFTY BANK,bullish,179.77,204.95,270,6798.64,196.73,6601.91,pro_LiqSweep+VP+OTE,stop_loss_premium_phase3
2016-12-23 11:30:00,2016-12-23 13:00:00,NIFTY BANK,bullish,190.38,189.97,270,-111.3,190.01,-301.31,pro_LiqSweep+VP,stop_loss_premium_phase3
2017-01-02 11:15:00,2017-01-02 12:45:00,NIFTY BANK,bearish,213.98,214.01,240,8.23,190.13,-181.9,pro_FVG+RSI_Div+VWAP,stop_loss_premium_phase3
2017-01-03 09:45:00,2017-01-03 10:45:00,NIFTY BANK,bearish,180.4,173.82,300,-1974.62,193.6,-2168.22,pro_LiqSweep+FVG+VWAP,stop_loss_premium_phase2
2017-01-03 14:15:00,2017-01-03 15:15:00,NIFTY BANK,bearish,207.01,221.39,240,3451.52,192.79,3258.73,pro_FVG+OTE+VWAP,intraday_square_off
2017-01-09 09:30:00,2017-01-09 11:00:00,NIFTY BANK,bearish,138.38,166.06,300,8305.13,180.38,8124.75,pro_OTE+RSI_Div+VWAP,stop_loss_premium_phase3
2017-01-09 14:15:00,2017-01-09 15:15:00,NIFTY BANK,bearish,182.25,200.22,300,5389.78,210.81,5178.97,pro_OTE+RSI_Div+VWAP,intraday_square_off
2017-01-16 09:45:00,2017-01-16 10:30:00,NIFTY BANK,bullish,170.92,219.78,330,16124.82,238.44,15886.38,pro_VP+RSI_Div,target
2017-01-23 09:45:00,2017-01-23 11:30:00,NIFTY BANK,bullish,179.56,204.02,330,8070.38,229.26,7841.12,pro_LiqSweep+OTE,stop_loss_premium_phase3
2017-01-24 09:45:00,2017-01-24 11:15:00,NIFTY BANK,bullish,158.65,158.22,390,-166.43,219.02,-385.45,pro_LiqSweep+VP,stop_loss_premium_phase3
2017-01-24 11:30:00,2017-01-24 13:00:00,NIFTY BANK,bullish,199.76,226.82,300,8117.83,231.23,7886.6,pro_FVG+VP,stop_loss_premium_phase3
2017-02-13 10:15:00,2017-02-13 11:45:00,NIFTY BANK,bullish,200.3,199.85,330,-147.92,230.82,-378.74,pro_LiqSweep+VP,stop_loss_premium_phase3
2017-02-14 09:30:00,2017-02-14 11:00:00,NIFTY BANK,bullish,187.75,211.7,270,6465.1,202.02,6263.08,pro_FVG+VP,stop_loss_premium_phase3
2017-02-14 11:15:00,2017-02-14 12:30:00,NIFTY BANK,bullish,188.78,182.67,330,-2015.67,216.28,-2231.95,pro_LiqSweep+VP+RSI_Div,stop_loss_premium_phase2
2017-02-20 14:15:00,2017-02-20 15:15:00,NIFTY BANK,bullish,156.77,192.96,420,15198.64,262.75,14935.89,pro_FVG+VP,intraday_square_off
2017-02-21 10:30:00,2017-02-21 12:15:00,NIFTY BANK,bullish,194.45,219.42,360,8987.93,261.11,8726.82,pro_FVG+VP,stop_loss_premium_phase3
2017-03-06 10:00:00,2017-03-06 11:30:00,NIFTY BANK,bullish,180.88,180.31,390,-220.66,243.04,-463.7,pro_FVG+VP,stop_loss_premium_phase3
2017-03-07 10:00:00,2017-03-07 11:30:00,NIFTY BANK,bullish,171.19,170.73,420,-192.19,246.88,-439.07,pro_LiqSweep+FVG+VP,stop_loss_premium_phase3
2017-03-07 14:15:00,2017-03-07 15:15:00,NIFTY BANK,bullish,139.99,145.72,510,2926.13,252.1,2674.03,pro_FVG+OTE+RSI_Div,intraday_square_off
2017-03-17 09:45:00,2017-03-17 10:45:00,NIFTY BANK,bullish,194.03,193.97,360,-23.51,241.53,-265.04,pro_LiqSweep+FVG+RSI_Div,stop_loss_premium_phase2
2017-03-17 14:15:00,2017-03-17 15:15:00,NIFTY BANK,bullish,208.05,222.95,330,4916.71,248.71,4668.0,pro_LiqSweep+FVG,intraday_square_off
2017-03-20 11:15:00,2017-03-20 12:45:00,NIFTY BANK,bullish,183.38,182.89,390,-191.28,245.81,-437.09,pro_LiqSweep+VP+OTE+RSI_Div,stop_loss_premium_phase3
2017-03-21 09:30:00,2017-03-21 10:30:00,NIFTY BANK,bullish,145.73,144.6,390,-439.22,204.42,-643.64,pro_LiqSweep+VP,stop_loss_premium_phase2
2017-03-21 14:15:00,2017-03-21 15:15:00,NIFTY BANK,bullish,142.97,147.73,510,2427.59,255.27,2172.32,pro_LiqSweep+RSI_Div,intraday_square_off
2017-03-27 10:30:00,2017-03-27 12:00:00,NIFTY BANK,bearish,192.83,219.1,360,9458.1,260.49,9197.61,pro_FVG+RSI_Div+VWAP,stop_loss_premium_phase3
2017-04-10 10:00:00,2017-04-10 11:30:00,NIFTY BANK,bullish,168.56,187.55,450,8544.15,276.45,8267.7,pro_LiqSweep+OTE,stop_loss_premium_phase3
2017-04-10 14:15:00,2017-04-10 15:15:00,NIFTY BANK,bullish,163.54,179.63,480,7721.01,282.07,7438.94,pro_LiqSweep+VP+RSI_Div,intraday_square_off
2017-04-11 09:45:00,2017-04-11 10:45:00,NIFTY BANK,bearish,205.92,205.97,390,19.53,270.73,-251.2,pro_LiqSweep+OTE+RSI_Div+VWAP,stop_loss_premium_phase2
2017-04-17 14:15:00,2017-04-17 15:15:00,NIFTY BANK,bullish,172.91,193.02,450,9046.51,282.97,8763.54,pro_LiqSweep+OTE+RSI_Div,intraday_square_off
2017-04-24 09:45:00,2017-04-24 11:15:00,NIFTY BANK,bullish,195.69,198.83,420,1319.26,278.72,1040.54,pro_FVG+VP+RSI_Div,stop_loss_premium_phase3
2017-05-02 10:15:00,2017-05-02 11:15:00,NIFTY BANK,bullish,204.0,198.17,390,-2273.67,263.76,-2537.43,pro_FVG+VP,stop_loss_premium_phase2
2017-05-02 11:30:00,2017-05-02 13:00:00,NIFTY BANK,bullish,179.36,200.32,450,9433.94,291.86,9142.08,pro_FVG+OTE,stop_loss_premium_phase3
2017-05-05 09:45:00,2017-05-05 11:15:00,NIFTY BANK,bearish,187.31,187.46,450,67.55,281.91,-214.36,pro_LiqSweep+OTE+VWAP,stop_loss_premium_phase3
2017-05-05 11:30:00,2017-05-05 13:00:00,NIFTY BANK,bearish,181.82,212.78,450,13933.19,304.51,13628.68,pro_LiqSweep+OTE+VWAP,stop_loss_premium_phase3
2017-05-08 09:45:00,2017-05-08 11:00:00,NIFTY BANK,bearish,210.55,210.7,420,61.14,293.42,-232.28,pro_LiqSweep+OTE+VWAP,stop_loss_premium_phase2
2017-05-12 09:45:00,2017-05-12 11:15:00,NIFTY BANK,bearish,179.97,179.48,480,-233.97,287.1,-521.07,pro_LiqSweep+RSI_Div+VWAP,stop_loss_premium_phase3
2017-05-15 09:30:00,2017-05-15 09:45:00,NIFTY BANK,bullish,266.92,250.63,90,-1465.83,110.93,-1576.76,pro_LiqSweep+OTE+RSI_Div,target
2017-05-15 10:00:00,2017-05-15 11:30:00,NIFTY BANK,bullish,212.11,234.08,390,8566.72,295.62,8271.1,pro_LiqSweep+VP+RSI_Div,stop_loss_premium_phase3
2017-05-16 09:45:00,2017-05-16 10:00:00,NIFTY BANK,bearish,172.83,239.45,510,33976.44,364.73,33611.71,pro_LiqSweep+OTE+RSI_Div+VWAP,target
2017-05-26 14:15:00,2017-05-26 15:15:00,NIFTY BANK,bullish,204.28,212.62,480,4004.82,328.58,3676.24,pro_FVG+VP+RSI_Div,intraday_square_off
2017-05-29 10:45:00,2017-05-29 12:15:00,NIFTY BANK,bearish,193.59,212.89,510,9842.23,342.88,9499.35,pro_FVG+RSI_Div+VWAP,stop_loss_premium_phase3
2017-05-30 10:15:00,2017-05-30 11:45:00,NIFTY BANK,bullish,179.61,179.78,540,89.59,317.3,-227.71,pro_FVG+VP,stop_loss_premium_phase3
2017-06-02 14:15:00,2017-06-02 15:15:00,NIFTY BANK,bearish,169.38,189.59,600,12129.4,355.8,11773.6,pro_LiqSweep+OTE+VWAP,intraday_square_off
2017-06-06 10:30:00,2017-06-06 12:00:00,NIFTY BANK,bullish,199.42,199.42,510,2.87,330.23,-327.36,pro_LiqSweep+VP,stop_loss_premium_phase3
2017-06-07 09:30:00,2017-06-07 09:45:00,NIFTY BANK,bullish,187.76,188.54,150,116.73,125.82,-9.09,pro_VP+OTE+RSI_Div,target
2017-06-09 09:45:00,2017-06-09 10:45:00,NIFTY BANK,bearish,176.51,176.51,570,1.5,327.18,-325.68,pro_LiqSweep+RSI_Div+VWAP,stop_loss_premium_phase2
2017-06-16 09:45:00,2017-06-16 11:15:00,NIFTY BANK,bullish,175.99,175.67,570,-179.03,325.97,-505.0,pro_FVG+VP+RSI_Div,stop_loss_premium_phase3
2017-06-16 11:30:00,2017-06-16 13:00:00,NIFTY BANK,bullish,210.73,230.51,480,9492.25,348.87,9143.38,pro_FVG+VP,stop_loss_premium_phase3
2017-06-20 11:30:00,2017-06-20 13:00:00,NIFTY BANK,bearish,186.31,217.66,570,17868.62,380.72,17487.9,pro_LiqSweep+OTE+VWAP,stop_loss_premium_phase3
2017-06-30 10:30:00,2017-06-30 12:00:00,NIFTY BANK,bullish,228.11,239.09,480,5271.16,363.11,4908.05,pro_FVG+OTE,stop_loss_premium_phase3
2017-07-03 11:30:00,2017-07-03 13:00:00,NIFTY BANK,bullish,216.09,217.32,510,624.6,355.21,269.39,pro_FVG+VP,stop_loss_premium_phase3
2017-07-03 14:15:00,2017-07-03 15:15:00,NIFTY BANK,bullish,206.16,202.35,540,-2053.56,352.63,-2406.19,pro_VP+RSI_Div,intraday_square_off
2017-07-17 09:45:00,2017-07-17 11:15:00,NIFTY BANK,bullish,208.13,207.56,510,-287.13,341.97,-629.1,pro_FVG+VP,stop_loss_premium_phase3
2017-07-17 14:15:00,2017-07-17 15:15:00,NIFTY BANK,bullish,151.34,139.03,720,-8860.34,331.59,-9191.93,pro_LiqSweep+VP,intraday_square_off
2017-07-18 11:15:00,2017-07-18 12:45:00,NIFTY BANK,bearish,181.07,181.07,600,-4.23,349.53,-353.76,pro_LiqSweep+FVG+VWAP,stop_loss_premium_phase3
2017-07-26 09:30:00,2017-07-26 11:00:00,NIFTY BANK,bearish,182.11,182.14,600,21.62,351.3,-329.68,pro_LiqSweep+OTE+VWAP,stop_loss_premium_phase3
2017-07-31 09:45:00,2017-07-31 11:15:00,NIFTY BANK,bullish,229.8,298.3,450,30821.18,400.51,30420.67,pro_VP+RSI_Div,target
2017-08-04 10:00:00,2017-08-04 11:00:00,NIFTY BANK,bullish,188.12,187.55,600,-339.88,360.57,-700.45,pro_LiqSweep+RSI_Div,stop_loss_premium_phase2
2017-08-04 11:15:00,2017-08-04 12:45:00,NIFTY BANK,bullish,239.13,271.31,480,15449.01,399.47,15049.54,pro_LiqSweep+OTE+RSI_Div,stop_loss_premium_phase3
2017-08-28 09:45:00,2017-08-28 11:15:00,NIFTY BANK,bullish,200.19,202.11,600,1153.35,383.9,769.45,pro_LiqSweep+VP+RSI_Div,stop_loss_premium_phase3
2017-08-28 11:30:00,2017-08-28 13:00:00,NIFTY BANK,bullish,179.18,178.7,660,-320.62,375.61,-696.23,pro_LiqSweep+VP,stop_loss_premium_phase3
2017-09-05 14:15:00,2017-09-05 15:15:00,NIFTY BANK,bearish,171.05,191.87,690,14366.07,406.18,13959.89,pro_OTE+RSI_Div+VWAP,intraday_square_off
2017-09-12 09:45:00,2017-09-12 10:45:00,NIFTY BANK,bearish,171.53,164.86,720,-4802.08,380.68,-5182.76,pro_LiqSweep+OTE+VWAP,stop_loss_premium_phase2
2017-09-26 09:30:00,2017-09-26 11:00:00,NIFTY BANK,bullish,189.03,198.07,510,4609.09,325.28,4283.81,pro_LiqSweep+VP+RSI_Div,stop_loss_premium_phase3
2017-10-06 09:45:00,2017-10-06 11:15:00,NIFTY BANK,bullish,176.31,175.92,690,-263.65,385.17,-648.82,pro_FVG+VP,stop_loss_premium_phase3
2017-10-06 14:15:00,2017-10-06 15:15:00,NIFTY BANK,bullish,203.24,247.8,600,26737.43,443.4,26294.03,pro_FVG+VP,intraday_square_off
2017-10-09 10:00:00,2017-10-09 11:30:00,NIFTY BANK,bullish,163.93,163.59,780,-262.03,402.47,-664.5,pro_VP+RSI_Div,stop_loss_premium_phase3
2017-10-10 14:15:00,2017-10-10 15:15:00,NIFTY BANK,bullish,165.67,177.82,780,9477.12,426.96,9050.16,pro_FVG+VP,intraday_square_off
2017-10-16 09:45:00,2017-10-16 10:45:00,NIFTY BANK,bearish,219.99,305.45,600,51279.98,523.55,50756.43,pro_LiqSweep+OTE+RSI_Div+VWAP,target
2017-10-17 10:00:00,2017-10-17 11:00:00,NIFTY BANK,bearish,227.18,226.51,630,-419.14,444.59,-863.73,pro_OTE+RSI_Div+VWAP,stop_loss_premium_phase2
2017-10-18 09:30:00,2017-10-18 09:45:00,NIFTY BANK,bearish,379.56,255.62,30,-3718.06,70.98,-3789.04,pro_LiqSweep+FVG+VWAP,target
2017-10-24 11:00:00,2017-10-24 12:30:00,NIFTY BANK,bullish,199.11,238.43,720,28308.37,506.34,27802.03,pro_FVG+VP,stop_loss_premium_phase3
2017-10-30 10:00:00,2017-10-30 11:30:00,NIFTY BANK,bullish,219.05,233.22,660,9352.41,469.41,8883.0,pro_VP+RSI_Div,stop_loss_premium_phase3
2017-10-30 14:15:00,2017-10-30 15:15:00,NIFTY BANK,bullish,201.13,183.82,750,-12977.87,439.38,-13417.25,pro_VP+RSI_Div,intraday_square_off
2017-10-31 09:45:00,2017-10-31 10:45:00,NIFTY BANK,bullish,211.26,211.35,690,63.08,452.98,-389.9,pro_LiqSweep+VP,stop_loss_premium_phase2
2017-10-31 11:00:00,2017-10-31 12:30:00,NIFTY BANK,bullish,160.47,180.3,930,18445.9,501.71,17944.19,pro_LiqSweep+VP+OTE,stop_loss_premium_phase3
2017-11-06 11:00:00,2017-11-06 12:30:00,NIFTY BANK,bearish,191.94,202.03,780,7867.15,480.56,7386.59,pro_LiqSweep+OTE+VWAP,stop_loss_premium_phase3
2017-11-07 11:00:00,2017-11-07 12:30:00,NIFTY BANK,bearish,219.75,219.1,690,-448.12,468.2,-916.32,pro_FVG+RSI_Div+VWAP,stop_loss_premium_phase3
2017-11-10 09:45:00,2017-11-10 11:15:00,NIFTY BANK,bullish,222.7,255.78,690,22824.54,523.34,22301.2,pro_LiqSweep+VP,stop_loss_premium_phase3
2017-11-20 14:15:00,2017-11-20 15:15:00,NIFTY BANK,bullish,197.22,193.35,810,-3140.4,485.08,-3625.48,pro_FVG+VP+RSI_Div,intraday_square_off
2017-11-21 09:45:00,2017-11-21 11:15:00,NIFTY BANK,bullish,162.76,180.75,960,17271.94,518.75,16753.19,pro_FVG+VP,stop_loss_premium_phase3
2017-11-27 14:15:00,2017-11-27 14:30:00,NIFTY BANK,bullish,215.41,261.58,750,34627.65,570.41,34057.24,pro_LiqSweep+VP,target
2017-11-28 09:45:00,2017-11-28 11:15:00,NIFTY BANK,bullish,159.89,170.95,1080,11939.87,553.14,11386.73,pro_LiqSweep+VP,stop_loss_premium_phase3
2017-12-08 14:15:00,2017-12-08 15:15:00,NIFTY BANK,bearish,215.56,238.33,810,18441.42,572.31,17869.11,pro_LiqSweep+RSI_Div+VWAP,intraday_square_off
2017-12-19 09:45:00,2017-12-19 11:15:00,NIFTY BANK,bullish,197.14,215.22,900,16271.05,575.55,15695.5,pro_LiqSweep+VP,stop_loss_premium_phase3
2017-12-19 11:30:00,2017-12-19 13:00:00,NIFTY BANK,bullish,177.91,183.25,1020,5442.8,563.76,4879.04,pro_LiqSweep+VP+RSI_Div,stop_loss_premium_phase3
2017-12-19 14:15:00,2017-12-19 15:15:00,NIFTY BANK,bullish,200.93,227.12,900,23564.41,600.55,22963.86,pro_LiqSweep+VP,intraday_square_off
2017-12-26 14:15:00,2017-12-26 15:00:00,NIFTY BANK,bullish,199.84,245.64,930,42593.03,654.97,41938.06,pro_VP+RSI_Div,target
2017-12-29 09:45:00,2017-12-29 11:15:00,NIFTY BANK,bearish,215.97,215.39,930,-538.1,604.99,-1143.09,pro_LiqSweep+OTE+VWAP,stop_loss_premium_phase3
2017-12-29 11:30:00,2017-12-29 13:00:00,NIFTY BANK,bearish,178.18,186.22,1110,8924.91,616.57,8308.34,pro_LiqSweep+OTE+VWAP,stop_loss_premium_phase3
2018-01-01 09:45:00,2018-01-01 11:15:00,NIFTY BANK,bearish,176.53,176.05,1140,-545.28,606.06,-1151.34,pro_LiqSweep+OTE+VWAP,stop_loss_premium_phase3
2018-01-01 11:30:00,2018-01-01 13:00:00,NIFTY BANK,bearish,175.2,197.1,1140,24974.01,656.09,24317.92,pro_LiqSweep+OTE+VWAP,stop_loss_premium_phase3
2018-01-05 09:45:00,2018-01-05 11:15:00,NIFTY BANK,bullish,171.07,178.45,1200,8848.45,637.29,8211.16,pro_LiqSweep+VP+RSI_Div,stop_loss_premium_phase3
2018-01-05 11:30:00,2018-01-05 13:00:00,NIFTY BANK,bullish,225.02,224.42,930,-557.62,628.35,-1185.97,pro_LiqSweep+VP,stop_loss_premium_phase3
2018-01-05 14:15:00,2018-01-05 15:15:00,NIFTY BANK,bearish,177.62,151.76,1170,-30253.68,561.16,-30814.84,pro_LiqSweep+OTE+RSI_Div+VWAP,intraday_square_off
2018-01-09 09:45:00,2018-01-09 11:15:00,NIFTY BANK,bullish,208.97,231.83,960,21945.34,652.13,21293.21,pro_LiqSweep+FVG+OTE,stop_loss_premium_phase3
2018-01-09 11:30:00,2018-01-09 12:45:00,NIFTY BANK,bullish,165.25,165.31,1260,78.63,626.79,-548.16,pro_LiqSweep+VP,stop_loss_premium_phase2
2018-01-09 14:15:00,2018-01-09 15:15:00,NIFTY BANK,bullish,152.66,146.73,1350,-8009.3,603.68,-8612.98,pro_LiqSweep+VP+RSI_Div,intraday_square_off
2018-01-12 09:45:00,2018-01-12 11:15:00,NIFTY BANK,bullish,229.44,228.76,900,-613.81,620.54,-1234.35,pro_LiqSweep+FVG+VP,stop_loss_premium_phase3
2018-01-12 11:30:00,2018-01-12 12:30:00,NIFTY BANK,bullish,186.73,186.15,1080,-620.47,607.07,-1227.54,pro_LiqSweep+FVG+VP,stop_loss_premium_phase2
2018-01-16 09:45:00,2018-01-16 10:45:00,NIFTY BANK,bullish,215.07,214.78,930,-264.66,603.24,-867.9,pro_LiqSweep+VP,stop_loss_premium_phase2
2018-01-17 09:30:00,2018-01-17 11:00:00,NIFTY BANK,bullish,162.32,177.33,1260,18915.36,656.57,18258.79,pro_VP+OTE+RSI_Div,stop_loss_premium_phase3
2018-01-19 10:15:00,2018-01-19 11:45:00,NIFTY BANK,bullish,211.25,218.34,990,7017.49,644.12,6373.37,pro_FVG+VP,stop_loss_premium_phase3
2018-01-19 14:15:00,2018-01-19 15:00:00,NIFTY BANK,bullish,225.42,304.83,930,73859.78,787.63,73072.15,pro_FVG+VP,target
2018-01-22 10:15:00,2018-01-22 11:45:00,NIFTY BANK,bullish,193.75,214.08,1170,23781.88,728.61,23053.27,pro_FVG+VP,stop_loss_premium_phase3
2018-02-12 11:15:00,2018-02-12 12:45:00,NIFTY BANK,bearish,189.49,198.49,1230,11069.74,719.34,10350.4,pro_LiqSweep+FVG+VWAP,stop_loss_premium_phase3
2018-02-16 09:45:00,2018-02-16 11:00:00,NIFTY BANK,bullish,203.23,202.76,1170,-552.72,707.71,-1260.43,pro_LiqSweep+FVG+RSI_Div,stop_loss_premium_phase2
2018-02-20 11:00:00,2018-02-20 12:30:00,NIFTY BANK,bearish,214.3,223.29,1110,9973.98,730.37,9243.61,pro_LiqSweep+OTE+VWAP,stop_loss_premium_phase3
2018-02-20 14:15:00,2018-02-20 14:45:00,NIFTY BANK,bearish,199.82,270.46,1200,84775.33,894.72,83880.61,pro_LiqSweep+OTE+VWAP,target
2018-02-23 09:45:00,2018-02-23 12:00:00,NIFTY BANK,bullish,207.82,263.91,1230,68984.51,905.23,68079.28,pro_LiqSweep+FVG+VP,stop_loss_premium_phase3
2018-03-09 10:00:00,2018-03-09 11:45:00,NIFTY BANK,bearish,192.94,213.04,1440,28950.23,881.91,28068.32,pro_OTE+RSI_Div+VWAP,stop_loss_premium_phase3
2018-03-13 11:30:00,2018-03-13 13:00:00,NIFTY BANK,bullish,191.62,226.9,1470,51865.6,941.33,50924.27,pro_FVG+VP,stop_loss_premium_phase3
2018-03-13 14:15:00,2018-03-13 15:15:00,NIFTY BANK,bearish,200.71,204.18,1470,5100.39,879.07,4221.32,pro_LiqSweep+RSI_Div+VWAP,intraday_square_off
2018-03-26 09:45:00,2018-03-26 10:45:00,NIFTY BANK,bullish,208.76,208.74,1410,-32.45,866.26,-898.71,pro_LiqSweep+VP+RSI_Div,stop_loss_premium_phase2
2018-03-26 11:00:00,2018-03-26 12:15:00,NIFTY BANK,bullish,183.73,258.15,1500,111629.53,1051.49,110578.04,pro_LiqSweep+VP+RSI_Div,target
2018-04-03 10:30:00,2018-04-03 12:00:00,NIFTY BANK,bullish,219.75,219.76,1470,5.92,946.16,-940.24,pro_FVG+VP,stop_loss_premium_phase3
2018-04-06 10:00:00,2018-04-06 11:30:00,NIFTY BANK,bullish,207.19,206.6,1500,-875.21,910.18,-1785.39,pro_FVG+RSI_Div,stop_loss_premium_phase3
2018-04-09 11:30:00,2018-04-09 12:30:00,NIFTY BANK,bearish,189.63,183.86,1500,-8641.45,820.36,-9461.81,pro_OTE+RSI_Div+VWAP,stop_loss_premium_phase2
2018-04-10 14:15:00,2018-04-10 15:15:00,NIFTY BANK,bearish,204.79,219.12,1500,21500.54,947.75,20552.79,pro_LiqSweep+OTE+RSI_Div+VWAP,intraday_square_off
2018-04-13 09:45:00,2018-04-13 11:15:00,NIFTY BANK,bullish,204.18,203.72,1500,-680.17,898.03,-1578.2,pro_FVG+VP,stop_loss_premium_phase3
2018-04-16 10:00:00,2018-04-16 11:30:00,NIFTY BANK,bullish,237.96,237.41,1380,-759.44,959.41,-1718.85,pro_LiqSweep+RSI_Div,stop_loss_premium_phase3
2018-04-18 09:30:00,2018-04-18 11:00:00,NIFTY BANK,bearish,214.44,177.54,720,-26568.61,420.36,-26988.97,pro_OTE+RSI_Div+VWAP,stop_loss_premium_phase3
2018-04-23 10:45:00,2018-04-23 12:15:00,NIFTY BANK,bearish,216.14,215.55,1470,-859.89,929.52,-1789.41,pro_LiqSweep+OTE+VWAP,stop_loss_premium_phase3
2018-04-24 10:15:00,2018-04-24 11:45:00,NIFTY BANK,bearish,230.58,224.6,1380,-8247.8,915.14,-9162.94,pro_LiqSweep+OTE+RSI_Div+VWAP,stop_loss_premium_phase3
2018-04-27 09:45:00,2018-04-27 11:15:00,NIFTY BANK,bullish,233.38,232.75,1350,-845.03,922.15,-1767.18,pro_FVG+VP,stop_loss_premium_phase3
2018-04-30 09:45:00,2018-04-30 11:30:00,NIFTY BANK,bullish,183.83,206.38,1500,33826.87,886.47,32940.4,pro_FVG+VP,stop_loss_premium_phase3
2018-05-02 09:30:00,2018-05-02 09:45:00,NIFTY BANK,bullish,258.88,241.59,300,-5187.41,252.29,-5439.7,pro_FVG+VP+OTE,target
2018-05-14 09:45:00,2018-05-14 11:15:00,NIFTY BANK,bullish,215.31,251.03,1500,53578.29,1059.89,52518.4,pro_LiqSweep+VP,stop_loss_premium_phase3
2018-05-22 09:45:00,2018-05-22 10:45:00,NIFTY BANK,bullish,208.39,208.45,1500,97.09,917.26,-820.17,pro_LiqSweep+VP,stop_loss_premium_phase2
2018-05-22 11:00:00,2018-05-22 12:30:00,NIFTY BANK,bullish,199.04,229.78,1500,46118.36,976.09,45142.27,pro_LiqSweep+FVG+VP,stop_loss_premium_phase3
2018-05-25 10:15:00,2018-05-25 11:45:00,NIFTY BANK,bullish,193.46,210.91,1500,26175.86,910.4,25265.46,pro_FVG+VP,stop_loss_premium_phase3
2018-05-25 14:15:00,2018-05-25 15:15:00,NIFTY BANK,bullish,192.66,171.92,1500,-31110.12,785.24,-31895.36,pro_LiqSweep+VP,intraday_square_off
2018-05-29 09:45:00,2018-05-29 10:45:00,NIFTY BANK,bearish,187.86,187.95,1500,132.49,831.65,-699.16,pro_FVG+RSI_Div+VWAP,stop_loss_premium_phase2
2018-05-29 11:30:00,2018-05-29 13:00:00,NIFTY BANK,bearish,217.81,270.82,1500,79509.63,1125.46,78384.17,pro_LiqSweep+FVG+VWAP,stop_loss_premium_phase3
2018-06-05 09:45:00,2018-06-05 10:45:00,NIFTY BANK,bullish,218.67,218.0,1500,-1004.68,957.85,-1962.53,pro_LiqSweep+OTE,stop_loss_premium_phase2
2018-06-05 14:15:00,2018-06-05 14:45:00,NIFTY BANK,bullish,198.86,291.11,1500,138372.69,1171.51,137201.18,pro_LiqSweep+OTE+RSI_Div,target
2018-06-08 14:15:00,2018-06-08 15:00:00,NIFTY BANK,bullish,213.86,271.73,1500,86802.75,1124.48,85678.27,pro_LiqSweep+VP+RSI_Div,target
2018-06-15 10:00:00,2018-06-15 11:30:00,NIFTY BANK,bullish,171.1,170.65,1500,-667.26,759.97,-1427.23,pro_LiqSweep+VP+OTE+RSI_Div,stop_loss_premium_phase3
2018-06-22 09:45:00,2018-06-22 11:15:00,NIFTY BANK,bullish,208.92,234.83,1500,38869.95,1001.92,37868.03,pro_FVG+RSI_Div,stop_loss_premium_phase3
2018-06-25 11:30:00,2018-06-25 13:00:00,NIFTY BANK,bearish,206.39,221.33,1500,22417.63,956.37,21461.26,pro_FVG+OTE+VWAP,stop_loss_premium_phase3
2018-06-26 11:30:00,2018-06-26 13:00:00,NIFTY BANK,bullish,224.27,268.21,1500,65912.48,1123.49,64788.99,pro_LiqSweep+VP,stop_loss_premium_phase3
2018-06-29 10:00:00,2018-06-29 11:30:00,NIFTY BANK,bullish,219.09,228.78,1500,14544.61,992.65,13551.96,pro_FVG+VP,stop_loss_premium_phase3
2018-07-02 09:30:00,2018-07-02 10:30:00,NIFTY BANK,bullish,150.4,145.3,1500,-7655.07,658.73,-8313.8,pro_VP+OTE+RSI_Div,stop_loss_premium_phase2
2018-07-03 09:30:00,2018-07-03 10:30:00,NIFTY BANK,bullish,177.76,177.66,1500,-142.53,788.9,-931.43,pro_VP+RSI_Div,stop_loss_premium_phase2
2018-07-13 09:45:00,2018-07-13 10:45:00,NIFTY BANK,bullish,240.18,232.78,1500,-11099.08,1026.15,-12125.23,pro_FVG+RSI_Div,stop_loss_premium_phase2
2018-07-17 09:45:00,2018-07-17 11:15:00,NIFTY BANK,bullish,165.09,164.56,1500,-792.7,734.61,-1527.31,pro_FVG+VP,stop_loss_premium_phase3
2018-07-17 11:30:00,2018-07-17 13:00:00,NIFTY BANK,bullish,172.17,183.94,1500,17646.04,803.41,16842.63,pro_FVG+VP+RSI_Div,stop_loss_premium_phase3
2018-07-20 10:00:00,2018-07-20 11:30:00,NIFTY BANK,bearish,193.15,209.81,1500,24984.59,906.57,24078.02,pro_FVG+RSI_Div+VWAP,stop_loss_premium_phase3
2018-07-23 09:30:00,2018-07-23 11:00:00,NIFTY BANK,bearish,184.5,207.89,1500,35091.74,891.94,34199.8,pro_LiqSweep+FVG+OTE+VWAP,stop_loss_premium_phase3
2018-07-27 09:45:00,2018-07-27 11:15:00,NIFTY BANK,bullish,241.36,249.48,1500,12174.32,1080.58,11093.74,pro_LiqSweep+FVG+VP,stop_loss_premium_phase3
2018-07-27 11:30:00,2018-07-27 13:00:00,NIFTY BANK,bullish,198.96,208.8,1500,14756.39,909.08,13847.31,pro_LiqSweep+VP,stop_loss_premium_phase3
2018-07-31 09:45:00,2018-07-31 10:45:00,NIFTY BANK,bullish,168.63,168.12,1500,-768.45,749.48,-1517.93,pro_LiqSweep+VP,stop_loss_premium_phase2
2018-07-31 14:15:00,2018-07-31 15:15:00,NIFTY BANK,bullish,172.07,191.83,1500,29634.51,828.48,28806.03,pro_LiqSweep+OTE,intraday_square_off
2018-08-06 11:15:00,2018-08-06 12:45:00,NIFTY BANK,bearish,196.53,196.01,1500,-777.74,865.89,-1643.63,pro_LiqSweep+RSI_Div+VWAP,stop_loss_premium_phase3
2018-08-10 09:45:00,2018-08-10 11:15:00,NIFTY BANK,bearish,188.56,188.13,1500,-636.21,832.92,-1469.13,pro_LiqSweep+RSI_Div+VWAP,stop_loss_premium_phase3
2018-08-14 09:45:00,2018-08-14 10:45:00,NIFTY BANK,bullish,219.59,218.95,1500,-965.9,961.76,-1927.66,pro_LiqSweep+VP+RSI_Div,stop_loss_premium_phase2
2018-08-14 11:00:00,2018-08-14 12:45:00,NIFTY BANK,bullish,186.3,214.91,1500,42923.1,916.12,42006.98,pro_FVG+VP+RSI_Div,stop_loss_premium_phase3
2018-08-20 10:30:00,2018-08-20 12:00:00,NIFTY BANK,bullish,192.75,202.45,1500,14552.34,882.72,13669.62,pro_FVG+VP,stop_loss_premium_phase3
2018-08-21 09:45:00,2018-08-21 11:15:00,NIFTY BANK,bullish,185.19,185.76,1500,843.58,822.03,21.55,pro_FVG+VP,stop_loss_premium_phase3
2018-08-21 11:30:00,2018-08-21 13:15:00,NIFTY BANK,bullish,173.14,199.07,1500,38899.27,852.64,38046.63,pro_FVG+VP,stop_loss_premium_phase3
2018-08-21 14:15:00,2018-08-21 15:15:00,NIFTY BANK,bullish,169.42,200.16,1500,46112.21,852.44,45259.77,pro_LiqSweep+FVG+VP,intraday_square_off
2018-08-31 09:45:00,2018-08-31 10:45:00,NIFTY BANK,bullish,233.82,233.77,1500,-70.2,1023.05,-1093.25,pro_LiqSweep+VP,stop_loss_premium_phase2
2018-09-03 10:15:00,2018-09-03 11:45:00,NIFTY BANK,bearish,236.59,245.2,1500,12914.58,1062.24,11852.34,pro_LiqSweep+RSI_Div+VWAP,stop_loss_premium_phase3
2018-09-07 14:15:00,2018-09-07 14:45:00,NIFTY BANK,bullish,215.55,271.18,1500,83436.27,1124.38,82311.89,pro_VP+RSI_Div,target
2018-09-25 11:00:00,2018-09-25 12:00:00,NIFTY BANK,bullish,200.47,200.57,1500,150.56,884.34,-733.78,pro_VP+RSI_Div,stop_loss_premium_phase2
2018-09-28 10:00:00,2018-09-28 11:30:00,NIFTY BANK,bullish,224.76,319.54,1500,142169.29,1287.7,140881.59,pro_LiqSweep+OTE+RSI_Div,target
2018-10-03 09:30:00,2018-10-03 10:45:00,NIFTY BANK,bullish,260.85,314.48,870,46652.27,777.93,45874.34,pro_FVG+VP,target
2018-10-05 11:15:00,2018-10-05 12:45:00,NIFTY BANK,bearish,243.46,257.46,1500,21007.05,1108.11,19898.94,pro_FVG+OTE+VWAP,stop_loss_premium_phase3
2018-10-09 14:15:00,2018-10-09 15:00:00,NIFTY BANK,bearish,222.26,307.27,1500,127516.74,1246.1,126270.64,pro_LiqSweep+FVG+VWAP,target
2018-10-30 10:30:00,2018-10-30 12:00:00,NIFTY BANK,bearish,233.55,294.5,1500,91417.37,1216.49,90200.88,pro_LiqSweep+RSI_Div+VWAP,stop_loss_premium_phase3
2018-11-02 14:15:00,2018-11-02 15:15:00,NIFTY BANK,bearish,183.24,184.81,1500,2363.27,817.1,1546.17,pro_OTE+RSI_Div+VWAP,intraday_square_off
2018-11-06 11:15:00,2018-11-06 12:45:00,NIFTY BANK,bullish,228.4,282.38,1500,80970.8,1172.75,79798.05,pro_FVG+VP,stop_loss_premium_phase3
2018-11-13 11:30:00,2018-11-13 13:00:00,NIFTY BANK,bullish,226.03,254.43,1500,42596.15,1081.28,41514.87,pro_LiqSweep+RSI_Div,stop_loss_premium_phase3
2018-11-13 14:15:00,2018-11-13 15:15:00,NIFTY BANK,bullish,201.55,241.62,1500,60116.45,1016.32,59100.13,pro_LiqSweep+VP,intraday_square_off
2018-11-16 14:15:00,2018-11-16 15:15:00,NIFTY BANK,bearish,210.65,210.82,1500,250.83,927.03,-676.2,pro_OTE+RSI_Div+VWAP,intraday_square_off
2018-11-27 14:15:00,2018-11-27 15:15:00,NIFTY BANK,bullish,197.38,207.2,1500,14736.93,902.44,13834.49,pro_LiqSweep+VP,intraday_square_off
2018-11-30 14:15:00,2018-11-30 14:30:00,NIFTY BANK,bullish,183.49,235.95,1500,78694.7,980.47,77714.23,pro_LiqSweep+OTE,target
2018-12-14 10:30:00,2018-12-14 12:00:00,NIFTY BANK,bullish,227.17,226.49,1500,-1022.04,993.28,-2015.32,pro_FVG+VP,stop_loss_premium_phase3
2018-12-28 14:15:00,2018-12-28 15:15:00,NIFTY BANK,bearish,208.66,226.45,1500,26684.35,974.92,25709.43,pro_LiqSweep+RSI_Div+VWAP,intraday_square_off
2019-01-01 09:45:00,2019-01-01 11:15:00,NIFTY BANK,bullish,174.15,202.8,1500,42978.17,865.51,42112.66,pro_FVG+RSI_Div,stop_loss_premium_phase3
2019-01-01 11:30:00,2019-01-01 13:00:00,NIFTY BANK,bullish,166.8,166.44,1500,-535.96,742.32,-1278.28,pro_FVG+OTE,stop_loss_premium_phase3
2019-01-02 09:30:00,2019-01-02 09:45:00,NIFTY BANK,bullish,242.13,198.35,570,-24952.74,378.21,-25330.95,pro_VP+RSI_Div,target
2019-01-04 09:45:00,2019-01-04 12:00:00,NIFTY BANK,bullish,193.57,244.87,1500,76959.96,1018.84,75941.12,pro_LiqSweep+OTE+RSI_Div,stop_loss_premium_phase3
2019-01-07 14:15:00,2019-01-07 14:45:00,NIFTY BANK,bearish,208.54,266.45,1500,86872.73,1102.4,85770.33,pro_OTE+RSI_Div+VWAP,target
2019-01-11 09:45:00,2019-01-11 10:45:00,NIFTY BANK,bullish,236.82,230.06,1500,-10142.37,1014.18,-11156.55,pro_LiqSweep+VP,stop_loss_premium_phase2
2019-01-14 09:45:00,2019-01-14 11:15:00,NIFTY BANK,bearish,223.59,223.07,1500,-787.0,978.84,-1765.84,pro_LiqSweep+FVG+VWAP,stop_loss_premium_phase3
2019-01-15 09:45:00,2019-01-15 11:15:00,NIFTY BANK,bullish,163.7,177.06,1500,20036.04,773.13,19262.91,pro_LiqSweep+FVG+VP,stop_loss_premium_phase3
2019-01-15 11:30:00,2019-01-15 12:30:00,NIFTY BANK,bullish,186.95,186.86,1500,-130.13,827.28,-957.41,pro_LiqSweep+VP,stop_loss_premium_phase2
2019-01-15 14:15:00,2019-01-15 15:15:00,NIFTY BANK,bullish,199.0,205.56,1500,9844.64,898.79,8945.85,pro_FVG+VP,intraday_square_off
2019-01-29 09:45:00,2019-01-29 11:15:00,NIFTY BANK,bullish,225.04,225.18,1500,201.16,987.0,-785.84,pro_LiqSweep+OTE,stop_loss_premium_phase3
2019-01-29 11:30:00,2019-01-29 12:45:00,NIFTY BANK,bullish,202.55,201.99,1500,-839.85,890.91,-1730.76,pro_LiqSweep+OTE+RSI_Div,stop_loss_premium_phase2
2019-02-05 09:45:00,2019-02-05 11:15:00,NIFTY BANK,bullish,228.18,255.72,1500,41312.79,1087.51,40225.28,pro_FVG+VP,stop_loss_premium_phase3
2019-02-18 09:30:00,2019-02-18 11:00:00,NIFTY BANK,bullish,187.1,188.96,1500,2797.45,834.12,1963.33,pro_LiqSweep+VP,stop_loss_premium_phase3
2019-02-25 09:45:00,2019-02-25 11:15:00,NIFTY BANK,bullish,176.09,192.45,1500,24540.54,834.44,23706.1,pro_LiqSweep+FVG+VP+RSI_Div,stop_loss_premium_phase3
2019-02-25 11:30:00,2019-02-25 13:30:00,NIFTY BANK,bullish,195.65,224.11,1500,42690.05,954.65,41735.4,pro_LiqSweep+VP,stop_loss_premium_phase3
2019-03-05 09:45:00,2019-03-05 11:15:00,NIFTY BANK,bullish,216.27,263.71,1500,71168.1,1101.28,70066.82,pro_LiqSweep+VP,stop_loss_premium_phase3
2019-03-05 11:30:00,2019-03-05 12:45:00,NIFTY BANK,bullish,183.29,272.04,1500,133135.73,1095.38,132040.35,pro_LiqSweep+FVG+VP,target
2019-03-12 09:30:00,2019-03-12 09:45:00,NIFTY BANK,bullish,294.19,223.06,480,-34143.7,367.56,-34511.26,pro_LiqSweep+VP,target
2019-03-19 14:15:00,2019-03-19 15:15:00,NIFTY BANK,bullish,225.49,240.18,1500,22033.53,1035.29,20998.24,pro_LiqSweep+VP,intraday_square_off
2019-03-25 14:15:00,2019-03-25 15:00:00,NIFTY BANK,bullish,221.02,297.89,1500,115297.54,1214.96,114082.58,pro_LiqSweep+VP,target
2019-03-26 10:00:00,2019-03-26 11:30:00,NIFTY BANK,bullish,231.07,231.36,1500,439.45,1012.65,-573.2,pro_LiqSweep+FVG+VP,stop_loss_premium_phase3
2019-04-08 09:45:00,2019-04-08 11:15:00,NIFTY BANK,bullish,232.91,232.36,1500,-817.72,1017.67,-1835.39,pro_LiqSweep+FVG,stop_loss_premium_phase3
2019-04-08 11:30:00,2019-04-08 13:00:00,NIFTY BANK,bullish,227.14,226.63,1500,-757.62,993.71,-1751.33,pro_FVG+VP,stop_loss_premium_phase3
2019-04-12 10:00:00,2019-04-12 11:30:00,NIFTY BANK,bullish,212.38,214.86,1500,3731.41,941.63,2789.78,pro_LiqSweep+VP,stop_loss_premium_phase3
2019-04-22 11:30:00,2019-04-22 13:00:00,NIFTY BANK,bearish,218.8,247.25,1500,42674.95,1051.28,41623.67,pro_FVG+RSI_Div+VWAP,stop_loss_premium_phase3
2019-04-30 14:15:00,2019-04-30 15:00:00,NIFTY BANK,bullish,179.0,250.85,1500,107777.13,1023.54,106753.59,pro_LiqSweep+RSI_Div,target
2019-05-14 14:15:00,2019-05-14 15:15:00,NIFTY BANK,bullish,221.87,157.24,1500,-96953.74,767.18,-97720.92,pro_LiqSweep+VP+RSI_Div,intraday_square_off
2019-05-17 09:45:00,2019-05-17 11:15:00,NIFTY BANK,bullish,207.38,206.92,1500,-695.97,911.38,-1607.35,pro_LiqSweep+VP,stop_loss_premium_phase3
2019-05-17 11:30:00,2019-05-17 13:00:00,NIFTY BANK,bullish,196.31,243.63,1500,70977.5,1017.58,69959.92,pro_LiqSweep+VP,stop_loss_premium_phase3
2019-05-21 09:45:00,2019-05-21 11:15:00,NIFTY BANK,bearish,238.41,272.07,1500,50489.44,1149.72,49339.72,pro_LiqSweep+OTE+VWAP,stop_loss_premium_phase3
2019-05-27 09:45:00,2019-05-27 11:15:00,NIFTY BANK,bullish,258.15,257.4,1500,-1119.36,1122.38,-2241.74,pro_FVG+VP,stop_loss_premium_phase3
2019-05-27 11:30:00,2019-05-27 12:45:00,NIFTY BANK,bullish,196.88,196.44,1500,-655.84,867.61,-1523.45,pro_VP+RSI_Div,stop_loss_premium_phase2
2019-05-28 11:15:00,2019-05-28 12:30:00,NIFTY BANK,bullish,212.34,212.33,1500,-18.14,933.52,-951.66,pro_FVG+OTE,stop_loss_premium_phase2
2019-06-03 11:15:00,2019-06-03 12:45:00,NIFTY BANK,bullish,198.96,224.9,1500,38898.55,960.43,37938.12,pro_LiqSweep+VP+RSI_Div,stop_loss_premium_phase3
2019-06-07 10:30:00,2019-06-07 12:00:00,NIFTY BANK,bullish,300.01,315.1,1500,22639.63,1347.65,21291.98,pro_LiqSweep+FVG,stop_loss_premium_phase3
2019-06-14 10:00:00,2019-06-14 11:30:00,NIFTY BANK,bearish,215.98,241.27,1500,37946.99,1029.42,36917.57,pro_LiqSweep+FVG+VWAP,stop_loss_premium_phase3
2019-06-18 14:15:00,2019-06-18 14:45:00,NIFTY BANK,bearish,179.28,248.79,1500,104273.53,1017.27,103256.26,pro_FVG+OTE+VWAP,target
2019-06-24 14:15:00,2019-06-24 15:15:00,NIFTY BANK,bullish,180.75,164.29,1500,-24683.94,749.19,-25433.13,pro_LiqSweep+VP+OTE,intraday_square_off
2019-06-28 09:45:00,2019-06-28 11:15:00,NIFTY BANK,bearish,220.3,261.88,1500,62371.45,1099.39,61272.06,pro_LiqSweep+FVG+VWAP,stop_loss_premium_phase3
2019-07-16 09:45:00,2019-07-16 10:45:00,NIFTY BANK,bullish,224.54,224.28,1500,-385.5,983.66,-1369.16,pro_LiqSweep+VP+RSI_Div,stop_loss_premium_phase2
2019-07-26 14:15:00,2019-07-26 15:15:00,NIFTY BANK,bullish,228.22,229.79,1500,2348.17,1004.84,1343.33,pro_LiqSweep+VP,intraday_square_off
2019-07-30 10:30:00,2019-07-30 12:00:00,NIFTY BANK,bearish,241.09,296.13,1500,82564.68,1229.13,81335.55,pro_FVG+OTE+VWAP,stop_loss_premium_phase3
2019-08-19 09:45:00,2019-08-19 11:15:00,NIFTY BANK,bearish,228.23,227.66,1500,-856.65,998.08,-1854.73,pro_LiqSweep+OTE+RSI_Div+VWAP,stop_loss_premium_phase3
2019-08-23 14:15:00,2019-08-23 15:15:00,NIFTY BANK,bullish,216.41,171.13,1500,-67913.48,806.12,-68719.6,pro_LiqSweep+VP,intraday_square_off
2019-08-30 09:45:00,2019-08-30 10:45:00,NIFTY BANK,bullish,286.94,286.81,1500,-189.99,1244.54,-1434.53,pro_LiqSweep+VP,stop_loss_premium_phase2
2019-09-11 09:30:00,2019-09-11 09:45:00,NIFTY BANK,bullish,287.81,282.88,900,-4441.15,758.59,-5199.74,pro_LiqSweep+VP,target
2019-09-13 10:15:00,2019-09-13 11:45:00,NIFTY BANK,bullish,224.11,244.37,1500,30382.52,1047.29,29335.23,pro_FVG+RSI_Div,stop_loss_premium_phase3
2019-09-23 14:15:00,2019-09-23 15:15:00,NIFTY BANK,bearish,357.06,361.0,1500,5897.69,1550.2,4347.49,pro_LiqSweep+OTE+VWAP,intraday_square_off
2019-10-07 10:00:00,2019-10-07 11:30:00,NIFTY BANK,bearish,340.44,427.5,1500,130593.62,1745.96,128847.66,pro_LiqSweep+FVG+VWAP,stop_loss_premium_phase3
2019-10-11 14:15:00,2019-10-11 15:15:00,NIFTY BANK,bearish,311.31,338.11,1500,40196.25,1432.14,38764.11,pro_LiqSweep+FVG+RSI_Div+VWAP,intraday_square_off
2019-10-14 10:15:00,2019-10-14 11:45:00,NIFTY BANK,bearish,256.02,255.95,1500,-110.75,1115.65,-1226.4,pro_LiqSweep+OTE+VWAP,stop_loss_premium_phase3
2019-10-15 11:30:00,2019-10-15 13:00:00,NIFTY BANK,bearish,196.93,236.49,1500,59341.17,995.4,58345.77,pro_LiqSweep+FVG+OTE+VWAP,stop_loss_premium_phase3
2019-10-18 09:45:00,2019-10-18 10:45:00,NIFTY BANK,bullish,226.78,226.94,1500,245.54,994.33,-748.79,pro_LiqSweep+FVG+VP,stop_loss_premium_phase2
2019-10-18 14:15:00,2019-10-18 15:15:00,NIFTY BANK,bullish,231.86,229.48,1500,-3570.66,1007.45,-4578.11,pro_LiqSweep+VP,intraday_square_off
2019-11-04 14:15:00,2019-11-04 15:15:00,NIFTY BANK,bearish,238.98,284.07,1500,67632.91,1188.57,66444.34,pro_LiqSweep+RSI_Div+VWAP,intraday_square_off
2019-11-11 14:15:00,2019-11-11 15:00:00,NIFTY BANK,bullish,218.09,305.66,1500,131351.79,1236.86,130114.93,pro_LiqSweep+VP,target
2019-11-18 10:15:00,2019-11-18 11:30:00,NIFTY BANK,bullish,196.09,195.65,1500,-651.93,864.31,-1516.24,pro_LiqSweep+OTE,stop_loss_premium_phase2
2019-11-18 14:15:00,2019-11-18 15:15:00,NIFTY BANK,bullish,192.85,196.81,1500,5933.18,864.82,5068.36,pro_LiqSweep+OTE,intraday_square_off
2019-11-19 09:45:00,2019-11-19 10:30:00,NIFTY BANK,bullish,223.45,319.47,1500,144038.27,1286.2,142752.07,pro_LiqSweep+VP,target
2019-11-19 10:45:00,2019-11-19 12:15:00,NIFTY BANK,bullish,196.17,252.47,1500,84448.44,1045.61,83402.83,pro_LiqSweep+VP,stop_loss_premium_phase3
2019-11-22 09:45:00,2019-11-22 11:15:00,NIFTY BANK,bearish,221.73,231.66,1500,14896.16,1004.42,13891.74,pro_LiqSweep+VP+RSI_Div+VWAP,stop_loss_premium_phase3
2019-11-25 09:45:00,2019-11-25 11:15:00,NIFTY BANK,bullish,204.68,224.6,1500,29891.47,965.12,28926.35,pro_LiqSweep+VP,stop_loss_premium_phase3
2019-11-25 11:30:00,2019-11-25 13:00:00,NIFTY BANK,bullish,215.14,214.56,1500,-872.8,943.4,-1816.2,pro_LiqSweep+VP,stop_loss_premium_phase3
2019-11-25 14:15:00,2019-11-25 15:15:00,NIFTY BANK,bullish,208.72,219.54,1500,16221.0,952.94,15268.06,pro_LiqSweep+VP,intraday_square_off
2019-12-16 10:00:00,2019-12-16 11:30:00,NIFTY BANK,bearish,200.35,217.6,1500,25881.63,938.52,24943.11,pro_FVG+RSI_Div+VWAP,stop_loss_premium_phase3
2019-12-17 09:45:00,2019-12-17 11:15:00,NIFTY BANK,bullish,221.81,231.4,1500,14386.69,1003.67,13383.02,pro_VP+RSI_Div,stop_loss_premium_phase3
2019-12-17 11:30:00,2019-12-17 13:00:00,NIFTY BANK,bullish,168.64,197.35,1500,43069.09,842.72,42226.37,pro_VP+RSI_Div,stop_loss_premium_phase3
2019-12-18 09:30:00,2019-12-18 10:30:00,NIFTY BANK,bullish,209.13,185.29,1500,-35754.34,844.12,-36598.46,pro_FVG+VP+OTE,stop_loss_premium_phase2
2019-12-23 09:45:00,2019-12-23 11:15:00,NIFTY BANK,bullish,233.33,232.8,1500,-785.73,1019.48,-1805.21,pro_LiqSweep+VP,stop_loss_premium_phase3
2019-12-23 11:30:00,2019-12-23 13:00:00,NIFTY BANK,bullish,234.5,239.68,1500,7775.28,1042.57,6732.71,pro_LiqSweep+VP,stop_loss_premium_phase3
2019-12-30 09:45:00,2019-12-30 11:15:00,NIFTY BANK,bullish,181.35,190.06,1500,13061.71,831.96,12229.75,pro_LiqSweep+VP,stop_loss_premium_phase3
2019-12-30 11:30:00,2019-12-30 12:30:00,NIFTY BANK,bullish,191.9,191.28,1500,-938.13,846.24,-1784.37,pro_LiqSweep+FVG,stop_loss_premium_phase2
2020-01-13 10:45:00,2020-01-13 12:30:00,NIFTY BANK,bullish,222.8,247.34,1500,36814.12,1055.49,35758.63,pro_FVG+VP,stop_loss_premium_phase3
2020-01-17 11:30:00,2020-01-17 13:00:00,NIFTY BANK,bullish,197.6,213.94,1500,24513.6,924.13,23589.47,pro_FVG+OTE,stop_loss_premium_phase3
2020-02-01 11:00:00,2020-02-01 12:00:00,NIFTY BANK,bearish,232.75,312.58,1500,119752.26,1273.38,118478.88,pro_FVG+OTE+VWAP,target
2020-02-01 14:15:00,2020-02-01 15:00:00,NIFTY BANK,bearish,480.82,670.07,1500,283874.56,2657.85,281216.71,pro_LiqSweep+FVG+VWAP,target
2020-03-02 09:45:00,2020-03-02 11:15:00,NIFTY BANK,bearish,261.93,270.44,1500,12768.15,1167.69,11600.46,pro_FVG+OTE+VWAP,stop_loss_premium_phase3
2020-03-02 11:30:00,2020-03-02 13:15:00,NIFTY BANK,bearish,225.08,252.39,1500,40963.37,1073.84,39889.53,pro_FVG+OTE+VWAP,stop_loss_premium_phase3
2020-03-02 14:15:00,2020-03-02 14:45:00,NIFTY BANK,bearish,199.31,287.89,1500,132870.57,1161.68,131708.89,pro_LiqSweep+FVG+RSI_Div+VWAP,target
2020-03-13 10:15:00,2020-03-13 10:30:00,NIFTY BANK,bullish,431.45,774.06,1500,513915.63,2940.93,510974.7,pro_VP+RSI_Div,target
2020-03-31 11:30:00,2020-03-31 12:30:00,NIFTY BANK,bearish,207.99,207.99,1500,-12.82,915.38,-928.2,pro_LiqSweep+FVG+VWAP,stop_loss_premium_phase2
2020-03-31 14:15:00,2020-03-31 15:15:00,NIFTY BANK,bearish,216.8,273.16,1500,84546.28,1131.94,83414.34,pro_LiqSweep+OTE+VWAP,intraday_square_off
2020-04-13 11:30:00,2020-04-13 12:30:00,NIFTY BANK,bullish,297.1,296.4,1500,-1041.48,1285.12,-2326.6,pro_FVG+OTE,stop_loss_premium_phase2
2020-04-20 09:45:00,2020-04-20 10:45:00,NIFTY BANK,bearish,332.47,332.99,1500,777.33,1436.67,-659.34,pro_OTE+RSI_Div+VWAP,stop_loss_premium_phase2
2020-04-21 10:45:00,2020-04-21 12:15:00,NIFTY BANK,bullish,237.25,236.7,1500,-814.85,1035.79,-1850.64,pro_LiqSweep+FVG,stop_loss_premium_phase3
2020-05-11 14:15:00,2020-05-11 15:00:00,NIFTY BANK,bearish,229.6,309.7,1500,120148.59,1261.09,118887.5,pro_VP+RSI_Div+VWAP,target
2020-05-22 10:00:00,2020-05-22 11:00:00,NIFTY BANK,bullish,258.86,258.85,1500,-17.37,1127.71,-1145.08,pro_LiqSweep+RSI_Div,stop_loss_premium_phase2
2020-05-29 11:00:00,2020-05-29 12:30:00,NIFTY BANK,bullish,361.58,360.56,1500,-1528.06,1553.25,-3081.31,pro_LiqSweep+FVG,stop_loss_premium_phase3
2020-06-02 09:30:00,2020-06-02 11:00:00,NIFTY BANK,bearish,138.86,196.75,1500,86836.57,811.47,86025.1,pro_LiqSweep+FVG+VWAP,stop_loss_premium_phase3
2020-06-23 09:30:00,2020-06-23 09:45:00,NIFTY BANK,bearish,255.34,313.27,1500,86890.48,1297.82,85592.66,pro_OTE+RSI_Div+VWAP,target
2020-07-06 09:30:00,2020-07-06 11:00:00,NIFTY BANK,bearish,101.44,101.86,1500,624.4,471.97,152.43,pro_LiqSweep+RSI_Div+VWAP,stop_loss_premium_phase3
2020-07-07 10:30:00,2020-07-07 11:30:00,NIFTY BANK,bullish,199.44,199.38,1500,-77.73,879.52,-957.25,pro_FVG+OTE,stop_loss_premium_phase2
2020-07-14 14:15:00,2020-07-14 15:15:00,NIFTY BANK,bullish,219.44,256.77,1500,55997.93,1082.27,54915.66,pro_LiqSweep+OTE,intraday_square_off
2020-07-24 14:15:00,2020-07-24 15:15:00,NIFTY BANK,bullish,212.78,190.98,1500,-32696.86,865.86,-33562.72,pro_FVG+RSI_Div,intraday_square_off
2020-08-04 14:15:00,2020-08-04 15:15:00,NIFTY BANK,bearish,203.11,190.78,1500,-18489.81,855.69,-19345.5,pro_FVG+OTE+RSI_Div+VWAP,intraday_square_off
2020-08-07 09:45:00,2020-08-07 11:15:00,NIFTY BANK,bullish,278.48,278.32,1500,-236.63,1209.13,-1445.76,pro_LiqSweep+OTE,stop_loss_premium_phase3
2020-08-07 11:30:00,2020-08-07 13:00:00,NIFTY BANK,bullish,203.22,230.23,1500,40512.2,981.63,39530.57,pro_LiqSweep+OTE+RSI_Div,stop_loss_premium_phase3
2020-08-10 10:00:00,2020-08-10 11:30:00,NIFTY BANK,bullish,231.9,247.78,1500,23817.75,1065.83,22751.92,pro_FVG+VP,stop_loss_premium_phase3
2020-08-11 09:30:00,2020-08-11 09:45:00,NIFTY BANK,bullish,355.74,246.15,690,-75611.86,569.48,-76181.34,pro_FVG+OTE,target
2020-08-18 11:00:00,2020-08-18 12:30:00,NIFTY BANK,bullish,233.09,243.58,1500,15739.09,1053.64,14685.45,pro_FVG+VP,stop_loss_premium_phase3
2020-08-19 09:30:00,2020-08-19 09:45:00,NIFTY BANK,bullish,360.84,280.51,750,-60250.14,672.2,-60922.34,pro_LiqSweep+VP,target
2020-08-28 09:45:00,2020-08-28 10:30:00,NIFTY BANK,bullish,226.9,315.98,1500,133621.19,1278.47,132342.72,pro_LiqSweep+VP,target
2020-08-28 10:45:00,2020-08-28 11:30:00,NIFTY BANK,bullish,227.64,320.79,1500,139737.6,1294.54,138443.06,pro_LiqSweep+VP,target
2020-09-07 10:30:00,2020-09-07 12:00:00,NIFTY BANK,bullish,290.52,313.52,1500,34500.89,1333.25,33167.64,pro_LiqSweep+FVG+OTE,stop_loss_premium_phase3
2020-09-08 09:45:00,2020-09-08 10:45:00,NIFTY BANK,bearish,224.27,224.26,1500,-12.81,983.33,-996.14,pro_LiqSweep+FVG+VWAP,stop_loss_premium_phase2
2020-09-08 11:30:00,2020-09-08 12:45:00,NIFTY BANK,bearish,203.64,203.19,1500,-678.91,895.8,-1574.71,pro_LiqSweep+OTE+VWAP,stop_loss_premium_phase2
2020-09-11 10:45:00,2020-09-11 11:45:00,NIFTY BANK,bullish,257.82,257.77,1500,-73.26,1123.25,-1196.51,pro_LiqSweep+OTE,stop_loss_premium_phase2
2020-09-11 14:15:00,2020-09-11 14:45:00,NIFTY BANK,bullish,214.09,278.78,1500,97038.88,1147.18,95891.7,pro_LiqSweep+OTE,target
2020-10-12 09:45:00,2020-10-12 11:00:00,NIFTY BANK,bullish,191.99,191.41,1500,-874.61,846.76,-1721.37,pro_LiqSweep+VP,stop_loss_premium_phase2
2020-10-13 14:15:00,2020-10-13 15:15:00,NIFTY BANK,bullish,236.85,253.58,1500,25091.18,1089.22,24001.96,pro_LiqSweep+OTE+RSI_Div,intraday_square_off
2020-10-26 10:00:00,2020-10-26 11:15:00,NIFTY BANK,bullish,210.17,209.61,1500,-837.97,922.72,-1760.69,pro_LiqSweep+RSI_Div,stop_loss_premium_phase2
2020-11-02 09:30:00,2020-11-02 09:45:00,NIFTY BANK,bullish,475.02,410.19,750,-48619.2,935.22,-49554.42,pro_LiqSweep+OTE,target
2020-11-06 09:45:00,2020-11-06 11:15:00,NIFTY BANK,bullish,222.86,243.18,1500,30490.74,1042.29,29448.45,pro_LiqSweep+VP,stop_loss_premium_phase3
2020-11-06 11:30:00,2020-11-06 12:45:00,NIFTY BANK,bullish,211.38,300.75,1500,134056.01,1214.62,132841.39,pro_LiqSweep+VP,target
2020-11-06 14:15:00,2020-11-06 15:15:00,NIFTY BANK,bullish,211.26,267.14,1500,83822.42,1107.27,82715.15,pro_LiqSweep+FVG+VP,intraday_square_off
2020-11-23 09:45:00,2020-11-23 11:15:00,NIFTY BANK,bearish,389.32,445.46,1500,84211.1,1851.37,82359.73,pro_LiqSweep+OTE+VWAP,stop_loss_premium_phase3
2020-11-24 09:30:00,2020-11-24 10:30:00,NIFTY BANK,bearish,216.73,210.36,1500,-9556.2,931.57,-10487.77,pro_OTE+RSI_Div+VWAP,stop_loss_premium_phase2
2020-11-27 09:45:00,2020-11-27 11:15:00,NIFTY BANK,bearish,393.78,427.26,1500,50217.5,1797.72,48419.78,pro_LiqSweep+OTE+VWAP,stop_loss_premium_phase3
2020-11-27 11:30:00,2020-11-27 13:00:00,NIFTY BANK,bearish,341.67,334.33,1500,-11004.66,1450.0,-12454.66,pro_LiqSweep+OTE+VWAP,stop_loss_premium_phase3
2020-11-27 14:15:00,2020-11-27 14:45:00,NIFTY BANK,bearish,202.85,271.94,1500,103635.24,1114.3,102520.94,pro_OTE+RSI_Div+VWAP,target
2020-12-07 09:45:00,2020-12-07 11:15:00,NIFTY BANK,bullish,287.83,287.05,1500,-1177.85,1246.17,-2424.02,pro_LiqSweep+VP,stop_loss_premium_phase3
2020-12-08 10:00:00,2020-12-08 11:30:00,NIFTY BANK,bearish,193.75,253.07,1500,88975.17,1045.15,87930.02,pro_LiqSweep+RSI_Div+VWAP,stop_loss_premium_phase3
2020-12-08 14:15:00,2020-12-08 15:15:00,NIFTY BANK,bearish,197.67,219.67,1500,32996.37,942.49,32053.88,pro_LiqSweep+OTE+VWAP,intraday_square_off
2020-12-11 09:45:00,2020-12-11 11:15:00,NIFTY BANK,bullish,239.42,238.87,1500,-828.09,1044.82,-1872.91,pro_LiqSweep+VP+RSI_Div,stop_loss_premium_phase3
2020-12-11 11:30:00,2020-12-11 13:00:00,NIFTY BANK,bullish,227.81,267.59,1500,59670.13,1125.02,58545.11,pro_LiqSweep+FVG,stop_loss_premium_phase3
2020-12-16 09:30:00,2020-12-16 09:45:00,NIFTY BANK,bullish,269.68,273.33,1500,5474.23,1184.54,4289.69,pro_FVG+VP,target
2020-12-18 14:15:00,2020-12-18 15:15:00,NIFTY BANK,bearish,214.87,190.8,1500,-36092.54,867.35,-36959.89,pro_FVG+OTE+VWAP,intraday_square_off
2020-12-21 09:45:00,2020-12-21 11:15:00,NIFTY BANK,bearish,220.9,220.31,1500,-884.29,967.39,-1851.68,pro_FVG+RSI_Div+VWAP,stop_loss_premium_phase3
2020-12-21 11:30:00,2020-12-21 12:45:00,NIFTY BANK,bearish,211.38,292.3,1500,121378.78,1187.64,120191.14,pro_FVG+RSI_Div+VWAP,target
2020-12-29 10:45:00,2020-12-29 12:15:00,NIFTY BANK,bullish,205.31,233.83,1500,42775.06,995.17,41779.89,pro_FVG+VP,stop_loss_premium_phase3
2020-12-29 14:15:00,2020-12-29 15:15:00,NIFTY BANK,bullish,205.7,211.25,1500,8329.57,923.53,7406.04,pro_FVG+VP,intraday_square_off
2021-01-05 09:45:00,2021-01-05 11:00:00,NIFTY BANK,bullish,217.46,313.33,1500,143809.87,1260.72,142549.15,pro_LiqSweep+RSI_Div,target
2021-01-05 11:15:00,2021-01-05 12:45:00,NIFTY BANK,bullish,217.39,240.78,1500,35085.04,1029.24,34055.8,pro_LiqSweep+VP,stop_loss_premium_phase3
2021-01-12 09:45:00,2021-01-12 11:15:00,NIFTY BANK,bullish,233.3,255.95,1500,33987.62,1093.3,32894.32,pro_LiqSweep+RSI_Div,stop_loss_premium_phase3
2021-01-13 09:30:00,2021-01-13 09:45:00,NIFTY BANK,bullish,324.57,294.89,1230,-36512.12,1080.52,-37592.64,pro_VP+RSI_Div,target
2021-01-15 10:45:00,2021-01-15 12:45:00,NIFTY BANK,bullish,224.14,266.43,1500,63428.07,1117.68,62310.39,pro_LiqSweep+RSI_Div,stop_loss_premium_phase3
2021-01-18 09:30:00,2021-01-18 10:30:00,NIFTY BANK,bullish,292.45,295.45,1500,4500.58,1277.51,3223.07,pro_LiqSweep+OTE,stop_loss_premium_phase2
2021-02-09 14:15:00,2021-02-09 14:45:00,NIFTY BANK,bearish,235.07,357.32,1500,183371.29,1418.34,181952.95,pro_LiqSweep+RSI_Div+VWAP,target
2021-02-12 09:45:00,2021-02-12 10:45:00,NIFTY BANK,bullish,327.09,434.23,1500,160700.8,1754.27,158946.53,pro_LiqSweep+VP,target
2021-02-12 11:00:00,2021-02-12 12:30:00,NIFTY BANK,bullish,321.42,320.69,1500,-1095.41,1386.54,-2481.95,pro_LiqSweep+VP,stop_loss_premium_phase3
2021-02-16 09:45:00,2021-02-16 11:15:00,NIFTY BANK,bullish,214.19,259.18,1500,67484.64,1084.75,66399.89,pro_FVG+VP,stop_loss_premium_phase3
2021-02-19 10:30:00,2021-02-19 11:30:00,NIFTY BANK,bullish,434.08,426.93,1500,-10728.75,1836.33,-12565.08,pro_FVG+RSI_Div,stop_loss_premium_phase2
2021-02-23 11:00:00,2021-02-23 11:30:00,NIFTY BANK,bearish,321.61,467.97,1500,219551.44,1856.5,217694.94,pro_LiqSweep+OTE+VWAP,target
2021-03-23 09:45:00,2021-03-23 10:45:00,NIFTY BANK,bullish,247.46,367.1,1500,179454.7,1461.76,177992.94,pro_FVG+VP,target
2021-03-26 09:45:00,2021-03-26 11:15:00,NIFTY BANK,bearish,684.68,683.89,1500,-1190.02,2902.66,-4092.68,pro_LiqSweep+OTE+VWAP,stop_loss_premium_phase3
2021-03-26 11:30:00,2021-03-26 13:00:00,NIFTY BANK,bearish,628.18,626.57,1500,-2416.28,2664.23,-5080.51,pro_LiqSweep+OTE+VWAP,stop_loss_premium_phase3
2021-04-16 09:45:00,2021-04-16 11:15:00,NIFTY BANK,bearish,467.11,493.69,1500,39871.34,2081.81,37789.53,pro_LiqSweep+FVG+OTE+VWAP,stop_loss_premium_phase3
2021-04-19 14:15:00,2021-04-19 15:00:00,NIFTY BANK,bullish,232.29,344.28,1500,167996.4,1374.04,166622.36,pro_FVG+VP,target
2021-04-27 09:45:00,2021-04-27 11:15:00,NIFTY BANK,bullish,202.18,261.9,1500,89574.11,1081.62,88492.49,pro_LiqSweep+FVG+OTE,stop_loss_premium_phase3
2021-04-27 11:30:00,2021-04-27 13:00:00,NIFTY BANK,bullish,212.35,246.75,1500,51598.14,1043.32,50554.82,pro_LiqSweep+FVG+VP,stop_loss_premium_phase3
2021-04-27 14:15:00,2021-04-27 15:15:00,NIFTY BANK,bullish,234.08,252.15,1500,27103.71,1081.93,26021.78,pro_LiqSweep+VP,intraday_square_off
2021-05-03 11:00:00,2021-05-03 12:15:00,NIFTY BANK,bullish,450.89,450.44,1500,-670.42,1927.87,-2598.29,pro_FVG+OTE,stop_loss_premium_phase2
2021-05-14 09:45:00,2021-05-14 10:45:00,NIFTY BANK,bullish,258.9,258.29,1500,-914.45,1125.96,-2040.41,pro_LiqSweep+OTE+RSI_Div,stop_loss_premium_phase2
2021-05-14 11:00:00,2021-05-14 12:00:00,NIFTY BANK,bullish,311.1,310.2,1500,-1348.04,1342.91,-2690.95,pro_LiqSweep+OTE,stop_loss_premium_phase2
2021-05-31 09:45:00,2021-05-31 11:15:00,NIFTY BANK,bullish,233.11,287.28,1500,81255.76,1193.05,80062.71,pro_LiqSweep+VP,stop_loss_premium_phase3
2021-05-31 11:30:00,2021-05-31 13:15:00,NIFTY BANK,bullish,236.2,279.82,1500,65422.01,1172.27,64249.74,pro_LiqSweep+FVG+VP+RSI_Div,stop_loss_premium_phase3
2021-05-31 14:15:00,2021-05-31 15:15:00,NIFTY BANK,bullish,220.39,262.81,1500,63630.21,1102.45,62527.76,pro_LiqSweep+VP,intraday_square_off
2021-06-04 09:45:00,2021-06-04 10:45:00,NIFTY BANK,bullish,221.26,220.76,1500,-752.31,969.19,-1721.5,pro_LiqSweep+VP,stop_loss_premium_phase2
2021-06-07 10:45:00,2021-06-07 12:30:00,NIFTY BANK,bearish,202.82,222.38,1500,29331.62,956.19,28375.43,pro_LiqSweep+RSI_Div+VWAP,stop_loss_premium_phase3
2021-06-07 14:15:00,2021-06-07 15:15:00,NIFTY BANK,bearish,210.19,246.34,1500,54231.73,1039.87,53191.86,pro_LiqSweep+OTE+VWAP,intraday_square_off
2021-06-11 10:15:00,2021-06-11 11:15:00,NIFTY BANK,bearish,203.0,272.36,1500,104037.55,1115.79,102921.76,pro_LiqSweep+OTE+VWAP,target
2021-06-28 10:00:00,2021-06-28 11:30:00,NIFTY BANK,bearish,206.13,244.31,1500,57265.86,1029.4,56236.46,pro_FVG+RSI_Div+VWAP,stop_loss_premium_phase3
2021-07-02 09:45:00,2021-07-02 11:15:00,NIFTY BANK,bullish,203.69,203.25,1500,-658.26,896.04,-1554.3,pro_LiqSweep+OTE,stop_loss_premium_phase3
2021-07-02 14:15:00,2021-07-02 15:15:00,NIFTY BANK,bullish,199.49,186.84,1500,-18989.41,839.55,-19828.96,pro_LiqSweep+VP,intraday_square_off
2021-07-07 09:30:00,2021-07-07 10:45:00,NIFTY BANK,bearish,264.74,341.67,1500,115403.48,1397.66,114005.82,pro_LiqSweep+OTE+RSI_Div+VWAP,target
2021-07-09 11:00:00,2021-07-09 12:30:00,NIFTY BANK,bullish,315.94,315.12,1500,-1236.43,1363.38,-2599.81,pro_FVG+OTE,stop_loss_premium_phase3
2021-07-23 10:30:00,2021-07-23 12:00:00,NIFTY BANK,bullish,335.49,376.59,1500,61649.53,1578.69,60070.84,pro_FVG+VP+RSI_Div,stop_loss_premium_phase3
2021-07-26 14:15:00,2021-07-26 15:15:00,NIFTY BANK,bearish,199.56,241.81,1500,63363.27,1014.96,62348.31,pro_FVG+OTE+VWAP,intraday_square_off
2021-07-27 10:45:00,2021-07-27 12:15:00,NIFTY BANK,bearish,219.25,245.04,1500,38680.59,1044.64,37635.95,pro_LiqSweep+OTE+RSI_Div+VWAP,stop_loss_premium_phase3
2021-08-06 09:45:00,2021-08-06 11:45:00,NIFTY BANK,bearish,280.08,321.53,1500,62184.81,1348.52,60836.29,pro_LiqSweep+OTE+RSI_Div+VWAP,stop_loss_premium_phase3
2021-08-09 09:45:00,2021-08-09 10:45:00,NIFTY BANK,bullish,218.91,218.97,1500,86.57,961.15,-874.58,pro_VP+RSI_Div,stop_loss_premium_phase2
2021-08-10 09:45:00,2021-08-10 10:45:00,NIFTY BANK,bullish,203.79,203.16,1500,-933.55,895.86,-1829.41,pro_LiqSweep+FVG+VP,stop_loss_premium_phase2
2021-08-10 11:00:00,2021-08-10 12:30:00,NIFTY BANK,bullish,196.82,223.57,1500,40128.52,954.1,39174.42,pro_LiqSweep+VP,stop_loss_premium_phase3
2021-08-13 09:45:00,2021-08-13 11:15:00,NIFTY BANK,bullish,219.3,213.73,1500,-8352.47,944.85,-9297.32,pro_LiqSweep+FVG+VP,stop_loss_premium_phase3
2021-08-13 11:30:00,2021-08-13 13:00:00,NIFTY BANK,bullish,193.32,192.8,1500,-778.83,852.5,-1631.33,pro_LiqSweep+FVG+VP,stop_loss_premium_phase3
2021-08-13 14:15:00,2021-08-13 15:15:00,NIFTY BANK,bearish,235.19,244.12,1500,13394.03,1057.39,12336.64,pro_LiqSweep+OTE+RSI_Div+VWAP,intraday_square_off
2021-08-16 10:00:00,2021-08-16 11:00:00,NIFTY BANK,bearish,194.35,194.38,1500,39.33,858.53,-819.2,pro_LiqSweep+OTE+RSI_Div+VWAP,stop_loss_premium_phase2
2021-08-16 11:30:00,2021-08-16 13:00:00,NIFTY BANK,bearish,229.53,249.07,1500,29298.92,1067.62,28231.3,pro_LiqSweep+OTE+VWAP,stop_loss_premium_phase3
2021-08-27 09:45:00,2021-08-27 10:45:00,NIFTY BANK,bearish,194.25,194.32,1500,107.38,858.26,-750.88,pro_LiqSweep+FVG+VWAP,stop_loss_premium_phase2
2021-08-31 11:00:00,2021-08-31 12:30:00,NIFTY BANK,bullish,218.61,248.28,1500,44510.92,1054.35,43456.57,pro_FVG+VP,stop_loss_premium_phase3
2021-09-03 09:45:00,2021-09-03 10:45:00,NIFTY BANK,bullish,205.22,204.59,1500,-953.47,901.81,-1855.28,pro_FVG+VP,stop_loss_premium_phase2
2021-09-13 09:45:00,2021-09-13 11:15:00,NIFTY BANK,bearish,210.82,222.89,1500,18105.02,965.72,17139.3,pro_LiqSweep+FVG+VWAP,stop_loss_premium_phase3
2021-10-05 09:30:00,2021-10-05 09:45:00,NIFTY BANK,bearish,266.49,275.53,1500,13562.71,1188.41,12374.3,pro_OTE+RSI_Div+VWAP,target
2021-10-05 11:00:00,2021-10-05 12:30:00,NIFTY BANK,bullish,218.75,241.4,1500,33980.1,1032.54,32947.56,pro_LiqSweep+FVG,stop_loss_premium_phase3
2021-10-05 14:15:00,2021-10-05 15:15:00,NIFTY BANK,bullish,210.77,259.09,1500,72474.37,1081.12,71393.25,pro_LiqSweep+VP,intraday_square_off
2021-10-12 10:00:00,2021-10-12 11:30:00,NIFTY BANK,bullish,222.12,221.45,1500,-1015.92,972.22,-1988.14,pro_LiqSweep+VP,stop_loss_premium_phase3
2021-10-18 14:15:00,2021-10-18 15:15:00,NIFTY BANK,bearish,202.16,234.02,1500,47788.78,992.67,46796.11,pro_OTE+RSI_Div+VWAP,intraday_square_off
2021-10-19 11:30:00,2021-10-19 13:00:00,NIFTY BANK,bearish,249.91,249.23,1500,-1016.75,1088.22,-2104.97,pro_FVG+OTE+VWAP,stop_loss_premium_phase3
2021-10-22 09:45:00,2021-10-22 11:15:00,NIFTY BANK,bullish,378.12,479.0,1500,151321.12,1947.33,149373.79,pro_LiqSweep+VP,stop_loss_premium_phase3
2021-10-26 14:15:00,2021-10-26 15:15:00,NIFTY BANK,bullish,255.7,235.26,1500,-30658.81,1049.36,-31708.17,pro_LiqSweep+VP,intraday_square_off
2021-11-08 09:45:00,2021-11-08 11:15:00,NIFTY BANK,bullish,492.82,491.49,1500,-1990.07,2100.1,-4090.17,pro_LiqSweep+RSI_Div,stop_loss_premium_phase3
2021-11-09 09:45:00,2021-11-09 10:45:00,NIFTY BANK,bullish,195.31,194.88,1500,-647.29,861.09,-1508.38,pro_LiqSweep+VP+RSI_Div,stop_loss_premium_phase2
2021-11-09 14:15:00,2021-11-09 15:15:00,NIFTY BANK,bearish,208.05,217.7,1500,14480.05,946.42,13533.63,pro_FVG+RSI_Div+VWAP,intraday_square_off
2021-12-06 09:45:00,2021-12-06 10:45:00,NIFTY BANK,bearish,257.22,257.26,1500,56.43,1121.02,-1064.59,pro_FVG+RSI_Div+VWAP,stop_loss_premium_phase2
2021-12-10 09:45:00,2021-12-10 11:15:00,NIFTY BANK,bullish,262.53,288.71,1500,39273.84,1226.55,38047.29,pro_LiqSweep+FVG+OTE,stop_loss_premium_phase3
2021-12-10 11:30:00,2021-12-10 12:45:00,NIFTY BANK,bullish,213.1,212.63,1500,-713.94,935.22,-1649.16,pro_LiqSweep+FVG+OTE,stop_loss_premium_phase2
2021-12-10 14:15:00,2021-12-10 15:15:00,NIFTY BANK,bullish,233.46,308.24,1500,112173.54,1260.23,110913.31,pro_LiqSweep+FVG+RSI_Div,intraday_square_off
2021-12-14 11:30:00,2021-12-14 12:00:00,NIFTY BANK,bullish,198.02,312.34,1500,171472.77,1238.41,170234.36,pro_LiqSweep+OTE+RSI_Div,target
2021-12-14 14:15:00,2021-12-14 15:15:00,NIFTY BANK,bullish,211.87,257.06,1500,67786.49,1075.74,66710.75,pro_LiqSweep+FVG+RSI_Div,intraday_square_off
2021-12-28 14:15:00,2021-12-28 14:45:00,NIFTY BANK,bearish,185.31,256.12,1500,106217.42,1046.59,105170.83,pro_OTE+RSI_Div+VWAP,target
2021-12-31 09:45:00,2021-12-31 11:15:00,NIFTY BANK,bullish,246.0,245.35,1500,-973.62,1071.98,-2045.6,pro_LiqSweep+VP+RSI_Div,stop_loss_premium_phase3
2021-12-31 11:30:00,2021-12-31 13:15:00,NIFTY BANK,bullish,211.39,227.61,1500,24336.81,981.32,23355.49,pro_LiqSweep+FVG+VP,stop_loss_premium_phase3
2022-01-03 09:30:00,2022-01-03 09:45:00,NIFTY BANK,bullish,267.37,264.88,1500,-3735.1,1155.29,-4890.39,pro_FVG+VP+OTE,target
2022-01-03 11:30:00,2022-01-03 13:15:00,NIFTY BANK,bullish,207.24,302.68,1500,143152.85,1216.67,141936.18,pro_FVG+VP,target
2022-01-11 10:30:00,2022-01-11 12:15:00,NIFTY BANK,bullish,200.02,243.05,1500,64542.97,1019.37,63523.6,pro_LiqSweep+RSI_Div,stop_loss_premium_phase3
2022-01-11 14:15:00,2022-01-11 15:15:00,NIFTY BANK,bullish,221.87,236.78,1500,22363.47,1020.89,21342.58,pro_LiqSweep+VP,intraday_square_off
2022-01-14 11:15:00,2022-01-14 12:45:00,NIFTY BANK,bullish,240.15,275.35,1500,52810.4,1161.92,51648.48,pro_LiqSweep+RSI_Div,stop_loss_premium_phase3
2022-01-14 14:15:00,2022-01-14 15:15:00,NIFTY BANK,bullish,201.93,228.14,1500,39313.81,973.68,38340.13,pro_LiqSweep+VP,intraday_square_off
2022-01-17 10:30:00,2022-01-17 12:00:00,NIFTY BANK,bearish,194.5,213.37,1500,28304.5,919.27,27385.23,pro_LiqSweep+RSI_Div+VWAP,stop_loss_premium_phase3
2022-01-25 10:00:00,2022-01-25 11:45:00,NIFTY BANK,bullish,547.97,594.31,1500,69505.49,2482.33,67023.16,pro_LiqSweep+RSI_Div,stop_loss_premium_phase3
2022-01-31 14:15:00,2022-01-31 15:15:00,NIFTY BANK,bearish,224.57,245.83,1500,31894.59,1052.41,30842.18,pro_OTE+RSI_Div+VWAP,intraday_square_off
2022-02-04 09:45:00,2022-02-04 11:15:00,NIFTY BANK,bearish,296.73,366.2,1500,104204.43,1507.39,102697.04,pro_LiqSweep+OTE+RSI_Div+VWAP,stop_loss_premium_phase3
2022-02-25 14:15:00,2022-02-25 15:15:00,NIFTY BANK,bearish,342.16,374.64,1500,48727.69,1579.05,47148.64,pro_LiqSweep+FVG+OTE+VWAP,intraday_square_off
2022-03-07 11:00:00,2022-03-07 12:30:00,NIFTY BANK,bullish,587.63,652.08,1500,96685.65,2705.66,93979.99,pro_FVG+VP,stop_loss_premium_phase3
2022-03-11 11:00:00,2022-03-11 12:30:00,NIFTY BANK,bearish,683.67,682.73,1500,-1412.2,2897.99,-4310.19,pro_LiqSweep+FVG+VWAP,stop_loss_premium_phase3
2022-03-14 09:30:00,2022-03-14 09:45:00,NIFTY BANK,bullish,475.7,488.15,1500,18670.98,2072.57,16598.41,pro_LiqSweep+FVG+OTE+RSI_Div,target
2022-03-22 09:45:00,2022-03-22 11:15:00,NIFTY BANK,bullish,220.33,256.01,1500,53513.36,1080.71,52432.65,pro_FVG+RSI_Div,stop_loss_premium_phase3
2022-03-22 11:30:00,2022-03-22 12:30:00,NIFTY BANK,bullish,223.44,217.61,1500,-8740.22,961.3,-9701.52,pro_FVG+OTE,stop_loss_premium_phase2
2022-03-22 14:15:00,2022-03-22 15:15:00,NIFTY BANK,bullish,203.68,249.26,1500,68369.54,1042.79,67326.75,pro_VP+RSI_Div,intraday_square_off
2022-04-01 09:45:00,2022-04-01 11:15:00,NIFTY BANK,bullish,205.47,238.97,1500,50254.68,1011.73,49242.95,pro_LiqSweep+VP,stop_loss_premium_phase3
2022-04-01 11:30:00,2022-04-01 12:30:00,NIFTY BANK,bullish,281.92,372.27,1500,135531.3,1512.17,134019.13,pro_LiqSweep+VP,target
2022-04-05 10:30:00,2022-04-05 11:30:00,NIFTY BANK,bearish,221.51,215.26,1500,-9378.67,951.88,-10330.55,pro_LiqSweep+FVG+VWAP,stop_loss_premium_phase2
2022-04-08 14:15:00,2022-04-08 15:15:00,NIFTY BANK,bullish,263.65,249.05,1500,-21902.0,1101.14,-23003.14,pro_LiqSweep+VP+RSI_Div,intraday_square_off
2022-04-20 09:30:00,2022-04-20 09:45:00,NIFTY BANK,bearish,511.24,307.56,690,-140543.04,730.01,-141273.05,pro_LiqSweep+FVG+OTE+VWAP,target
2022-04-29 10:30:00,2022-04-29 11:30:00,NIFTY BANK,bearish,211.9,211.26,1500,-951.51,929.68,-1881.19,pro_OTE+RSI_Div+VWAP,stop_loss_premium_phase2
2022-05-16 09:30:00,2022-05-16 10:30:00,NIFTY BANK,bearish,317.32,314.59,1500,-4087.7,1363.06,-5450.76,pro_LiqSweep+VP+VWAP,stop_loss_premium_phase2
2022-05-16 10:45:00,2022-05-16 12:15:00,NIFTY BANK,bearish,497.92,575.16,1500,115860.92,2372.0,113488.92,pro_LiqSweep+OTE+VWAP,stop_loss_premium_phase3
2022-05-23 14:15:00,2022-05-23 15:15:00,NIFTY BANK,bearish,204.09,275.34,1500,106878.44,1126.36,105752.08,pro_LiqSweep+RSI_Div+VWAP,intraday_square_off
2022-05-24 09:45:00,2022-05-24 11:15:00,NIFTY BANK,bearish,219.27,218.78,1500,-741.74,960.91,-1702.65,pro_LiqSweep+RSI_Div+VWAP,stop_loss_premium_phase3
2022-05-27 14:15:00,2022-05-27 15:15:00,NIFTY BANK,bearish,197.38,216.99,1500,29410.52,933.65,28476.87,pro_LiqSweep+RSI_Div+VWAP,intraday_square_off
2022-06-13 14:15:00,2022-06-13 15:15:00,NIFTY BANK,bullish,225.16,293.01,1500,101772.19,1203.46,100568.73,pro_LiqSweep+RSI_Div,intraday_square_off
2022-06-14 09:45:00,2022-06-14 11:00:00,NIFTY BANK,bullish,214.56,325.19,1500,165948.13,1295.67,164652.46,pro_LiqSweep+OTE+RSI_Div,target
2022-06-14 11:15:00,2022-06-14 12:15:00,NIFTY BANK,bullish,198.98,198.54,1500,-661.31,876.38,-1537.69,pro_LiqSweep+VP+RSI_Div,stop_loss_premium_phase2
2022-06-17 09:45:00,2022-06-17 11:15:00,NIFTY BANK,bullish,508.72,508.18,1500,-815.93,2168.97,-2984.9,pro_LiqSweep+OTE+RSI_Div,stop_loss_premium_phase3
2022-06-20 10:00:00,2022-06-20 11:30:00,NIFTY BANK,bearish,354.78,394.36,1500,59365.85,1654.35,57711.5,pro_LiqSweep+RSI_Div+VWAP,stop_loss_premium_phase3
2022-06-20 14:15:00,2022-06-20 15:15:00,NIFTY BANK,bullish,195.85,237.22,1500,62055.78,996.68,61059.1,pro_LiqSweep+OTE+RSI_Div,intraday_square_off
2022-06-29 09:30:00,2022-06-29 11:00:00,NIFTY BANK,bullish,104.56,136.01,1500,47168.53,583.95,46584.58,pro_VP+RSI_Div,stop_loss_premium_phase3
2022-07-04 11:15:00,2022-07-04 12:45:00,NIFTY BANK,bullish,192.04,203.42,1500,17071.81,885.12,16186.69,pro_FVG+VP,stop_loss_premium_phase3
2022-07-04 14:15:00,2022-07-04 15:00:00,NIFTY BANK,bullish,203.19,290.43,1500,130862.62,1173.63,129688.99,pro_LiqSweep+VP,target
2022-07-15 11:00:00,2022-07-15 12:30:00,NIFTY BANK,bullish,218.49,242.71,1500,36332.12,1036.48,35295.64,pro_LiqSweep+RSI_Div,stop_loss_premium_phase3
2022-07-15 14:15:00,2022-07-15 15:15:00,NIFTY BANK,bullish,215.53,236.06,1500,30796.01,1012.33,29783.68,pro_LiqSweep+OTE,intraday_square_off
2022-07-25 10:15:00,2022-07-25 11:45:00,NIFTY BANK,bearish,229.08,257.77,1500,43031.82,1094.92,41936.9,pro_FVG+RSI_Div+VWAP,stop_loss_premium_phase3
2022-07-26 11:00:00,2022-07-26 12:00:00,NIFTY BANK,bearish,207.18,207.22,1500,48.49,912.13,-863.64,pro_LiqSweep+FVG+VWAP,stop_loss_premium_phase2
2022-08-02 09:30:00,2022-08-02 10:30:00,NIFTY BANK,bullish,122.25,114.9,1500,-11019.8,534.07,-11553.87,pro_FVG+VP,stop_loss_premium_phase2
2022-08-02 11:00:00,2022-08-02 11:45:00,NIFTY BANK,bullish,232.75,325.17,1500,138632.62,1313.51,137319.11,pro_FVG+VP,target
2022-08-08 10:15:00,2022-08-08 11:45:00,NIFTY BANK,bearish,190.63,199.92,1500,13929.74,872.56,13057.18,pro_LiqSweep+OTE+VWAP,stop_loss_premium_phase3
2022-08-10 09:30:00,2022-08-10 10:30:00,NIFTY BANK,bearish,153.1,153.31,1500,318.36,686.94,-368.58,pro_LiqSweep+RSI_Div+VWAP,stop_loss_premium_phase2
2022-08-16 09:30:00,2022-08-16 09:45:00,NIFTY BANK,bullish,397.48,245.81,1080,-163807.23,893.48,-164700.71,pro_LiqSweep+VP,target
2022-08-23 10:15:00,2022-08-23 11:15:00,NIFTY BANK,bullish,207.08,207.01,1500,-102.69,911.36,-1014.05,pro_FVG+VP,stop_loss_premium_phase2
2022-09-05 11:30:00,2022-09-05 13:00:00,NIFTY BANK,bullish,237.17,270.45,1500,49918.65,1143.35,48775.3,pro_FVG+VP,stop_loss_premium_phase3
2022-09-06 10:45:00,2022-09-06 11:45:00,NIFTY BANK,bearish,227.43,227.39,1500,-71.1,996.41,-1067.51,pro_FVG+RSI_Div+VWAP,stop_loss_premium_phase2
2022-10-10 10:00:00,2022-10-10 11:30:00,NIFTY BANK,bullish,281.64,388.43,1500,160193.51,1563.45,158630.06,pro_FVG+RSI_Div,target
2022-10-17 10:15:00,2022-10-17 11:45:00,NIFTY BANK,bullish,308.6,331.75,1500,34729.92,1409.21,33320.71,pro_VP+RSI_Div,stop_loss_premium_phase3
2022-10-17 14:15:00,2022-10-17 15:15:00,NIFTY BANK,bullish,196.42,240.99,1500,66858.27,1009.26,65849.01,pro_LiqSweep+VP,intraday_square_off
2022-10-21 14:15:00,2022-10-21 15:15:00,NIFTY BANK,bearish,195.63,164.06,1500,-47341.43,763.11,-48104.54,pro_LiqSweep+RSI_Div+VWAP,intraday_square_off
2022-10-25 09:45:00,2022-10-25 11:30:00,NIFTY BANK,bearish,238.04,282.41,1500,66554.45,1182.37,65372.08,pro_LiqSweep+OTE+RSI_Div+VWAP,stop_loss_premium_phase3
2022-10-27 09:30:00,2022-10-27 11:15:00,NIFTY BANK,bearish,143.48,222.24,1500,118145.99,897.34,117248.65,pro_OTE+RSI_Div+VWAP,stop_loss_premium_phase3
2022-10-28 10:15:00,2022-10-28 11:15:00,NIFTY BANK,bullish,233.1,233.15,1500,75.16,1020.35,-945.19,pro_FVG+VP,stop_loss_premium_phase2
2022-10-31 09:30:00,2022-10-31 09:45:00,NIFTY BANK,bullish,298.01,262.9,1500,-52657.92,1179.17,-53837.09,pro_FVG+OTE,target
2022-11-21 14:15:00,2022-11-21 15:15:00,NIFTY BANK,bullish,220.81,277.65,1500,85252.75,1150.19,84102.56,pro_LiqSweep+VP+RSI_Div,intraday_square_off
2022-11-22 09:45:00,2022-11-22 11:15:00,NIFTY BANK,bullish,220.83,228.53,1500,11546.64,993.56,10553.08,pro_LiqSweep+VP+RSI_Div,stop_loss_premium_phase3
2022-11-22 11:30:00,2022-11-22 13:00:00,NIFTY BANK,bullish,178.14,198.36,1500,30342.59,855.29,29487.3,pro_LiqSweep+VP,stop_loss_premium_phase3
2022-11-22 14:15:00,2022-11-22 15:15:00,NIFTY BANK,bullish,199.52,219.49,1500,29961.21,943.73,29017.48,pro_LiqSweep+VP,intraday_square_off
2022-11-25 11:15:00,2022-11-25 12:15:00,NIFTY BANK,bullish,192.25,192.2,1500,-81.09,849.53,-930.62,pro_FVG+OTE,stop_loss_premium_phase2
2022-11-28 09:30:00,2022-11-28 11:00:00,NIFTY BANK,bullish,184.85,184.51,1500,-516.02,817.71,-1333.73,pro_LiqSweep+OTE,stop_loss_premium_phase3
2022-11-29 11:30:00,2022-11-29 13:00:00,NIFTY BANK,bearish,228.36,257.76,1500,44099.4,1094.19,43005.21,pro_OTE+RSI_Div+VWAP,stop_loss_premium_phase3
2022-12-02 14:15:00,2022-12-02 15:15:00,NIFTY BANK,bullish,199.06,209.39,1500,15490.39,911.07,14579.32,pro_LiqSweep+VP+OTE,intraday_square_off
2022-12-12 14:15:00,2022-12-12 15:15:00,NIFTY BANK,bullish,192.93,230.46,1500,56281.35,972.22,55309.13,pro_LiqSweep+VP,intraday_square_off
2022-12-13 09:45:00,2022-12-13 11:15:00,NIFTY BANK,bullish,199.2,228.92,1500,44576.48,973.48,43603.0,pro_LiqSweep+VP,stop_loss_premium_phase3
2022-12-13 14:15:00,2022-12-13 15:15:00,NIFTY BANK,bullish,175.43,206.28,1500,46265.86,877.88,45387.98,pro_LiqSweep+VP,intraday_square_off
2022-12-21 09:30:00,2022-12-21 09:45:00,NIFTY BANK,bullish,397.47,274.78,1230,-150909.7,1086.77,-151996.47,pro_VP+RSI_Div,target
2022-12-26 09:45:00,2022-12-26 11:15:00,NIFTY BANK,bullish,264.52,285.84,1500,31977.23,1219.36,30757.87,pro_LiqSweep+VP+RSI_Div,stop_loss_premium_phase3
2023-01-02 09:45:00,2023-01-02 11:15:00,NIFTY BANK,bullish,198.69,198.14,1500,-822.08,874.83,-1696.91,pro_LiqSweep+VP,stop_loss_premium_phase3
2023-01-02 11:30:00,2023-01-02 12:45:00,NIFTY BANK,bullish,217.96,217.29,1500,-1006.64,954.89,-1961.53,pro_LiqSweep+FVG+VP,stop_loss_premium_phase2
2023-01-05 11:00:00,2023-01-05 12:00:00,NIFTY BANK,bullish,300.4,300.21,1500,-287.1,1300.51,-1587.61,pro_LiqSweep+RSI_Div,stop_loss_premium_phase2
2023-01-12 14:15:00,2023-01-12 15:15:00,NIFTY BANK,bullish,226.18,254.49,1500,42471.85,1081.61,41390.24,pro_LiqSweep+OTE,intraday_square_off
2023-01-13 10:15:00,2023-01-13 11:45:00,NIFTY BANK,bearish,245.16,259.47,1500,21463.74,1116.18,20347.56,pro_LiqSweep+RSI_Div+VWAP,stop_loss_premium_phase3
2023-01-19 09:45:00,2023-01-19 11:15:00,NIFTY BANK,bullish,229.24,228.73,1500,-759.06,1002.48,-1761.54,pro_LiqSweep+VP,stop_loss_premium_phase3
2023-02-02 11:15:00,2023-02-02 12:45:00,NIFTY BANK,bullish,886.98,907.51,1500,30796.89,3815.12,26981.77,pro_FVG+OTE,stop_loss_premium_phase3
2023-02-03 09:30:00,2023-02-03 09:45:00,NIFTY BANK,bullish,775.6,629.66,810,-118211.38,1544.08,-119755.46,pro_VP+RSI_Div,target
2023-02-06 10:15:00,2023-02-06 11:45:00,NIFTY BANK,bearish,216.56,237.68,1500,31671.06,1018.52,30652.54,pro_FVG+RSI_Div+VWAP,stop_loss_premium_phase3
2023-02-10 11:30:00,2023-02-10 13:00:00,NIFTY BANK,bearish,228.37,242.25,1500,20814.8,1044.72,19770.08,pro_LiqSweep+RSI_Div+VWAP,stop_loss_premium_phase3
2023-02-20 11:00:00,2023-02-20 12:00:00,NIFTY BANK,bullish,234.15,234.23,1500,132.01,1024.86,-892.85,pro_FVG+VP,stop_loss_premium_phase2
2023-02-23 11:30:00,2023-02-23 13:00:00,NIFTY BANK,bearish,393.34,429.65,1500,54458.95,1804.9,52654.05,pro_FVG+OTE+VWAP,stop_loss_premium_phase3
2023-02-27 09:45:00,2023-02-27 10:45:00,NIFTY BANK,bullish,217.33,217.49,1500,236.91,954.9,-717.99,pro_LiqSweep+VP,stop_loss_premium_phase2
2023-02-27 11:15:00,2023-02-27 12:45:00,NIFTY BANK,bullish,215.47,238.37,1500,34359.42,1019.66,33339.76,pro_LiqSweep+VP,stop_loss_premium_phase3
2023-02-27 14:15:00,2023-02-27 15:15:00,NIFTY BANK,bullish,196.84,245.93,1500,73631.98,1025.43,72606.55,pro_FVG+VP,intraday_square_off
2023-03-02 09:45:00,2023-03-02 10:45:00,NIFTY BANK,bearish,228.51,227.84,1500,-1009.95,998.91,-2008.86,pro_LiqSweep+FVG+VWAP,stop_loss_premium_phase2
2023-03-02 14:15:00,2023-03-02 15:15:00,NIFTY BANK,bearish,208.3,226.94,1500,27958.65,976.15,26982.5,pro_LiqSweep+FVG+VWAP,intraday_square_off
2023-03-09 09:45:00,2023-03-09 11:00:00,NIFTY BANK,bearish,217.13,217.25,1500,176.53,953.94,-777.41,pro_FVG+OTE+VWAP,stop_loss_premium_phase2
2023-03-13 10:00:00,2023-03-13 11:00:00,NIFTY BANK,bullish,195.56,195.13,1500,-648.16,862.13,-1510.29,pro_LiqSweep+VP,stop_loss_premium_phase2
2023-03-31 14:15:00,2023-03-31 15:15:00,NIFTY BANK,bearish,231.87,224.09,1500,-11673.36,990.25,-12663.61,pro_LiqSweep+RSI_Div+VWAP,intraday_square_off
2023-04-03 10:00:00,2023-04-03 11:15:00,NIFTY BANK,bullish,193.04,192.45,1500,-889.36,851.09,-1740.45,pro_VP+RSI_Div,stop_loss_premium_phase2
2023-04-06 10:30:00,2023-04-06 12:00:00,NIFTY BANK,bullish,209.07,233.94,1500,37305.71,999.24,36306.47,pro_FVG+VP,stop_loss_premium_phase3
2023-04-10 09:45:00,2023-04-10 11:15:00,NIFTY BANK,bullish,227.29,238.2,1500,16364.03,1030.77,15333.26,pro_FVG+OTE+RSI_Div,stop_loss_premium_phase3
2023-04-13 09:45:00,2023-04-13 11:00:00,NIFTY BANK,bullish,211.42,210.93,1500,-741.33,928.15,-1669.48,pro_LiqSweep+VP,stop_loss_premium_phase2
2023-04-20 10:00:00,2023-04-20 11:30:00,NIFTY BANK,bullish,200.97,201.89,1500,1374.15,889.01,485.14,pro_FVG+VP,stop_loss_premium_phase3
2023-04-21 09:30:00,2023-04-21 09:45:00,NIFTY BANK,bullish,277.76,286.06,1500,12451.02,1233.09,11217.93,pro_LiqSweep+VP,target
2023-04-21 10:45:00,2023-04-21 12:00:00,NIFTY BANK,bullish,200.08,194.46,1500,-8429.52,864.45,-9293.97,pro_LiqSweep+FVG+VP+OTE,stop_loss_premium_phase2
2023-04-28 10:00:00,2023-04-28 11:30:00,NIFTY BANK,bullish,198.42,218.04,1500,29436.47,938.02,28498.45,pro_VP+RSI_Div,stop_loss_premium_phase3
2023-05-08 10:00:00,2023-05-08 11:30:00,NIFTY BANK,bullish,254.7,283.28,1500,42870.45,1201.52,41668.93,pro_VP+RSI_Div,stop_loss_premium_phase3
2023-05-08 14:15:00,2023-05-08 15:15:00,NIFTY BANK,bullish,193.91,197.25,1500,5007.81,867.25,4140.56,pro_LiqSweep+VP,intraday_square_off
2023-05-11 14:15:00,2023-05-11 14:45:00,NIFTY BANK,bearish,200.33,265.55,1500,97830.83,1091.44,96739.39,pro_OTE+RSI_Div+VWAP,target
2023-05-12 11:15:00,2023-05-12 12:45:00,NIFTY BANK,bearish,214.68,213.98,1500,-1047.77,941.08,-1988.85,pro_LiqSweep+OTE+VWAP,stop_loss_premium_phase3
2023-05-15 09:45:00,2023-05-15 11:15:00,NIFTY BANK,bullish,208.07,246.17,1500,57149.57,1037.24,56112.33,pro_LiqSweep+VP,stop_loss_premium_phase3
2023-05-15 11:30:00,2023-05-15 13:00:00,NIFTY BANK,bullish,193.48,208.68,1500,22798.71,903.32,21895.39,pro_LiqSweep+VP,stop_loss_premium_phase3
2023-05-22 09:45:00,2023-05-22 11:15:00,NIFTY BANK,bullish,193.22,192.72,1500,-757.15,852.15,-1609.3,pro_LiqSweep+VP,stop_loss_premium_phase3
2023-05-22 11:30:00,2023-05-22 12:30:00,NIFTY BANK,bullish,231.53,230.99,1500,-796.04,1011.94,-1807.98,pro_LiqSweep+VP,stop_loss_premium_phase2
2023-05-22 14:15:00,2023-05-22 15:00:00,NIFTY BANK,bullish,196.78,278.11,1500,121992.85,1128.02,120864.83,pro_LiqSweep+VP,target
2023-05-26 09:30:00,2023-05-26 11:15:00,NIFTY BANK,bullish,247.68,262.34,1500,21992.18,1127.81,20864.37,pro_VP+RSI_Div,target
2023-06-05 11:15:00,2023-06-05 12:45:00,NIFTY BANK,bearish,195.96,223.05,1500,40621.94,951.57,39670.37,pro_LiqSweep+FVG+VWAP,stop_loss_premium_phase3
2023-06-05 14:15:00,2023-06-05 15:15:00,NIFTY BANK,bearish,174.39,215.36,1500,61450.2,905.81,60544.39,pro_LiqSweep+FVG+RSI_Div+VWAP,intraday_square_off
2023-06-12 09:45:00,2023-06-12 11:15:00,NIFTY BANK,bullish,241.18,257.93,1500,25112.83,1107.35,24005.48,pro_LiqSweep+OTE,stop_loss_premium_phase3
2023-06-12 11:30:00,2023-06-12 13:00:00,NIFTY BANK,bullish,201.36,210.14,1500,13172.47,915.74,12256.73,pro_LiqSweep+VP+OTE,stop_loss_premium_phase3
2023-06-12 14:15:00,2023-06-12 15:15:00,NIFTY BANK,bullish,181.6,199.89,1500,27440.79,863.57,26577.22,pro_LiqSweep+VP+OTE,intraday_square_off
2023-06-26 09:45:00,2023-06-26 11:15:00,NIFTY BANK,bullish,215.48,214.9,1500,-866.31,944.81,-1811.12,pro_LiqSweep+FVG+VP,stop_loss_premium_phase3
2023-06-26 11:30:00,2023-06-26 13:00:00,NIFTY BANK,bullish,208.97,239.54,1500,45859.47,1017.01,44842.46,pro_LiqSweep+OTE,stop_loss_premium_phase3
2023-06-26 14:15:00,2023-06-26 15:15:00,NIFTY BANK,bullish,195.73,242.66,1500,70402.84,1013.91,69388.93,pro_LiqSweep+VP,intraday_square_off
2023-07-06 09:45:00,2023-07-06 11:15:00,NIFTY BANK,bullish,213.14,212.66,1500,-721.47,935.37,-1656.84,pro_LiqSweep+VP+OTE+RSI_Div,stop_loss_premium_phase3
2023-07-06 11:30:00,2023-07-06 13:00:00,NIFTY BANK,bullish,194.25,193.73,1500,-768.78,856.39,-1625.17,pro_LiqSweep+VP,stop_loss_premium_phase3
2023-07-06 14:15:00,2023-07-06 15:15:00,NIFTY BANK,bullish,194.18,218.41,1500,36344.2,935.02,35409.18,pro_LiqSweep+VP+RSI_Div,intraday_square_off
2023-07-10 10:30:00,2023-07-10 11:30:00,NIFTY BANK,bullish,204.15,203.53,1500,-924.04,897.4,-1821.44,pro_FVG+VP+RSI_Div,stop_loss_premium_phase2
2023-07-10 14:15:00,2023-07-10 15:15:00,NIFTY BANK,bearish,189.7,151.96,1500,-56611.2,718.66,-57329.86,pro_LiqSweep+FVG+VWAP,intraday_square_off
2023-07-17 09:45:00,2023-07-17 11:15:00,NIFTY BANK,bullish,197.81,201.16,1500,5013.81,883.58,4130.23,pro_LiqSweep+VP+RSI_Div,stop_loss_premium_phase3
2023-07-17 11:30:00,2023-07-17 13:15:00,NIFTY BANK,bullish,200.43,310.72,1500,165439.58,1235.63,164203.95,pro_LiqSweep+VP,target
2023-07-21 10:00:00,2023-07-21 11:30:00,NIFTY BANK,bearish,282.6,300.82,1500,27333.7,1284.96,26048.74,pro_OTE+RSI_Div+VWAP,stop_loss_premium_phase3
2023-07-24 10:45:00,2023-07-24 11:45:00,NIFTY BANK,bullish,208.61,208.13,1500,-706.37,916.46,-1622.83,pro_FVG+VP,stop_loss_premium_phase2
2023-07-31 09:30:00,2023-07-31 10:15:00,NIFTY BANK,bullish,257.88,306.3,1500,72630.5,1278.09,71352.41,pro_LiqSweep+VP,target
2023-07-31 14:15:00,2023-07-31 15:15:00,NIFTY BANK,bearish,211.22,192.88,1500,-27499.17,870.38,-28369.55,pro_FVG+OTE+RSI_Div+VWAP,intraday_square_off
2023-08-10 09:45:00,2023-08-10 10:30:00,NIFTY BANK,bearish,195.08,259.33,1500,96373.59,1066.44,95307.15,pro_FVG+OTE+VWAP,target
2023-08-10 11:00:00,2023-08-10 12:30:00,NIFTY BANK,bearish,294.05,293.19,1500,-1290.2,1271.87,-2562.07,pro_FVG+RSI_Div+VWAP,stop_loss_premium_phase3
2023-08-14 14:15:00,2023-08-14 15:15:00,NIFTY BANK,bullish,229.81,206.85,1500,-34448.92,933.24,-35382.16,pro_LiqSweep+VP+RSI_Div,intraday_square_off
2023-08-17 09:45:00,2023-08-17 11:15:00,NIFTY BANK,bullish,214.96,261.67,1500,70064.57,1093.49,68971.08,pro_LiqSweep+VP+RSI_Div,stop_loss_premium_phase3
2023-08-17 11:30:00,2023-08-17 12:30:00,NIFTY BANK,bullish,219.65,215.37,1500,-6416.83,950.42,-7367.25,pro_LiqSweep+VP+RSI_Div,stop_loss_premium_phase2
2023-08-25 14:15:00,2023-08-25 15:15:00,NIFTY BANK,bullish,232.37,222.8,1500,-14351.31,986.64,-15337.95,pro_FVG+VP+RSI_Div,intraday_square_off
2023-09-07 09:45:00,2023-09-07 11:00:00,NIFTY BANK,bullish,218.85,285.23,1500,99572.46,1172.46,98400.0,pro_VP+RSI_Div,target
2023-09-07 11:30:00,2023-09-07 13:00:00,NIFTY BANK,bullish,194.82,194.38,1500,-660.48,858.99,-1519.47,pro_FVG+VP,stop_loss_premium_phase3
2023-09-14 10:00:00,2023-09-14 11:30:00,NIFTY BANK,bullish,219.75,255.04,1500,52935.54,1077.03,51858.51,pro_FVG+VP,stop_loss_premium_phase3
2023-09-18 09:45:00,2023-09-18 11:15:00,NIFTY BANK,bearish,194.53,214.5,1500,29954.38,922.91,29031.47,pro_LiqSweep+RSI_Div+VWAP,stop_loss_premium_phase3
2023-09-25 09:45:00,2023-09-25 10:45:00,NIFTY BANK,bullish,226.71,226.25,1500,-688.16,992.07,-1680.23,pro_LiqSweep+OTE,stop_loss_premium_phase2
2023-09-28 10:30:00,2023-09-28 12:00:00,NIFTY BANK,bearish,215.57,248.17,1500,48893.91,1051.02,47842.89,pro_LiqSweep+OTE+VWAP,stop_loss_premium_phase3
2023-10-06 14:15:00,2023-10-06 15:15:00,NIFTY BANK,bearish,189.74,206.62,1500,25321.97,893.06,24428.91,pro_FVG+OTE+VWAP,intraday_square_off
2023-10-12 09:45:00,2023-10-12 11:15:00,NIFTY BANK,bullish,200.68,219.56,1500,28317.5,945.08,27372.42,pro_FVG+VP,stop_loss_premium_phase3
2023-10-12 11:30:00,2023-10-12 13:00:00,NIFTY BANK,bullish,190.5,190.08,1500,-637.58,841.04,-1478.62,pro_FVG+VP+RSI_Div,stop_loss_premium_phase3
2023-10-12 14:15:00,2023-10-12 15:15:00,NIFTY BANK,bullish,198.65,207.91,1500,13879.19,905.93,12973.26,pro_LiqSweep+FVG+VP+OTE,intraday_square_off
2023-10-16 09:45:00,2023-10-16 10:45:00,NIFTY BANK,bearish,220.97,220.33,1500,-961.27,967.54,-1928.81,pro_LiqSweep+FVG+VWAP,stop_loss_premium_phase2
2023-10-16 11:00:00,2023-10-16 12:00:00,NIFTY BANK,bearish,231.75,231.61,1500,-199.92,1014.14,-1214.06,pro_LiqSweep+FVG+VWAP,stop_loss_premium_phase2
2023-10-30 10:15:00,2023-10-30 11:30:00,NIFTY BANK,bullish,215.46,299.94,1500,126721.38,1216.01,125505.37,pro_FVG+OTE,target
2023-11-03 14:15:00,2023-11-03 14:30:00,NIFTY BANK,bearish,222.15,281.37,1500,88829.69,1163.4,87666.29,pro_OTE+RSI_Div+VWAP,target
2023-11-10 11:00:00,2023-11-10 12:30:00,NIFTY BANK,bullish,205.45,229.51,1500,36093.08,981.54,35111.54,pro_LiqSweep+VP,stop_loss_premium_phase3
2023-11-20 11:30:00,2023-11-20 12:45:00,NIFTY BANK,bearish,236.74,236.02,1500,-1075.52,1033.09,-2108.61,pro_LiqSweep+FVG+VWAP,stop_loss_premium_phase2
2023-11-23 10:00:00,2023-11-23 11:30:00,NIFTY BANK,bearish,208.04,235.37,1500,41001.46,1002.77,39998.69,pro_FVG+RSI_Div+VWAP,stop_loss_premium_phase3
2023-11-24 09:45:00,2023-11-24 10:30:00,NIFTY BANK,bullish,184.51,229.3,1500,67190.32,960.24,66230.08,pro_VP+RSI_Div,target
2023-11-24 11:30:00,2023-11-24 13:00:00,NIFTY BANK,bullish,227.2,226.53,1500,-1001.73,993.43,-1995.16,pro_FVG+VP,stop_loss_premium_phase3
2023-12-07 11:15:00,2023-12-07 12:45:00,NIFTY BANK,bullish,258.18,277.98,1500,29712.34,1188.06,28524.28,pro_LiqSweep+VP,stop_loss_premium_phase3
2023-12-07 14:15:00,2023-12-07 15:15:00,NIFTY BANK,bearish,212.46,234.26,1500,32694.69,1003.57,31691.12,pro_LiqSweep+RSI_Div+VWAP,intraday_square_off
2023-12-08 09:45:00,2023-12-08 11:00:00,NIFTY BANK,bullish,234.05,233.45,1500,-912.26,1022.25,-1934.51,pro_LiqSweep+VP,stop_loss_premium_phase2
2023-12-08 11:15:00,2023-12-08 12:15:00,NIFTY BANK,bullish,197.2,197.17,1500,-48.94,870.25,-919.19,pro_LiqSweep+VP+RSI_Div,stop_loss_premium_phase2
2023-12-11 11:15:00,2023-12-11 12:45:00,NIFTY BANK,bearish,228.0,227.38,1500,-929.23,996.95,-1926.18,pro_FVG+OTE+VWAP,stop_loss_premium_phase3
2023-12-14 11:15:00,2023-12-14 12:45:00,NIFTY BANK,bearish,284.74,283.99,1500,-1118.2,1233.37,-2351.57,pro_FVG+RSI_Div+VWAP,stop_loss_premium_phase3
2023-12-21 10:30:00,2023-12-21 12:00:00,NIFTY BANK,bullish,483.17,514.62,1500,47180.19,2164.37,45015.82,pro_FVG+OTE,stop_loss_premium_phase3
2024-01-04 09:45:00,2024-01-04 11:00:00,NIFTY BANK,bullish,216.43,300.05,1500,125433.85,1217.33,124216.52,pro_LiqSweep+VP,target
2024-01-04 11:15:00,2024-01-04 12:45:00,NIFTY BANK,bullish,213.3,212.74,1500,-845.44,935.76,-1781.2,pro_LiqSweep+VP,stop_loss_premium_phase3
2024-01-04 14:15:00,2024-01-04 15:15:00,NIFTY BANK,bullish,212.04,242.37,1500,45504.35,1029.05,44475.3,pro_FVG+VP,intraday_square_off
2024-01-29 09:30:00,2024-01-29 09:45:00,NIFTY BANK,bullish,606.12,410.21,960,-188066.33,1266.53,-189332.86,pro_LiqSweep+OTE,target
2024-02-08 11:00:00,2024-02-08 12:30:00,NIFTY BANK,bearish,306.75,305.94,1500,-1213.24,1325.07,-2538.31,pro_LiqSweep+VP+VWAP,stop_loss_premium_phase3
2024-02-08 14:15:00,2024-02-08 15:00:00,NIFTY BANK,bearish,338.2,476.74,1500,207812.01,1900.81,205911.2,pro_LiqSweep+RSI_Div+VWAP,target
2024-02-09 10:30:00,2024-02-09 12:30:00,NIFTY BANK,bullish,365.83,429.03,1500,94809.98,1775.84,93034.14,pro_FVG+RSI_Div,stop_loss_premium_phase3
2024-02-09 14:15:00,2024-02-09 15:15:00,NIFTY BANK,bullish,219.55,280.72,1500,91750.33,1158.76,90591.57,pro_LiqSweep+FVG+VP,intraday_square_off
2024-02-12 10:45:00,2024-02-12 12:15:00,NIFTY BANK,bearish,196.36,291.98,1500,143428.56,1171.85,142256.71,pro_FVG+RSI_Div+VWAP,target
2024-02-15 14:15:00,2024-02-15 15:15:00,NIFTY BANK,bullish,284.34,323.55,1500,58817.55,1359.17,57458.38,pro_FVG+VP,intraday_square_off
2024-02-16 14:15:00,2024-02-16 15:15:00,NIFTY BANK,bearish,204.83,241.83,1500,55498.13,1020.23,54477.9,pro_LiqSweep+RSI_Div+VWAP,intraday_square_off
2024-03-04 11:15:00,2024-03-04 12:45:00,NIFTY BANK,bearish,193.48,199.16,1500,8519.45,872.93,7646.52,pro_LiqSweep+FVG+RSI_Div+VWAP,stop_loss_premium_phase3
2024-03-14 10:45:00,2024-03-14 12:15:00,NIFTY BANK,bullish,436.58,506.57,1500,104977.22,2092.8,102884.42,pro_LiqSweep+VP,stop_loss_premium_phase3
2024-03-18 14:15:00,2024-03-18 15:15:00,NIFTY BANK,bullish,230.47,177.48,1500,-79487.12,840.22,-80327.34,pro_FVG+VP,intraday_square_off
2024-03-22 09:45:00,2024-03-22 11:15:00,NIFTY BANK,bullish,196.22,221.18,1500,37434.91,945.88,36489.03,pro_LiqSweep+VP,stop_loss_premium_phase3
2024-04-05 14:15:00,2024-04-05 15:00:00,NIFTY BANK,bullish,202.63,270.82,1500,102273.9,1110.51,101163.39,pro_VP+RSI_Div,target
2024-04-18 14:15:00,2024-04-18 15:00:00,NIFTY BANK,bearish,338.17,473.4,1500,202852.11,1890.12,200961.99,pro_LiqSweep+RSI_Div+VWAP,target
2024-04-22 09:30:00,2024-04-22 09:45:00,NIFTY BANK,bullish,435.0,427.07,1500,-11895.55,1837.69,-13733.24,pro_FVG+VP,target
2024-04-26 14:15:00,2024-04-26 15:00:00,NIFTY BANK,bearish,220.23,298.22,1500,116981.83,1215.25,115766.58,pro_FVG+RSI_Div+VWAP,target
2024-04-29 09:45:00,2024-04-29 10:15:00,NIFTY BANK,bullish,204.35,323.34,1500,178482.37,1279.74,177202.63,pro_FVG+VP,target
2024-04-29 11:00:00,2024-04-29 12:30:00,NIFTY BANK,bullish,192.96,257.77,1500,97211.37,1059.37,96152.0,pro_FVG+VP,stop_loss_premium_phase3
2024-04-30 09:30:00,2024-04-30 09:45:00,NIFTY BANK,bullish,275.57,343.92,1500,102528.88,1415.51,101113.37,pro_FVG+VP,target
2024-05-02 10:15:00,2024-05-02 11:15:00,NIFTY BANK,bullish,441.92,440.79,1500,-1699.76,1888.26,-3588.02,pro_LiqSweep+OTE+RSI_Div,stop_loss_premium_phase2
2024-05-03 09:45:00,2024-05-03 10:45:00,NIFTY BANK,bullish,219.04,219.04,1500,-3.53,961.51,-965.04,pro_LiqSweep+VP,stop_loss_premium_phase2
2024-05-17 14:15:00,2024-05-17 15:15:00,NIFTY BANK,bullish,217.75,228.7,1500,16425.94,991.07,15434.87,pro_LiqSweep+VP,intraday_square_off
2024-05-18 09:45:00,2024-05-21 09:30:00,NIFTY BANK,bullish,214.37,213.79,1500,-864.5,940.17,-1804.67,pro_LiqSweep+VP,stop_loss_premium_phase2
2024-05-24 09:45:00,2024-05-24 11:15:00,NIFTY BANK,bearish,260.4,274.65,1500,21378.31,1179.62,20198.69,pro_LiqSweep+RSI_Div+VWAP,stop_loss_premium_phase3
2024-06-07 11:00:00,2024-06-07 12:45:00,NIFTY BANK,bullish,445.34,507.44,1500,93143.38,2104.21,91039.17,pro_LiqSweep+VP+RSI_Div,stop_loss_premium_phase3
2024-06-14 10:00:00,2024-06-14 11:30:00,NIFTY BANK,bullish,204.51,217.29,1500,19176.55,941.63,18234.92,pro_LiqSweep+VP,stop_loss_premium_phase3
2024-06-24 09:30:00,2024-06-24 10:30:00,NIFTY BANK,bearish,326.64,325.13,1500,-2270.21,1405.84,-3676.05,pro_LiqSweep+RSI_Div+VWAP,stop_loss_premium_phase2
2024-06-24 11:00:00,2024-06-24 12:30:00,NIFTY BANK,bullish,364.88,410.09,1500,67828.18,1714.49,66113.69,pro_LiqSweep+FVG,stop_loss_premium_phase3
2024-06-28 14:15:00,2024-06-28 15:15:00,NIFTY BANK,bearish,240.19,340.5,1500,150462.91,1369.75,149093.16,pro_LiqSweep+FVG+VWAP,intraday_square_off
2024-07-02 09:30:00,2024-07-02 11:00:00,NIFTY BANK,bullish,172.32,228.37,1500,84072.97,945.26,83127.71,pro_LiqSweep+VP,stop_loss_premium_phase3
2024-07-08 09:30:00,2024-07-08 10:00:00,NIFTY BANK,bullish,271.68,292.97,1500,31925.17,1249.15,30676.02,pro_FVG+VP,target
2024-07-08 10:15:00,2024-07-08 11:15:00,NIFTY BANK,bullish,211.31,211.35,1500,66.77,929.38,-862.61,pro_LiqSweep+VP+RSI_Div,stop_loss_premium_phase2
2024-07-08 11:30:00,2024-07-08 13:00:00,NIFTY BANK,bullish,248.05,271.55,1500,35240.7,1157.56,34083.14,pro_LiqSweep+FVG+OTE,stop_loss_premium_phase3
2024-07-12 09:30:00,2024-07-12 09:45:00,NIFTY BANK,bullish,307.58,281.49,1500,-39135.4,1247.87,-40383.27,pro_FVG+VP+RSI_Div,target
2024-07-12 10:30:00,2024-07-12 11:30:00,NIFTY BANK,bearish,254.58,254.53,1500,-82.06,1109.69,-1191.75,pro_FVG+OTE+VWAP,stop_loss_premium_phase2
2024-07-19 10:00:00,2024-07-19 11:00:00,NIFTY BANK,bullish,245.13,244.57,1500,-833.54,1068.64,-1902.18,pro_FVG+OTE,stop_loss_premium_phase2
2024-07-19 11:30:00,2024-07-19 13:00:00,NIFTY BANK,bullish,270.02,271.97,1500,2927.92,1180.52,1747.4,pro_LiqSweep+OTE,stop_loss_premium_phase3
2024-07-26 09:45:00,2024-07-26 11:30:00,NIFTY BANK,bullish,207.41,259.19,1500,77673.34,1078.12,76595.22,pro_LiqSweep+VP,stop_loss_premium_phase3
2024-08-01 09:45:00,2024-08-01 11:15:00,NIFTY BANK,bullish,245.43,254.14,1500,13063.04,1099.45,11963.59,pro_FVG+VP,stop_loss_premium_phase3
2024-08-22 14:15:00,2024-08-22 15:15:00,NIFTY BANK,bearish,237.6,220.35,1500,-25875.55,983.99,-26859.54,pro_LiqSweep+OTE+RSI_Div+VWAP,intraday_square_off
2024-08-23 09:45:00,2024-08-23 10:45:00,NIFTY BANK,bullish,209.32,209.15,1500,-254.04,920.39,-1174.43,pro_LiqSweep+FVG,stop_loss_premium_phase2
2024-08-23 11:00:00,2024-08-23 12:30:00,NIFTY BANK,bullish,216.7,219.96,1500,4888.36,962.16,3926.2,pro_LiqSweep+VP,stop_loss_premium_phase3
2024-08-23 14:15:00,2024-08-23 15:15:00,NIFTY BANK,bullish,231.72,187.71,1500,-66027.23,874.06,-66901.29,pro_LiqSweep+VP,intraday_square_off
2024-09-05 09:45:00,2024-09-05 11:15:00,NIFTY BANK,bullish,231.56,230.95,1500,-921.49,1011.82,-1933.31,pro_LiqSweep+FVG+VP+RSI_Div,stop_loss_premium_phase3
2024-09-05 11:30:00,2024-09-05 13:00:00,NIFTY BANK,bullish,203.11,220.59,1500,26215.83,950.77,25265.06,pro_LiqSweep+VP+OTE,stop_loss_premium_phase3
2024-09-09 10:45:00,2024-09-09 12:15:00,NIFTY BANK,bullish,227.97,271.32,1500,65020.75,1137.05,63883.7,pro_LiqSweep+VP,stop_loss_premium_phase3
2024-09-16 14:15:00,2024-09-16 15:15:00,NIFTY BANK,bullish,196.88,184.02,1500,-19297.24,827.99,-20125.23,pro_FVG+VP,intraday_square_off
2024-09-26 09:45:00,2024-09-26 11:15:00,NIFTY BANK,bullish,226.31,251.43,1500,37687.46,1071.99,36615.47,pro_LiqSweep+VP,stop_loss_premium_phase3
2024-09-26 11:30:00,2024-09-26 13:00:00,NIFTY BANK,bullish,230.5,248.25,1500,26619.31,1065.97,25553.34,pro_LiqSweep+VP,stop_loss_premium_phase3
2024-09-26 14:15:00,2024-09-26 14:30:00,NIFTY BANK,bullish,235.0,311.57,1500,114858.75,1272.36,113586.39,pro_LiqSweep+VP,target
2024-09-27 09:45:00,2024-09-27 11:00:00,NIFTY BANK,bullish,197.1,196.57,1500,-802.1,868.23,-1670.33,pro_LiqSweep+VP,stop_loss_premium_phase2
2024-10-04 10:15:00,2024-10-04 10:45:00,NIFTY BANK,bullish,395.22,543.2,1500,221983.84,2168.93,219814.91,pro_LiqSweep+OTE+RSI_Div,target
2024-10-04 11:15:00,2024-10-04 12:30:00,NIFTY BANK,bullish,424.84,423.75,1500,-1630.72,1817.1,-3447.82,pro_LiqSweep+VP,stop_loss_premium_phase2
2024-10-11 09:45:00,2024-10-11 10:45:00,NIFTY BANK,bullish,193.53,193.1,1500,-648.03,853.67,-1501.7,pro_LiqSweep+OTE,stop_loss_premium_phase2
2024-10-21 10:00:00,2024-10-21 11:30:00,NIFTY BANK,bearish,220.92,243.56,1500,33967.72,1041.59,32926.13,pro_FVG+RSI_Div+VWAP,stop_loss_premium_phase3
2024-10-24 09:45:00,2024-10-24 10:00:00,NIFTY BANK,bullish,222.5,295.69,1500,109790.69,1209.4,108581.29,pro_LiqSweep+OTE+RSI_Div,target
2024-10-24 10:15:00,2024-10-24 11:45:00,NIFTY BANK,bullish,302.88,326.97,1500,36129.72,1388.31,34741.41,pro_LiqSweep+VP,stop_loss_premium_phase3
2024-10-24 14:15:00,2024-10-24 15:15:00,NIFTY BANK,bullish,198.4,189.51,1500,-13341.34,846.99,-14188.33,pro_LiqSweep+FVG+VP,intraday_square_off
2024-11-08 10:30:00,2024-11-08 12:00:00,NIFTY BANK,bearish,228.9,265.25,1500,54537.68,1118.63,53419.05,pro_LiqSweep+RSI_Div+VWAP,stop_loss_premium_phase3
2024-11-11 09:45:00,2024-11-11 10:45:00,NIFTY BANK,bullish,221.47,351.99,1500,195792.01,1387.97,194404.04,pro_LiqSweep+FVG,target
2024-11-11 11:00:00,2024-11-11 12:15:00,NIFTY BANK,bullish,277.79,277.06,1500,-1104.06,1204.41,-2308.47,pro_LiqSweep+VP,stop_loss_premium_phase2
2024-11-18 10:00:00,2024-11-18 11:30:00,NIFTY BANK,bullish,208.89,227.1,1500,27313.06,977.22,26335.84,pro_LiqSweep+VP,stop_loss_premium_phase3
2024-11-18 14:15:00,2024-11-18 15:15:00,NIFTY BANK,bullish,229.58,258.39,1500,43221.66,1097.4,42124.26,pro_LiqSweep+VP,intraday_square_off
2024-11-21 11:15:00,2024-11-21 12:15:00,NIFTY BANK,bearish,528.86,522.48,1500,-9571.15,2234.41,-11805.56,pro_LiqSweep+FVG+VWAP,stop_loss_premium_phase2
2024-11-28 10:30:00,2024-11-28 11:30:00,NIFTY BANK,bullish,220.05,219.42,1500,-942.17,963.74,-1905.91,pro_FVG+VP,stop_loss_premium_phase2
2024-11-28 14:15:00,2024-11-28 15:15:00,NIFTY BANK,bullish,374.17,364.45,1500,-14575.49,1578.06,-16153.55,pro_LiqSweep+FVG,intraday_square_off
2024-11-29 09:45:00,2024-11-29 11:00:00,NIFTY BANK,bullish,280.53,280.34,1500,-288.81,1217.58,-1506.39,pro_LiqSweep+FVG,stop_loss_premium_phase2
2024-11-29 11:30:00,2024-11-29 13:00:00,NIFTY BANK,bullish,278.78,277.94,1500,-1253.23,1208.22,-2461.45,pro_LiqSweep+VP+RSI_Div,stop_loss_premium_phase3
2024-12-02 10:00:00,2024-12-02 11:30:00,NIFTY BANK,bearish,194.43,194.0,1500,-642.63,857.43,-1500.06,pro_FVG+RSI_Div+VWAP,stop_loss_premium_phase3
2024-12-05 09:45:00,2024-12-05 10:45:00,NIFTY BANK,bullish,245.12,244.56,1500,-840.45,1068.57,-1909.02,pro_LiqSweep+FVG+VP,stop_loss_premium_phase2
2024-12-05 14:15:00,2024-12-05 15:15:00,NIFTY BANK,bullish,403.12,338.23,1500,-97333.58,1522.93,-98856.51,pro_LiqSweep+VP,intraday_square_off
2024-12-13 14:15:00,2024-12-13 15:15:00,NIFTY BANK,bullish,434.68,488.07,1500,80081.47,2031.92,78049.55,pro_FVG+VP,intraday_square_off
2024-12-16 10:00:00,2024-12-16 11:00:00,NIFTY BANK,bullish,286.47,281.56,1500,-7355.14,1227.33,-8582.47,pro_FVG+VP,stop_loss_premium_phase2
2024-12-26 09:45:00,2024-12-26 10:45:00,NIFTY BANK,bullish,254.67,246.88,1500,-11685.58,1085.41,-12770.99,pro_LiqSweep+FVG,stop_loss_premium_phase2
2024-12-26 14:15:00,2024-12-26 15:15:00,NIFTY BANK,bullish,223.18,230.05,1500,10313.72,1000.72,9313.0,pro_LiqSweep+FVG+OTE+RSI_Div,intraday_square_off
2024-12-27 09:45:00,2024-12-27 11:15:00,NIFTY BANK,bullish,221.24,240.26,1500,28529.41,1031.35,27498.06,pro_LiqSweep+VP+RSI_Div,stop_loss_premium_phase3
2024-12-27 11:30:00,2024-12-27 12:30:00,NIFTY BANK,bullish,209.0,208.85,1500,-213.16,919.13,-1132.29,pro_LiqSweep+VP,stop_loss_premium_phase2
2024-12-30 10:15:00,2024-12-30 11:30:00,NIFTY BANK,bullish,231.21,329.92,1500,148056.9,1327.15,146729.75,pro_VP+RSI_Div,target
2025-01-02 09:45:00,2025-01-02 11:15:00,NIFTY BANK,bullish,212.69,257.51,1500,67230.05,1077.97,66152.08,pro_LiqSweep+VP,stop_loss_premium_phase3
2025-01-02 11:30:00,2025-01-02 13:30:00,NIFTY BANK,bullish,300.32,369.81,1500,104233.8,1522.43,102711.37,pro_LiqSweep+VP+RSI_Div,stop_loss_premium_phase3
2025-01-02 14:15:00,2025-01-02 15:15:00,NIFTY BANK,bullish,313.15,334.23,1500,31613.16,1421.59,30191.57,pro_LiqSweep+VP,intraday_square_off
2025-01-10 10:15:00,2025-01-10 11:15:00,NIFTY BANK,bearish,237.55,237.67,1500,172.7,1039.17,-866.47,pro_LiqSweep+FVG+VWAP,stop_loss_premium_phase2
2025-01-20 09:30:00,2025-01-20 09:45:00,NIFTY BANK,bullish,379.77,333.31,1500,-69700.1,1484.24,-71184.34,pro_FVG+OTE+RSI_Div,target
2025-01-21 09:30:00,2025-01-21 10:00:00,NIFTY BANK,bearish,255.79,316.11,1500,90485.17,1307.31,89177.86,pro_OTE+RSI_Div+VWAP,target
2025-01-24 11:00:00,2025-01-24 12:30:00,NIFTY BANK,bullish,246.37,262.11,1500,23624.06,1125.81,22498.25,pro_LiqSweep+VP+RSI_Div,stop_loss_premium_phase3
2025-01-30 09:45:00,2025-01-30 11:15:00,NIFTY BANK,bullish,189.43,229.08,1500,59479.93,964.4,58515.53,pro_LiqSweep+VP,stop_loss_premium_phase3
2025-01-31 11:30:00,2025-01-31 13:00:00,NIFTY BANK,bullish,247.12,366.1,1500,178458.32,1458.22,177000.1,pro_FVG+VP,target
2025-02-17 11:15:00,2025-02-17 12:45:00,NIFTY BANK,bullish,355.73,370.45,1500,22082.54,1579.04,20503.5,pro_FVG+OTE,stop_loss_premium_phase3
2025-02-21 09:45:00,2025-02-21 11:15:00,NIFTY BANK,bearish,203.24,244.05,1500,61212.03,1025.73,60186.3,pro_LiqSweep+RSI_Div+VWAP,stop_loss_premium_phase3
2025-02-21 11:30:00,2025-02-21 12:30:00,NIFTY BANK,bearish,236.0,235.47,1500,-793.13,1030.63,-1823.76,pro_LiqSweep+RSI_Div+VWAP,stop_loss_premium_phase2
2025-02-28 09:30:00,2025-02-28 09:45:00,NIFTY BANK,bearish,460.31,234.62,1320,-297917.51,1104.57,-299022.08,pro_LiqSweep+RSI_Div+VWAP,target
2025-03-03 10:30:00,2025-03-03 12:00:00,NIFTY BANK,bearish,226.4,244.8,1500,27609.45,1050.94,26558.51,pro_LiqSweep+FVG+VWAP,stop_loss_premium_phase3
2025-03-06 10:00:00,2025-03-06 11:00:00,NIFTY BANK,bearish,192.98,193.04,1500,96.46,852.94,-756.48,pro_LiqSweep+RSI_Div+VWAP,stop_loss_premium_phase2
2025-03-07 11:00:00,2025-03-07 12:00:00,NIFTY BANK,bullish,197.99,198.02,1500,41.64,873.73,-832.09,pro_FVG+VP,stop_loss_premium_phase2
2025-03-07 14:15:00,2025-03-07 15:15:00,NIFTY BANK,bullish,223.11,233.95,1500,16262.69,1013.09,15249.6,pro_LiqSweep+RSI_Div,intraday_square_off
2025-03-13 09:45:00,2025-03-13 11:15:00,NIFTY BANK,bearish,209.64,209.03,1500,-912.61,920.34,-1832.95,pro_LiqSweep+OTE+VWAP,stop_loss_premium_phase3
2025-03-28 11:00:00,2025-03-28 12:30:00,NIFTY BANK,bullish,214.44,237.46,1500,34533.36,1015.75,33517.61,pro_FVG+VP+RSI_Div,stop_loss_premium_phase3
2025-04-03 09:45:00,2025-04-03 10:15:00,NIFTY BANK,bullish,292.45,388.75,1500,144444.05,1575.1,142868.95,pro_LiqSweep+VP,target
2025-04-03 14:15:00,2025-04-03 15:15:00,NIFTY BANK,bullish,204.55,223.08,1500,27799.2,960.14,26839.06,pro_LiqSweep+FVG+VP+RSI_Div,intraday_square_off
2025-04-07 14:15:00,2025-04-07 15:15:00,NIFTY BANK,bullish,300.18,427.8,1500,191421.8,1707.27,189714.53,pro_LiqSweep+FVG+OTE,intraday_square_off
2025-04-11 14:15:00,2025-04-11 15:15:00,NIFTY BANK,bearish,196.5,170.6,1500,-38848.71,784.81,-39633.52,pro_LiqSweep+FVG+OTE+RSI_Div+VWAP,intraday_square_off
2025-04-21 14:15:00,2025-04-21 15:15:00,NIFTY BANK,bearish,201.17,207.75,1500,9866.39,907.91,8958.48,pro_LiqSweep+RSI_Div+VWAP,intraday_square_off
2025-04-25 11:00:00,2025-04-25 12:30:00,NIFTY BANK,bearish,359.79,413.09,1500,79964.37,1719.05,78245.32,pro_LiqSweep+VP+VWAP,stop_loss_premium_phase3
2025-05-09 14:15:00,2025-05-09 15:15:00,NIFTY BANK,bullish,209.36,239.64,1500,45419.96,1017.68,44402.28,pro_LiqSweep+RSI_Div,intraday_square_off
2025-05-19 09:45:00,2025-05-19 10:15:00,NIFTY BANK,bullish,214.9,302.02,1500,130679.04,1222.12,129456.92,pro_LiqSweep+VP,target
2025-05-19 10:30:00,2025-05-19 12:00:00,NIFTY BANK,bullish,205.28,232.73,1500,41178.67,991.65,40187.02,pro_LiqSweep+VP+RSI_Div,stop_loss_premium_phase3
2025-05-19 14:15:00,2025-05-19 15:15:00,NIFTY BANK,bearish,199.62,188.48,1500,-16714.82,844.93,-17559.75,pro_LiqSweep+RSI_Div+VWAP,intraday_square_off
2025-05-22 14:15:00,2025-05-22 14:30:00,NIFTY BANK,bullish,229.67,296.75,1500,100621.59,1219.85,99401.74,pro_LiqSweep+OTE,target
2025-05-23 09:45:00,2025-05-23 11:30:00,NIFTY BANK,bullish,209.42,262.89,1500,80204.79,1091.92,79112.87,pro_LiqSweep+VP+RSI_Div,stop_loss_premium_phase3
2025-05-26 10:00:00,2025-05-26 11:00:00,NIFTY BANK,bullish,215.14,215.58,1500,652.39,946.63,-294.24,pro_FVG+VP,stop_loss_premium_phase2
2025-05-30 14:15:00,2025-05-30 15:15:00,NIFTY BANK,bullish,234.34,239.86,1500,8273.2,1042.98,7230.22,pro_FVG+VP,intraday_square_off
2025-06-02 09:45:00,2025-06-02 11:15:00,NIFTY BANK,bearish,225.45,224.95,1500,-751.5,986.67,-1738.17,pro_LiqSweep+FVG+VWAP,stop_loss_premium_phase3
2025-06-05 09:45:00,2025-06-05 10:45:00,NIFTY BANK,bullish,217.45,217.47,1500,17.31,954.93,-937.62,pro_LiqSweep+VP,stop_loss_premium_phase2
2025-06-05 11:00:00,2025-06-05 12:00:00,NIFTY BANK,bullish,223.97,312.82,1500,133272.33,1265.5,132006.83,pro_LiqSweep+VP,target
2025-06-19 14:15:00,2025-06-19 15:15:00,NIFTY BANK,bearish,223.36,256.57,1500,49817.39,1085.47,48731.92,pro_LiqSweep+RSI_Div+VWAP,intraday_square_off
2025-06-20 09:45:00,2025-06-20 10:15:00,NIFTY BANK,bullish,211.52,311.73,1500,150305.49,1249.75,149055.74,pro_LiqSweep+VP,target
2025-06-20 10:30:00,2025-06-20 12:00:00,NIFTY BANK,bullish,198.0,231.71,1500,50558.93,981.2,49577.73,pro_LiqSweep+VP,stop_loss_premium_phase3
2025-06-26 09:45:00,2025-06-26 10:45:00,NIFTY BANK,bullish,219.51,219.52,1500,10.4,963.52,-953.12,pro_LiqSweep+VP,stop_loss_premium_phase2
2025-06-26 11:00:00,2025-06-26 12:00:00,NIFTY BANK,bullish,194.86,278.82,1500,125929.22,1128.37,124800.85,pro_LiqSweep+VP+OTE,target
2025-06-27 09:30:00,2025-06-27 11:00:00,NIFTY BANK,bullish,236.09,308.39,1500,108447.55,1263.3,107184.25,pro_FVG+VP,stop_loss_premium_phase3
2025-06-27 11:15:00,2025-06-27 12:45:00,NIFTY BANK,bullish,208.96,236.29,1500,40997.51,1006.6,39990.91,pro_LiqSweep+VP,stop_loss_premium_phase3
2025-06-27 14:15:00,2025-06-27 15:15:00,NIFTY BANK,bullish,214.71,270.05,1500,83003.08,1119.95,81883.13,pro_LiqSweep+VP,intraday_square_off
2025-06-30 11:30:00,2025-06-30 13:00:00,NIFTY BANK,bullish,217.73,252.45,1500,52081.82,1066.81,51015.01,pro_LiqSweep+OTE,stop_loss_premium_phase3
2025-07-04 10:00:00,2025-07-04 11:30:00,NIFTY BANK,bullish,194.7,219.69,1500,37487.42,939.62,36547.8,pro_LiqSweep+OTE+RSI_Div,stop_loss_premium_phase3
2025-07-04 14:15:00,2025-07-04 14:30:00,NIFTY BANK,bullish,207.33,277.76,1500,105638.95,1137.27,104501.68,pro_VP+RSI_Div,target
2025-07-11 09:45:00,2025-07-11 10:45:00,NIFTY BANK,bullish,217.76,211.5,1500,-9393.4,936.21,-10329.61,pro_LiqSweep+VP,stop_loss_premium_phase2
2025-07-11 14:15:00,2025-07-11 15:15:00,NIFTY BANK,bullish,225.03,245.05,1500,30037.72,1050.38,28987.34,pro_LiqSweep+OTE+RSI_Div,intraday_square_off
2025-07-14 10:00:00,2025-07-14 11:00:00,NIFTY BANK,bullish,192.28,192.4,1500,172.9,850.19,-677.29,pro_LiqSweep+VP+RSI_Div,stop_loss_premium_phase2
2025-07-14 14:15:00,2025-07-14 14:45:00,NIFTY BANK,bullish,216.99,313.14,1500,144232.69,1259.66,142973.03,pro_LiqSweep+VP+OTE,target
2025-07-24 09:45:00,2025-07-24 11:15:00,NIFTY BANK,bearish,201.45,200.9,1500,-811.32,886.35,-1697.67,pro_LiqSweep+FVG+VWAP,stop_loss_premium_phase3
2025-08-04 09:45:00,2025-08-04 11:15:00,NIFTY BANK,bearish,202.68,202.23,1500,-683.47,891.78,-1575.25,pro_LiqSweep+VP+VWAP,stop_loss_premium_phase3
2025-08-07 14:15:00,2025-08-07 15:00:00,NIFTY BANK,bullish,214.43,279.5,1500,97608.32,1149.81,96458.51,pro_LiqSweep+RSI_Div,target
2025-08-11 09:45:00,2025-08-11 11:15:00,NIFTY BANK,bullish,207.32,256.84,1500,74285.6,1070.56,73215.04,pro_LiqSweep+VP,stop_loss_premium_phase3
2025-08-11 11:30:00,2025-08-11 13:00:00,NIFTY BANK,bullish,197.0,218.67,1500,32509.43,938.65,31570.78,pro_LiqSweep+VP,stop_loss_premium_phase3
2025-08-14 10:00:00,2025-08-14 11:30:00,NIFTY BANK,bullish,194.82,201.69,1500,10314.31,882.33,9431.98,pro_FVG+VP+RSI_Div,stop_loss_premium_phase3
2025-08-18 09:30:00,2025-08-18 09:45:00,NIFTY BANK,bullish,647.1,322.57,930,-301809.23,1080.13,-302889.36,pro_LiqSweep+VP+OTE,target
2025-08-18 14:15:00,2025-08-18 15:15:00,NIFTY BANK,bearish,228.47,257.97,1500,44257.43,1094.97,43162.46,pro_FVG+RSI_Div+VWAP,intraday_square_off
2025-08-22 10:00:00,2025-08-22 11:30:00,NIFTY BANK,bearish,226.13,258.1,1500,47956.95,1093.07,46863.88,pro_VP+RSI_Div+VWAP,stop_loss_premium_phase3
2025-09-03 14:15:00,2025-09-03 15:00:00,NIFTY BANK,bullish,215.69,299.15,1500,125201.91,1213.75,123988.16,pro_LiqSweep+VP,target
2025-09-12 09:45:00,2025-09-12 11:45:00,NIFTY BANK,bullish,228.23,286.11,1500,86832.49,1184.5,85647.99,pro_LiqSweep+VP+OTE,stop_loss_premium_phase3
2025-09-17 09:45:00,2025-09-17 11:15:00,NIFTY BANK,bullish,227.41,252.43,1500,37526.19,1076.25,36449.94,pro_LiqSweep+VP,stop_loss_premium_phase3
2025-09-17 11:30:00,2025-09-17 13:00:00,NIFTY BANK,bullish,203.52,236.3,1500,49161.63,1001.27,48160.36,pro_LiqSweep+VP,stop_loss_premium_phase3
2025-09-19 10:15:00,2025-09-19 11:15:00,NIFTY BANK,bullish,209.7,209.79,1500,139.88,922.83,-782.95,pro_LiqSweep+RSI_Div,stop_loss_premium_phase2
2025-09-22 09:30:00,2025-09-22 09:45:00,NIFTY BANK,bullish,252.87,270.48,1500,26417.14,1158.89,25258.25,pro_VP+OTE,target
2025-10-03 10:00:00,2025-10-03 11:00:00,NIFTY BANK,bullish,226.17,225.49,1500,-1013.28,989.13,-2002.41,pro_VP+RSI_Div,stop_loss_premium_phase2
2025-10-15 09:45:00,2025-10-15 10:45:00,NIFTY BANK,bullish,221.15,322.16,1500,151509.85,1292.49,150217.36,pro_LiqSweep+VP,target
2025-10-15 11:00:00,2025-10-15 12:30:00,NIFTY BANK,bullish,218.15,226.2,1500,12072.39,983.49,11088.9,pro_LiqSweep+VP,stop_loss_premium_phase3
2025-10-29 10:00:00,2025-10-29 11:30:00,NIFTY BANK,bullish,345.37,377.42,1500,48067.7,1591.05,46476.65,pro_FVG+VP+RSI_Div,stop_loss_premium_phase3
2025-10-29 14:15:00,2025-10-29 15:15:00,NIFTY BANK,bullish,233.07,209.39,1500,-35523.29,944.55,-36467.84,pro_LiqSweep+VP,intraday_square_off
2025-11-12 14:15:00,2025-11-12 15:15:00,NIFTY BANK,bearish,199.75,232.69,1500,49408.05,986.05,48422.0,pro_LiqSweep+RSI_Div+VWAP,intraday_square_off
2025-11-13 10:30:00,2025-11-13 12:00:00,NIFTY BANK,bullish,190.32,212.14,1500,32738.2,911.23,31826.97,pro_FVG+VP,stop_loss_premium_phase3
2025-11-14 11:15:00,2025-11-14 12:45:00,NIFTY BANK,bullish,223.04,253.0,1500,44944.94,1073.77,43871.17,pro_FVG+VP,stop_loss_premium_phase3
2025-11-17 09:30:00,2025-11-17 09:45:00,NIFTY BANK,bullish,565.68,342.8,1200,-267459.46,1367.49,-268826.95,pro_VP+OTE+RSI_Div,target
2025-11-19 11:15:00,2025-11-19 12:30:00,NIFTY BANK,bullish,196.15,262.46,1500,99465.49,1077.47,98388.02,pro_FVG+OTE+RSI_Div,target
2025-11-20 10:00:00,2025-11-20 11:30:00,NIFTY BANK,bearish,188.43,187.99,1500,-658.25,832.33,-1490.58,pro_LiqSweep+OTE+RSI_Div+VWAP,stop_loss_premium_phase3
2025-11-26 10:15:00,2025-11-26 11:45:00,NIFTY BANK,bullish,321.12,332.84,1500,17574.3,1425.0,16149.3,pro_FVG+VP,stop_loss_premium_phase3
2025-12-04 11:00:00,2025-12-04 12:00:00,NIFTY BANK,bullish,217.31,211.4,1500,-8870.14,935.44,-9805.58,pro_FVG+VP,stop_loss_premium_phase2
2025-12-05 09:45:00,2025-12-05 10:00:00,NIFTY BANK,bullish,225.9,321.11,1500,142814.98,1293.83,141521.15,pro_LiqSweep+VP,target
2025-12-05 10:15:00,2025-12-05 11:45:00,NIFTY BANK,bullish,195.54,252.33,1500,85186.75,1044.57,84142.18,pro_LiqSweep+VP+RSI_Div,stop_loss_premium_phase3
2025-12-05 14:15:00,2025-12-05 15:15:00,NIFTY BANK,bullish,227.86,249.37,1500,32264.79,1066.94,31197.85,pro_LiqSweep+VP,intraday_square_off
2025-12-11 11:00:00,2025-12-11 12:30:00,NIFTY BANK,bullish,278.07,357.12,1500,118580.36,1460.07,117120.29,pro_FVG+VP+RSI_Div,stop_loss_premium_phase3
2025-12-17 09:45:00,2025-12-17 10:45:00,NIFTY BANK,bullish,222.43,221.81,1500,-926.01,973.69,-1899.7,pro_LiqSweep+FVG+VP+RSI_Div,stop_loss_premium_phase2
2025-12-17 11:15:00,2025-12-17 12:45:00,NIFTY BANK,bullish,208.29,214.94,1500,9978.39,937.85,9040.54,pro_LiqSweep+VP+OTE,stop_loss_premium_phase3
2025-12-24 09:45:00,2025-12-24 11:15:00,NIFTY BANK,bullish,209.35,211.42,1500,3108.96,927.68,2181.28,pro_LiqSweep+VP,stop_loss_premium_phase3
2025-12-24 11:30:00,2025-12-24 13:00:00,NIFTY BANK,bullish,234.64,237.05,1500,3604.92,1034.31,2570.61,pro_LiqSweep+FVG+VP,stop_loss_premium_phase3
2025-12-26 10:45:00,2025-12-26 11:45:00,NIFTY BANK,bullish,216.79,216.76,1500,-35.36,952.03,-987.39,pro_LiqSweep+VP+OTE+RSI_Div,stop_loss_premium_phase2
2025-12-26 14:15:00,2025-12-26 15:15:00,NIFTY BANK,bullish,191.19,208.91,1500,26591.47,901.8,25689.67,pro_LiqSweep+VP+RSI_Div,intraday_square_off
2025-12-31 14:15:00,2025-12-31 15:00:00,NIFTY BANK,bearish,229.75,297.96,1500,102312.73,1223.79,101088.94,pro_LiqSweep+RSI_Div+VWAP,target
2026-01-01 09:45:00,2026-01-01 11:15:00,NIFTY BANK,bearish,432.11,430.92,1500,-1782.11,1847.13,-3629.24,pro_LiqSweep+RSI_Div+VWAP,stop_loss_premium_phase3
2026-01-01 11:30:00,2026-01-01 13:00:00,NIFTY BANK,bearish,391.64,409.7,1500,27095.29,1739.58,25355.71,pro_LiqSweep+OTE+RSI_Div+VWAP,stop_loss_premium_phase3
2026-01-02 10:00:00,2026-01-02 11:30:00,NIFTY BANK,bullish,449.7,453.99,1500,6438.0,1938.02,4499.98,pro_FVG+VP+RSI_Div,stop_loss_premium_phase3
2026-01-06 10:00:00,2026-01-06 11:30:00,NIFTY BANK,bullish,680.67,678.8,1500,-2801.7,2882.5,-5684.2,pro_VP+RSI_Div,stop_loss_premium_phase3
2026-01-07 10:30:00,2026-01-07 12:00:00,NIFTY BANK,bullish,452.87,486.38,1500,50273.94,2044.47,48229.47,pro_FVG+RSI_Div,stop_loss_premium_phase3
2026-01-07 14:15:00,2026-01-07 15:15:00,NIFTY BANK,bullish,399.54,464.42,1500,97322.99,1921.89,95401.1,pro_FVG+VP+OTE,intraday_square_off
2026-01-09 10:30:00,2026-01-09 12:00:00,NIFTY BANK,bullish,512.17,511.53,1500,-950.34,2183.06,-3133.4,pro_VP+RSI_Div,stop_loss_premium_phase3
2026-01-12 14:15:00,2026-01-12 15:15:00,NIFTY BANK,bullish,587.73,588.54,1500,1200.82,2503.08,-1302.26,pro_FVG+VP,intraday_square_off
2026-01-20 10:00:00,2026-01-20 11:30:00,NIFTY BANK,bearish,244.73,252.68,1500,11925.1,1094.12,10830.98,pro_LiqSweep+RSI_Div+VWAP,stop_loss_premium_phase3
