entry_time,exit_time,symbol,direction,strategy,net_pnl,gross_pnl,costs,entry_price,exit_price,quantity,exit_reason,entry_type,signal_liqsweep,signal_fvg,signal_vp,signal_ote,signal_rsi_div,signal_vol_surge,signal_vol_confirm,signal_vwap,signal_bias,bull_score,bear_score,atr_at_entry,regime_at_entry,market_regime,volatility_regime,option_expiry_date,entry_year,entry_month,hold_min,win
2015-01-19 14:30:00,2015-01-20 09:15:00,NIFTY 50,bearish,pro_LiqSweep+OTE+RSI_Div+VWAP,-65.69,-10.43,55.26,54.41,54.25,65,stop_loss_premium_phase2,immediate,True,False,False,True,True,False,False,True,False,1.46,3.66,11.08,markup,unknown,unknown,2015-01-22,2015,2015-01,1125.0,False
2015-01-20 15:15:00,2015-01-21 09:30:00,NIFTY 50,bullish,pro_FVG+VP,1432.22,1490.17,57.95,60.77,85.61,60,target,immediate,False,True,True,False,False,False,False,False,True,3.63,0.3,14.64,markup,unknown,unknown,2015-01-22,2015,2015-01,1095.0,True
2015-02-02 10:00:00,2015-02-02 11:30:00,NIFTY 50,bullish,pro_LiqSweep+OTE+RSI_Div,443.23,517.19,73.96,174.71,182.66,65,stop_loss_premium_phase3,immediate,True,False,False,True,True,False,False,False,True,4.1,0.3,25.77,markdown,unknown,unknown,2015-02-05,2015,2015-02,90.0,True
2015-02-03 10:45:00,2015-02-03 11:45:00,NIFTY 50,bearish,pro_FVG+OTE+VWAP,1982.76,2048.79,66.03,115.06,149.79,59,target,immediate,False,True,False,True,False,False,False,True,True,1.46,3.34,24.41,accumulation,unknown,unknown,2015-02-05,2015,2015-02,60.0,True
2015-02-06 14:15:00,2015-02-09 09:15:00,NIFTY 50,bearish,pro_FVG+RSI_Div+VWAP,1899.43,1975.03,75.6,169.78,200.17,65,target,immediate,False,True,False,False,True,False,False,True,True,1.5,3.45,18.76,markdown,unknown,unknown,2015-02-12,2015,2015-02,4020.0,True
2015-02-13 10:30:00,2015-02-13 12:30:00,NIFTY 50,bullish,pro_FVG+VP,880.04,954.58,74.54,173.79,188.48,65,stop_loss_premium_phase3,immediate,False,True,True,False,False,False,False,False,True,3.63,0.3,21.47,markup,unknown,unknown,2015-02-19,2015,2015-02,120.0,True
2015-02-16 11:15:00,2015-02-16 12:45:00,NIFTY 50,bearish,pro_FVG+OTE+VWAP,-99.76,-29.01,70.75,159.04,158.59,65,stop_loss_premium_phase3,immediate,False,True,False,True,False,False,False,True,True,1.46,3.34,18.4,markup,unknown,unknown,2015-02-19,2015,2015-02,90.0,False
2015-02-20 14:30:00,2015-02-23 09:45:00,NIFTY 50,bearish,pro_FVG+OTE+VWAP,580.99,649.74,68.75,142.47,152.79,63,stop_loss_premium_phase3,immediate,False,True,False,True,False,False,False,True,True,1.46,3.34,18.47,markup,unknown,unknown,2015-02-26,2015,2015-02,4035.0,True
2015-03-16 10:30:00,2015-03-16 12:00:00,NIFTY 50,bullish,pro_LiqSweep+OTE+RSI_Div,-96.98,-29.4,67.58,162.72,162.18,55,stop_loss_premium_phase3,immediate,True,False,False,True,True,False,False,False,False,3.36,0.3,20.78,markdown,unknown,unknown,2015-03-19,2015,2015-03,90.0,False
2015-03-16 14:45:00,2015-03-17 09:15:00,NIFTY 50,bullish,pro_LiqSweep+VP,1156.06,1215.36,59.3,80.64,102.74,55,target,immediate,True,False,True,False,False,False,False,False,False,2.96,1.18,16.83,markup,unknown,unknown,2015-03-19,2015,2015-03,1110.0,True
2015-03-17 15:00:00,2015-03-18 09:45:00,NIFTY 50,bearish,pro_LiqSweep+FVG+VWAP,1961.72,2027.0,65.28,99.63,130.81,65,target,immediate,True,True,False,False,False,False,False,True,False,0.0,3.23,23.18,markup,unknown,unknown,2015-03-19,2015,2015-03,1125.0,True
2015-03-20 10:45:00,2015-03-20 12:30:00,NIFTY 50,bearish,pro_LiqSweep+VP+VWAP,-110.49,-36.4,74.09,181.65,181.09,65,stop_loss_premium_phase3,immediate,True,False,True,False,False,False,False,True,True,0.0,4.0,24.52,markdown,unknown,unknown,2015-03-26,2015,2015-03,105.0,False
2015-03-25 09:15:00,2015-03-25 10:45:00,NIFTY 50,bearish,pro_LiqSweep+FVG+VWAP,551.07,617.99,66.92,138.98,149.45,59,stop_loss_premium_phase3,immediate,True,True,False,False,False,False,False,True,True,0.0,3.97,21.25,markup,markdown,medium,2015-03-26,2015,2015-03,90.0,True
2015-03-27 15:00:00,2015-03-30 09:30:00,NIFTY 50,bullish,pro_LiqSweep+VP,2970.34,3049.85,79.51,187.22,234.88,64,target,immediate,True,False,True,False,False,False,False,False,True,3.7,0.3,24.9,markdown,markdown,medium,2015-04-02,2015,2015-03,3990.0,True
2015-04-06 09:30:00,2015-04-06 11:00:00,NIFTY 50,bullish,pro_LiqSweep+FVG+VP,236.89,301.05,64.16,111.01,115.64,65,stop_loss_premium_phase3,immediate,True,True,True,False,False,False,False,False,True,5.13,1.18,19.57,markup,accumulation,medium,2015-04-09,2015,2015-04,90.0,True
2015-04-06 11:30:00,2015-04-06 13:00:00,NIFTY 50,bullish,pro_FVG+VP,138.08,201.26,63.18,107.15,110.3,64,stop_loss_premium_phase3,immediate,False,True,True,False,False,False,False,False,True,3.63,1.18,17.62,markup,accumulation,medium,2015-04-09,2015,2015-04,90.0,True
2015-04-06 15:00:00,2015-04-07 09:15:00,NIFTY 50,bullish,pro_FVG+VP,1386.15,1446.05,59.9,70.84,93.44,64,target,immediate,False,True,True,False,False,False,False,False,True,3.63,1.8,13.4,markup,accumulation,medium,2015-04-09,2015,2015-04,1095.0,True
2015-04-10 09:30:00,2015-04-10 11:00:00,NIFTY 50,bullish,pro_LiqSweep+FVG+VP+RSI_Div,-113.84,-39.58,74.26,182.83,182.22,65,stop_loss_premium_phase3,immediate,True,True,True,False,True,False,False,False,True,6.11,1.18,18.25,markup,markup,medium,2015-04-16,2015,2015-04,90.0,False
2015-04-10 14:15:00,2015-04-13 09:30:00,NIFTY 50,bullish,pro_LiqSweep+VP+RSI_Div,1110.22,1172.76,62.54,91.94,110.26,64,stop_loss_premium_phase3,immediate,True,False,True,False,True,False,False,False,True,4.68,0.3,15.54,accumulation,markup,medium,2015-04-16,2015,2015-04,4035.0,True
2015-04-17 11:00:00,2015-04-17 12:30:00,NIFTY 50,bearish,pro_LiqSweep+FVG+VWAP,535.32,607.22,71.9,159.81,169.15,65,stop_loss_premium_phase3,immediate,True,True,False,False,False,False,False,True,True,1.86,3.97,21.54,markdown,markdown,medium,2015-04-23,2015,2015-04,90.0,True
2015-04-28 11:00:00,2015-04-28 12:00:00,NIFTY 50,bullish,pro_FVG+VP,-254.35,-191.5,62.85,110.98,107.94,63,stop_loss_premium_phase2,immediate,False,True,True,False,False,False,False,False,True,3.63,1.18,22.59,markdown,markdown,medium,2015-04-30,2015,2015-04,60.0,False
2015-04-28 14:45:00,2015-04-29 10:00:00,NIFTY 50,bullish,pro_LiqSweep+VP,-74.03,-15.71,58.32,80.03,79.77,61,stop_loss_premium_phase3,immediate,True,False,True,False,False,False,False,False,True,3.7,1.29,19.84,markdown,markdown,medium,2015-04-30,2015,2015-04,1155.0,False
2015-05-05 09:45:00,2015-05-05 10:45:00,NIFTY 50,bearish,pro_FVG+OTE+VWAP,-80.89,-20.38,60.51,99.08,98.74,59,stop_loss_premium_phase2,immediate,False,True,False,True,False,False,False,True,True,1.46,3.34,19.5,markup,markdown,medium,2015-05-07,2015,2015-05,60.0,False
2015-05-12 10:00:00,2015-05-12 11:30:00,NIFTY 50,bearish,pro_FVG+RSI_Div+VWAP,264.14,325.83,61.69,105.41,111.03,58,stop_loss_premium_phase3,immediate,False,True,False,False,True,False,False,True,True,1.5,3.45,24.07,markup,markdown,high,2015-05-14,2015,2015-05,90.0,True
2015-05-18 09:15:00,2015-05-18 09:45:00,NIFTY 50,bullish,pro_LiqSweep+VP,218.94,281.42,62.48,108.25,112.94,60,target,immediate,True,False,True,False,False,False,False,False,True,3.7,0.3,15.2,markup,distribution,high,2015-05-21,2015,2015-05,30.0,True
2015-05-19 14:15:00,2015-05-20 09:15:00,NIFTY 50,bullish,pro_FVG+VP,1414.39,1472.8,58.41,62.28,86.04,62,target,immediate,False,True,True,False,False,False,False,False,True,3.63,1.18,13.38,markup,markup,high,2015-05-21,2015,2015-05,1140.0,True
2015-05-22 10:00:00,2015-05-22 10:30:00,NIFTY 50,bullish,pro_VP+RSI_Div,1560.41,1632.98,72.57,153.06,178.18,65,target,immediate,False,False,True,False,True,False,False,False,True,3.18,1.8,14.78,markup,markup,high,2015-05-28,2015,2015-05,30.0,True
2015-05-22 10:45:00,2015-05-22 12:30:00,NIFTY 50,bullish,pro_VP+RSI_Div,-78.68,-18.38,60.3,88.52,88.24,65,stop_loss_premium_phase3,immediate,False,False,True,False,True,False,False,False,True,3.18,1.8,14.72,markup,markup,high,2015-05-28,2015,2015-05,105.0,False
2015-05-22 14:15:00,2015-05-25 09:15:00,NIFTY 50,bullish,pro_FVG+VP,-103.61,-32.52,71.09,169.16,168.64,62,stop_loss_premium_phase2,immediate,False,True,True,False,False,False,False,False,True,3.63,1.29,12.81,markup,markup,high,2015-05-28,2015,2015-05,4020.0,False
2015-05-25 15:15:00,2015-05-26 10:30:00,NIFTY 50,bearish,pro_LiqSweep+FVG+VWAP,375.08,435.23,60.15,87.93,95.06,61,stop_loss_premium_phase3,immediate,True,True,False,False,False,False,False,True,True,0.0,3.97,14.35,markdown,distribution,high,2015-05-28,2015,2015-05,1155.0,True
2015-06-01 09:30:00,2015-06-01 11:00:00,NIFTY 50,bearish,pro_LiqSweep+OTE+VWAP,-279.83,-208.88,70.95,175.91,172.43,60,stop_loss_premium_phase3,immediate,True,False,False,True,False,False,False,True,True,1.46,3.41,20.35,markup,distribution,high,2015-06-04,2015,2015-06,90.0,False
2015-06-01 14:15:00,2015-06-02 09:15:00,NIFTY 50,bearish,pro_LiqSweep+FVG+VWAP,1526.0,1597.17,71.17,158.69,185.76,59,target,immediate,True,True,False,False,False,False,False,True,True,1.46,3.97,11.68,markup,distribution,high,2015-06-04,2015,2015-06,1140.0,True
2015-06-02 14:30:00,2015-06-03 09:45:00,NIFTY 50,bearish,pro_LiqSweep+VP+VWAP,3569.86,3648.51,78.65,171.96,228.1,65,target,immediate,True,False,True,False,False,False,False,True,True,0.0,4.0,27.71,markdown,distribution,high,2015-06-04,2015,2015-06,1155.0,True
2015-06-05 09:30:00,2015-06-05 11:00:00,NIFTY 50,bullish,pro_LiqSweep+VP,-112.3,-36.37,75.93,194.04,193.49,65,stop_loss_premium_phase3,immediate,True,False,True,False,False,False,False,False,False,2.96,1.18,22.67,markdown,markdown,medium,2015-06-11,2015,2015-06,90.0,False
2015-06-05 11:15:00,2015-06-05 12:45:00,NIFTY 50,bullish,pro_LiqSweep+VP+RSI_Div,1576.27,1653.25,76.98,191.39,218.05,62,stop_loss_premium_phase3,immediate,True,False,True,False,True,False,False,False,False,3.95,1.18,22.3,markdown,markdown,medium,2015-06-11,2015,2015-06,90.0,True
2015-06-05 14:15:00,2015-06-05 15:15:00,NIFTY 50,bullish,pro_LiqSweep+VP,-87.25,-24.28,62.97,115.39,114.99,60,stop_loss_premium_phase2,immediate,True,False,True,False,False,False,False,False,False,2.96,0.3,18.91,markdown,markdown,medium,2015-06-11,2015,2015-06,60.0,False
2015-06-08 09:15:00,2015-06-08 10:45:00,NIFTY 50,bearish,pro_LiqSweep+FVG+VWAP,321.46,385.41,63.95,153.52,161.9,46,stop_loss_premium_phase3,immediate,True,True,False,False,False,False,False,True,False,0.0,3.23,23.2,markdown,markdown,medium,2015-06-11,2015,2015-06,90.0,True
2015-06-08 11:00:00,2015-06-08 12:30:00,NIFTY 50,bearish,pro_LiqSweep+FVG+VWAP,254.7,328.27,73.57,185.56,190.95,61,stop_loss_premium_phase3,immediate,True,True,False,False,False,False,False,True,True,0.0,3.97,23.74,markdown,markdown,medium,2015-06-11,2015,2015-06,90.0,True
2015-06-09 09:45:00,2015-06-09 11:15:00,NIFTY 50,bullish,pro_LiqSweep+VP,-72.88,-15.08,57.8,73.9,73.66,63,stop_loss_premium_phase3,immediate,True,False,True,False,False,False,False,False,True,3.7,0.3,18.01,markdown,markdown,medium,2015-06-11,2015,2015-06,90.0,False
2015-06-12 15:15:00,2015-06-15 09:30:00,NIFTY 50,bullish,pro_VP+RSI_Div,1567.0,1633.67,66.67,118.81,145.16,62,target,immediate,False,False,True,False,True,False,False,False,True,3.18,0.3,18.88,markdown,markdown,medium,2015-06-18,2015,2015-06,3975.0,True
2015-06-16 11:30:00,2015-06-16 13:00:00,NIFTY 50,bearish,pro_FVG+RSI_Div+VWAP,442.15,500.43,58.28,69.19,76.89,65,stop_loss_premium_phase3,immediate,False,True,False,False,True,False,False,True,False,0.88,2.72,14.2,markdown,markdown,medium,2015-06-18,2015,2015-06,90.0,True
2015-06-16 14:15:00,2015-06-16 14:45:00,NIFTY 50,bullish,pro_LiqSweep+VP+RSI_Div,2481.63,2546.53,64.9,46.78,66.83,127,target,immediate,True,False,True,False,True,False,False,False,False,3.95,0.3,12.0,markdown,markdown,medium,2015-06-18,2015,2015-06,30.0,True
2015-06-16 15:00:00,2015-06-17 09:15:00,NIFTY 50,bullish,pro_LiqSweep+VP,1212.91,1270.9,57.99,58.8,78.36,65,target,immediate,True,False,True,False,False,False,False,False,False,2.96,0.3,15.28,markdown,markdown,medium,2015-06-18,2015,2015-06,1095.0,True
2015-06-22 09:15:00,2015-06-22 10:30:00,NIFTY 50,bearish,pro_OTE+RSI_Div+VWAP,-232.56,-164.46,68.1,142.65,140.12,65,stop_loss_premium_phase2,immediate,False,False,False,True,True,False,False,True,True,1.46,2.9,14.1,markup,markup,medium,2015-06-25,2015,2015-06,75.0,False
2015-06-23 09:30:00,2015-06-23 10:30:00,NIFTY 50,bearish,pro_LiqSweep+RSI_Div+VWAP,-70.04,-14.39,55.65,58.92,58.69,63,stop_loss_premium_phase2,immediate,True,False,False,False,True,False,False,True,False,1.46,2.79,13.66,markup,markup,medium,2015-06-25,2015,2015-06,60.0,False
2015-06-23 11:30:00,2015-06-23 13:00:00,NIFTY 50,bearish,pro_LiqSweep+FVG+VWAP,-233.87,-173.35,60.52,94.57,91.82,63,stop_loss_premium_phase3,immediate,True,True,False,False,False,False,False,True,False,1.46,3.23,17.84,markup,markup,medium,2015-06-25,2015,2015-06,90.0,False
2015-06-26 09:30:00,2015-06-26 11:00:00,NIFTY 50,bullish,pro_FVG+OTE,-83.05,-20.82,62.23,106.41,106.07,62,stop_loss_premium_phase3,immediate,False,True,False,True,False,False,False,False,True,3.04,0.3,16.69,markup,markup,medium,2015-07-02,2015,2015-06,90.0,False
2015-06-30 10:30:00,2015-06-30 12:00:00,NIFTY 50,bullish,pro_LiqSweep+VP,-83.86,-20.15,63.71,116.9,116.58,62,stop_loss_premium_phase3,immediate,True,False,True,False,False,False,False,False,True,3.7,1.73,24.56,markup,markup,medium,2015-07-02,2015,2015-06,90.0,False
2015-06-30 14:30:00,2015-07-01 09:15:00,NIFTY 50,bullish,pro_LiqSweep+VP,1451.06,1508.57,57.51,56.44,81.17,61,target,immediate,True,False,True,False,False,False,False,False,True,3.7,1.73,15.82,markdown,markup,medium,2015-07-02,2015,2015-06,1125.0,True
2015-07-08 09:15:00,2015-07-08 09:30:00,NIFTY 50,bearish,pro_LiqSweep+FVG+VWAP,-4349.13,-4279.3,69.83,99.71,66.79,130,target,immediate,True,True,False,False,False,False,False,True,False,1.46,3.23,13.57,markup,markup,medium,2015-07-09,2015,2015-07,15.0,False
2015-07-14 09:30:00,2015-07-14 11:00:00,NIFTY 50,bullish,pro_LiqSweep+VP,334.39,389.96,55.57,75.27,83.94,45,stop_loss_premium_phase3,immediate,True,False,True,False,False,False,False,False,True,3.7,0.3,19.15,markup,accumulation,medium,2015-07-16,2015,2015-07,90.0,True
2015-07-14 14:15:00,2015-07-15 09:15:00,NIFTY 50,bullish,pro_VP+RSI_Div,1035.01,1102.47,67.46,175.88,199.84,46,target,immediate,False,False,True,False,True,False,False,False,True,3.18,1.8,12.66,markup,accumulation,medium,2015-07-16,2015,2015-07,1140.0,True
2015-07-17 15:00:00,2015-07-20 10:15:00,NIFTY 50,bullish,pro_VP+RSI_Div,-97.77,-29.82,67.95,178.61,178.02,51,stop_loss_premium_phase3,immediate,False,False,True,False,True,False,False,False,True,3.18,0.3,10.31,markup,markup,medium,2015-07-23,2015,2015-07,4035.0,False
2015-07-20 14:30:00,2015-07-21 09:15:00,NIFTY 50,bullish,pro_LiqSweep+VP,-65.16,-11.13,54.03,58.86,58.64,51,stop_loss_premium_phase2,immediate,True,False,True,False,False,False,False,False,True,3.7,1.73,10.28,markdown,markup,low,2015-07-23,2015,2015-07,1125.0,False
2015-07-21 10:00:00,2015-07-21 12:00:00,NIFTY 50,bearish,pro_LiqSweep+OTE+VWAP,832.05,900.51,68.46,173.46,191.47,50,stop_loss_premium_phase3,immediate,True,False,False,True,False,False,False,True,True,1.46,3.41,17.38,markdown,markup,medium,2015-07-23,2015,2015-07,120.0,True
2015-08-03 09:30:00,2015-08-03 11:00:00,NIFTY 50,bullish,pro_LiqSweep+VP,84.11,140.0,55.89,68.67,71.26,54,stop_loss_premium_phase3,immediate,True,False,True,False,False,False,False,False,False,2.96,0.3,14.17,markup,markup,medium,2015-08-06,2015,2015-08,90.0,True
2015-08-03 11:15:00,2015-08-03 12:45:00,NIFTY 50,bullish,pro_LiqSweep+VP,149.42,206.5,57.08,77.4,81.23,54,stop_loss_premium_phase3,immediate,True,False,True,False,False,False,False,False,False,2.96,1.29,14.83,markup,markup,medium,2015-08-06,2015,2015-08,90.0,True
2015-08-04 10:45:00,2015-08-04 11:15:00,NIFTY 50,bullish,pro_LiqSweep+OTE,1208.87,1267.55,58.68,75.0,98.04,55,target,immediate,True,False,False,True,False,False,False,False,True,3.11,0.3,15.98,markdown,markup,medium,2015-08-06,2015,2015-08,30.0,True
2015-08-04 11:30:00,2015-08-04 12:30:00,NIFTY 50,bullish,pro_LiqSweep+VP,-79.7,-11.4,68.3,159.54,159.34,58,stop_loss_premium_phase2,immediate,True,False,True,False,False,False,False,False,True,3.7,0.3,20.82,accumulation,markup,medium,2015-08-06,2015,2015-08,60.0,False
2015-08-14 09:45:00,2015-08-14 11:00:00,NIFTY 50,bullish,pro_FVG+VP,2763.39,2840.38,76.99,183.76,231.1,60,target,immediate,False,True,True,False,False,False,False,False,True,3.63,0.3,24.97,markdown,markup,medium,2015-08-20,2015,2015-08,75.0,True
2015-08-14 14:45:00,2015-08-17 09:30:00,NIFTY 50,bullish,pro_FVG+VP,-74.79,-15.04,59.75,84.72,84.49,65,stop_loss_premium_phase2,immediate,False,True,True,False,False,False,False,False,True,3.63,1.29,15.04,markdown,markup,medium,2015-08-20,2015,2015-08,4005.0,False
2015-08-17 09:45:00,2015-08-17 11:15:00,NIFTY 50,bearish,pro_LiqSweep+FVG+RSI_Div+VWAP,701.96,768.98,67.02,159.52,174.6,51,stop_loss_premium_phase3,immediate,True,True,False,False,True,False,False,True,True,0.88,4.95,21.35,markdown,accumulation,medium,2015-08-20,2015,2015-08,90.0,True
2015-08-28 14:15:00,2015-08-31 09:15:00,NIFTY 50,bearish,pro_LiqSweep+RSI_Div+VWAP,2433.25,2508.65,75.4,165.12,204.31,64,target,immediate,True,False,False,False,True,False,False,True,True,1.43,3.53,20.89,markup,volatile,extreme,2015-09-03,2015,2015-08,4020.0,True
2015-09-15 09:45:00,2015-09-15 11:15:00,NIFTY 50,bullish,pro_FVG+VP,265.66,323.98,58.32,71.38,76.37,65,stop_loss_premium_phase3,immediate,False,True,True,False,False,False,False,False,False,2.89,0.3,17.48,markup,volatile,extreme,2015-09-17,2015,2015-09,90.0,True
2015-09-18 15:15:00,2015-09-21 09:15:00,NIFTY 50,bearish,pro_LiqSweep+FVG+VWAP,1982.8,2057.0,74.2,159.4,191.05,65,target,immediate,True,True,False,False,False,False,False,True,True,0.88,3.97,14.87,markup,volatile,extreme,2015-09-24,2015,2015-09,3960.0,True
2015-09-21 11:00:00,2015-09-21 12:30:00,NIFTY 50,bullish,pro_FVG+OTE,221.76,295.1,73.34,172.95,177.49,65,stop_loss_premium_phase3,immediate,False,True,False,True,False,False,False,False,True,3.04,0.3,21.93,markdown,volatile,extreme,2015-09-24,2015,2015-09,90.0,True
2015-09-21 14:45:00,2015-09-22 09:15:00,NIFTY 50,bullish,pro_FVG+VP,2142.46,2218.85,76.39,177.88,213.09,63,target,immediate,False,True,True,False,False,False,False,False,True,3.63,1.8,15.34,markdown,volatile,extreme,2015-09-24,2015,2015-09,1110.0,True
2015-09-22 14:30:00,2015-09-23 09:15:00,NIFTY 50,bearish,pro_FVG+RSI_Div+VWAP,2327.96,2403.78,75.82,166.55,203.53,65,target,immediate,False,True,False,False,True,False,False,True,True,0.0,3.45,21.84,markdown,markdown,high,2015-09-24,2015,2015-09,1125.0,True
2015-09-28 10:00:00,2015-09-28 11:30:00,NIFTY 50,bearish,pro_LiqSweep+RSI_Div+VWAP,-105.4,-33.64,71.76,165.92,165.4,65,stop_loss_premium_phase3,immediate,True,False,False,False,True,False,False,True,True,0.88,3.53,22.12,markup,markdown,high,2015-10-01,2015,2015-09,90.0,False
2015-09-29 14:30:00,2015-09-30 09:45:00,NIFTY 50,bullish,pro_FVG+VP,-108.76,-34.21,74.55,190.59,190.05,63,stop_loss_premium_phase3,immediate,False,True,True,False,False,False,False,False,True,3.63,1.8,35.0,markup,distribution,high,2015-10-01,2015,2015-09,1155.0,False
2015-10-09 11:30:00,2015-10-09 13:00:00,NIFTY 50,bearish,pro_LiqSweep+FVG+OTE+VWAP,1257.04,1329.12,72.08,163.17,184.96,61,stop_loss_premium_phase3,immediate,True,True,False,True,False,False,False,True,False,2.45,4.11,18.84,markup,markup,medium,2015-10-15,2015,2015-10,90.0,True
2015-10-13 14:30:00,2015-10-13 15:00:00,NIFTY 50,bullish,pro_LiqSweep+VP+OTE,1819.7,1893.67,73.97,162.17,191.76,64,target,immediate,True,False,True,True,False,False,False,False,False,3.84,0.3,12.46,markdown,markup,medium,2015-10-15,2015,2015-10,30.0,True
2015-10-13 15:15:00,2015-10-14 10:30:00,NIFTY 50,bullish,pro_LiqSweep+VP+RSI_Div,-64.49,-9.08,55.41,55.45,55.31,65,stop_loss_premium_phase3,immediate,True,False,True,False,True,False,False,False,False,3.95,0.3,14.68,markup,markup,medium,2015-10-15,2015,2015-10,1155.0,False
2015-10-16 09:30:00,2015-10-16 11:00:00,NIFTY 50,bullish,pro_LiqSweep+FVG+VP+OTE,586.39,660.92,74.53,179.72,190.05,64,stop_loss_premium_phase3,immediate,True,True,True,True,False,False,False,False,True,6.0,0.3,10.95,markup,markup,medium,2015-10-22,2015,2015-10,90.0,True
2015-10-16 11:15:00,2015-10-16 12:45:00,NIFTY 50,bullish,pro_LiqSweep+VP,-105.31,-33.4,71.91,172.22,171.69,63,stop_loss_premium_phase3,immediate,True,False,True,False,False,False,False,False,True,3.7,1.29,12.68,markup,markup,medium,2015-10-22,2015,2015-10,90.0,False
2015-10-16 15:15:00,2015-10-19 10:30:00,NIFTY 50,bullish,pro_FVG+VP,273.99,336.8,62.81,104.71,110.05,63,stop_loss_premium_phase3,immediate,False,True,True,False,False,False,False,False,True,3.63,1.8,13.84,markup,markup,medium,2015-10-22,2015,2015-10,4035.0,True
2015-10-19 11:15:00,2015-10-19 13:15:00,NIFTY 50,bullish,pro_LiqSweep+VP,942.69,1001.77,59.08,71.28,87.18,63,stop_loss_premium_phase3,immediate,True,False,True,False,False,False,False,False,True,3.7,0.3,14.86,markup,markup,medium,2015-10-22,2015,2015-10,120.0,True
2015-10-19 14:15:00,2015-10-20 09:30:00,NIFTY 50,bullish,pro_LiqSweep+VP+RSI_Div,-107.09,-34.65,72.44,175.93,175.38,63,stop_loss_premium_phase3,immediate,True,False,True,False,True,False,False,False,True,4.68,1.18,9.27,markup,markup,medium,2015-10-22,2015,2015-10,1155.0,False
2015-10-20 09:45:00,2015-10-20 11:15:00,NIFTY 50,bullish,pro_LiqSweep+VP+RSI_Div,725.85,798.59,72.74,165.93,178.41,64,stop_loss_premium_phase3,immediate,True,False,True,False,True,False,False,False,True,4.68,0.3,12.89,markup,markup,medium,2015-10-22,2015,2015-10,90.0,True
2015-10-20 11:30:00,2015-10-20 13:00:00,NIFTY 50,bullish,pro_LiqSweep+FVG+VP,184.92,258.19,73.27,175.56,179.59,64,stop_loss_premium_phase3,immediate,True,True,True,False,False,False,False,False,True,5.13,0.3,12.7,markup,markup,medium,2015-10-22,2015,2015-10,90.0,True
2015-10-20 14:15:00,2015-10-20 15:00:00,NIFTY 50,bullish,pro_VP+OTE,1242.89,1316.7,73.81,167.44,188.02,64,target,immediate,False,False,True,True,False,False,False,False,True,3.07,0.3,10.94,markup,markup,medium,2015-10-22,2015,2015-10,45.0,True
2015-10-21 09:15:00,2015-10-21 10:45:00,NIFTY 50,bullish,pro_FVG+OTE,460.31,532.51,72.2,162.66,170.85,65,stop_loss_premium_phase3,immediate,False,True,False,True,False,False,False,False,True,3.04,0.3,13.9,markdown,markup,medium,2015-10-22,2015,2015-10,90.0,True
2015-10-30 14:15:00,2015-11-02 09:15:00,NIFTY 50,bearish,pro_LiqSweep+VP+VWAP,1863.17,1938.37,75.2,170.1,200.39,64,target,immediate,True,False,True,False,False,False,False,True,True,0.0,4.0,13.71,markdown,markdown,low,2015-11-05,2015,2015-10,4020.0,True
2015-11-02 14:30:00,2015-11-02 15:15:00,NIFTY 50,bullish,pro_LiqSweep+VP,1733.31,1809.0,75.69,172.15,199.98,65,target,immediate,True,False,True,False,False,False,False,False,True,3.7,0.3,11.83,markdown,markdown,low,2015-11-05,2015,2015-11,45.0,True
2015-11-03 09:15:00,2015-11-03 09:30:00,NIFTY 50,bullish,pro_LiqSweep+VP+RSI_Div,-263.44,-202.22,61.22,96.71,93.6,65,target,immediate,True,False,True,False,True,False,False,False,True,4.68,0.3,12.61,markdown,markdown,low,2015-11-05,2015,2015-11,15.0,False
2015-11-03 14:45:00,2015-11-04 09:30:00,NIFTY 50,bearish,pro_LiqSweep+FVG+VWAP,-81.09,-20.75,60.34,45.1,44.94,128,stop_loss_premium_phase2,immediate,True,True,False,False,False,False,False,True,True,1.46,3.97,12.28,markup,markdown,low,2015-11-05,2015,2015-11,1125.0,False
2015-11-09 15:15:00,2015-11-10 10:00:00,NIFTY 50,bullish,pro_FVG+VP,-219.56,-161.26,58.3,84.39,81.66,59,stop_loss_premium_phase2,immediate,False,True,True,False,False,False,False,False,True,3.63,1.18,15.18,markdown,markdown,low,2015-11-12,2015,2015-11,1125.0,False
2015-11-16 14:15:00,2015-11-17 09:15:00,NIFTY 50,bullish,pro_VP+RSI_Div,1477.7,1550.67,72.97,172.6,198.88,59,target,immediate,False,False,True,False,True,False,False,False,True,3.18,1.8,14.34,markup,markdown,low,2015-11-19,2015,2015-11,1140.0,True
2015-11-27 09:30:00,2015-11-27 09:45:00,NIFTY 50,bullish,pro_LiqSweep+VP,1112.03,1170.9,58.87,67.88,86.47,63,target,immediate,True,False,True,False,False,False,False,False,True,3.7,2.16,10.46,markup,markdown,low,2015-12-03,2015,2015-11,15.0,True
2015-11-27 10:00:00,2015-11-27 11:30:00,NIFTY 50,bullish,pro_LiqSweep+VP,434.84,497.06,62.22,98.84,106.73,63,stop_loss_premium_phase3,immediate,True,False,True,False,False,False,False,False,True,3.7,0.3,13.28,markup,markdown,low,2015-12-03,2015,2015-11,90.0,True
2015-11-27 15:00:00,2015-11-30 10:15:00,NIFTY 50,bullish,pro_FVG+VP,368.88,427.79,58.91,75.41,82.09,64,stop_loss_premium_phase3,immediate,False,True,True,False,False,False,False,False,True,3.63,1.18,13.65,markup,markdown,low,2015-12-03,2015,2015-11,4035.0,True
2015-11-30 11:00:00,2015-11-30 12:30:00,NIFTY 50,bearish,pro_LiqSweep+FVG+VWAP,-70.72,-12.62,58.1,74.76,74.56,64,stop_loss_premium_phase3,immediate,True,True,False,False,False,False,False,True,False,1.46,3.23,12.74,markup,markdown,low,2015-12-03,2015,2015-11,90.0,False
2015-11-30 14:30:00,2015-12-01 09:15:00,NIFTY 50,bullish,pro_VP+OTE+RSI_Div,842.19,898.9,56.71,55.05,69.1,64,target,immediate,False,False,True,True,True,False,False,False,False,3.32,0.3,9.91,markup,markdown,low,2015-12-03,2015,2015-11,1125.0,True
2015-12-01 10:00:00,2015-12-01 11:30:00,NIFTY 50,bullish,pro_FVG+VP,449.55,521.64,72.09,162.05,170.07,65,stop_loss_premium_phase3,immediate,False,True,True,False,False,False,False,False,True,3.63,2.16,14.89,markup,markdown,low,2015-12-03,2015,2015-12,90.0,True
2015-12-01 14:15:00,2015-12-02 09:30:00,NIFTY 50,bullish,pro_LiqSweep+VP,792.65,851.08,58.43,66.32,79.42,65,stop_loss_premium_phase3,immediate,True,False,True,False,False,False,False,False,True,3.7,0.3,13.54,markup,markdown,low,2015-12-03,2015,2015-12,1155.0,True
2015-12-07 09:30:00,2015-12-07 10:45:00,NIFTY 50,bearish,pro_FVG+OTE+VWAP,974.45,1031.56,57.11,55.51,71.38,65,target,immediate,False,True,False,True,False,False,False,True,True,1.46,3.34,12.88,markdown,markdown,medium,2015-12-10,2015,2015-12,75.0,True
2015-12-11 10:00:00,2015-12-11 11:30:00,NIFTY 50,bearish,pro_OTE+RSI_Div+VWAP,1397.39,1462.28,64.89,103.2,125.7,65,target,immediate,False,False,False,True,True,False,False,True,True,1.5,2.9,16.69,markup,markdown,low,2015-12-17,2015,2015-12,90.0,True
2015-12-14 09:30:00,2015-12-14 10:15:00,NIFTY 50,bullish,pro_LiqSweep+OTE+RSI_Div,2553.87,2623.36,69.49,121.47,161.83,65,target,immediate,True,False,False,True,True,False,False,False,True,4.1,1.73,23.27,markdown,markdown,medium,2015-12-17,2015,2015-12,45.0,True
2015-12-14 10:30:00,2015-12-14 12:00:00,NIFTY 50,bullish,pro_LiqSweep+VP+RSI_Div,-84.11,-13.05,71.06,160.91,160.71,65,stop_loss_premium_phase3,immediate,True,False,True,False,True,False,False,False,True,4.68,0.3,24.41,markdown,markdown,medium,2015-12-17,2015,2015-12,90.0,False
2015-12-15 09:30:00,2015-12-15 11:00:00,NIFTY 50,bullish,pro_FVG+VP,-71.61,-14.36,57.25,68.96,68.74,64,stop_loss_premium_phase3,immediate,False,True,True,False,False,False,False,False,True,3.63,2.16,18.28,markup,markdown,low,2015-12-17,2015,2015-12,90.0,False
2015-12-15 11:15:00,2015-12-15 12:45:00,NIFTY 50,bullish,pro_FVG+VP,473.27,530.94,57.67,65.73,74.03,64,stop_loss_premium_phase3,immediate,False,True,True,False,False,False,False,False,True,3.63,0.3,18.58,markup,markdown,low,2015-12-17,2015,2015-12,90.0,True
2015-12-21 10:30:00,2015-12-21 12:00:00,NIFTY 50,bullish,pro_LiqSweep+VP,-84.47,-13.6,70.87,162.14,161.92,64,stop_loss_premium_phase3,immediate,True,False,True,False,False,False,False,False,True,3.7,0.3,17.54,markdown,accumulation,low,2015-12-24,2015,2015-12,90.0,False
2015-12-22 09:30:00,2015-12-22 11:00:00,NIFTY 50,bullish,pro_FVG+VP+OTE,656.92,729.06,72.14,162.6,173.99,64,stop_loss_premium_phase3,immediate,False,True,True,True,False,False,False,False,False,3.77,1.29,9.69,markup,markdown,low,2015-12-24,2015,2015-12,90.0,True
2015-12-28 14:45:00,2015-12-29 10:00:00,NIFTY 50,bullish,pro_LiqSweep+VP,-110.01,-37.18,72.83,175.81,175.23,64,stop_loss_premium_phase3,immediate,True,False,True,False,False,False,False,False,True,3.7,0.3,8.2,markup,markup,medium,2015-12-31,2015,2015-12,1155.0,False
2015-12-29 10:30:00,2015-12-29 11:45:00,NIFTY 50,bullish,pro_LiqSweep+VP,-86.49,-24.95,61.54,49.61,49.42,127,stop_loss_premium_phase2,immediate,True,False,True,False,False,False,False,False,False,2.96,0.3,11.67,markup,markup,medium,2015-12-31,2015,2015-12,75.0,False
2015-12-29 14:45:00,2015-12-30 10:15:00,NIFTY 50,bullish,pro_FVG+VP,298.17,359.11,60.94,45.36,48.19,127,stop_loss_premium_phase3,immediate,False,True,True,False,False,False,False,False,False,2.89,1.18,8.13,markup,markup,medium,2015-12-31,2015,2015-12,1170.0,True
2016-01-29 09:45:00,2016-01-29 12:00:00,NIFTY 50,bullish,pro_FVG+VP,2522.12,2598.72,76.6,172.33,212.94,64,target,immediate,False,True,True,False,False,False,False,False,True,3.63,0.3,20.04,markdown,volatile,high,2016-02-04,2016,2016-01,135.0,True
2016-02-01 10:15:00,2016-02-01 11:45:00,NIFTY 50,bearish,pro_LiqSweep+RSI_Div+VWAP,883.44,957.85,74.41,172.89,187.62,65,stop_loss_premium_phase3,immediate,True,False,False,False,True,False,False,True,True,1.46,3.53,18.52,markup,markdown,medium,2016-02-04,2016,2016-02,90.0,True
2016-02-05 11:00:00,2016-02-05 12:30:00,NIFTY 50,bullish,pro_FVG+VP,421.67,497.81,76.14,189.56,197.22,65,stop_loss_premium_phase3,immediate,False,True,True,False,False,False,False,False,True,3.63,1.29,21.37,markup,markdown,medium,2016-02-11,2016,2016-02,90.0,True
2016-02-08 09:30:00,2016-02-08 11:00:00,NIFTY 50,bearish,pro_FVG+RSI_Div+VWAP,-100.75,-29.68,71.07,163.71,163.25,64,stop_loss_premium_phase3,immediate,False,True,False,False,True,False,False,True,True,1.46,3.45,17.8,markup,markdown,medium,2016-02-11,2016,2016-02,90.0,False
2016-02-16 09:15:00,2016-02-16 10:45:00,NIFTY 50,bearish,pro_LiqSweep+RSI_Div+VWAP,1052.21,1111.41,59.2,69.79,87.15,64,stop_loss_premium_phase3,immediate,True,False,False,False,True,False,False,True,False,1.46,2.79,14.9,markup,markdown,high,2016-02-18,2016,2016-02,90.0,True
2016-02-22 11:15:00,2016-02-22 12:45:00,NIFTY 50,bullish,pro_FVG+VP,-105.74,-32.45,73.29,181.81,181.29,63,stop_loss_premium_phase3,immediate,False,True,True,False,False,False,False,False,True,3.63,1.8,14.95,markup,markdown,high,2016-02-25,2016,2016-02,90.0,False
2016-02-22 14:15:00,2016-02-23 09:15:00,NIFTY 50,bullish,pro_FVG+VP,-67.67,-12.13,55.54,58.14,57.95,63,stop_loss_premium_phase2,immediate,False,True,True,False,False,False,False,False,True,3.63,1.29,9.57,markup,markdown,high,2016-02-25,2016,2016-02,1140.0,False
2016-02-23 10:00:00,2016-02-23 11:30:00,NIFTY 50,bearish,pro_FVG+RSI_Div+VWAP,251.72,322.58,70.86,160.87,165.99,63,stop_loss_premium_phase3,immediate,False,True,False,False,True,False,False,True,True,0.0,3.45,14.18,markup,markdown,high,2016-02-25,2016,2016-02,90.0,True
2016-02-24 09:15:00,2016-02-24 10:45:00,NIFTY 50,bearish,pro_VP+RSI_Div+VWAP,512.37,572.84,60.47,85.81,94.91,63,target,immediate,False,False,True,False,True,False,False,True,True,1.5,3.49,16.69,markdown,markdown,high,2016-02-25,2016,2016-02,90.0,True
2016-03-01 09:15:00,2016-03-01 10:45:00,NIFTY 50,bearish,pro_FVG+OTE+VWAP,-243.23,-169.0,74.23,184.01,181.41,65,stop_loss_premium_phase3,immediate,False,True,False,True,False,False,False,True,True,0.0,3.34,53.02,accumulation,volatile,extreme,2016-03-03,2016,2016-03,90.0,False
2016-03-11 14:30:00,2016-03-14 09:15:00,NIFTY 50,bearish,pro_FVG+RSI_Div+VWAP,-285.81,-215.03,70.78,163.79,160.43,64,stop_loss_premium_phase2,immediate,False,True,False,False,True,False,False,True,True,0.0,3.45,19.89,markup,markup,high,2016-03-17,2016,2016-03,4005.0,False
2016-03-21 09:45:00,2016-03-21 11:15:00,NIFTY 50,bullish,pro_FVG+VP,584.84,648.7,63.86,108.49,118.79,63,stop_loss_premium_phase3,immediate,False,True,True,False,False,False,False,False,True,3.63,0.3,18.34,markup,volatile,high,2016-03-24,2016,2016-03,90.0,True
2016-03-21 14:15:00,2016-03-21 15:00:00,NIFTY 50,bullish,pro_LiqSweep+VP,1480.66,1555.02,74.36,168.56,192.86,64,target,immediate,True,False,True,False,False,False,False,False,True,3.7,0.3,10.13,markup,volatile,high,2016-03-24,2016,2016-03,45.0,True
2016-03-21 15:15:00,2016-03-22 10:30:00,NIFTY 50,bullish,pro_LiqSweep+VP,-85.41,-13.7,71.71,167.93,167.72,64,stop_loss_premium_phase3,immediate,True,False,True,False,False,False,False,False,True,3.7,0.3,13.11,markup,volatile,high,2016-03-24,2016,2016-03,1155.0,False
2016-03-28 10:15:00,2016-03-28 12:00:00,NIFTY 50,bearish,pro_LiqSweep+FVG+VWAP,606.0,677.39,71.39,158.02,168.61,64,stop_loss_premium_phase3,immediate,True,True,False,False,False,False,False,True,True,0.88,3.97,16.87,markup,markup,medium,2016-03-31,2016,2016-03,105.0,True
2016-03-29 14:45:00,2016-03-30 09:15:00,NIFTY 50,bullish,pro_FVG+VP+RSI_Div,1660.34,1719.26,58.92,61.06,87.92,64,target,immediate,False,True,True,False,True,False,False,False,False,3.88,1.18,16.89,markdown,markup,medium,2016-03-31,2016,2016-03,1110.0,True
2016-04-01 09:30:00,2016-04-01 11:00:00,NIFTY 50,bullish,pro_LiqSweep+OTE,-110.66,-35.23,75.43,190.65,190.11,65,stop_loss_premium_phase3,immediate,True,False,False,True,False,False,False,False,True,3.11,1.29,21.35,markdown,markup,medium,2016-04-07,2016,2016-04,90.0,False
2016-04-01 11:15:00,2016-04-01 12:45:00,NIFTY 50,bullish,pro_LiqSweep+RSI_Div,-109.29,-35.8,73.49,186.17,185.6,62,stop_loss_premium_phase3,immediate,True,False,False,False,True,False,False,False,True,3.22,0.3,24.23,markdown,markup,medium,2016-04-07,2016,2016-04,90.0,False
2016-04-01 14:30:00,2016-04-04 09:15:00,NIFTY 50,bullish,pro_LiqSweep+FVG+OTE,2106.34,2179.97,73.63,159.13,193.73,63,target,immediate,True,True,False,True,False,False,False,False,True,4.54,0.3,16.66,markdown,markup,medium,2016-04-07,2016,2016-04,4005.0,True
2016-04-04 09:30:00,2016-04-04 11:00:00,NIFTY 50,bullish,pro_LiqSweep+VP,-100.49,-29.48,71.01,163.28,162.82,64,stop_loss_premium_phase3,immediate,True,False,True,False,False,False,False,False,True,3.7,0.3,20.42,markdown,markup,medium,2016-04-07,2016,2016-04,90.0,False
2016-04-04 11:15:00,2016-04-04 12:45:00,NIFTY 50,bullish,pro_FVG+VP,-228.27,-166.11,62.16,107.58,104.9,62,stop_loss_premium_phase3,immediate,False,True,True,False,False,False,False,False,True,3.63,1.18,17.64,markdown,markup,medium,2016-04-07,2016,2016-04,90.0,False
2016-04-04 14:15:00,2016-04-04 15:15:00,NIFTY 50,bullish,pro_LiqSweep+VP,1262.32,1320.5,58.18,61.39,82.35,63,target,immediate,True,False,True,False,False,False,False,False,True,3.7,0.3,12.73,accumulation,markup,medium,2016-04-07,2016,2016-04,60.0,True
2016-04-05 09:15:00,2016-04-05 10:15:00,NIFTY 50,bullish,pro_LiqSweep+FVG+VP,-76.42,-20.09,56.33,61.78,61.47,65,stop_loss_premium_phase2,immediate,True,True,True,False,False,False,False,False,True,5.13,0.3,13.31,accumulation,markup,medium,2016-04-07,2016,2016-04,60.0,False
2016-04-11 09:15:00,2016-04-11 10:45:00,NIFTY 50,bearish,pro_LiqSweep+OTE+VWAP,370.8,425.1,54.3,43.88,50.53,64,stop_loss_premium_phase3,immediate,True,False,False,True,False,False,False,True,True,1.46,3.41,10.2,markdown,markup,medium,2016-04-14,2016,2016-04,90.0,True
2016-04-11 11:15:00,2016-04-11 12:45:00,NIFTY 50,bullish,pro_VP+RSI_Div,-75.22,-17.36,57.86,74.32,74.05,63,stop_loss_premium_phase3,immediate,False,False,True,False,True,False,False,False,True,3.18,0.3,13.39,markdown,markup,medium,2016-04-14,2016,2016-04,90.0,False
2016-04-12 09:15:00,2016-04-12 10:45:00,NIFTY 50,bullish,pro_FVG+VP,123.93,198.39,74.46,187.31,190.45,63,stop_loss_premium_phase3,immediate,False,True,True,False,False,False,False,False,True,3.63,0.3,22.75,markup,markup,medium,2016-04-14,2016,2016-04,90.0,True
2016-04-13 09:15:00,2016-04-13 09:30:00,NIFTY 50,bullish,pro_FVG+VP,-2390.11,-2313.17,76.94,229.3,193.16,64,target,immediate,False,True,True,False,False,False,False,False,True,3.63,0.3,12.71,markup,markup,medium,2016-04-14,2016,2016-04,15.0,False
2016-04-25 09:30:00,2016-04-25 10:30:00,NIFTY 50,bullish,pro_LiqSweep+VP,-71.49,-14.9,56.59,71.08,70.83,58,stop_loss_premium_phase2,immediate,True,False,True,False,False,False,False,False,False,2.96,0.3,12.0,markdown,markup,medium,2016-04-28,2016,2016-04,60.0,False
2016-04-26 09:30:00,2016-04-26 11:00:00,NIFTY 50,bullish,pro_LiqSweep+OTE,999.88,1056.0,56.12,54.39,72.6,58,target,immediate,True,False,False,True,False,False,False,False,True,3.11,0.3,13.75,markdown,markup,medium,2016-04-28,2016,2016-04,90.0,True
2016-04-26 11:15:00,2016-04-26 12:30:00,NIFTY 50,bullish,pro_LiqSweep+VP,1953.15,2026.05,72.9,163.55,197.31,60,target,immediate,True,False,True,False,False,False,False,False,True,3.7,0.3,14.08,markdown,markup,medium,2016-04-28,2016,2016-04,75.0,True
2016-04-29 15:00:00,2016-05-02 09:15:00,NIFTY 50,bearish,pro_LiqSweep+FVG+VWAP,1880.12,1957.16,77.04,179.67,209.78,65,target,immediate,True,True,False,False,False,False,False,True,False,0.0,3.23,18.55,markdown,markup,medium,2016-05-05,2016,2016-04,3975.0,True
2016-05-02 09:45:00,2016-05-02 11:15:00,NIFTY 50,bearish,pro_LiqSweep+FVG+VWAP,353.68,426.38,72.7,167.21,173.77,65,stop_loss_premium_phase3,immediate,True,True,False,False,False,False,False,True,False,0.0,3.23,23.7,markdown,markup,medium,2016-05-05,2016,2016-05,90.0,True
2016-05-06 14:15:00,2016-05-09 09:15:00,NIFTY 50,bullish,pro_LiqSweep+VP,1301.41,1360.88,59.47,67.77,88.71,65,target,immediate,True,False,True,False,False,False,False,False,True,3.7,1.29,13.1,markdown,markdown,medium,2016-05-12,2016,2016-05,4020.0,True
2016-05-09 09:30:00,2016-05-09 11:00:00,NIFTY 50,bullish,pro_LiqSweep+VP,757.0,821.49,64.49,109.23,122.07,64,stop_loss_premium_phase3,immediate,True,False,True,False,False,False,False,False,False,2.96,1.29,17.5,markdown,markup,medium,2016-05-12,2016,2016-05,90.0,True
2016-05-09 11:15:00,2016-05-09 13:00:00,NIFTY 50,bearish,pro_LiqSweep+FVG+VWAP,516.52,589.13,72.61,164.8,173.86,65,stop_loss_premium_phase3,immediate,True,True,False,False,False,False,False,True,False,1.46,3.23,16.99,markdown,markup,medium,2016-05-12,2016,2016-05,105.0,True
2016-05-10 11:30:00,2016-05-10 13:00:00,NIFTY 50,bullish,pro_VP+RSI_Div,1166.37,1224.56,58.19,61.6,80.74,64,target,immediate,False,False,True,False,True,False,False,False,True,3.18,1.8,13.23,markup,markup,medium,2016-05-12,2016,2016-05,90.0,True
2016-05-10 14:15:00,2016-05-11 09:15:00,NIFTY 50,bullish,pro_FVG+VP,-83.2,-21.49,61.71,49.0,48.83,130,stop_loss_premium_phase2,immediate,False,True,True,False,False,False,False,False,True,3.63,1.8,11.48,markup,markup,medium,2016-05-12,2016,2016-05,1140.0,False
2016-05-16 14:15:00,2016-05-16 15:00:00,NIFTY 50,bullish,pro_LiqSweep+VP,1984.9,2061.76,76.86,180.08,212.3,64,target,immediate,True,False,True,False,False,False,False,False,True,3.7,1.18,13.82,accumulation,markup,medium,2016-05-19,2016,2016-05,45.0,True
2016-05-23 10:00:00,2016-05-23 11:30:00,NIFTY 50,bearish,pro_FVG+RSI_Div+VWAP,-82.18,-20.38,61.8,98.62,98.31,65,stop_loss_premium_phase3,immediate,False,True,False,False,True,False,False,True,True,1.5,3.45,17.98,markdown,markdown,medium,2016-05-26,2016,2016-05,90.0,False
2016-05-24 14:30:00,2016-05-25 09:15:00,NIFTY 50,bullish,pro_FVG+VP,2474.26,2540.26,66.0,50.2,70.04,128,target,immediate,False,True,True,False,False,False,False,False,True,3.63,1.29,11.39,markdown,markdown,medium,2016-05-26,2016,2016-05,1125.0,True
2016-05-27 14:15:00,2016-05-30 09:15:00,NIFTY 50,bullish,pro_LiqSweep+VP,1363.68,1423.89,60.21,72.05,93.95,65,target,immediate,True,False,True,False,False,False,False,False,True,3.7,2.16,13.57,markup,markup,medium,2016-06-02,2016,2016-05,4020.0,True
2016-05-30 09:30:00,2016-05-30 11:00:00,NIFTY 50,bullish,pro_LiqSweep+VP,-83.57,-13.24,70.33,158.47,158.26,64,stop_loss_premium_phase3,immediate,True,False,True,False,False,False,False,False,True,3.7,0.3,17.7,markup,markup,medium,2016-06-02,2016,2016-05,90.0,False
2016-06-14 09:15:00,2016-06-14 12:30:00,NIFTY 50,bullish,pro_FVG+VP+RSI_Div,-1569.3,-1496.57,72.73,191.39,168.0,64,stop_loss_premium_phase3,immediate,False,True,True,False,True,False,False,False,True,4.61,0.3,15.55,markup,markup,medium,2016-06-16,2016,2016-06,195.0,False
2016-06-20 09:30:00,2016-06-20 11:00:00,NIFTY 50,bullish,pro_LiqSweep+VP+RSI_Div,963.05,1034.99,71.94,165.58,182.55,61,stop_loss_premium_phase3,immediate,True,False,True,False,True,False,False,False,True,4.68,1.73,18.76,markdown,accumulation,medium,2016-06-23,2016,2016-06,90.0,True
2016-06-20 11:15:00,2016-06-20 13:00:00,NIFTY 50,bullish,pro_LiqSweep+FVG+VP,1352.29,1418.19,65.9,113.98,136.49,63,stop_loss_premium_phase3,immediate,True,True,True,False,False,False,False,False,True,5.13,0.3,19.65,markdown,accumulation,medium,2016-06-23,2016,2016-06,105.0,True
2016-06-20 14:15:00,2016-06-21 09:30:00,NIFTY 50,bullish,pro_LiqSweep+VP,774.4,848.91,74.51,180.27,193.74,63,stop_loss_premium_phase3,immediate,True,False,True,False,False,False,False,False,True,3.7,0.3,9.85,markdown,accumulation,medium,2016-06-23,2016,2016-06,1155.0,True
2016-06-21 09:45:00,2016-06-21 11:15:00,NIFTY 50,bearish,pro_FVG+RSI_Div+VWAP,-375.88,-316.01,59.87,46.56,44.02,124,stop_loss_premium_phase3,immediate,False,True,False,False,True,False,False,True,True,0.0,3.45,13.5,markdown,accumulation,medium,2016-06-23,2016,2016-06,90.0,False
2016-06-24 14:15:00,2016-06-24 15:00:00,NIFTY 50,bullish,pro_VP+RSI_Div,2192.53,2267.56,75.03,165.27,200.7,64,target,immediate,False,False,True,False,True,False,False,False,True,3.18,1.73,24.24,markdown,markdown,medium,2016-06-30,2016,2016-06,45.0,True
2016-06-27 09:15:00,2016-06-27 10:45:00,NIFTY 50,bullish,pro_FVG+VP,128.04,197.98,69.94,151.08,154.12,65,stop_loss_premium_phase3,immediate,False,True,True,False,False,False,False,False,True,3.63,0.3,29.0,markdown,markdown,medium,2016-06-30,2016,2016-06,90.0,True
2016-06-28 10:00:00,2016-06-28 11:30:00,NIFTY 50,bullish,pro_FVG+VP,17.28,88.38,71.1,165.22,166.62,63,stop_loss_premium_phase3,immediate,False,True,True,False,False,False,False,False,True,3.63,1.8,16.65,markup,markdown,medium,2016-06-30,2016,2016-06,90.0,True
2016-06-28 14:30:00,2016-06-29 09:15:00,NIFTY 50,bullish,pro_VP+OTE,1180.35,1254.21,73.86,171.21,191.12,63,target,immediate,False,False,True,True,False,False,False,False,True,3.07,1.73,10.52,markup,markdown,medium,2016-06-30,2016,2016-06,1125.0,True
2016-07-08 15:15:00,2016-07-11 09:15:00,NIFTY 50,bullish,pro_VP+RSI_Div,1160.33,1236.27,75.94,180.15,199.17,65,target,immediate,False,False,True,False,True,False,False,False,True,3.18,1.18,10.2,markup,markup,medium,2016-07-14,2016,2016-07,3960.0,True
2016-07-15 09:45:00,2016-07-15 10:45:00,NIFTY 50,bullish,pro_FVG+VP,-278.87,-206.69,72.18,170.63,167.45,65,stop_loss_premium_phase2,immediate,False,True,True,False,False,False,False,False,True,3.63,2.16,12.63,markup,markup,medium,2016-07-21,2016,2016-07,60.0,False
2016-07-19 15:00:00,2016-07-20 10:15:00,NIFTY 50,bullish,pro_LiqSweep+VP,812.95,884.65,71.7,157.82,171.65,64,stop_loss_premium_phase3,immediate,True,False,True,False,False,False,False,False,True,3.7,0.3,13.49,accumulation,markup,medium,2016-07-21,2016,2016-07,1155.0,True
2016-07-22 14:45:00,2016-07-25 10:00:00,NIFTY 50,bullish,pro_VP+RSI_Div,-87.69,-24.43,63.26,110.21,109.83,64,stop_loss_premium_phase3,immediate,False,False,True,False,True,False,False,False,True,3.18,1.8,15.05,markdown,markup,medium,2016-07-28,2016,2016-07,4035.0,False
2016-07-25 14:15:00,2016-07-26 09:30:00,NIFTY 50,bullish,pro_FVG+VP,-108.54,-35.5,73.04,177.26,176.71,64,stop_loss_premium_phase3,immediate,False,True,True,False,False,False,False,False,True,3.63,1.8,11.7,accumulation,markup,low,2016-07-28,2016,2016-07,1155.0,False
2016-08-02 09:45:00,2016-08-02 11:15:00,NIFTY 50,bearish,pro_FVG+OTE+VWAP,3.91,65.11,61.2,96.64,97.67,63,stop_loss_premium_phase3,immediate,False,True,False,True,False,False,False,True,True,1.46,3.34,20.59,markup,markup,low,2016-08-04,2016,2016-08,90.0,True
2016-08-08 14:15:00,2016-08-09 09:15:00,NIFTY 50,bearish,pro_LiqSweep+RSI_Div+VWAP,-79.88,-18.16,61.72,50.57,50.43,126,stop_loss_premium_phase2,immediate,True,False,False,False,True,False,False,True,False,1.46,2.79,7.77,markup,markup,low,2016-08-11,2016,2016-08,1140.0,False
2016-08-09 10:15:00,2016-08-09 11:45:00,NIFTY 50,bearish,pro_LiqSweep+RSI_Div+VWAP,-96.54,-27.15,69.39,154.63,154.2,63,stop_loss_premium_phase3,immediate,True,False,False,False,True,False,False,True,True,1.46,3.53,12.38,markup,markup,low,2016-08-11,2016,2016-08,90.0,False
2016-08-12 14:30:00,2016-08-16 09:45:00,NIFTY 50,bullish,pro_LiqSweep+VP,-85.9,-14.59,71.31,170.52,170.29,62,stop_loss_premium_phase3,immediate,True,False,True,False,False,False,False,False,False,2.96,1.18,13.17,markup,accumulation,low,2016-08-18,2016,2016-08,5475.0,False
2016-08-16 10:00:00,2016-08-16 11:30:00,NIFTY 50,bullish,pro_LiqSweep+VP+RSI_Div,-288.37,-216.71,71.66,175.3,171.8,62,stop_loss_premium_phase3,immediate,True,False,True,False,True,False,False,False,True,4.68,1.18,15.1,markup,accumulation,low,2016-08-18,2016,2016-08,90.0,False
2016-08-16 14:30:00,2016-08-17 09:15:00,NIFTY 50,bullish,pro_FVG+OTE,-51.26,3.34,54.6,52.23,52.28,62,stop_loss_premium_phase2,immediate,False,True,False,True,False,False,False,False,True,3.04,1.29,14.68,markup,accumulation,low,2016-08-18,2016,2016-08,1125.0,False
2016-08-19 09:30:00,2016-08-19 11:00:00,NIFTY 50,bullish,pro_LiqSweep+FVG+VP+OTE,-104.46,-32.18,72.28,177.54,177.02,62,stop_loss_premium_phase3,immediate,True,True,True,True,False,False,False,False,True,6.0,0.3,9.34,markup,markup,low,2016-08-25,2016,2016-08,90.0,False
2016-08-19 11:15:00,2016-08-19 12:45:00,NIFTY 50,bullish,pro_FVG+VP+OTE,208.15,280.58,72.43,177.89,182.49,61,stop_loss_premium_phase3,immediate,False,True,True,True,False,False,False,False,True,4.5,0.3,11.03,markup,markup,low,2016-08-25,2016,2016-08,90.0,True
2016-08-19 14:15:00,2016-08-22 09:15:00,NIFTY 50,bullish,pro_VP+OTE,921.69,994.62,72.93,170.36,186.4,62,target,immediate,False,False,True,True,False,False,False,False,True,3.07,0.3,8.54,markdown,markup,low,2016-08-25,2016,2016-08,4020.0,True
2016-08-22 14:45:00,2016-08-23 10:15:00,NIFTY 50,bullish,pro_LiqSweep+OTE,327.45,383.58,56.13,56.83,62.82,64,stop_loss_premium_phase3,immediate,True,False,False,True,False,False,False,False,True,3.11,0.3,10.06,markup,markup,low,2016-08-25,2016,2016-08,1170.0,True
2016-08-29 09:30:00,2016-08-29 11:30:00,NIFTY 50,bullish,pro_LiqSweep+VP+OTE,369.6,442.61,73.01,171.73,178.64,64,stop_loss_premium_phase3,immediate,True,False,True,True,False,False,False,False,True,4.57,0.3,13.86,markdown,markup,low,2016-09-01,2016,2016-08,120.0,True
2016-08-29 14:15:00,2016-08-29 15:15:00,NIFTY 50,bullish,pro_LiqSweep+VP+RSI_Div,895.7,952.55,56.85,54.58,69.23,65,target,immediate,True,False,True,False,True,False,False,False,True,4.68,0.3,8.64,markup,markup,low,2016-09-01,2016,2016-08,60.0,True
2016-08-30 09:15:00,2016-08-30 09:30:00,NIFTY 50,bullish,pro_LiqSweep+VP+RSI_Div,-382.65,-306.05,76.6,204.63,199.85,64,target,immediate,True,False,True,False,True,False,False,False,True,4.68,1.73,10.56,markup,markup,low,2016-09-01,2016,2016-08,15.0,False
2016-09-02 10:15:00,2016-09-02 11:45:00,NIFTY 50,bullish,pro_FVG+VP,-66.42,-3.24,63.18,109.44,109.39,64,stop_loss_premium_phase3,immediate,False,True,True,False,False,False,False,False,False,2.89,0.3,15.92,markup,markup,low,2016-09-08,2016,2016-09,90.0,False
2016-09-09 10:15:00,2016-09-09 11:45:00,NIFTY 50,bearish,pro_LiqSweep+VP+VWAP,-252.14,-179.92,72.22,173.25,170.44,64,stop_loss_premium_phase3,immediate,True,False,True,False,False,False,False,True,False,1.43,3.26,16.16,markup,markup,low,2016-09-15,2016,2016-09,90.0,False
2016-09-09 14:15:00,2016-09-09 15:15:00,NIFTY 50,bullish,pro_LiqSweep+VP,-238.17,-179.08,59.09,84.7,81.86,63,stop_loss_premium_phase2,immediate,True,False,True,False,False,False,False,False,False,2.96,0.3,14.02,markup,markup,low,2016-09-15,2016,2016-09,60.0,False
2016-09-19 10:00:00,2016-09-19 11:30:00,NIFTY 50,bearish,pro_LiqSweep+FVG+RSI_Div+VWAP,-97.07,-27.18,69.89,158.08,157.65,63,stop_loss_premium_phase3,immediate,True,True,False,False,True,False,False,True,True,0.0,4.95,19.33,markup,markup,low,2016-09-22,2016,2016-09,90.0,False
2016-09-19 14:15:00,2016-09-20 09:15:00,NIFTY 50,bearish,pro_LiqSweep+OTE+VWAP,575.11,631.0,55.89,53.27,63.28,63,target,immediate,True,False,False,True,False,False,False,True,True,1.46,3.41,7.7,accumulation,markup,low,2016-09-22,2016,2016-09,1140.0,True
2016-09-20 09:30:00,2016-09-20 11:00:00,NIFTY 50,bearish,pro_LiqSweep+VP+RSI_Div+VWAP,-86.67,-16.62,70.05,159.04,158.78,63,stop_loss_premium_phase3,immediate,True,False,True,False,True,False,False,True,True,0.0,4.99,9.84,accumulation,markup,low,2016-09-22,2016,2016-09,90.0,False
2016-09-20 15:00:00,2016-09-21 09:45:00,NIFTY 50,bearish,pro_LiqSweep+OTE+VWAP,-287.95,-217.13,70.82,166.71,163.26,63,stop_loss_premium_phase2,immediate,True,False,False,True,False,False,False,True,True,1.46,3.41,8.91,accumulation,markup,low,2016-09-22,2016,2016-09,1125.0,False
2016-09-30 09:45:00,2016-09-30 11:15:00,NIFTY 50,bullish,pro_LiqSweep+OTE,152.92,227.52,74.6,187.97,191.58,63,stop_loss_premium_phase3,immediate,True,False,False,True,False,False,False,False,True,3.11,0.3,44.99,markdown,markdown,medium,2016-10-06,2016,2016-09,90.0,True
2016-09-30 11:30:00,2016-09-30 13:00:00,NIFTY 50,bullish,pro_LiqSweep+OTE,-109.25,-35.83,73.42,182.7,182.14,63,stop_loss_premium_phase3,immediate,True,False,False,True,False,False,False,False,True,3.11,0.3,28.23,markdown,markdown,medium,2016-10-06,2016,2016-09,90.0,False
2016-09-30 14:15:00,2016-10-03 09:15:00,NIFTY 50,bullish,pro_LiqSweep+VP,1435.26,1496.65,61.39,81.73,105.49,63,target,immediate,True,False,True,False,False,False,False,False,True,3.7,1.18,14.4,markdown,markdown,medium,2016-10-06,2016,2016-09,4020.0,True
2016-10-07 14:15:00,2016-10-10 09:15:00,NIFTY 50,bullish,pro_LiqSweep+VP+RSI_Div,1328.78,1389.62,60.84,76.71,98.09,65,target,immediate,True,False,True,False,True,False,False,False,False,3.95,0.3,12.64,markdown,markdown,medium,2016-10-13,2016,2016-10,4020.0,True
2016-10-14 11:30:00,2016-10-14 13:00:00,NIFTY 50,bullish,pro_VP+RSI_Div,-89.76,-25.44,64.32,115.65,115.26,65,stop_loss_premium_phase3,immediate,False,False,True,False,True,False,False,False,True,3.18,1.18,18.82,markdown,markdown,low,2016-10-20,2016,2016-10,90.0,False
2016-10-14 14:15:00,2016-10-17 09:15:00,NIFTY 50,bullish,pro_LiqSweep+VP,-73.21,-16.24,56.97,67.04,66.79,64,stop_loss_premium_phase2,immediate,True,False,True,False,False,False,False,False,True,3.7,2.16,12.66,markdown,markdown,low,2016-10-20,2016,2016-10,4020.0,False
2016-10-21 09:30:00,2016-10-21 10:30:00,NIFTY 50,bullish,pro_LiqSweep+FVG+VP+OTE,-224.98,-168.38,56.6,66.25,63.62,64,stop_loss_premium_phase2,immediate,True,True,True,True,False,False,False,False,True,6.0,0.3,12.25,accumulation,markup,medium,2016-10-27,2016,2016-10,60.0,False
2016-10-21 14:30:00,2016-10-21 15:15:00,NIFTY 50,bullish,pro_LiqSweep+VP+OTE,1117.54,1190.8,73.26,167.73,186.63,63,target,immediate,True,False,True,True,False,False,False,False,True,4.57,0.3,8.27,markdown,markup,medium,2016-10-27,2016,2016-10,45.0,True
2016-10-24 09:15:00,2016-10-24 12:30:00,NIFTY 50,bullish,pro_LiqSweep+VP+RSI_Div,232.12,291.4,59.28,78.24,82.72,65,target,immediate,True,False,True,False,True,False,False,False,True,4.68,0.3,10.3,markdown,markup,medium,2016-10-27,2016,2016-10,195.0,True
2016-10-28 09:30:00,2016-10-28 10:15:00,NIFTY 50,bullish,pro_LiqSweep+VP,2292.72,2367.66,74.94,160.97,197.4,65,target,immediate,True,False,True,False,False,False,False,False,True,3.7,0.3,17.63,accumulation,markdown,medium,2016-11-03,2016,2016-10,45.0,True
2016-10-28 11:00:00,2016-10-28 12:30:00,NIFTY 50,bullish,pro_FVG+VP,-99.97,-29.19,70.78,159.21,158.76,65,stop_loss_premium_phase3,immediate,False,True,True,False,False,False,False,False,True,3.63,1.8,17.57,accumulation,markdown,medium,2016-11-03,2016,2016-10,90.0,False
2016-10-28 15:00:00,2016-11-01 10:15:00,NIFTY 50,bullish,pro_FVG+VP,-73.13,-15.95,57.18,68.46,68.21,64,stop_loss_premium_phase3,immediate,False,True,True,False,False,False,False,False,True,3.63,1.18,11.77,accumulation,markdown,medium,2016-11-03,2016,2016-10,5475.0,False
2016-11-01 11:00:00,2016-11-01 12:15:00,NIFTY 50,bullish,pro_VP+OTE+RSI_Div,1473.72,1549.59,75.87,178.98,203.2,64,target,immediate,False,False,True,True,True,False,False,False,False,3.32,0.3,12.79,accumulation,markdown,low,2016-11-03,2016,2016-11,75.0,True
2016-11-01 14:15:00,2016-11-01 15:00:00,NIFTY 50,bearish,pro_LiqSweep+FVG+VWAP,1605.78,1670.49,64.71,49.86,62.71,130,target,immediate,True,True,False,False,False,False,False,True,False,1.46,3.23,9.35,accumulation,markdown,low,2016-11-03,2016,2016-11,45.0,True
2016-11-01 15:15:00,2016-11-02 09:15:00,NIFTY 50,bearish,pro_LiqSweep+VP+VWAP,1861.11,1924.16,63.05,43.87,59.02,127,target,immediate,True,False,True,False,False,False,False,True,False,0.0,3.26,12.13,accumulation,markdown,low,2016-11-03,2016,2016-11,1080.0,True
2016-11-04 09:45:00,2016-11-04 11:15:00,NIFTY 50,bearish,pro_FVG+RSI_Div+VWAP,1862.4,1938.14,75.74,171.11,200.93,65,target,immediate,False,True,False,False,True,False,False,True,False,0.88,2.72,18.7,markdown,markdown,low,2016-11-10,2016,2016-11,90.0,True
2016-11-04 14:30:00,2016-11-07 09:15:00,NIFTY 50,bearish,pro_LiqSweep+FVG+VWAP,-84.38,-22.51,61.87,99.08,98.74,65,stop_loss_premium_phase2,immediate,True,True,False,False,False,False,False,True,False,0.0,3.23,15.04,markdown,markdown,low,2016-11-10,2016,2016-11,4005.0,False
2016-11-18 11:30:00,2016-11-18 13:00:00,NIFTY 50,bullish,pro_LiqSweep+VP,1206.36,1280.31,73.95,168.82,188.83,64,stop_loss_premium_phase3,immediate,True,False,True,False,False,False,False,False,False,2.96,1.18,18.98,markup,markdown,medium,2016-11-24,2016,2016-11,90.0,True
2016-11-21 10:15:00,2016-11-21 10:45:00,NIFTY 50,bearish,pro_FVG+RSI_Div+VWAP,2142.96,2216.04,73.08,152.5,187.13,64,target,immediate,False,True,False,False,True,False,False,True,True,0.0,3.45,23.12,markdown,markdown,medium,2016-11-24,2016,2016-11,30.0,True
2016-11-28 10:00:00,2016-11-28 11:45:00,NIFTY 50,bullish,pro_VP+RSI_Div,2054.05,2129.0,74.95,163.67,196.43,65,target,immediate,False,False,True,False,True,False,False,False,True,3.18,1.18,19.19,markup,markdown,medium,2016-12-01,2016,2016-11,105.0,True
2016-11-28 14:15:00,2016-11-29 09:15:00,NIFTY 50,bullish,pro_VP+RSI_Div,1651.01,1727.27,76.26,176.91,203.48,65,target,immediate,False,False,True,False,True,False,False,False,True,3.18,1.18,14.59,markup,markdown,medium,2016-12-01,2016,2016-11,1140.0,True
2016-12-05 14:15:00,2016-12-06 09:15:00,NIFTY 50,bullish,pro_FVG+VP,1964.22,2041.43,77.21,179.86,211.26,65,target,immediate,False,True,True,False,False,False,False,False,True,3.63,0.3,13.36,markdown,markdown,medium,2016-12-08,2016,2016-12,1140.0,True
2016-12-06 14:15:00,2016-12-06 14:45:00,NIFTY 50,bearish,pro_LiqSweep+FVG+VWAP,1903.4,1965.38,61.98,39.03,54.15,130,target,immediate,True,True,False,False,False,False,False,True,True,1.46,3.97,9.27,markup,markdown,medium,2016-12-08,2016,2016-12,30.0,True
2016-12-06 15:00:00,2016-12-07 09:45:00,NIFTY 50,bearish,pro_LiqSweep+FVG+VWAP,-47.09,14.19,61.28,47.38,47.49,130,stop_loss_premium_phase2,immediate,True,True,False,False,False,False,False,True,True,1.46,3.97,10.56,markup,markdown,medium,2016-12-08,2016,2016-12,1125.0,False
2016-12-09 15:00:00,2016-12-12 09:15:00,NIFTY 50,bearish,pro_LiqSweep+OTE+RSI_Div+VWAP,1794.41,1859.27,64.86,50.89,65.65,126,target,immediate,True,False,False,True,True,False,False,True,False,1.46,3.66,9.94,markup,markup,high,2016-12-15,2016,2016-12,3975.0,True
2016-12-16 14:15:00,2016-12-19 09:15:00,NIFTY 50,bullish,pro_LiqSweep+OTE,-67.72,-10.92,56.8,64.8,64.64,65,stop_loss_premium_phase2,immediate,True,False,False,True,False,False,False,False,True,3.11,0.3,9.42,markdown,markdown,medium,2016-12-22,2016,2016-12,4020.0,False
2016-12-19 10:45:00,2016-12-19 12:15:00,NIFTY 50,bearish,pro_LiqSweep+FVG+VWAP,279.12,352.1,72.98,172.54,178.04,64,stop_loss_premium_phase3,immediate,True,True,False,False,False,False,False,True,True,1.46,3.97,13.7,markdown,markdown,medium,2016-12-22,2016,2016-12,90.0,True
2016-12-20 09:30:00,2016-12-20 11:00:00,NIFTY 50,bearish,pro_FVG+OTE+VWAP,239.85,299.36,59.51,40.15,42.47,129,stop_loss_premium_phase3,immediate,False,True,False,True,False,False,False,True,True,1.46,3.34,8.93,markdown,markdown,low,2016-12-22,2016,2016-12,90.0,True
2016-12-23 09:30:00,2016-12-23 11:30:00,NIFTY 50,bullish,pro_LiqSweep+VP,1275.5,1340.31,64.81,105.61,126.56,64,target,immediate,True,False,True,False,False,False,False,False,False,2.96,0.3,13.98,markdown,markdown,low,2016-12-29,2016,2016-12,120.0,True
2016-12-23 14:15:00,2016-12-26 09:15:00,NIFTY 50,bullish,pro_FVG+VP,-70.97,-12.72,58.25,74.63,74.44,65,stop_loss_premium_phase2,immediate,False,True,True,False,False,False,False,False,False,2.89,0.3,13.94,markdown,markdown,low,2016-12-29,2016,2016-12,4020.0,False
2016-12-27 09:45:00,2016-12-27 11:15:00,NIFTY 50,bullish,pro_VP+OTE,1177.85,1250.96,73.11,163.44,182.98,64,stop_loss_premium_phase3,immediate,False,False,True,True,False,False,False,False,True,3.07,0.3,15.81,markup,markdown,medium,2016-12-29,2016,2016-12,90.0,True
2016-12-28 09:15:00,2016-12-28 09:45:00,NIFTY 50,bullish,pro_FVG+VP,680.05,737.79,57.74,63.96,75.49,64,target,immediate,False,True,True,False,False,False,False,False,True,3.63,0.3,13.89,markup,markdown,low,2016-12-29,2016,2016-12,30.0,True
2016-12-30 10:30:00,2016-12-30 12:00:00,NIFTY 50,bullish,pro_FVG+VP,501.85,563.41,61.56,90.62,99.29,65,stop_loss_premium_phase3,immediate,False,True,True,False,False,False,False,False,False,2.89,0.3,15.56,markup,markdown,low,2017-01-05,2016,2016-12,90.0,True
2016-12-30 14:15:00,2017-01-02 09:15:00,NIFTY 50,bullish,pro_LiqSweep+FVG+VP,-67.25,-11.9,55.35,55.89,55.7,64,stop_loss_premium_phase2,immediate,True,True,True,False,False,False,False,False,False,4.39,1.29,8.32,markup,markdown,low,2017-01-05,2016,2016-12,4020.0,False
2017-01-03 10:15:00,2017-01-03 11:15:00,NIFTY 50,bearish,pro_OTE+RSI_Div+VWAP,-248.59,-190.45,58.14,78.22,75.2,63,stop_loss_premium_phase2,immediate,False,False,False,True,True,False,False,True,True,1.46,2.9,16.49,markup,markdown,low,2017-01-05,2017,2017-01,60.0,False
2017-01-06 10:45:00,2017-01-06 12:15:00,NIFTY 50,bearish,pro_LiqSweep+RSI_Div+VWAP,646.76,707.95,61.19,89.29,100.53,63,stop_loss_premium_phase3,immediate,True,False,False,False,True,False,False,True,True,0.88,3.53,12.46,markup,markup,low,2017-01-12,2017,2017-01,90.0,True
2017-01-16 09:45:00,2017-01-16 10:15:00,NIFTY 50,bullish,pro_VP+OTE,886.0,942.83,56.83,55.4,70.13,64,target,immediate,False,False,True,True,False,False,False,False,True,3.07,1.29,10.77,markdown,markup,low,2017-01-19,2017,2017-01,30.0,True
2017-01-16 10:30:00,2017-01-16 12:00:00,NIFTY 50,bullish,pro_VP+RSI_Div,-228.48,-171.42,57.06,69.36,66.68,64,stop_loss_premium_phase3,immediate,False,False,True,False,True,False,False,False,True,3.18,1.18,11.73,markdown,markup,low,2017-01-19,2017,2017-01,90.0,False
2017-01-17 10:15:00,2017-01-17 11:45:00,NIFTY 50,bullish,pro_FVG+VP,-269.28,-196.37,72.91,178.15,175.08,64,stop_loss_premium_phase3,immediate,False,True,True,False,False,False,False,False,False,2.89,1.18,11.08,markup,markup,low,2017-01-19,2017,2017-01,90.0,False
2017-01-23 10:00:00,2017-01-23 11:30:00,NIFTY 50,bullish,pro_LiqSweep+FVG+VP+RSI_Div,728.81,792.55,63.74,104.37,116.75,64,stop_loss_premium_phase3,immediate,True,True,True,False,True,False,False,False,False,5.38,1.18,16.14,markdown,markup,low,2017-01-26,2017,2017-01,90.0,True
2017-01-24 10:00:00,2017-01-24 11:30:00,NIFTY 50,bullish,pro_FVG+VP,508.97,570.85,61.88,46.35,50.74,130,stop_loss_premium_phase3,immediate,False,True,True,False,False,False,False,False,True,3.63,0.3,12.35,accumulation,markup,low,2017-01-26,2017,2017-01,90.0,True
2017-01-30 09:30:00,2017-01-30 11:00:00,NIFTY 50,bullish,pro_LiqSweep+VP+OTE,195.34,253.71,58.37,73.66,77.62,64,stop_loss_premium_phase3,immediate,True,False,True,True,False,False,False,False,False,3.84,0.3,15.4,accumulation,markup,low,2017-02-02,2017,2017-01,90.0,True
2017-01-30 11:15:00,2017-01-30 12:45:00,NIFTY 50,bullish,pro_LiqSweep+FVG+OTE,46.59,103.08,56.49,62.44,64.05,64,stop_loss_premium_phase3,immediate,True,True,False,True,False,False,False,False,False,3.81,0.3,14.59,accumulation,markup,low,2017-02-02,2017,2017-01,90.0,True
2017-01-30 14:30:00,2017-01-31 09:15:00,NIFTY 50,bullish,pro_FVG+VP+OTE,-68.85,-13.67,55.18,54.79,54.58,64,stop_loss_premium_phase2,immediate,False,True,True,True,False,False,False,False,False,3.77,1.8,10.29,accumulation,markup,low,2017-02-02,2017,2017-01,1125.0,False
2017-02-03 10:30:00,2017-02-03 12:00:00,NIFTY 50,bullish,pro_LiqSweep+VP,-107.84,-33.69,74.15,184.83,184.3,64,stop_loss_premium_phase3,immediate,True,False,True,False,False,False,False,False,True,3.7,1.29,16.59,markup,markup,low,2017-02-09,2017,2017-02,90.0,False
2017-02-03 14:15:00,2017-02-06 09:15:00,NIFTY 50,bullish,pro_LiqSweep+VP,1150.54,1209.37,58.83,66.14,85.03,64,target,immediate,True,False,True,False,False,False,False,False,True,3.7,0.3,11.37,markup,markup,low,2017-02-09,2017,2017-02,4020.0,True
2017-02-07 14:15:00,2017-02-08 09:45:00,NIFTY 50,bullish,pro_LiqSweep+FVG+VP,742.94,804.28,61.34,43.25,49.44,130,stop_loss_premium_phase3,immediate,True,True,True,False,False,False,False,False,False,4.39,0.3,9.52,markdown,markup,low,2017-02-09,2017,2017-02,1170.0,True
2017-02-14 09:15:00,2017-02-14 10:00:00,NIFTY 50,bullish,pro_FVG+VP,655.07,716.41,61.34,87.48,98.5,65,target,immediate,False,True,True,False,False,False,False,False,True,3.63,0.3,13.57,markup,markup,low,2017-02-16,2017,2017-02,45.0,True
2017-02-14 10:15:00,2017-02-14 11:45:00,NIFTY 50,bullish,pro_LiqSweep+VP,-69.07,-11.77,57.3,68.22,68.04,65,stop_loss_premium_phase3,immediate,True,False,True,False,False,False,False,False,False,2.96,1.18,15.4,markup,markup,low,2017-02-16,2017,2017-02,90.0,False
2017-02-14 14:45:00,2017-02-14 15:15:00,NIFTY 50,bearish,pro_LiqSweep+RSI_Div+VWAP,761.47,817.7,56.23,52.69,65.47,64,target,immediate,True,False,False,False,True,False,False,True,False,1.46,2.79,8.92,markup,markup,low,2017-02-16,2017,2017-02,30.0,True
2017-02-15 09:15:00,2017-02-15 10:15:00,NIFTY 50,bearish,pro_LiqSweep+RSI_Div+VWAP,748.82,822.51,73.69,169.54,182.2,65,target,immediate,True,False,False,False,True,False,False,True,False,1.46,2.79,10.16,markup,markup,low,2017-02-16,2017,2017-02,60.0,True
2017-02-20 09:45:00,2017-02-20 11:15:00,NIFTY 50,bullish,pro_VP+OTE,-110.08,-36.32,73.76,179.41,178.85,65,stop_loss_premium_phase3,immediate,False,False,True,True,False,False,False,False,True,3.07,1.73,12.44,markup,markup,low,2017-02-23,2017,2017-02,90.0,False
2017-02-21 10:30:00,2017-02-21 12:15:00,NIFTY 50,bullish,pro_FVG+VP,204.22,277.82,73.6,177.61,181.95,64,stop_loss_premium_phase3,immediate,False,True,True,False,False,False,False,False,True,3.63,2.16,11.63,markup,markup,low,2017-02-23,2017,2017-02,105.0,True
2017-02-21 14:15:00,2017-02-21 15:00:00,NIFTY 50,bullish,pro_LiqSweep+VP,1782.64,1846.47,63.83,46.29,60.6,129,target,immediate,True,False,True,False,False,False,False,False,True,3.7,1.73,8.38,accumulation,markup,low,2017-02-23,2017,2017-02,45.0,True
2017-02-21 15:15:00,2017-02-22 09:15:00,NIFTY 50,bullish,pro_LiqSweep+VP,1521.09,1595.2,74.11,163.86,188.4,65,target,immediate,True,False,True,False,False,False,False,False,True,3.7,0.3,10.18,accumulation,markup,low,2017-02-23,2017,2017-02,1080.0,True
2017-02-28 10:45:00,2017-02-28 12:15:00,NIFTY 50,bearish,pro_LiqSweep+RSI_Div+VWAP,804.85,876.36,71.51,154.2,167.68,65,stop_loss_premium_phase3,immediate,True,False,False,False,True,False,False,True,True,0.0,3.53,12.2,markdown,markup,low,2017-03-02,2017,2017-02,90.0,True
2017-03-06 14:30:00,2017-03-06 15:00:00,NIFTY 50,bullish,pro_VP+OTE,690.59,748.07,57.48,62.03,73.72,64,target,immediate,False,False,True,True,False,False,False,False,True,3.07,0.3,8.37,markup,markup,low,2017-03-09,2017,2017-03,30.0,True
2017-03-07 09:45:00,2017-03-07 11:15:00,NIFTY 50,bullish,pro_FVG+VP,-83.84,-13.17,70.67,158.3,158.1,65,stop_loss_premium_phase3,immediate,False,True,True,False,False,False,False,False,True,3.63,0.3,10.93,markup,markup,low,2017-03-09,2017,2017-03,90.0,False
2017-03-07 11:30:00,2017-03-07 13:00:00,NIFTY 50,bullish,pro_VP+OTE,-269.02,-200.59,68.43,147.57,144.44,64,stop_loss_premium_phase3,immediate,False,False,True,True,False,False,False,False,True,3.07,0.3,11.02,markup,markup,low,2017-03-09,2017,2017-03,90.0,False
2017-03-07 14:15:00,2017-03-08 09:30:00,NIFTY 50,bullish,pro_VP+OTE,-97.14,-27.76,69.38,152.14,151.7,64,stop_loss_premium_phase3,immediate,False,False,True,True,False,False,False,False,True,3.07,0.3,7.42,markup,markup,low,2017-03-09,2017,2017-03,1155.0,False
2017-03-20 14:15:00,2017-03-21 09:15:00,NIFTY 50,bullish,pro_FVG+RSI_Div,669.8,744.57,74.77,180.44,192.08,64,target,immediate,False,True,False,False,True,False,False,False,True,3.15,1.8,6.53,markdown,markup,low,2017-03-23,2017,2017-03,1140.0,True
2017-03-21 10:15:00,2017-03-21 11:45:00,NIFTY 50,bullish,pro_FVG+VP+OTE+RSI_Div,-419.65,-359.82,59.83,44.51,41.75,130,stop_loss_premium_phase3,immediate,False,True,True,True,True,False,False,False,False,4.75,1.8,8.13,markdown,markup,low,2017-03-23,2017,2017-03,90.0,False
2017-03-21 14:45:00,2017-03-21 15:00:00,NIFTY 50,bullish,pro_LiqSweep+VP,924.45,997.14,72.69,163.36,178.94,64,target,immediate,True,False,True,False,False,False,False,False,False,2.96,0.3,8.16,markdown,markup,low,2017-03-23,2017,2017-03,15.0,True
2017-03-24 09:45:00,2017-03-24 11:15:00,NIFTY 50,bullish,pro_LiqSweep+VP,-111.3,-38.1,73.2,175.61,175.03,65,stop_loss_premium_phase3,immediate,True,False,True,False,False,False,False,False,False,2.96,0.3,11.31,markup,markup,low,2017-03-30,2017,2017-03,90.0,False
2017-03-24 11:30:00,2017-03-24 13:00:00,NIFTY 50,bullish,pro_LiqSweep+VP,-110.07,-37.17,72.9,176.35,175.77,64,stop_loss_premium_phase3,immediate,True,False,True,False,False,False,False,False,False,2.96,0.3,11.94,markup,markup,low,2017-03-30,2017,2017-03,90.0,False
2017-03-24 15:00:00,2017-03-27 09:45:00,NIFTY 50,bullish,pro_LiqSweep+FVG+VP+OTE,-288.44,-216.39,72.05,172.53,169.14,64,stop_loss_premium_phase2,immediate,True,True,True,True,False,False,False,False,False,5.27,1.29,7.07,markup,markup,low,2017-03-30,2017,2017-03,4005.0,False
2017-03-27 15:15:00,2017-03-28 09:15:00,NIFTY 50,bullish,pro_FVG+VP,1079.45,1138.4,58.95,67.75,85.54,64,target,immediate,False,True,True,False,False,False,False,False,False,2.89,0.3,13.03,markdown,markup,low,2017-03-30,2017,2017-03,1080.0,True
2017-03-31 11:00:00,2017-03-31 12:30:00,NIFTY 50,bullish,pro_VP+OTE,123.84,183.78,59.94,83.87,86.7,65,stop_loss_premium_phase3,immediate,False,False,True,True,False,False,False,False,True,3.07,0.3,13.23,markup,markup,low,2017-04-06,2017,2017-03,90.0,True
2017-03-31 14:15:00,2017-03-31 15:15:00,NIFTY 50,bullish,pro_LiqSweep+VP,-67.67,-11.04,56.63,64.67,64.49,64,stop_loss_premium_phase2,immediate,True,False,True,False,False,False,False,False,True,3.7,0.3,9.06,markup,markup,low,2017-04-06,2017,2017-03,60.0,False
2017-04-03 09:15:00,2017-04-03 09:30:00,NIFTY 50,bullish,pro_LiqSweep+VP+RSI_Div,-1514.95,-1437.33,77.62,227.8,204.98,63,target,immediate,True,False,True,False,True,False,False,False,True,4.68,0.3,11.1,markup,markup,low,2017-04-06,2017,2017-04,15.0,False
2017-04-07 09:30:00,2017-04-07 11:00:00,NIFTY 50,bullish,pro_LiqSweep+VP+OTE+RSI_Div,337.25,400.1,62.85,105.96,112.42,62,stop_loss_premium_phase3,immediate,True,False,True,True,True,False,False,False,False,4.82,0.3,14.29,markdown,markup,low,2017-04-13,2017,2017-04,90.0,True
2017-04-11 10:15:00,2017-04-11 11:45:00,NIFTY 50,bullish,pro_VP+RSI_Div,633.44,705.33,71.89,163.73,174.93,63,stop_loss_premium_phase3,immediate,False,False,True,False,True,False,False,False,True,3.18,1.73,12.7,markdown,markup,low,2017-04-13,2017,2017-04,90.0,True
2017-04-11 14:15:00,2017-04-12 09:30:00,NIFTY 50,bullish,pro_LiqSweep+VP+RSI_Div,612.59,674.42,61.83,46.33,51.6,128,stop_loss_premium_phase3,immediate,True,False,True,False,True,False,False,False,True,4.68,0.3,9.07,markdown,markup,low,2017-04-13,2017,2017-04,1155.0,True
2017-04-17 09:30:00,2017-04-17 10:45:00,NIFTY 50,bearish,pro_LiqSweep+RSI_Div+VWAP,-54.23,2.94,57.17,68.18,68.22,64,stop_loss_premium_phase2,immediate,True,False,False,False,True,False,False,True,True,0.0,3.53,11.62,markdown,markup,low,2017-04-20,2017,2017-04,75.0,False
2017-04-24 09:30:00,2017-04-24 11:15:00,NIFTY 50,bullish,pro_VP+RSI_Div,541.17,613.3,72.13,163.78,173.37,64,stop_loss_premium_phase3,immediate,False,False,True,False,True,False,False,False,True,3.18,0.3,17.69,markdown,markup,low,2017-04-27,2017,2017-04,105.0,True
2017-05-05 09:45:00,2017-05-05 11:15:00,NIFTY 50,bearish,pro_LiqSweep+RSI_Div+VWAP,17.85,90.28,72.43,171.68,173.1,64,stop_loss_premium_phase3,immediate,True,False,False,False,True,False,False,True,True,1.43,3.53,13.1,accumulation,markup,low,2017-05-11,2017,2017-05,90.0,True
2017-05-09 09:30:00,2017-05-09 11:00:00,NIFTY 50,bearish,pro_LiqSweep+OTE+RSI_Div+VWAP,-108.38,-36.44,71.94,169.77,169.2,64,stop_loss_premium_phase3,immediate,True,False,False,True,True,False,False,True,True,1.46,4.4,10.86,accumulation,markup,low,2017-05-11,2017,2017-05,90.0,False
2017-05-12 09:30:00,2017-05-12 11:15:00,NIFTY 50,bullish,pro_FVG+VP+OTE,272.74,346.48,73.74,177.78,183.19,64,stop_loss_premium_phase3,immediate,False,True,True,True,False,False,False,False,False,3.77,0.3,12.39,markdown,markup,low,2017-05-18,2017,2017-05,105.0,True
2017-05-12 14:45:00,2017-05-12 15:15:00,NIFTY 50,bullish,pro_FVG+VP,851.27,908.94,57.67,61.57,75.77,64,target,immediate,False,True,True,False,False,False,False,False,False,2.89,0.3,11.11,markdown,markup,low,2017-05-18,2017,2017-05,30.0,True
2017-05-15 09:30:00,2017-05-15 11:00:00,NIFTY 50,bullish,pro_VP+RSI_Div,402.99,460.3,57.31,63.08,70.16,65,stop_loss_premium_phase3,immediate,False,False,True,False,True,False,False,False,True,3.18,1.8,13.92,markdown,markup,low,2017-05-18,2017,2017-05,90.0,True
2017-05-15 14:15:00,2017-05-16 09:15:00,NIFTY 50,bullish,pro_LiqSweep+VP,678.64,736.16,57.52,62.41,73.91,64,target,immediate,True,False,True,False,False,False,False,False,True,3.7,1.18,6.71,markup,markup,low,2017-05-18,2017,2017-05,1140.0,True
2017-05-16 09:30:00,2017-05-16 10:30:00,NIFTY 50,bullish,pro_LiqSweep+VP,-405.22,-343.99,61.23,49.54,46.87,129,stop_loss_premium_phase2,immediate,True,False,True,False,False,False,False,False,True,3.7,1.29,9.24,markup,markup,low,2017-05-18,2017,2017-05,60.0,False
2017-05-16 10:45:00,2017-05-16 12:15:00,NIFTY 50,bullish,pro_FVG+VP,121.29,193.84,72.55,174.11,177.18,63,stop_loss_premium_phase3,immediate,False,True,True,False,False,False,False,False,True,3.63,1.18,10.31,markup,markup,low,2017-05-18,2017,2017-05,90.0,True
2017-05-16 15:00:00,2017-05-17 10:15:00,NIFTY 50,bullish,pro_FVG+VP,-103.47,-32.57,70.9,162.58,162.07,64,stop_loss_premium_phase3,immediate,False,True,True,False,False,False,False,False,True,3.63,0.3,7.87,markup,markup,low,2017-05-18,2017,2017-05,1155.0,False
2017-05-29 15:00:00,2017-05-30 10:15:00,NIFTY 50,bullish,pro_FVG+VP,1038.72,1112.61,73.89,170.32,187.71,64,stop_loss_premium_phase3,immediate,False,True,True,False,False,False,False,False,True,3.63,1.18,14.4,accumulation,markup,low,2017-06-01,2017,2017-05,1155.0,True
2017-06-05 10:15:00,2017-06-05 11:45:00,NIFTY 50,bearish,pro_LiqSweep+OTE+RSI_Div+VWAP,-67.4,-12.34,55.06,53.12,52.93,65,stop_loss_premium_phase3,immediate,True,False,False,True,True,False,False,True,True,1.46,4.4,10.35,markup,markup,low,2017-06-08,2017,2017-06,90.0,False
2017-06-05 14:45:00,2017-06-06 09:30:00,NIFTY 50,bearish,pro_OTE+RSI_Div+VWAP,950.18,1023.82,73.64,169.58,185.58,64,target,immediate,False,False,False,True,True,False,False,True,True,1.46,2.9,8.99,markup,markup,low,2017-06-08,2017,2017-06,1125.0,True
2017-06-09 11:00:00,2017-06-09 12:30:00,NIFTY 50,bullish,pro_VP+OTE,-82.78,-20.73,62.05,100.32,100.0,65,stop_loss_premium_phase3,immediate,False,False,True,True,False,False,False,False,True,3.07,0.3,13.09,markdown,markup,low,2017-06-15,2017,2017-06,90.0,False
2017-06-09 14:15:00,2017-06-09 15:00:00,NIFTY 50,bullish,pro_LiqSweep+VP,810.68,869.51,58.83,69.91,83.5,64,target,immediate,True,False,True,False,False,False,False,False,True,3.7,0.3,8.34,markdown,markup,low,2017-06-15,2017,2017-06,45.0,True
2017-06-09 15:15:00,2017-06-12 10:00:00,NIFTY 50,bullish,pro_LiqSweep+VP,-300.45,-227.46,72.99,176.33,172.84,65,stop_loss_premium_phase2,immediate,True,False,True,False,False,False,False,False,True,3.7,0.3,9.97,markdown,markup,low,2017-06-15,2017,2017-06,4005.0,False
2017-06-16 11:00:00,2017-06-16 12:30:00,NIFTY 50,bullish,pro_FVG+VP,-54.76,2.75,57.51,70.52,70.57,64,stop_loss_premium_phase3,immediate,False,True,True,False,False,False,False,False,True,3.63,0.3,12.39,markup,accumulation,low,2017-06-22,2017,2017-06,90.0,False
2017-06-16 14:15:00,2017-06-16 15:00:00,NIFTY 50,bullish,pro_LiqSweep+VP+OTE,832.44,890.86,58.42,66.86,80.78,64,target,immediate,True,False,True,True,False,False,False,False,True,4.57,0.3,8.43,markup,accumulation,low,2017-06-22,2017,2017-06,45.0,True
2017-06-16 15:15:00,2017-06-19 09:15:00,NIFTY 50,bullish,pro_LiqSweep+VP,941.36,1000.24,58.88,67.77,83.16,65,target,immediate,True,False,True,False,False,False,False,False,True,3.7,1.29,9.19,markup,accumulation,low,2017-06-22,2017,2017-06,3960.0,True
2017-06-20 10:00:00,2017-06-20 11:30:00,NIFTY 50,bearish,pro_LiqSweep+RSI_Div+VWAP,-83.53,-23.24,60.29,44.24,44.06,130,stop_loss_premium_phase3,immediate,True,False,False,False,True,False,False,True,True,1.46,3.53,10.33,markup,markup,low,2017-06-22,2017,2017-06,90.0,False
2017-06-27 09:45:00,2017-06-27 11:15:00,NIFTY 50,bearish,pro_LiqSweep+VP+VWAP,597.37,654.42,57.05,60.13,70.36,64,stop_loss_premium_phase3,immediate,True,False,True,False,False,False,False,True,True,0.99,4.0,15.81,markdown,markdown,low,2017-06-29,2017,2017-06,90.0,True
2017-06-27 14:15:00,2017-06-27 15:15:00,NIFTY 50,bearish,pro_LiqSweep+VP+VWAP,-40.08,19.3,59.38,41.25,41.39,129,stop_loss_premium_phase2,immediate,True,False,True,False,False,False,False,True,True,0.0,4.0,11.82,markdown,markdown,low,2017-06-29,2017,2017-06,60.0,False
2017-07-14 09:30:00,2017-07-14 10:30:00,NIFTY 50,bullish,pro_LiqSweep+VP+OTE,-240.0,-183.81,56.19,63.56,60.69,64,stop_loss_premium_phase2,immediate,True,False,True,True,False,False,False,False,True,4.57,0.3,12.54,markup,markup,low,2017-07-20,2017,2017-07,60.0,False
2017-07-14 14:30:00,2017-07-14 14:45:00,NIFTY 50,bullish,pro_VP+RSI_Div,905.47,980.94,75.47,182.59,197.92,64,target,immediate,False,False,True,False,True,False,False,False,True,3.18,1.18,8.41,markup,markup,low,2017-07-20,2017,2017-07,15.0,True
2017-07-14 15:00:00,2017-07-17 09:15:00,NIFTY 50,bullish,pro_VP+RSI_Div,606.29,663.87,57.58,63.66,74.04,64,target,immediate,False,False,True,False,True,False,False,False,True,3.18,1.8,8.52,markup,markup,low,2017-07-20,2017,2017-07,3975.0,True
2017-07-17 09:30:00,2017-07-17 10:15:00,NIFTY 50,bullish,pro_VP+RSI_Div,1155.13,1229.02,73.89,169.0,188.21,64,target,immediate,False,False,True,False,True,False,False,False,True,3.18,1.8,10.58,markup,markup,low,2017-07-20,2017,2017-07,45.0,True
2017-07-17 14:15:00,2017-07-18 09:15:00,NIFTY 50,bullish,pro_LiqSweep+VP,-108.33,-35.32,73.01,174.33,173.78,65,stop_loss_premium_phase2,immediate,True,False,True,False,False,False,False,False,True,3.7,0.3,6.56,markup,markup,low,2017-07-20,2017,2017-07,1140.0,False
2017-07-18 14:30:00,2017-07-19 09:15:00,NIFTY 50,bullish,pro_FVG+VP,1196.28,1269.76,73.48,165.71,185.55,64,target,immediate,False,True,True,False,False,False,False,False,False,2.89,0.3,10.48,markdown,markup,low,2017-07-20,2017,2017-07,1125.0,True
2017-07-21 10:00:00,2017-07-21 11:30:00,NIFTY 50,bullish,pro_FVG+VP,-265.57,-193.7,71.87,168.41,165.43,65,stop_loss_premium_phase3,immediate,False,True,True,False,False,False,False,False,False,2.89,0.3,12.87,markup,markup,low,2017-07-27,2017,2017-07,90.0,False
2017-07-21 15:00:00,2017-07-24 09:45:00,NIFTY 50,bullish,pro_FVG+VP,1798.54,1873.55,75.01,169.49,198.76,64,target,immediate,False,True,True,False,False,False,False,False,False,2.89,1.18,17.66,markup,markup,low,2017-07-27,2017,2017-07,4005.0,True
2017-07-24 10:45:00,2017-07-24 12:15:00,NIFTY 50,bullish,pro_FVG+VP,-258.39,-186.08,72.31,171.25,168.39,65,stop_loss_premium_phase3,immediate,False,True,True,False,False,False,False,False,True,3.63,1.29,16.05,markup,markup,low,2017-07-27,2017,2017-07,90.0,False
2017-07-24 14:15:00,2017-07-25 09:15:00,NIFTY 50,bullish,pro_LiqSweep+VP,1009.42,1084.83,75.41,181.04,198.0,64,target,immediate,True,False,True,False,False,False,False,False,True,3.7,1.29,7.26,markup,markup,low,2017-07-27,2017,2017-07,1140.0,True
2017-07-25 11:15:00,2017-07-25 12:45:00,NIFTY 50,bearish,pro_LiqSweep+FVG+VWAP,435.51,498.13,62.62,49.24,53.07,130,stop_loss_premium_phase3,immediate,True,True,False,False,False,False,False,True,False,0.88,3.23,14.1,markup,markup,low,2017-07-27,2017,2017-07,90.0,True
2017-07-31 09:15:00,2017-07-31 10:00:00,NIFTY 50,bullish,pro_FVG+VP+RSI_Div,376.8,453.54,76.74,197.17,204.26,64,target,immediate,False,True,True,False,True,False,False,False,False,3.88,1.18,16.46,markdown,markup,low,2017-08-03,2017,2017-07,45.0,True
2017-08-01 09:30:00,2017-08-01 10:45:00,NIFTY 50,bullish,pro_LiqSweep+VP,-68.94,-12.81,56.13,61.27,61.07,64,stop_loss_premium_phase2,immediate,True,False,True,False,False,False,False,False,True,3.7,1.29,12.15,markup,markup,low,2017-08-03,2017,2017-08,75.0,False
2017-08-01 11:00:00,2017-08-01 12:45:00,NIFTY 50,bullish,pro_LiqSweep+FVG+VP,396.57,452.13,55.56,52.19,59.25,64,stop_loss_premium_phase3,immediate,True,True,True,False,False,False,False,False,True,5.13,2.16,14.0,markup,markup,low,2017-08-03,2017,2017-08,105.0,True
2017-08-01 15:00:00,2017-08-02 10:15:00,NIFTY 50,bullish,pro_FVG+VP+OTE+RSI_Div,-77.44,-16.05,61.39,48.28,48.16,129,stop_loss_premium_phase3,immediate,False,True,True,True,True,False,False,False,True,5.49,1.8,9.19,markup,markup,low,2017-08-03,2017,2017-08,1155.0,False
2017-08-04 09:30:00,2017-08-04 11:00:00,NIFTY 50,bullish,pro_LiqSweep+OTE,-108.79,-36.49,72.3,172.2,171.63,64,stop_loss_premium_phase3,immediate,True,False,False,True,False,False,False,False,True,3.11,0.3,14.23,markdown,markup,low,2017-08-10,2017,2017-08,90.0,False
2017-08-04 11:30:00,2017-08-04 13:00:00,NIFTY 50,bullish,pro_LiqSweep+RSI_Div,-101.09,-30.23,70.86,162.32,161.84,64,stop_loss_premium_phase3,immediate,True,False,False,False,True,False,False,False,True,3.22,0.3,16.78,markdown,markup,low,2017-08-10,2017,2017-08,90.0,False
2017-08-07 09:15:00,2017-08-07 10:45:00,NIFTY 50,bullish,pro_FVG+VP,-668.51,-595.14,73.37,185.73,176.44,64,stop_loss_premium_phase3,immediate,False,True,True,False,False,False,False,False,True,3.63,1.8,13.94,markup,markup,low,2017-08-10,2017,2017-08,90.0,False
2017-08-08 09:30:00,2017-08-08 09:45:00,NIFTY 50,bearish,pro_LiqSweep+OTE+RSI_Div+VWAP,1625.39,1700.09,74.7,172.02,199.01,63,target,immediate,True,False,False,True,True,False,False,True,True,1.46,4.4,11.55,markup,markup,low,2017-08-10,2017,2017-08,15.0,True
2017-08-08 10:00:00,2017-08-08 11:15:00,NIFTY 50,bearish,pro_LiqSweep+VP+VWAP,-70.39,-14.46,55.93,60.84,60.61,63,stop_loss_premium_phase2,immediate,True,False,True,False,False,False,False,True,True,0.0,4.0,15.55,markup,markup,low,2017-08-10,2017,2017-08,75.0,False
2017-08-08 11:30:00,2017-08-08 13:00:00,NIFTY 50,bearish,pro_LiqSweep+FVG+VWAP,379.35,441.6,62.25,98.09,104.99,64,stop_loss_premium_phase3,immediate,True,True,False,False,False,False,False,True,True,0.0,3.97,21.19,markup,markup,low,2017-08-10,2017,2017-08,90.0,True
2017-08-18 14:45:00,2017-08-21 09:15:00,NIFTY 50,bullish,pro_LiqSweep+VP+RSI_Div,1931.67,1998.95,67.28,115.22,146.45,64,target,immediate,True,False,True,False,True,False,False,False,False,3.95,1.18,17.24,markdown,markdown,low,2017-08-24,2017,2017-08,3990.0,True
2017-08-21 11:15:00,2017-08-21 12:45:00,NIFTY 50,bearish,pro_FVG+OTE+VWAP,713.51,785.37,71.86,157.6,169.69,65,stop_loss_premium_phase3,immediate,False,True,False,True,False,False,False,True,True,1.46,3.34,20.12,accumulation,markdown,low,2017-08-24,2017,2017-08,90.0,True
2017-09-01 10:30:00,2017-09-01 12:00:00,NIFTY 50,bullish,pro_FVG+VP,-252.42,-193.21,59.21,84.34,81.32,64,stop_loss_premium_phase3,immediate,False,True,True,False,False,False,False,False,True,3.63,0.3,13.49,markup,markup,low,2017-09-07,2017,2017-09,90.0,False
2017-09-04 09:45:00,2017-09-04 11:15:00,NIFTY 50,bullish,pro_VP+OTE,-86.95,-15.38,71.57,166.97,166.73,64,stop_loss_premium_phase3,immediate,False,False,True,True,False,False,False,False,True,3.07,0.3,11.94,markup,markup,medium,2017-09-07,2017,2017-09,90.0,False
2017-09-05 09:45:00,2017-09-05 11:15:00,NIFTY 50,bullish,pro_LiqSweep+VP,-69.54,-12.07,57.47,70.43,70.25,64,stop_loss_premium_phase3,immediate,True,False,True,False,False,False,False,False,True,3.7,1.73,17.73,markdown,markup,low,2017-09-07,2017,2017-09,90.0,False
2017-09-05 11:30:00,2017-09-05 12:30:00,NIFTY 50,bullish,pro_FVG+VP,-68.56,-13.52,55.04,53.81,53.6,64,stop_loss_premium_phase2,immediate,False,True,True,False,False,False,False,False,True,3.63,1.18,14.44,markdown,markup,low,2017-09-07,2017,2017-09,60.0,False
2017-09-06 09:15:00,2017-09-06 10:15:00,NIFTY 50,bullish,pro_FVG+VP,-75.41,-23.78,51.63,30.57,30.2,64,stop_loss_premium_phase2,immediate,False,True,True,False,False,False,False,False,True,3.63,1.18,11.48,markup,accumulation,low,2017-09-07,2017,2017-09,60.0,False
2017-09-15 09:30:00,2017-09-15 11:00:00,NIFTY 50,bullish,pro_LiqSweep+VP+OTE+RSI_Div,362.04,419.08,57.04,62.69,69.24,64,stop_loss_premium_phase3,immediate,True,False,True,True,True,False,False,False,True,5.56,0.3,12.5,markdown,markup,low,2017-09-21,2017,2017-09,90.0,True
2017-09-15 15:15:00,2017-09-18 09:15:00,NIFTY 50,bullish,pro_FVG+VP,1206.02,1265.06,59.04,66.99,86.75,64,target,immediate,False,True,True,False,False,False,False,False,True,3.63,0.3,12.16,markup,markup,low,2017-09-21,2017,2017-09,3960.0,True
2017-10-03 10:00:00,2017-10-03 11:30:00,NIFTY 50,bearish,pro_LiqSweep+OTE+VWAP,-82.73,-12.29,70.44,156.74,156.55,65,stop_loss_premium_phase3,immediate,True,False,False,True,False,False,False,True,False,0.0,2.68,22.66,markdown,markdown,low,2017-10-05,2017,2017-10,90.0,False
2017-10-06 09:30:00,2017-10-06 11:00:00,NIFTY 50,bullish,pro_LiqSweep+VP,1315.01,1380.1,65.09,107.1,128.67,64,target,immediate,True,False,True,False,False,False,False,False,False,2.96,0.3,14.28,markdown,accumulation,low,2017-10-12,2017,2017-10,90.0,True
2017-10-06 14:15:00,2017-10-06 15:15:00,NIFTY 50,bearish,pro_LiqSweep+RSI_Div+VWAP,-246.73,-190.49,56.24,63.03,60.1,65,stop_loss_premium_phase2,immediate,True,False,False,False,True,False,False,True,False,1.46,2.79,7.36,markdown,accumulation,low,2017-10-12,2017,2017-10,60.0,False
2017-10-10 15:00:00,2017-10-11 09:45:00,NIFTY 50,bearish,pro_LiqSweep+RSI_Div+VWAP,-47.84,12.51,60.35,44.58,44.67,129,stop_loss_premium_phase2,immediate,True,False,False,False,True,False,False,True,True,1.46,3.53,7.78,accumulation,accumulation,low,2017-10-12,2017,2017-10,1125.0,False
2017-10-13 09:45:00,2017-10-13 11:45:00,NIFTY 50,bullish,pro_FVG+VP,479.93,551.99,72.06,164.0,172.62,64,stop_loss_premium_phase3,immediate,False,True,True,False,False,False,False,False,True,3.63,0.3,17.27,markup,markup,low,2017-10-19,2017,2017-10,120.0,True
2017-10-13 15:15:00,2017-10-16 09:15:00,NIFTY 50,bullish,pro_LiqSweep+VP,1495.38,1571.36,75.98,179.52,204.07,64,target,immediate,True,False,True,False,False,False,False,False,True,3.7,1.29,11.04,markup,markup,low,2017-10-19,2017,2017-10,3960.0,True
2017-10-17 09:30:00,2017-10-17 11:15:00,NIFTY 50,bullish,pro_FVG+VP,2159.54,2224.77,65.23,48.55,65.66,130,target,immediate,False,True,True,False,False,False,False,False,False,2.89,1.18,13.42,markup,markup,low,2017-10-19,2017,2017-10,105.0,True
2017-10-17 14:15:00,2017-10-18 09:15:00,NIFTY 50,bearish,pro_LiqSweep+FVG+VWAP,1154.68,1228.4,73.72,165.24,184.13,65,target,immediate,True,True,False,False,False,False,False,True,False,1.46,3.23,10.27,markup,markup,low,2017-10-19,2017,2017-10,1140.0,True
2017-10-24 10:30:00,2017-10-24 12:00:00,NIFTY 50,bullish,pro_FVG+VP,-225.52,-170.01,55.51,57.88,55.26,65,stop_loss_premium_phase3,immediate,False,True,True,False,False,False,False,False,False,2.89,0.3,16.46,markup,markup,low,2017-10-26,2017,2017-10,90.0,False
2017-10-24 14:30:00,2017-10-25 09:15:00,NIFTY 50,bullish,pro_LiqSweep+VP,1469.82,1543.66,73.84,165.16,189.28,64,target,immediate,True,False,True,False,False,False,False,False,False,2.96,0.3,12.77,markup,markup,low,2017-10-26,2017,2017-10,1125.0,True
2017-10-27 11:30:00,2017-10-27 13:00:00,NIFTY 50,bullish,pro_FVG+VP,884.64,950.63,65.99,116.2,130.82,65,stop_loss_premium_phase3,immediate,False,True,True,False,False,False,False,False,False,2.89,0.3,17.26,markup,markup,low,2017-11-02,2017,2017-10,90.0,True
2017-10-27 15:00:00,2017-10-30 09:15:00,NIFTY 50,bullish,pro_FVG+VP,1276.37,1340.88,64.51,103.53,124.48,64,target,immediate,False,True,True,False,False,False,False,False,False,2.89,0.3,13.64,markup,markup,low,2017-11-02,2017,2017-10,3975.0,True
2017-10-31 09:45:00,2017-10-31 11:15:00,NIFTY 50,bullish,pro_LiqSweep+FVG+VP,-83.62,-11.73,71.89,166.51,166.33,65,stop_loss_premium_phase3,immediate,True,True,True,False,False,False,False,False,False,4.39,0.3,11.09,markdown,markup,low,2017-11-02,2017,2017-10,90.0,False
2017-10-31 15:15:00,2017-11-01 09:15:00,NIFTY 50,bullish,pro_LiqSweep+VP+OTE+RSI_Div,1072.36,1129.17,56.81,53.19,70.84,64,target,immediate,True,False,True,True,True,False,False,False,False,4.82,0.3,10.43,markdown,markup,low,2017-11-02,2017,2017-10,1080.0,True
2017-11-06 09:30:00,2017-11-06 11:00:00,NIFTY 50,bullish,pro_LiqSweep+VP,523.66,581.66,58.0,66.39,75.34,65,stop_loss_premium_phase3,immediate,True,False,True,False,False,False,False,False,False,2.96,0.3,10.58,markup,markup,low,2017-11-09,2017,2017-11,90.0,True
2017-11-06 11:15:00,2017-11-06 12:45:00,NIFTY 50,bullish,pro_LiqSweep+VP,1217.23,1277.36,60.13,73.13,92.78,65,target,immediate,True,False,True,False,False,False,False,False,False,2.96,1.18,14.04,markup,markup,low,2017-11-09,2017,2017-11,90.0,True
2017-11-06 14:15:00,2017-11-06 15:15:00,NIFTY 50,bullish,pro_LiqSweep+VP,-64.85,-9.35,55.5,56.05,55.91,65,stop_loss_premium_phase2,immediate,True,False,True,False,False,False,False,False,False,2.96,0.3,8.96,markup,markup,low,2017-11-09,2017,2017-11,60.0,False
2017-11-07 09:30:00,2017-11-07 10:00:00,NIFTY 50,bearish,pro_LiqSweep+OTE+VWAP,1482.35,1544.95,62.6,88.22,112.36,64,target,immediate,True,False,False,True,False,False,False,True,True,1.46,3.41,15.91,markup,markup,low,2017-11-09,2017,2017-11,30.0,True
2017-11-07 10:15:00,2017-11-07 11:45:00,NIFTY 50,bearish,pro_LiqSweep+RSI_Div+VWAP,320.14,380.33,60.19,83.37,89.22,65,stop_loss_premium_phase3,immediate,True,False,False,False,True,False,False,True,True,0.0,3.53,18.29,markdown,markup,low,2017-11-09,2017,2017-11,90.0,True
2017-11-10 10:15:00,2017-11-10 11:45:00,NIFTY 50,bullish,pro_VP+OTE+RSI_Div,376.94,449.38,72.44,165.21,172.12,65,stop_loss_premium_phase3,immediate,False,False,True,True,True,False,False,False,False,3.32,1.73,20.06,accumulation,markup,low,2017-11-16,2017,2017-11,90.0,True
2017-11-13 09:45:00,2017-11-13 11:45:00,NIFTY 50,bearish,pro_FVG+RSI_Div+VWAP,1214.07,1287.39,73.32,164.45,184.57,64,stop_loss_premium_phase3,immediate,False,True,False,False,True,False,False,True,True,1.46,3.45,25.15,accumulation,markup,low,2017-11-16,2017,2017-11,120.0,True
2017-11-14 14:45:00,2017-11-15 09:30:00,NIFTY 50,bullish,pro_LiqSweep+VP,-281.36,-210.4,70.96,164.94,161.66,64,stop_loss_premium_phase2,immediate,True,False,True,False,False,False,False,False,False,2.96,1.18,13.1,markdown,markdown,low,2017-11-16,2017,2017-11,1125.0,False
2017-11-20 09:30:00,2017-11-20 11:00:00,NIFTY 50,bullish,pro_FVG+VP,-237.94,-181.4,56.54,65.93,63.09,64,stop_loss_premium_phase3,immediate,False,True,True,False,False,False,False,False,True,3.63,0.3,11.52,markdown,accumulation,low,2017-11-23,2017,2017-11,90.0,False
2017-11-20 11:15:00,2017-11-20 12:45:00,NIFTY 50,bullish,pro_FVG+OTE,157.41,213.71,56.3,60.89,64.28,63,stop_loss_premium_phase3,immediate,False,True,False,True,False,False,False,False,True,3.04,0.3,14.16,markdown,accumulation,low,2017-11-23,2017,2017-11,90.0,True
2017-11-20 14:15:00,2017-11-21 09:15:00,NIFTY 50,bullish,pro_FVG+VP,819.27,876.72,57.45,61.37,75.29,63,target,immediate,False,True,True,False,False,False,False,False,True,3.63,0.3,8.62,markdown,accumulation,low,2017-11-23,2017,2017-11,1140.0,True
2017-11-24 09:30:00,2017-11-24 11:00:00,NIFTY 50,bullish,pro_LiqSweep+VP,227.0,290.17,63.17,106.09,110.62,64,stop_loss_premium_phase3,immediate,True,False,True,False,False,False,False,False,True,3.7,0.3,16.09,markup,markup,low,2017-11-30,2017,2017-11,90.0,True
2017-11-27 14:15:00,2017-11-27 14:30:00,NIFTY 50,bullish,pro_VP+RSI_Div,597.84,654.33,56.49,56.31,66.53,64,target,immediate,False,False,True,False,True,False,False,False,True,3.18,1.73,8.29,markdown,markup,low,2017-11-30,2017,2017-11,15.0,True
2017-11-27 14:45:00,2017-11-27 15:15:00,NIFTY 50,bullish,pro_VP+RSI_Div,714.2,771.62,57.42,61.37,73.42,64,target,immediate,False,False,True,False,True,False,False,False,True,3.18,0.3,9.05,markdown,markup,low,2017-11-30,2017,2017-11,30.0,True
2017-11-28 09:15:00,2017-11-28 11:00:00,NIFTY 50,bullish,pro_VP+RSI_Div,412.37,482.08,69.71,146.43,153.85,65,stop_loss_premium_phase3,immediate,False,False,True,False,True,False,False,False,True,3.18,0.3,10.41,markdown,markup,low,2017-11-30,2017,2017-11,105.0,True
2017-11-28 11:15:00,2017-11-28 12:45:00,NIFTY 50,bullish,pro_FVG+VP,302.44,358.6,56.16,57.31,62.92,64,stop_loss_premium_phase3,immediate,False,True,True,False,False,False,False,False,False,2.89,1.18,12.49,markup,markup,low,2017-11-30,2017,2017-11,90.0,True
2017-12-01 14:30:00,2017-12-01 15:00:00,NIFTY 50,bearish,pro_VP+RSI_Div+VWAP,1299.65,1363.35,63.7,97.78,119.08,64,target,immediate,False,False,True,False,True,False,False,True,True,0.0,3.49,15.91,markdown,markdown,low,2017-12-07,2017,2017-12,30.0,True
2017-12-04 14:15:00,2017-12-05 09:15:00,NIFTY 50,bearish,pro_FVG+RSI_Div+VWAP,1247.29,1308.19,60.9,78.0,98.13,65,target,immediate,False,True,False,False,True,False,False,True,True,1.46,3.45,14.25,markdown,markdown,low,2017-12-07,2017,2017-12,1140.0,True
2017-12-05 14:15:00,2017-12-06 09:15:00,NIFTY 50,bullish,pro_LiqSweep+VP+RSI_Div,-106.83,-33.1,73.73,179.18,178.67,65,stop_loss_premium_phase2,immediate,True,False,True,False,True,False,False,False,False,3.95,0.3,11.42,markdown,markdown,low,2017-12-07,2017,2017-12,1140.0,False
2017-12-08 14:15:00,2017-12-11 09:15:00,NIFTY 50,bullish,pro_LiqSweep+VP,1386.75,1461.77,75.02,174.16,197.0,64,target,immediate,True,False,True,False,False,False,False,False,True,3.7,0.3,10.3,markup,markup,low,2017-12-14,2017,2017-12,4020.0,True
2017-12-19 09:30:00,2017-12-19 11:00:00,NIFTY 50,bullish,pro_FVG+VP,187.55,248.4,60.85,89.26,93.09,65,stop_loss_premium_phase3,immediate,False,True,True,False,False,False,False,False,True,3.63,0.3,21.0,accumulation,accumulation,low,2017-12-21,2017,2017-12,90.0,True
2017-12-22 09:30:00,2017-12-22 10:45:00,NIFTY 50,bullish,pro_LiqSweep+VP+RSI_Div,1829.39,1905.57,76.18,177.18,206.95,64,target,immediate,True,False,True,False,True,False,False,False,False,3.95,1.73,13.32,markdown,markup,low,2017-12-28,2017,2017-12,75.0,True
2017-12-22 11:00:00,2017-12-22 13:00:00,NIFTY 50,bullish,pro_LiqSweep+VP,126.81,184.55,57.74,69.02,71.86,65,stop_loss_premium_phase3,immediate,True,False,True,False,False,False,False,False,False,2.96,0.3,13.05,markup,markup,low,2017-12-28,2017,2017-12,120.0,True
2017-12-22 14:30:00,2017-12-22 15:15:00,NIFTY 50,bullish,pro_FVG+VP+OTE,1285.2,1360.68,75.48,178.43,199.69,64,target,immediate,False,True,True,True,False,False,False,False,False,3.77,0.3,9.3,markup,markup,low,2017-12-28,2017,2017-12,45.0,True
2017-12-26 11:30:00,2017-12-26 13:00:00,NIFTY 50,bullish,pro_VP+RSI_Div,-220.42,-164.97,55.45,58.28,55.7,64,stop_loss_premium_phase3,immediate,False,False,True,False,True,False,False,False,True,3.18,0.3,12.11,markup,markup,low,2017-12-28,2017,2017-12,90.0,False
2017-12-29 14:15:00,2018-01-01 09:30:00,NIFTY 50,bullish,pro_LiqSweep+VP,447.69,522.51,74.82,183.24,191.4,64,stop_loss_premium_phase3,immediate,True,False,True,False,False,False,False,False,True,3.7,1.29,8.74,markup,markup,low,2018-01-04,2017,2017-12,4035.0,True
2018-01-05 11:30:00,2018-01-05 13:00:00,NIFTY 50,bullish,pro_FVG+VP,139.97,198.19,58.22,73.23,76.33,64,stop_loss_premium_phase3,immediate,False,True,True,False,False,False,False,False,True,3.63,0.3,11.84,markup,markup,low,2018-01-11,2018,2018-01,90.0,True
2018-01-08 14:45:00,2018-01-09 09:15:00,NIFTY 50,bullish,pro_LiqSweep+VP,888.89,963.07,74.18,173.97,189.01,64,target,immediate,True,False,True,False,False,False,False,False,False,2.96,1.18,8.47,markup,markup,low,2018-01-11,2018,2018-01,1110.0,True
2018-01-09 09:30:00,2018-01-09 11:00:00,NIFTY 50,bullish,pro_LiqSweep+VP,1096.68,1160.32,63.64,49.79,58.85,128,stop_loss_premium_phase3,immediate,True,False,True,False,False,False,False,False,False,2.96,0.3,12.38,markup,markup,low,2018-01-11,2018,2018-01,90.0,True
2018-01-09 11:15:00,2018-01-09 12:15:00,NIFTY 50,bullish,pro_LiqSweep+VP,-440.88,-379.21,61.67,51.25,48.31,129,stop_loss_premium_phase2,immediate,True,False,True,False,False,False,False,False,False,2.96,0.3,13.0,markup,markup,low,2018-01-11,2018,2018-01,60.0,False
2018-01-09 14:15:00,2018-01-10 09:15:00,NIFTY 50,bullish,pro_LiqSweep+VP,1504.81,1569.15,64.34,49.92,62.18,128,target,immediate,True,False,True,False,False,False,False,False,False,2.96,0.3,9.58,markup,markup,low,2018-01-11,2018,2018-01,1140.0,True
2018-01-16 09:15:00,2018-01-16 11:15:00,NIFTY 50,bearish,pro_LiqSweep+RSI_Div+VWAP,1774.07,1844.51,70.44,136.4,164.78,65,stop_loss_premium_phase3,immediate,True,False,False,False,True,False,False,True,True,0.0,3.53,10.84,markup,markup,low,2018-01-18,2018,2018-01,120.0,True
2018-01-19 11:30:00,2018-01-19 13:00:00,NIFTY 50,bullish,pro_FVG+VP,-314.39,-241.13,73.26,181.07,177.31,64,stop_loss_premium_phase3,immediate,False,True,True,False,False,False,False,False,True,3.63,1.8,24.95,accumulation,markup,low,2018-01-25,2018,2018-01,90.0,False
2018-01-22 15:15:00,2018-01-23 09:15:00,NIFTY 50,bullish,pro_FVG+VP,1611.91,1673.82,61.91,82.06,108.21,64,target,immediate,False,True,True,False,False,False,False,False,True,3.63,0.3,14.86,markup,markup,low,2018-01-25,2018,2018-01,1080.0,True
2018-01-29 09:30:00,2018-01-29 11:15:00,NIFTY 50,bullish,pro_LiqSweep+VP,572.92,646.2,73.28,168.68,178.62,65,stop_loss_premium_phase3,immediate,True,False,True,False,False,False,False,False,False,2.96,0.3,27.0,markdown,markup,low,2018-02-01,2018,2018-01,105.0,True
2018-01-29 14:45:00,2018-01-30 09:30:00,NIFTY 50,bullish,pro_FVG+VP+RSI_Div,-71.33,-14.84,56.49,63.74,63.5,64,stop_loss_premium_phase2,immediate,False,True,True,False,True,False,False,False,False,3.88,1.8,13.9,markup,markup,low,2018-02-01,2018,2018-01,1125.0,False
2018-02-20 09:30:00,2018-02-20 10:45:00,NIFTY 50,bullish,pro_LiqSweep+VP,-85.87,-21.19,64.68,119.91,119.57,64,stop_loss_premium_phase2,immediate,True,False,True,False,False,False,False,False,False,2.96,1.18,28.54,markdown,markdown,medium,2018-02-22,2018,2018-02,75.0,False
2018-02-20 11:00:00,2018-02-20 12:45:00,NIFTY 50,bullish,pro_LiqSweep+VP,1148.4,1221.91,73.51,169.1,188.5,63,stop_loss_premium_phase3,immediate,True,False,True,False,False,False,False,False,False,2.96,1.18,28.15,markdown,markdown,medium,2018-02-22,2018,2018-02,105.0,True
2018-02-23 09:30:00,2018-02-23 11:00:00,NIFTY 50,bullish,pro_LiqSweep+VP,1040.9,1116.99,76.09,185.28,202.74,64,stop_loss_premium_phase3,immediate,True,False,True,False,False,False,False,False,True,3.7,1.29,18.25,markup,markdown,medium,2018-03-01,2018,2018-02,90.0,True
2018-02-23 11:15:00,2018-02-23 13:30:00,NIFTY 50,bullish,pro_LiqSweep+VP,2098.86,2166.83,67.97,118.05,151.91,64,target,immediate,True,False,True,False,False,False,False,False,True,3.7,0.3,19.86,markup,markdown,medium,2018-03-01,2018,2018-02,135.0,True
2018-02-23 15:00:00,2018-02-26 09:15:00,NIFTY 50,bullish,pro_VP+RSI_Div,1331.56,1397.09,65.53,108.19,129.68,65,target,immediate,False,False,True,False,True,False,False,False,True,3.18,1.8,14.39,markup,markdown,medium,2018-03-01,2018,2018-02,3975.0,True
2018-03-06 14:15:00,2018-03-06 14:45:00,NIFTY 50,bearish,pro_LiqSweep+RSI_Div+VWAP,1213.2,1270.84,57.64,56.43,75.98,65,target,immediate,True,False,False,False,True,False,False,True,False,0.0,2.79,14.53,markup,markdown,medium,2018-03-08,2018,2018-03,30.0,True
2018-03-09 09:45:00,2018-03-09 11:15:00,NIFTY 50,bearish,pro_FVG+RSI_Div+VWAP,-109.49,-36.95,72.54,171.19,170.62,65,stop_loss_premium_phase3,immediate,False,True,False,False,True,False,False,True,True,1.46,3.45,28.02,markup,markdown,medium,2018-03-15,2018,2018-03,90.0,False
2018-03-09 14:15:00,2018-03-09 14:45:00,NIFTY 50,bearish,pro_LiqSweep+RSI_Div+VWAP,1507.5,1571.27,63.77,95.96,120.51,64,target,immediate,True,False,False,False,True,False,False,True,True,1.46,3.53,13.61,markup,markdown,medium,2018-03-15,2018,2018-03,30.0,True
2018-03-09 15:00:00,2018-03-12 09:45:00,NIFTY 50,bearish,pro_LiqSweep+RSI_Div+VWAP,-276.7,-204.6,72.1,170.05,166.9,65,stop_loss_premium_phase2,immediate,True,False,False,False,True,False,False,True,True,0.0,3.53,17.29,markup,markdown,medium,2018-03-15,2018,2018-03,4005.0,False
2018-03-13 11:15:00,2018-03-13 12:45:00,NIFTY 50,bullish,pro_FVG+VP,128.82,189.03,60.21,86.93,89.88,64,stop_loss_premium_phase3,immediate,False,True,True,False,False,False,False,False,False,2.89,0.3,21.38,markup,markup,medium,2018-03-15,2018,2018-03,90.0,True
2018-03-20 14:45:00,2018-03-21 09:15:00,NIFTY 50,bullish,pro_LiqSweep+FVG,2027.98,2090.08,62.1,78.69,111.35,64,target,immediate,True,True,False,False,False,False,False,False,True,3.67,0.3,19.53,markdown,markdown,medium,2018-03-22,2018,2018-03,1110.0,True
2018-03-26 09:45:00,2018-03-26 11:15:00,NIFTY 50,bullish,pro_LiqSweep+VP+RSI_Div,-85.0,-14.03,70.97,160.37,160.15,65,stop_loss_premium_phase3,immediate,True,False,True,False,True,False,False,False,True,4.68,1.73,20.14,accumulation,markdown,medium,2018-03-29,2018,2018-03,90.0,False
2018-03-26 14:15:00,2018-03-26 15:00:00,NIFTY 50,bullish,pro_LiqSweep+FVG+VP,3089.58,3168.91,79.33,184.67,234.19,64,target,immediate,True,True,True,False,False,False,False,False,True,5.13,0.3,18.69,accumulation,markdown,medium,2018-03-29,2018,2018-03,45.0,True
2018-04-03 09:30:00,2018-04-03 10:45:00,NIFTY 50,bullish,pro_VP+RSI_Div,-111.0,-38.04,72.96,174.01,173.43,65,stop_loss_premium_phase2,immediate,False,False,True,False,True,False,False,False,True,3.18,1.8,15.57,markup,accumulation,medium,2018-04-05,2018,2018-04,75.0,False
2018-04-04 09:15:00,2018-04-04 09:30:00,NIFTY 50,bullish,pro_FVG+VP,181.4,241.51,60.11,85.65,89.42,64,target,immediate,False,True,True,False,False,False,False,False,True,3.63,1.8,14.49,markup,markdown,medium,2018-04-05,2018,2018-04,15.0,True
2018-04-06 09:30:00,2018-04-06 11:00:00,NIFTY 50,bullish,pro_FVG+VP+RSI_Div,936.97,1011.81,74.84,175.16,190.72,65,stop_loss_premium_phase3,immediate,False,True,True,False,True,False,False,False,True,4.61,2.68,11.95,markup,accumulation,medium,2018-04-12,2018,2018-04,90.0,True
2018-04-06 14:15:00,2018-04-09 09:15:00,NIFTY 50,bullish,pro_LiqSweep+VP,1751.45,1826.72,75.27,171.78,200.33,64,target,immediate,True,False,True,False,False,False,False,False,True,3.7,1.29,12.58,markup,accumulation,medium,2018-04-12,2018,2018-04,4020.0,True
2018-04-09 09:30:00,2018-04-09 11:00:00,NIFTY 50,bullish,pro_LiqSweep+VP,477.3,551.9,74.6,184.3,193.06,63,stop_loss_premium_phase3,immediate,True,False,True,False,False,False,False,False,False,2.96,0.3,18.35,markup,markup,medium,2018-04-12,2018,2018-04,90.0,True
2018-04-09 11:15:00,2018-04-09 12:45:00,NIFTY 50,bullish,pro_LiqSweep+VP,967.9,1032.49,64.59,107.53,123.67,64,stop_loss_premium_phase3,immediate,True,False,True,False,False,False,False,False,False,2.96,0.3,17.51,markup,markup,medium,2018-04-12,2018,2018-04,90.0,True
2018-04-10 09:15:00,2018-04-10 09:30:00,NIFTY 50,bullish,pro_LiqSweep+VP+OTE,-436.25,-357.57,78.68,219.46,213.88,64,target,immediate,True,False,True,True,False,False,False,False,False,3.84,0.3,14.04,accumulation,markup,medium,2018-04-12,2018,2018-04,15.0,False
2018-04-17 14:15:00,2018-04-18 09:15:00,NIFTY 50,bullish,pro_LiqSweep+VP,1375.5,1433.35,57.85,56.95,79.35,64,target,immediate,True,False,True,False,False,False,False,False,True,3.7,2.16,12.76,markup,markup,medium,2018-04-19,2018,2018-04,1140.0,True
2018-04-20 09:30:00,2018-04-20 11:00:00,NIFTY 50,bullish,pro_LiqSweep+FVG+VP,304.39,377.56,73.17,170.85,176.66,65,stop_loss_premium_phase3,immediate,True,True,True,False,False,False,False,False,True,5.13,0.3,11.48,markup,markup,medium,2018-04-26,2018,2018-04,90.0,True
2018-04-20 14:15:00,2018-04-20 15:15:00,NIFTY 50,bullish,pro_VP+RSI_Div,977.88,1038.83,60.95,82.57,98.8,64,target,immediate,False,False,True,False,True,False,False,False,True,3.18,1.18,11.74,markup,markup,medium,2018-04-26,2018,2018-04,60.0,True
2018-04-23 15:00:00,2018-04-24 10:30:00,NIFTY 50,bullish,pro_LiqSweep+VP,509.13,582.68,73.55,171.22,180.19,65,stop_loss_premium_phase3,immediate,True,False,True,False,False,False,False,False,False,2.96,1.18,13.3,markup,markup,low,2018-04-26,2018,2018-04,1170.0,True
2018-04-24 10:45:00,2018-04-24 12:15:00,NIFTY 50,bullish,pro_LiqSweep+VP,-76.51,-18.1,58.41,76.9,76.62,64,stop_loss_premium_phase3,immediate,True,False,True,False,False,False,False,False,True,3.7,1.73,17.0,markup,markup,low,2018-04-26,2018,2018-04,90.0,False
2018-04-24 14:15:00,2018-04-25 09:15:00,NIFTY 50,bullish,pro_FVG+VP+RSI_Div,-100.59,-29.56,71.03,163.42,162.96,64,stop_loss_premium_phase2,immediate,False,True,True,False,True,False,False,False,True,4.61,1.18,10.9,markup,markup,low,2018-04-26,2018,2018-04,1140.0,False
2018-04-30 14:15:00,2018-05-02 09:15:00,NIFTY 50,bearish,pro_LiqSweep+OTE+VWAP,-74.64,-16.95,57.69,71.97,71.7,64,stop_loss_premium_phase2,immediate,True,False,False,True,False,False,False,True,True,1.46,3.41,8.64,markup,markup,low,2018-05-03,2018,2018-04,2580.0,False
2018-05-04 15:00:00,2018-05-07 09:15:00,NIFTY 50,bullish,pro_LiqSweep+VP,1474.78,1551.36,76.58,183.82,208.06,64,target,immediate,True,False,True,False,False,False,False,False,False,2.96,0.3,13.48,markdown,markup,low,2018-05-10,2018,2018-05,3975.0,True
2018-05-11 09:45:00,2018-05-11 11:15:00,NIFTY 50,bullish,pro_FVG+VP,500.19,564.73,64.54,110.65,119.34,65,stop_loss_premium_phase3,immediate,False,True,True,False,False,False,False,False,True,3.63,1.8,17.07,markdown,markup,low,2018-05-17,2018,2018-05,90.0,True
2018-05-11 14:15:00,2018-05-11 14:45:00,NIFTY 50,bullish,pro_LiqSweep+VP+RSI_Div,1220.31,1295.93,75.62,180.07,200.32,64,target,immediate,True,False,True,False,True,False,False,False,True,4.68,0.3,9.16,markup,markup,low,2018-05-17,2018,2018-05,30.0,True
2018-05-11 15:00:00,2018-05-14 09:45:00,NIFTY 50,bullish,pro_LiqSweep+VP+RSI_Div,1103.51,1163.8,60.29,76.61,94.8,64,target,immediate,True,False,True,False,True,False,False,False,True,4.68,0.3,10.93,markup,markup,low,2018-05-17,2018,2018-05,4005.0,True
2018-05-14 10:00:00,2018-05-14 11:30:00,NIFTY 50,bullish,pro_LiqSweep+VP+RSI_Div,-72.05,-15.58,56.47,62.66,62.42,65,stop_loss_premium_phase3,immediate,True,False,True,False,True,False,False,False,False,3.95,0.3,14.48,markup,markup,low,2018-05-17,2018,2018-05,90.0,False
2018-05-14 15:00:00,2018-05-15 09:15:00,NIFTY 50,bullish,pro_FVG+VP+OTE,1446.12,1506.21,60.09,71.46,94.99,64,target,immediate,False,True,True,True,False,False,False,False,False,3.77,0.3,13.74,markup,markup,low,2018-05-17,2018,2018-05,1095.0,True
2018-05-21 14:30:00,2018-05-22 09:30:00,NIFTY 50,bearish,pro_VP+RSI_Div+VWAP,1071.81,1130.09,58.28,62.32,79.7,65,target,immediate,False,False,True,False,True,False,False,True,True,1.5,3.49,14.15,markdown,markdown,low,2018-05-24,2018,2018-05,1140.0,True
2018-05-22 09:45:00,2018-05-22 11:00:00,NIFTY 50,bullish,pro_VP+RSI_Div,-79.79,-17.85,61.94,99.55,99.27,65,stop_loss_premium_phase2,immediate,False,False,True,False,True,False,False,False,True,3.18,1.8,18.55,markdown,markdown,low,2018-05-24,2018,2018-05,75.0,False
2018-05-22 14:45:00,2018-05-23 09:30:00,NIFTY 50,bullish,pro_LiqSweep+VP,-69.68,-14.2,55.48,56.83,56.61,64,stop_loss_premium_phase2,immediate,True,False,True,False,False,False,False,False,True,3.7,0.3,15.92,markdown,markdown,low,2018-05-24,2018,2018-05,1125.0,False
2018-05-25 09:45:00,2018-05-25 11:15:00,NIFTY 50,bullish,pro_FVG+VP,417.3,492.01,74.71,182.81,190.49,64,stop_loss_premium_phase3,immediate,False,True,True,False,False,False,False,False,False,2.89,0.3,22.21,markup,accumulation,low,2018-05-31,2018,2018-05,90.0,True
2018-05-25 11:30:00,2018-05-25 13:00:00,NIFTY 50,bearish,pro_LiqSweep+RSI_Div+VWAP,140.44,209.08,68.64,142.18,145.39,65,stop_loss_premium_phase3,immediate,True,False,False,False,True,False,False,True,False,1.46,2.79,18.29,markup,accumulation,low,2018-05-31,2018,2018-05,90.0,True
2018-05-29 09:30:00,2018-05-29 10:30:00,NIFTY 50,bearish,pro_LiqSweep+RSI_Div+VWAP,-74.15,-13.79,60.36,44.77,44.66,129,stop_loss_premium_phase2,immediate,True,False,False,False,True,False,False,True,True,1.46,3.53,12.56,markup,accumulation,low,2018-05-31,2018,2018-05,60.0,False
2018-06-01 11:00:00,2018-06-01 12:30:00,NIFTY 50,bearish,pro_LiqSweep+OTE+VWAP,1320.12,1395.97,75.85,180.55,202.36,64,stop_loss_premium_phase3,immediate,True,False,False,True,False,False,False,True,True,1.46,3.41,22.43,markup,markup,low,2018-06-07,2018,2018-06,90.0,True
2018-06-01 14:30:00,2018-06-04 09:15:00,NIFTY 50,bearish,pro_LiqSweep+FVG+VWAP,-97.37,-30.02,67.35,138.27,137.8,64,stop_loss_premium_phase2,immediate,True,True,False,False,False,False,False,True,True,1.46,3.97,18.09,markup,markup,low,2018-06-07,2018,2018-06,4005.0,False
2018-06-04 09:30:00,2018-06-04 11:00:00,NIFTY 50,bearish,pro_LiqSweep+RSI_Div+VWAP,-97.41,-27.89,69.52,150.71,150.28,65,stop_loss_premium_phase3,immediate,True,False,False,False,True,False,False,True,True,0.0,3.53,24.6,markup,markdown,low,2018-06-07,2018,2018-06,90.0,False
2018-06-04 11:15:00,2018-06-04 12:45:00,NIFTY 50,bearish,pro_LiqSweep+FVG+VWAP,-105.7,-32.52,73.18,181.0,180.49,63,stop_loss_premium_phase3,immediate,True,True,False,False,False,False,False,True,True,0.88,3.97,27.31,markup,markdown,low,2018-06-07,2018,2018-06,90.0,False
2018-06-11 09:15:00,2018-06-11 10:00:00,NIFTY 50,bullish,pro_FVG+VP,581.27,645.04,63.77,107.89,118.13,63,target,immediate,False,True,True,False,False,False,False,False,True,3.63,1.18,15.21,markup,markup,low,2018-06-14,2018,2018-06,45.0,True
2018-06-11 11:15:00,2018-06-11 13:00:00,NIFTY 50,bullish,pro_FVG+VP,737.18,810.9,73.72,172.5,185.17,64,stop_loss_premium_phase3,immediate,False,True,True,False,False,False,False,False,False,2.89,0.3,18.63,markup,markup,low,2018-06-14,2018,2018-06,105.0,True
2018-06-15 09:30:00,2018-06-15 10:00:00,NIFTY 50,bullish,pro_LiqSweep+VP,1383.99,1459.26,75.27,175.91,198.71,64,target,immediate,True,False,True,False,False,False,False,False,False,2.96,0.3,12.63,markup,markup,low,2018-06-21,2018,2018-06,30.0,True
2018-06-15 10:45:00,2018-06-15 12:15:00,NIFTY 50,bearish,pro_LiqSweep+RSI_Div+VWAP,1265.0,1328.23,63.23,93.47,113.91,65,target,immediate,True,False,False,False,True,False,False,True,False,1.46,2.79,14.7,markup,markup,low,2018-06-21,2018,2018-06,90.0,True
2018-06-15 14:15:00,2018-06-15 15:15:00,NIFTY 50,bearish,pro_LiqSweep+FVG+VWAP,-250.42,-189.93,60.49,91.67,88.74,65,stop_loss_premium_phase2,immediate,True,True,False,False,False,False,False,True,False,0.0,3.23,13.57,markup,markup,low,2018-06-21,2018,2018-06,60.0,False
2018-06-19 09:45:00,2018-06-19 11:45:00,NIFTY 50,bearish,pro_LiqSweep+FVG+VWAP,803.97,861.06,57.09,58.12,71.58,64,stop_loss_premium_phase3,immediate,True,True,False,False,False,False,False,True,True,0.0,3.97,15.36,markup,accumulation,low,2018-06-21,2018,2018-06,120.0,True
2018-06-22 09:30:00,2018-06-22 11:00:00,NIFTY 50,bullish,pro_LiqSweep+OTE,-102.01,-32.44,69.57,153.47,152.96,64,stop_loss_premium_phase3,immediate,True,False,False,True,False,False,False,False,True,3.11,1.73,15.04,markdown,markup,low,2018-06-28,2018,2018-06,90.0,False
2018-06-22 11:15:00,2018-06-22 13:30:00,NIFTY 50,bullish,pro_LiqSweep+FVG+OTE,1075.65,1140.53,64.88,108.31,126.13,64,stop_loss_premium_phase3,immediate,True,True,False,True,False,False,False,False,True,4.54,0.3,16.3,markdown,markup,low,2018-06-28,2018,2018-06,135.0,True
2018-06-22 14:15:00,2018-06-22 14:45:00,NIFTY 50,bullish,pro_LiqSweep+VP,1500.02,1575.66,75.64,177.14,201.76,64,target,immediate,True,False,True,False,False,False,False,False,True,3.7,0.3,10.78,markdown,markup,low,2018-06-28,2018,2018-06,30.0,True
2018-06-26 11:00:00,2018-06-26 12:30:00,NIFTY 50,bullish,pro_LiqSweep+VP,-70.3,-13.62,56.68,64.03,63.82,65,stop_loss_premium_phase3,immediate,True,False,True,False,False,False,False,False,False,2.96,1.18,17.38,markdown,markup,low,2018-06-28,2018,2018-06,90.0,False
2018-06-26 14:15:00,2018-06-26 15:15:00,NIFTY 50,bullish,pro_LiqSweep+FVG+VP,-63.6,-8.7,54.9,52.8,52.66,64,stop_loss_premium_phase2,immediate,True,True,True,False,False,False,False,False,False,4.39,1.18,13.14,markdown,markup,low,2018-06-28,2018,2018-06,60.0,False
2018-07-02 14:30:00,2018-07-03 09:15:00,NIFTY 50,bullish,pro_FVG+VP+RSI_Div,-51.65,7.5,59.15,81.73,81.85,64,stop_loss_premium_phase2,immediate,False,True,True,False,True,False,False,False,False,3.88,1.18,14.59,markdown,markdown,low,2018-07-05,2018,2018-07,1125.0,False
2018-07-03 09:30:00,2018-07-03 11:00:00,NIFTY 50,bullish,pro_LiqSweep+VP,204.06,262.82,58.76,77.44,81.61,63,stop_loss_premium_phase3,immediate,True,False,True,False,False,False,False,False,True,3.7,1.18,17.68,markdown,markdown,low,2018-07-05,2018,2018-07,90.0,True
2018-07-03 11:15:00,2018-07-03 12:45:00,NIFTY 50,bullish,pro_LiqSweep+VP,-72.22,-14.74,57.48,70.53,70.3,64,stop_loss_premium_phase3,immediate,True,False,True,False,False,False,False,False,True,3.7,1.73,18.64,markdown,markdown,low,2018-07-05,2018,2018-07,90.0,False
2018-07-03 14:15:00,2018-07-04 09:30:00,NIFTY 50,bullish,pro_LiqSweep+VP,481.56,539.92,58.36,70.39,78.82,64,stop_loss_premium_phase3,immediate,True,False,True,False,False,False,False,False,True,3.7,0.3,15.28,markdown,markdown,low,2018-07-05,2018,2018-07,1155.0,True
2018-07-06 14:45:00,2018-07-09 09:30:00,NIFTY 50,bearish,pro_OTE+RSI_Div+VWAP,-100.55,-31.72,68.83,148.39,147.89,64,stop_loss_premium_phase2,immediate,False,False,False,True,True,False,False,True,True,1.46,2.9,12.83,markup,accumulation,low,2018-07-12,2018,2018-07,4005.0,False
2018-07-17 09:30:00,2018-07-17 11:00:00,NIFTY 50,bullish,pro_VP+RSI_Div,-108.29,-36.2,72.09,170.75,170.19,64,stop_loss_premium_phase3,immediate,False,False,True,False,True,False,False,False,True,3.18,0.3,16.5,markdown,markup,low,2018-07-19,2018,2018-07,90.0,False
2018-07-20 09:30:00,2018-07-20 11:00:00,NIFTY 50,bullish,pro_LiqSweep+VP+RSI_Div,963.47,1039.35,75.88,184.76,201.0,64,stop_loss_premium_phase3,immediate,True,False,True,False,True,False,False,False,True,4.68,0.3,19.1,markdown,markup,low,2018-07-26,2018,2018-07,90.0,True
2018-07-20 11:15:00,2018-07-20 12:45:00,NIFTY 50,bullish,pro_LiqSweep+VP,569.37,643.14,73.77,174.68,184.73,64,stop_loss_premium_phase3,immediate,True,False,True,False,False,False,False,False,True,3.7,1.73,19.84,markup,markup,low,2018-07-26,2018,2018-07,90.0,True
2018-07-20 15:15:00,2018-07-23 09:15:00,NIFTY 50,bullish,pro_FVG+VP,1938.82,2014.93,76.11,172.72,203.72,65,target,immediate,False,True,True,False,False,False,False,False,True,3.63,1.8,13.95,markup,markup,low,2018-07-26,2018,2018-07,3960.0,True
2018-07-23 10:30:00,2018-07-23 12:00:00,NIFTY 50,bullish,pro_FVG+VP,311.22,374.68,63.46,105.49,111.25,65,stop_loss_premium_phase3,immediate,False,True,True,False,False,False,False,False,True,3.63,1.18,17.29,markup,markup,low,2018-07-26,2018,2018-07,90.0,True
2018-07-31 09:30:00,2018-07-31 11:00:00,NIFTY 50,bullish,pro_LiqSweep+VP,-98.4,-28.2,70.2,157.74,157.29,64,stop_loss_premium_phase3,immediate,True,False,True,False,False,False,False,False,True,3.7,1.29,13.67,markup,markup,low,2018-08-02,2018,2018-07,90.0,False
2018-07-31 11:15:00,2018-07-31 12:45:00,NIFTY 50,bullish,pro_LiqSweep+VP,651.47,709.49,58.02,66.17,77.26,64,stop_loss_premium_phase3,immediate,True,False,True,False,False,False,False,False,True,3.7,0.3,16.45,markup,markup,low,2018-08-02,2018,2018-07,90.0,True
2018-08-06 10:45:00,2018-08-06 12:15:00,NIFTY 50,bearish,pro_FVG+OTE+VWAP,390.9,461.22,70.32,153.08,160.29,64,stop_loss_premium_phase3,immediate,False,True,False,True,False,False,False,True,True,1.46,3.34,17.61,markup,markup,low,2018-08-09,2018,2018-08,90.0,True
2018-08-07 09:30:00,2018-08-07 11:00:00,NIFTY 50,bullish,pro_FVG+VP,217.81,275.38,57.57,67.94,72.25,64,stop_loss_premium_phase3,immediate,False,True,True,False,False,False,False,False,True,3.63,0.3,13.16,markup,markup,low,2018-08-09,2018,2018-08,90.0,True
2018-08-07 15:15:00,2018-08-08 09:15:00,NIFTY 50,bullish,pro_LiqSweep+VP,1319.25,1377.18,57.93,58.12,79.64,64,target,immediate,True,False,True,False,False,False,False,False,True,3.7,0.3,12.8,markup,markup,low,2018-08-09,2018,2018-08,1080.0,True
2018-08-10 14:30:00,2018-08-13 09:15:00,NIFTY 50,bullish,pro_VP+OTE,-71.5,-13.11,58.39,75.54,75.34,65,stop_loss_premium_phase2,immediate,False,False,True,True,False,False,False,False,True,3.07,0.3,11.87,markdown,markup,low,2018-08-16,2018,2018-08,4005.0,False
2018-08-13 14:45:00,2018-08-14 09:15:00,NIFTY 50,bullish,pro_FVG+VP,1548.77,1624.91,76.14,180.0,205.39,64,target,immediate,False,True,True,False,False,False,False,False,False,2.89,0.3,14.01,markdown,markup,low,2018-08-16,2018,2018-08,1110.0,True
2018-08-14 14:15:00,2018-08-16 09:15:00,NIFTY 50,bearish,pro_LiqSweep+RSI_Div+VWAP,920.88,979.97,59.09,69.36,84.44,65,target,immediate,True,False,False,False,True,False,False,True,False,1.46,2.79,10.37,markup,markup,low,2018-08-16,2018,2018-08,2580.0,True
2018-08-21 09:30:00,2018-08-21 11:00:00,NIFTY 50,bullish,pro_LiqSweep+VP,844.77,917.71,72.94,163.41,177.53,65,stop_loss_premium_phase3,immediate,True,False,True,False,False,False,False,False,True,3.7,0.3,10.63,markup,markup,low,2018-08-23,2018,2018-08,90.0,True
2018-08-21 11:15:00,2018-08-21 13:30:00,NIFTY 50,bullish,pro_LiqSweep+VP+OTE,271.47,329.42,57.95,69.91,75.06,64,stop_loss_premium_phase3,immediate,True,False,True,True,False,False,False,False,True,4.57,1.29,12.25,markup,markup,low,2018-08-23,2018,2018-08,135.0,True
2018-08-21 14:15:00,2018-08-23 09:15:00,NIFTY 50,bullish,pro_LiqSweep+VP,1442.65,1516.74,74.09,167.17,190.87,64,target,immediate,True,False,True,False,False,False,False,False,True,3.7,1.29,10.07,markup,markup,low,2018-08-23,2018,2018-08,2580.0,True
2018-08-24 10:00:00,2018-08-24 11:30:00,NIFTY 50,bullish,pro_LiqSweep+VP+RSI_Div,-304.0,-233.87,70.13,157.11,153.51,65,stop_loss_premium_phase3,immediate,True,False,True,False,True,False,False,False,False,3.95,1.18,14.4,accumulation,markup,low,2018-08-30,2018,2018-08,90.0,False
2018-08-31 09:30:00,2018-08-31 10:30:00,NIFTY 50,bullish,pro_LiqSweep+VP+RSI_Div,-108.05,-35.78,72.27,171.99,171.43,64,stop_loss_premium_phase2,immediate,True,False,True,False,True,False,False,False,True,4.68,1.73,16.76,accumulation,markup,low,2018-09-06,2018,2018-08,60.0,False
2018-08-31 10:45:00,2018-08-31 12:15:00,NIFTY 50,bullish,pro_LiqSweep+VP,-90.14,-25.82,64.32,121.29,120.87,62,stop_loss_premium_phase3,immediate,True,False,True,False,False,False,False,False,True,3.7,1.73,19.82,accumulation,markup,low,2018-09-06,2018,2018-08,90.0,False
2018-09-03 10:00:00,2018-09-03 11:45:00,NIFTY 50,bearish,pro_OTE+RSI_Div+VWAP,512.31,575.04,62.73,99.91,108.89,64,stop_loss_premium_phase3,immediate,False,False,False,True,True,False,False,True,True,1.46,2.9,18.39,markup,markup,low,2018-09-06,2018,2018-09,105.0,True
2018-10-08 11:15:00,2018-10-08 12:45:00,NIFTY 50,bearish,pro_FVG+OTE+VWAP,1238.0,1316.84,78.84,201.92,222.49,64,stop_loss_premium_phase3,immediate,False,True,False,True,False,False,False,True,True,1.5,3.34,58.47,markdown,markdown,high,2018-10-11,2018,2018-10,90.0,True
2018-10-09 11:15:00,2018-10-09 13:00:00,NIFTY 50,bearish,pro_FVG+OTE+RSI_Div+VWAP,1945.2,2023.39,78.19,186.64,217.77,65,stop_loss_premium_phase3,immediate,False,True,False,True,True,False,False,True,False,0.0,3.59,46.85,markup,markdown,high,2018-10-11,2018,2018-10,105.0,True
2018-10-09 14:15:00,2018-10-09 15:00:00,NIFTY 50,bearish,pro_LiqSweep+FVG+VWAP,2977.24,3055.87,78.63,181.1,228.85,64,target,immediate,True,True,False,False,False,False,False,True,False,0.0,3.23,30.95,markup,markdown,high,2018-10-11,2018,2018-10,45.0,True
2018-10-16 14:45:00,2018-10-17 09:30:00,NIFTY 50,bearish,pro_LiqSweep+RSI_Div+VWAP,-273.85,-201.4,72.45,172.36,169.26,65,stop_loss_premium_phase2,immediate,True,False,False,False,True,False,False,True,False,1.46,2.79,18.11,markup,markdown,high,2018-10-18,2018,2018-10,1125.0,False
2018-10-30 11:15:00,2018-10-30 12:45:00,NIFTY 50,bearish,pro_OTE+RSI_Div+VWAP,872.67,946.92,74.25,174.59,189.39,64,stop_loss_premium_phase3,immediate,False,False,False,True,True,False,False,True,True,1.46,2.9,30.51,markup,markdown,high,2018-11-01,2018,2018-10,90.0,True
2018-11-05 15:00:00,2018-11-06 09:15:00,NIFTY 50,bullish,pro_LiqSweep+FVG,1633.08,1699.28,66.2,109.42,135.56,65,target,immediate,True,True,False,False,False,False,False,False,False,2.93,0.3,17.42,markdown,volatile,high,2018-11-08,2018,2018-11,1095.0,True
2018-11-06 09:30:00,2018-11-06 10:45:00,NIFTY 50,bullish,pro_LiqSweep+VP+RSI_Div,-65.64,-2.37,63.27,108.3,108.27,65,stop_loss_premium_phase2,immediate,True,False,True,False,True,False,False,False,True,4.68,0.3,22.29,markup,volatile,high,2018-11-08,2018,2018-11,75.0,False
2018-11-06 11:00:00,2018-11-06 12:30:00,NIFTY 50,bullish,pro_LiqSweep+FVG,334.46,406.31,71.85,164.22,170.57,64,stop_loss_premium_phase3,immediate,True,True,False,False,False,False,False,False,True,3.67,0.3,21.82,markup,volatile,high,2018-11-08,2018,2018-11,90.0,True
2018-11-06 14:15:00,2018-11-09 09:15:00,NIFTY 50,bullish,pro_FVG+RSI_Div,2041.24,2116.9,75.66,171.22,204.29,64,target,immediate,False,True,False,False,True,False,False,False,True,3.15,0.3,18.16,markup,volatile,high,2018-11-08,2018,2018-11,4020.0,True
2018-11-13 14:45:00,2018-11-14 09:15:00,NIFTY 50,bullish,pro_FVG+VP,1983.86,2046.49,62.63,81.54,113.02,65,target,immediate,False,True,True,False,False,False,False,False,True,3.63,0.3,17.73,markdown,volatile,high,2018-11-15,2018,2018-11,1110.0,True
2018-11-20 14:30:00,2018-11-21 09:15:00,NIFTY 50,bearish,pro_VP+RSI_Div+VWAP,-66.18,-10.1,56.08,59.97,59.81,65,stop_loss_premium_phase2,immediate,False,False,True,False,True,False,False,True,True,1.5,3.49,15.14,markdown,markup,medium,2018-11-22,2018,2018-11,1125.0,False
2018-11-27 09:30:00,2018-11-27 11:00:00,NIFTY 50,bullish,pro_FVG+VP,-74.87,-15.06,59.81,86.48,86.24,64,stop_loss_premium_phase3,immediate,False,True,True,False,False,False,False,False,True,3.63,0.3,20.17,markup,markup,medium,2018-11-29,2018,2018-11,90.0,False
2018-11-27 11:15:00,2018-11-27 12:45:00,NIFTY 50,bullish,pro_LiqSweep+VP,323.41,385.36,61.95,96.65,102.67,64,stop_loss_premium_phase3,immediate,True,False,True,False,False,False,False,False,True,3.7,1.29,19.28,markup,markup,medium,2018-11-29,2018,2018-11,90.0,True
2018-11-27 14:15:00,2018-11-28 09:15:00,NIFTY 50,bullish,pro_LiqSweep+FVG+VP+RSI_Div,3349.11,3424.92,75.81,157.67,211.18,64,target,immediate,True,True,True,False,True,False,False,False,True,6.11,1.18,20.5,markup,markup,medium,2018-11-29,2018,2018-11,1140.0,True
2018-12-04 10:00:00,2018-12-04 11:30:00,NIFTY 50,bullish,pro_VP+OTE+RSI_Div,-74.27,-14.61,59.66,84.15,83.93,65,stop_loss_premium_phase3,immediate,False,False,True,True,True,False,False,False,True,4.06,1.73,18.9,markdown,markup,medium,2018-12-06,2018,2018-12,90.0,False
2018-12-04 14:15:00,2018-12-05 09:15:00,NIFTY 50,bullish,pro_LiqSweep+FVG+VP+RSI_Div,-108.08,-35.21,72.87,176.08,175.53,64,stop_loss_premium_phase2,immediate,True,True,True,False,True,False,False,False,True,6.11,1.18,13.1,markdown,markup,medium,2018-12-06,2018,2018-12,1140.0,False
2018-12-11 14:15:00,2018-12-12 09:30:00,NIFTY 50,bullish,pro_FVG+VP,4392.93,4471.85,78.92,167.3,237.17,64,target,immediate,False,True,True,False,False,False,False,False,True,3.63,0.3,39.48,markdown,markdown,medium,2018-12-13,2018,2018-12,1155.0,True
2018-12-14 10:30:00,2018-12-14 12:00:00,NIFTY 50,bullish,pro_FVG+VP,-116.41,-41.04,75.37,190.3,189.67,65,stop_loss_premium_phase3,immediate,False,True,True,False,False,False,False,False,False,2.89,0.3,26.57,markup,markup,medium,2018-12-20,2018,2018-12,90.0,False
2018-12-14 14:30:00,2018-12-17 09:15:00,NIFTY 50,bullish,pro_FVG+VP+OTE,1846.68,1913.95,67.27,116.04,145.94,64,target,immediate,False,True,True,True,False,False,False,False,False,3.77,1.8,17.0,markup,markup,medium,2018-12-20,2018,2018-12,4005.0,True
2018-12-18 09:30:00,2018-12-18 10:30:00,NIFTY 50,bullish,pro_FVG+OTE,-58.65,-1.48,57.17,67.2,67.18,65,stop_loss_premium_phase2,immediate,False,True,False,True,False,False,False,False,True,3.04,0.3,16.86,markup,markup,medium,2018-12-20,2018,2018-12,60.0,False
2018-12-21 09:45:00,2018-12-21 10:15:00,NIFTY 50,bearish,pro_FVG+OTE+VWAP,1882.86,1957.62,74.76,166.84,197.43,64,target,immediate,False,True,False,True,False,False,False,True,True,1.46,3.34,18.95,markup,markdown,medium,2018-12-27,2018,2018-12,30.0,True
2018-12-31 10:00:00,2018-12-31 11:45:00,NIFTY 50,bearish,pro_LiqSweep+RSI_Div+VWAP,1084.45,1156.99,72.54,158.12,175.92,65,stop_loss_premium_phase3,immediate,True,False,False,False,True,False,False,True,False,1.46,2.79,17.1,markup,markup,medium,2019-01-03,2018,2018-12,105.0,True
2019-01-01 10:00:00,2019-01-01 11:30:00,NIFTY 50,bearish,pro_VP+RSI_Div+VWAP,-74.66,-14.93,59.73,85.9,85.67,64,stop_loss_premium_phase3,immediate,False,False,True,False,True,False,False,True,False,1.43,2.75,15.87,markdown,markup,medium,2019-01-03,2019,2019-01,90.0,False
2019-01-04 11:00:00,2019-01-04 13:00:00,NIFTY 50,bullish,pro_LiqSweep+OTE+RSI_Div,2134.33,2213.59,79.26,194.79,229.37,64,stop_loss_premium_phase3,immediate,True,False,False,True,True,False,False,False,True,4.1,0.3,26.82,markdown,markdown,medium,2019-01-10,2019,2019-01,120.0,True
2019-01-04 14:15:00,2019-01-07 09:15:00,NIFTY 50,bullish,pro_LiqSweep+FVG+OTE,2912.6,2993.93,81.33,200.27,247.05,64,target,immediate,True,True,False,True,False,False,False,False,True,4.54,0.3,23.99,markdown,markdown,medium,2019-01-10,2019,2019-01,4020.0,True
2019-01-07 11:30:00,2019-01-07 13:00:00,NIFTY 50,bearish,pro_FVG+RSI_Div+VWAP,-276.43,-206.11,70.32,158.06,154.89,65,stop_loss_premium_phase3,immediate,False,True,False,False,True,False,False,True,True,1.46,3.45,25.16,markup,markdown,medium,2019-01-10,2019,2019-01,90.0,False
2019-01-08 09:30:00,2019-01-08 11:00:00,NIFTY 50,bullish,pro_LiqSweep+FVG+OTE,1240.46,1301.45,60.99,79.89,100.22,64,stop_loss_premium_phase3,immediate,True,True,False,True,False,False,False,False,True,4.54,0.3,18.03,markdown,markup,medium,2019-01-10,2019,2019-01,90.0,True
2019-01-08 11:15:00,2019-01-08 12:45:00,NIFTY 50,bullish,pro_LiqSweep+OTE+RSI_Div,-87.02,-14.83,72.19,173.96,173.72,63,stop_loss_premium_phase3,immediate,True,False,False,True,True,False,False,False,True,4.1,1.73,22.36,markdown,markup,medium,2019-01-10,2019,2019-01,90.0,False
2019-01-08 14:15:00,2019-01-08 15:15:00,NIFTY 50,bullish,pro_LiqSweep+VP+RSI_Div,-55.1,3.22,58.32,76.07,76.12,64,stop_loss_premium_phase2,immediate,True,False,True,False,True,False,False,False,True,4.68,0.3,16.09,markdown,markup,medium,2019-01-10,2019,2019-01,60.0,False
2019-01-09 09:15:00,2019-01-09 09:30:00,NIFTY 50,bullish,pro_LiqSweep+FVG+VP,-1287.5,-1225.84,61.66,112.6,93.44,64,target,immediate,True,True,True,False,False,False,False,False,True,5.13,0.3,15.51,markdown,accumulation,medium,2019-01-10,2019,2019-01,15.0,False
2019-01-18 09:30:00,2019-01-18 11:00:00,NIFTY 50,bullish,pro_LiqSweep+FVG,-99.89,-29.19,70.7,163.74,163.27,63,stop_loss_premium_phase3,immediate,True,True,False,False,False,False,False,False,True,3.67,1.29,20.83,markup,accumulation,medium,2019-01-24,2019,2019-01,90.0,False
2019-01-18 11:30:00,2019-01-18 13:00:00,NIFTY 50,bullish,pro_LiqSweep+VP,-108.05,-36.16,71.89,172.08,171.5,63,stop_loss_premium_phase3,immediate,True,False,True,False,False,False,False,False,True,3.7,0.3,23.51,markdown,accumulation,medium,2019-01-24,2019,2019-01,90.0,False
2019-01-18 14:15:00,2019-01-21 09:30:00,NIFTY 50,bullish,pro_VP+RSI_Div,688.55,749.37,60.82,86.26,98.15,63,stop_loss_premium_phase3,immediate,False,False,True,False,True,False,False,False,True,3.18,1.18,14.78,markdown,accumulation,medium,2019-01-24,2019,2019-01,4035.0,True
2019-01-22 09:15:00,2019-01-22 10:45:00,NIFTY 50,bullish,pro_FVG+VP,-69.97,-12.18,57.79,73.77,73.58,63,stop_loss_premium_phase3,immediate,False,True,True,False,False,False,False,False,True,3.63,1.8,11.6,markup,markup,low,2019-01-24,2019,2019-01,90.0,False
2019-01-23 09:15:00,2019-01-23 10:45:00,NIFTY 50,bullish,pro_FVG+VP,-1107.45,-1035.07,72.38,186.81,170.38,63,stop_loss_premium_phase3,immediate,False,True,True,False,False,False,False,False,True,3.63,0.3,16.78,markdown,accumulation,low,2019-01-24,2019,2019-01,90.0,False
2019-02-04 15:15:00,2019-02-05 10:45:00,NIFTY 50,bullish,pro_FVG+VP,658.58,731.28,72.7,171.75,183.54,62,stop_loss_premium_phase3,immediate,False,True,True,False,False,False,False,False,False,2.89,0.3,20.86,markdown,markup,low,2019-02-07,2019,2019-02,1170.0,True
2019-02-11 14:30:00,2019-02-12 09:15:00,NIFTY 50,bullish,pro_LiqSweep+FVG+VP+RSI_Div,-76.47,-17.89,58.58,79.34,79.05,63,stop_loss_premium_phase2,immediate,True,True,True,False,True,False,False,False,False,5.38,1.18,15.69,accumulation,markup,low,2019-02-14,2019,2019-02,1125.0,False
2019-02-12 14:30:00,2019-02-13 09:15:00,NIFTY 50,bearish,pro_LiqSweep+OTE+VWAP,-98.99,-28.67,70.32,161.12,160.66,63,stop_loss_premium_phase2,immediate,True,False,False,True,False,False,False,True,True,1.46,3.41,12.56,markdown,accumulation,low,2019-02-14,2019,2019-02,1125.0,False
2019-02-15 14:15:00,2019-02-18 09:15:00,NIFTY 50,bullish,pro_LiqSweep+RSI_Div,2159.18,2237.16,77.98,188.72,224.23,63,target,immediate,True,False,False,False,True,False,False,False,True,3.22,0.3,21.8,markdown,accumulation,low,2019-02-21,2019,2019-02,4020.0,True
2019-02-22 09:30:00,2019-02-22 11:00:00,NIFTY 50,bullish,pro_FVG+VP,1174.84,1251.14,76.3,182.37,201.62,65,stop_loss_premium_phase3,immediate,False,True,True,False,False,False,False,False,True,3.63,0.3,16.03,markup,markdown,low,2019-02-28,2019,2019-02,90.0,True
2019-02-25 09:30:00,2019-02-25 11:00:00,NIFTY 50,bullish,pro_FVG+VP,258.26,330.91,72.65,170.5,175.67,64,stop_loss_premium_phase3,immediate,False,True,True,False,False,False,False,False,True,3.63,1.18,14.37,markup,markup,low,2019-02-28,2019,2019-02,90.0,True
2019-02-26 09:15:00,2019-02-26 10:15:00,NIFTY 50,bullish,pro_FVG+VP,-231.16,-179.9,51.26,29.78,26.97,64,stop_loss_premium_phase2,immediate,False,True,True,False,False,False,False,False,True,3.63,1.8,11.77,markup,markup,low,2019-02-28,2019,2019-02,60.0,False
2019-03-05 09:30:00,2019-03-05 10:45:00,NIFTY 50,bullish,pro_LiqSweep+FVG+VP+RSI_Div,1737.41,1797.05,59.64,65.13,93.21,64,target,immediate,True,True,True,False,True,False,False,False,True,6.11,0.3,13.1,accumulation,markup,low,2019-03-07,2019,2019-03,75.0,True
2019-03-05 11:00:00,2019-03-05 13:15:00,NIFTY 50,bullish,pro_LiqSweep+VP,874.65,933.03,58.38,65.14,79.5,65,stop_loss_premium_phase3,immediate,True,False,True,False,False,False,False,False,True,3.7,1.73,15.7,accumulation,markup,low,2019-03-07,2019,2019-03,135.0,True
2019-03-08 14:15:00,2019-03-11 09:15:00,NIFTY 50,bullish,pro_FVG+VP+RSI_Div,1502.08,1566.56,64.48,100.81,125.29,64,target,immediate,False,True,True,False,True,False,False,False,False,3.88,0.3,13.06,markdown,markup,low,2019-03-14,2019,2019-03,4020.0,True
2019-03-11 10:00:00,2019-03-11 11:30:00,NIFTY 50,bullish,pro_FVG+VP,329.16,393.0,63.84,107.83,113.87,65,stop_loss_premium_phase3,immediate,False,True,True,False,False,False,False,False,True,3.63,0.3,18.87,markdown,markup,low,2019-03-14,2019,2019-03,90.0,True
2019-03-11 14:15:00,2019-03-12 09:15:00,NIFTY 50,bullish,pro_LiqSweep+VP,874.96,933.8,58.84,69.26,83.85,64,target,immediate,True,False,True,False,False,False,False,False,True,3.7,2.16,8.8,markdown,markup,low,2019-03-14,2019,2019-03,1140.0,True
2019-03-19 09:30:00,2019-03-19 11:15:00,NIFTY 50,bullish,pro_LiqSweep+VP,668.97,733.09,64.12,106.0,117.28,65,stop_loss_premium_phase3,immediate,True,False,True,False,False,False,False,False,True,3.7,1.18,22.64,markdown,markup,low,2019-03-21,2019,2019-03,105.0,True
2019-03-19 11:30:00,2019-03-19 13:00:00,NIFTY 50,bullish,pro_LiqSweep+VP+RSI_Div,89.8,163.63,73.83,180.47,183.03,64,stop_loss_premium_phase3,immediate,True,False,True,False,True,False,False,False,True,4.68,1.18,21.53,markdown,markup,low,2019-03-21,2019,2019-03,90.0,True
2019-03-19 14:15:00,2019-03-19 15:00:00,NIFTY 50,bullish,pro_LiqSweep+VP,1826.84,1901.41,74.57,166.15,195.86,64,target,immediate,True,False,True,False,False,False,False,False,True,3.7,0.3,12.95,markdown,markup,low,2019-03-21,2019,2019-03,45.0,True
2019-03-19 15:15:00,2019-03-20 10:30:00,NIFTY 50,bullish,pro_LiqSweep+VP,-68.94,-12.93,56.01,60.43,60.22,64,stop_loss_premium_phase3,immediate,True,False,True,False,False,False,False,False,True,3.7,1.29,15.8,markdown,markup,low,2019-03-21,2019,2019-03,1155.0,False
2019-03-22 11:00:00,2019-03-22 12:30:00,NIFTY 50,bearish,pro_LiqSweep+FVG+VWAP,693.07,765.76,72.69,165.97,177.93,64,stop_loss_premium_phase3,immediate,True,True,False,False,False,False,False,True,True,0.99,3.97,21.71,markup,markup,low,2019-03-28,2019,2019-03,90.0,True
2019-03-22 14:30:00,2019-03-25 09:15:00,NIFTY 50,bearish,pro_FVG+RSI_Div+VWAP,1705.03,1776.47,71.44,146.13,173.89,64,target,immediate,False,True,False,False,True,False,False,True,True,1.5,3.45,18.11,markup,markup,low,2019-03-28,2019,2019-03,4005.0,True
2019-03-26 09:30:00,2019-03-26 11:00:00,NIFTY 50,bullish,pro_LiqSweep+VP+RSI_Div,-107.01,-33.12,73.89,180.25,179.74,65,stop_loss_premium_phase3,immediate,True,False,True,False,True,False,False,False,True,4.68,2.61,16.88,accumulation,markup,low,2019-03-28,2019,2019-03,90.0,False
2019-03-26 11:15:00,2019-03-26 12:45:00,NIFTY 50,bullish,pro_LiqSweep+FVG+VP+RSI_Div,-83.05,-21.98,61.07,95.18,94.84,64,stop_loss_premium_phase3,immediate,True,True,True,False,True,False,False,False,True,6.11,1.18,17.82,accumulation,markup,low,2019-03-28,2019,2019-03,90.0,False
2019-04-05 09:45:00,2019-04-05 11:15:00,NIFTY 50,bullish,pro_FVG+VP,-88.47,-14.61,73.86,182.65,182.42,64,stop_loss_premium_phase3,immediate,False,True,True,False,False,False,False,False,True,3.63,1.8,24.14,markdown,markup,low,2019-04-11,2019,2019-04,90.0,False
2019-04-05 14:15:00,2019-04-05 15:15:00,NIFTY 50,bullish,pro_FVG+VP,1991.35,2064.43,73.08,154.19,186.44,64,target,immediate,False,True,True,False,False,False,False,False,True,3.63,1.8,15.15,markdown,markup,low,2019-04-11,2019,2019-04,60.0,True
2019-04-08 09:15:00,2019-04-08 10:45:00,NIFTY 50,bullish,pro_LiqSweep+VP+RSI_Div,-1247.42,-1182.9,64.52,129.71,111.51,65,stop_loss_premium_phase3,immediate,True,False,True,False,True,False,False,False,True,4.68,0.3,16.66,markdown,markup,low,2019-04-11,2019,2019-04,90.0,False
2019-04-09 10:15:00,2019-04-09 11:45:00,NIFTY 50,bullish,pro_FVG+VP,-112.64,-38.65,73.99,183.79,183.19,64,stop_loss_premium_phase3,immediate,False,True,True,False,False,False,False,False,True,3.63,1.18,25.53,markdown,markup,low,2019-04-11,2019,2019-04,90.0,False
2019-04-09 14:15:00,2019-04-10 09:45:00,NIFTY 50,bullish,pro_LiqSweep+VP,708.46,766.59,58.13,66.28,78.26,64,stop_loss_premium_phase3,immediate,True,False,True,False,False,False,False,False,True,3.7,1.29,17.95,markdown,markup,low,2019-04-11,2019,2019-04,1170.0,True
2019-04-12 09:45:00,2019-04-12 11:15:00,NIFTY 50,bullish,pro_FVG+VP,-93.86,-19.73,74.13,184.56,184.25,64,stop_loss_premium_phase3,immediate,False,True,True,False,False,False,False,False,True,3.63,1.8,17.82,markup,markup,low,2019-04-18,2019,2019-04,90.0,False
2019-04-15 09:15:00,2019-04-15 10:15:00,NIFTY 50,bullish,pro_FVG+VP,6.64,73.8,67.16,135.8,136.95,64,target,immediate,False,True,True,False,False,False,False,False,True,3.63,1.18,15.21,markup,markup,low,2019-04-18,2019,2019-04,60.0,True
2019-04-23 10:00:00,2019-04-23 11:30:00,NIFTY 50,bullish,pro_FVG+OTE+RSI_Div,337.29,398.24,60.95,89.7,95.93,64,stop_loss_premium_phase3,immediate,False,True,False,True,True,False,False,False,False,3.29,0.3,20.62,markdown,markdown,low,2019-04-25,2019,2019-04,90.0,True
2019-04-23 14:15:00,2019-04-23 15:15:00,NIFTY 50,bullish,pro_LiqSweep+VP,-47.99,7.26,55.25,55.02,55.13,64,stop_loss_premium_phase2,immediate,True,False,True,False,False,False,False,False,False,2.96,1.18,15.16,markdown,markdown,low,2019-04-25,2019,2019-04,60.0,False
2019-04-24 09:15:00,2019-04-24 10:45:00,NIFTY 50,bearish,pro_LiqSweep+FVG+VWAP,-108.09,-39.52,68.57,149.06,148.43,63,stop_loss_premium_phase3,immediate,True,True,False,False,False,False,False,True,False,0.0,3.23,18.02,markdown,markup,medium,2019-04-25,2019,2019-04,90.0,False
2019-04-26 14:30:00,2019-04-30 09:30:00,NIFTY 50,bullish,pro_FVG+VP,-100.47,-30.9,69.57,153.45,152.97,64,stop_loss_premium_phase2,immediate,False,True,True,False,False,False,False,False,True,3.63,0.3,14.59,markdown,markup,low,2019-05-02,2019,2019-04,5460.0,False
2019-04-30 09:45:00,2019-04-30 11:15:00,NIFTY 50,bullish,pro_FVG+OTE,1075.94,1136.4,60.46,79.32,97.36,63,stop_loss_premium_phase3,immediate,False,True,False,True,False,False,False,False,True,3.04,0.3,19.69,markdown,markup,low,2019-05-02,2019,2019-04,90.0,True
2019-04-30 14:15:00,2019-04-30 15:00:00,NIFTY 50,bullish,pro_LiqSweep+VP+RSI_Div,2024.46,2087.2,62.74,83.14,115.75,64,target,immediate,True,False,True,False,True,False,False,False,True,4.68,0.3,18.69,markup,markup,low,2019-05-02,2019,2019-04,45.0,True
2019-04-30 15:15:00,2019-05-02 10:45:00,NIFTY 50,bullish,pro_LiqSweep+VP+RSI_Div,1313.87,1375.42,61.55,81.62,102.78,65,stop_loss_premium_phase3,immediate,True,False,True,False,True,False,False,False,True,4.68,0.3,20.66,markup,markup,low,2019-05-02,2019,2019-04,2610.0,True
2019-05-13 10:15:00,2019-05-13 12:15:00,NIFTY 50,bearish,pro_FVG+RSI_Div+VWAP,1113.28,1189.26,75.98,183.76,202.34,64,stop_loss_premium_phase3,immediate,False,True,False,False,True,False,False,True,True,1.5,3.45,30.67,markdown,markdown,low,2019-05-16,2019,2019-05,120.0,True
2019-05-17 09:30:00,2019-05-17 11:00:00,NIFTY 50,bullish,pro_LiqSweep+VP,255.02,331.83,76.81,198.96,204.14,64,stop_loss_premium_phase3,immediate,True,False,True,False,False,False,False,False,True,3.7,0.3,31.01,markup,markdown,medium,2019-05-23,2019,2019-05,90.0,True
2019-05-21 11:00:00,2019-05-21 12:30:00,NIFTY 50,bearish,pro_FVG+OTE+VWAP,894.45,969.07,74.62,176.91,192.05,64,stop_loss_premium_phase3,immediate,False,True,False,True,False,False,False,True,True,1.46,3.34,28.99,markup,markup,high,2019-05-23,2019,2019-05,90.0,True
2019-05-28 09:15:00,2019-05-28 11:45:00,NIFTY 50,bullish,pro_FVG+VP,-2405.11,-2329.34,75.77,221.46,185.06,64,stop_loss_premium_phase3,immediate,False,True,True,False,False,False,False,False,True,3.63,1.29,22.09,accumulation,markup,high,2019-05-30,2019,2019-05,150.0,False
2019-06-03 14:15:00,2019-06-03 15:15:00,NIFTY 50,bullish,pro_VP+RSI_Div,1308.62,1369.95,61.33,84.09,106.19,62,target,immediate,False,False,True,False,True,False,False,False,True,3.18,1.8,16.27,markup,markup,high,2019-06-06,2019,2019-06,60.0,True
2019-06-04 09:15:00,2019-06-04 10:15:00,NIFTY 50,bullish,pro_FVG+VP,-47.7,17.18,64.88,122.73,123.01,63,stop_loss_premium_phase2,immediate,False,True,True,False,False,False,False,False,True,3.63,1.8,17.9,markup,markup,high,2019-06-06,2019,2019-06,60.0,False
2019-06-07 15:15:00,2019-06-10 09:15:00,NIFTY 50,bullish,pro_FVG+VP,2827.32,2907.15,79.83,194.0,240.15,63,target,immediate,False,True,True,False,False,False,False,False,True,3.63,2.16,23.61,markdown,markup,high,2019-06-13,2019,2019-06,3960.0,True
2019-06-11 09:15:00,2019-06-11 10:45:00,NIFTY 50,bearish,pro_FVG+OTE+RSI_Div+VWAP,-67.33,2.11,69.44,149.87,149.9,65,stop_loss_premium_phase3,immediate,False,True,False,True,True,False,False,True,False,1.46,3.59,20.86,markdown,markup,high,2019-06-13,2019,2019-06,90.0,False
2019-06-11 11:00:00,2019-06-11 12:30:00,NIFTY 50,bullish,pro_FVG+VP,657.0,721.32,64.32,109.18,120.45,64,stop_loss_premium_phase3,immediate,False,True,True,False,False,False,False,False,True,3.63,1.18,21.36,markdown,markup,high,2019-06-13,2019,2019-06,90.0,True
2019-06-14 09:30:00,2019-06-14 11:00:00,NIFTY 50,bullish,pro_LiqSweep+FVG,772.45,849.29,76.84,193.43,206.7,64,stop_loss_premium_phase3,immediate,True,True,False,False,False,False,False,False,True,3.67,0.3,19.31,markup,markdown,medium,2019-06-20,2019,2019-06,90.0,True
2019-06-14 14:30:00,2019-06-17 09:15:00,NIFTY 50,bullish,pro_VP+OTE,-80.85,-21.04,59.81,86.58,86.25,64,stop_loss_premium_phase2,immediate,False,False,True,True,False,False,False,False,True,3.07,0.3,13.38,markup,markdown,medium,2019-06-20,2019,2019-06,4005.0,False
2019-06-18 11:30:00,2019-06-18 13:00:00,NIFTY 50,bearish,pro_LiqSweep+OTE+VWAP,59.52,123.23,63.71,111.61,113.54,64,stop_loss_premium_phase3,immediate,True,False,False,True,False,False,False,True,True,1.46,3.41,22.85,markdown,markdown,medium,2019-06-20,2019,2019-06,90.0,True
2019-06-18 14:15:00,2019-06-18 14:45:00,NIFTY 50,bearish,pro_LiqSweep+FVG+OTE+VWAP,1676.43,1735.78,59.35,63.81,90.93,64,target,immediate,True,True,False,True,False,False,False,True,True,1.46,4.84,16.85,markup,markdown,medium,2019-06-20,2019,2019-06,30.0,True
2019-06-18 15:00:00,2019-06-19 09:45:00,NIFTY 50,bearish,pro_LiqSweep+VP+VWAP,-279.97,-209.23,70.74,160.91,157.69,65,stop_loss_premium_phase2,immediate,True,False,True,False,False,False,False,True,True,0.0,4.0,20.35,markup,markdown,medium,2019-06-20,2019,2019-06,1125.0,False
2019-06-28 10:00:00,2019-06-28 11:30:00,NIFTY 50,bullish,pro_LiqSweep+OTE+RSI_Div,-302.34,-227.63,74.71,190.84,187.29,64,stop_loss_premium_phase3,immediate,True,False,False,True,True,False,False,False,False,3.36,1.73,26.7,markdown,accumulation,low,2019-07-04,2019,2019-06,90.0,False
2019-07-02 10:00:00,2019-07-02 11:30:00,NIFTY 50,bullish,pro_VP+OTE+RSI_Div,-103.08,-32.21,70.87,162.4,161.9,64,stop_loss_premium_phase3,immediate,False,False,True,True,True,False,False,False,True,4.06,1.8,13.7,markup,markup,low,2019-07-04,2019,2019-07,90.0,False
2019-07-03 09:15:00,2019-07-03 12:45:00,NIFTY 50,bullish,pro_FVG+VP,-164.6,-90.1,74.5,187.84,186.43,64,time_stop,immediate,False,True,True,False,False,False,False,False,True,3.63,0.3,16.1,markup,markup,low,2019-07-04,2019,2019-07,210.0,False
2019-07-09 14:15:00,2019-07-10 09:30:00,NIFTY 50,bullish,pro_LiqSweep+VP,1442.6,1516.42,73.82,165.31,189.01,64,stop_loss_premium_phase3,immediate,True,False,True,False,False,False,False,False,True,3.7,1.18,26.43,markdown,markdown,low,2019-07-11,2019,2019-07,1155.0,True
2019-07-12 09:30:00,2019-07-12 11:00:00,NIFTY 50,bearish,pro_LiqSweep+OTE+RSI_Div+VWAP,78.11,149.3,71.19,162.52,164.85,64,stop_loss_premium_phase3,immediate,True,False,False,True,True,False,False,True,True,1.46,4.4,16.89,markup,markdown,medium,2019-07-18,2019,2019-07,90.0,True
2019-07-12 11:30:00,2019-07-12 13:00:00,NIFTY 50,bearish,pro_LiqSweep+OTE+VWAP,316.08,387.92,71.84,164.36,170.43,64,stop_loss_premium_phase3,immediate,True,False,False,True,False,False,False,True,True,1.46,3.41,17.57,markup,markdown,medium,2019-07-18,2019,2019-07,90.0,True
2019-07-16 09:30:00,2019-07-16 11:00:00,NIFTY 50,bullish,pro_VP+RSI_Div,89.26,146.41,57.15,66.49,68.78,64,stop_loss_premium_phase3,immediate,False,False,True,False,True,False,False,False,True,3.18,1.8,18.48,markup,markdown,low,2019-07-18,2019,2019-07,90.0,True
2019-07-22 14:15:00,2019-07-23 09:30:00,NIFTY 50,bullish,pro_VP+RSI_Div,-102.5,-30.79,71.71,168.1,167.62,64,stop_loss_premium_phase3,immediate,False,False,True,False,True,False,False,False,True,3.18,1.73,18.67,markdown,markdown,medium,2019-07-25,2019,2019-07,1155.0,False
2019-07-26 09:45:00,2019-07-26 11:30:00,NIFTY 50,bullish,pro_LiqSweep+OTE+RSI_Div,3098.09,3178.49,80.4,191.85,241.52,64,target,immediate,True,False,False,True,True,False,False,False,True,4.1,0.3,26.68,markdown,markdown,low,2019-08-01,2019,2019-07,105.0,True
2019-07-26 14:15:00,2019-07-29 09:30:00,NIFTY 50,bullish,pro_LiqSweep+VP+RSI_Div,-101.58,-30.19,71.39,163.34,162.87,65,stop_loss_premium_phase3,immediate,True,False,True,False,True,False,False,False,True,4.68,1.18,20.31,markdown,markdown,low,2019-08-01,2019,2019-07,4035.0,False
2019-08-02 09:30:00,2019-08-02 11:00:00,NIFTY 50,bullish,pro_LiqSweep+RSI_Div,-113.98,-37.47,76.51,201.02,200.43,64,stop_loss_premium_phase3,immediate,True,False,False,False,True,False,False,False,True,3.22,0.3,34.7,markdown,markdown,low,2019-08-08,2019,2019-08,90.0,False
2019-08-02 11:15:00,2019-08-02 12:45:00,NIFTY 50,bullish,pro_LiqSweep+OTE+RSI_Div,1148.26,1228.19,79.93,210.36,229.55,64,stop_loss_premium_phase3,immediate,True,False,False,True,True,False,False,False,True,4.1,0.3,37.32,markdown,markdown,low,2019-08-08,2019,2019-08,90.0,True
2019-08-02 14:15:00,2019-08-05 09:15:00,NIFTY 50,bullish,pro_LiqSweep+VP+RSI_Div,-305.86,-227.53,78.33,215.6,212.04,64,stop_loss_premium_phase2,immediate,True,False,True,False,True,False,False,False,True,4.68,0.3,35.62,markdown,markdown,low,2019-08-08,2019,2019-08,4020.0,False
2019-08-06 10:30:00,2019-08-06 12:00:00,NIFTY 50,bullish,pro_FVG+VP,-109.65,-36.24,73.41,179.8,179.24,64,stop_loss_premium_phase3,immediate,False,True,True,False,False,False,False,False,True,3.63,1.18,32.04,markup,markdown,low,2019-08-08,2019,2019-08,90.0,False
2019-08-06 14:15:00,2019-08-06 15:15:00,NIFTY 50,bullish,pro_LiqSweep+VP,-86.28,-16.41,69.87,155.35,155.09,64,stop_loss_premium_phase2,immediate,True,False,True,False,False,False,False,False,True,3.7,1.29,20.51,markup,markdown,low,2019-08-08,2019,2019-08,60.0,False
2019-08-07 09:15:00,2019-08-07 09:30:00,NIFTY 50,bullish,pro_LiqSweep+OTE,880.08,947.26,67.18,130.29,145.57,62,target,immediate,True,False,False,True,False,False,False,False,True,3.11,0.3,24.47,markup,markdown,low,2019-08-08,2019,2019-08,15.0,True
2019-08-09 14:30:00,2019-08-13 09:15:00,NIFTY 50,bearish,pro_LiqSweep+RSI_Div+VWAP,2339.93,2412.58,72.65,147.35,185.04,64,target,immediate,True,False,False,False,True,False,False,True,True,0.0,3.53,20.77,markup,markdown,medium,2019-08-15,2019,2019-08,5445.0,True
2019-08-16 14:30:00,2019-08-19 09:15:00,NIFTY 50,bullish,pro_VP+RSI_Div,2124.35,2201.77,77.42,179.54,213.41,65,target,immediate,False,False,True,False,True,False,False,False,True,3.18,1.8,22.94,markdown,markdown,medium,2019-08-22,2019,2019-08,4005.0,True
2019-08-19 14:30:00,2019-08-20 09:45:00,NIFTY 50,bearish,pro_VP+RSI_Div+VWAP,536.71,601.37,64.66,111.09,120.34,65,stop_loss_premium_phase3,immediate,False,False,True,False,True,False,False,True,True,1.43,3.49,18.41,markup,markdown,medium,2019-08-22,2019,2019-08,1155.0,True
2019-09-09 10:30:00,2019-09-09 12:00:00,NIFTY 50,bullish,pro_FVG+VP,644.78,717.51,72.73,164.2,175.24,65,stop_loss_premium_phase3,immediate,False,True,True,False,False,False,False,False,True,3.63,1.29,23.71,markup,distribution,high,2019-09-12,2019,2019-09,90.0,True
2019-09-11 09:15:00,2019-09-11 11:30:00,NIFTY 50,bullish,pro_FVG+VP,535.85,598.44,62.59,98.65,108.0,64,target,immediate,False,True,True,False,False,False,False,False,True,3.63,0.3,15.31,accumulation,accumulation,medium,2019-09-12,2019,2019-09,135.0,True
2019-09-13 09:45:00,2019-09-13 11:15:00,NIFTY 50,bullish,pro_FVG+OTE+RSI_Div,-111.56,-38.11,73.45,177.32,176.73,65,stop_loss_premium_phase3,immediate,False,True,False,True,True,False,False,False,True,4.03,0.3,25.92,markdown,markup,medium,2019-09-19,2019,2019-09,90.0,False
2019-09-13 11:30:00,2019-09-13 13:00:00,NIFTY 50,bullish,pro_FVG+OTE,315.8,389.11,73.31,174.4,180.48,64,stop_loss_premium_phase3,immediate,False,True,False,True,False,False,False,False,True,3.04,0.3,28.16,markdown,markup,medium,2019-09-19,2019,2019-09,90.0,True
2019-09-13 14:15:00,2019-09-13 15:00:00,NIFTY 50,bullish,pro_VP+RSI_Div,1922.41,2000.83,78.42,191.4,222.66,64,target,immediate,False,False,True,False,True,False,False,False,True,3.18,1.8,18.55,markdown,markup,medium,2019-09-19,2019,2019-09,45.0,True
2019-09-13 15:15:00,2019-09-16 10:00:00,NIFTY 50,bullish,pro_VP+RSI_Div,-311.77,-241.59,70.18,157.55,153.83,65,stop_loss_premium_phase2,immediate,False,False,True,False,True,False,False,False,True,3.18,1.8,20.29,markdown,markup,medium,2019-09-19,2019,2019-09,4005.0,False
2019-09-24 09:45:00,2019-09-24 11:15:00,NIFTY 50,bullish,pro_LiqSweep+OTE,-112.47,-36.11,76.36,199.97,199.4,64,stop_loss_premium_phase3,immediate,True,False,False,True,False,False,False,False,True,3.11,0.3,42.2,markup,volatile,extreme,2019-09-26,2019,2019-09,90.0,False
2019-09-24 11:30:00,2019-09-24 13:00:00,NIFTY 50,bullish,pro_LiqSweep+RSI_Div,837.87,911.61,73.74,174.26,188.73,63,stop_loss_premium_phase3,immediate,True,False,False,False,True,False,False,False,True,3.22,0.3,39.41,markup,volatile,extreme,2019-09-26,2019,2019-09,90.0,True
2019-09-24 14:15:00,2019-09-25 09:15:00,NIFTY 50,bullish,pro_LiqSweep+FVG+OTE,-107.35,-33.44,73.91,183.21,182.68,64,stop_loss_premium_phase2,immediate,True,True,False,True,False,False,False,False,True,4.54,0.3,27.46,markup,volatile,extreme,2019-09-26,2019,2019-09,1140.0,False
2019-09-27 15:15:00,2019-09-30 10:00:00,NIFTY 50,bullish,pro_FVG+RSI_Div,-247.04,-173.08,73.96,185.1,182.39,64,stop_loss_premium_phase2,immediate,False,True,False,False,True,False,False,False,True,3.15,1.8,21.39,markdown,volatile,extreme,2019-10-03,2019,2019-09,4005.0,False
2019-09-30 11:15:00,2019-09-30 12:45:00,NIFTY 50,bullish,pro_LiqSweep+RSI_Div,161.92,232.81,70.89,159.54,163.18,64,stop_loss_premium_phase3,immediate,True,False,False,False,True,False,False,False,True,3.22,0.3,25.89,markdown,volatile,extreme,2019-10-03,2019,2019-09,90.0,True
2019-09-30 14:15:00,2019-09-30 15:15:00,NIFTY 50,bullish,pro_LiqSweep+OTE,-72.64,-8.53,64.11,115.83,115.69,64,stop_loss_premium_phase2,immediate,True,False,False,True,False,False,False,False,True,3.11,0.3,21.03,markdown,volatile,extreme,2019-10-03,2019,2019-09,60.0,False
2019-10-04 14:15:00,2019-10-07 09:15:00,NIFTY 50,bearish,pro_LiqSweep+FVG+VWAP,3539.76,3620.93,81.17,192.17,248.75,64,target,immediate,True,True,False,False,False,False,False,True,True,0.0,3.97,36.07,markdown,volatile,extreme,2019-10-10,2019,2019-10,4020.0,True
2019-10-07 09:45:00,2019-10-07 11:15:00,NIFTY 50,bearish,pro_LiqSweep+FVG+VWAP,-116.38,-38.57,77.81,206.73,206.13,65,stop_loss_premium_phase3,immediate,True,True,False,False,False,False,False,True,True,0.88,3.97,39.84,markdown,volatile,extreme,2019-10-10,2019,2019-10,90.0,False
2019-10-11 09:45:00,2019-10-11 10:45:00,NIFTY 50,bullish,pro_LiqSweep+VP,-115.93,-41.16,74.77,189.13,188.49,64,stop_loss_premium_phase2,immediate,True,False,True,False,False,False,False,False,True,3.7,1.29,28.41,markup,volatile,extreme,2019-10-17,2019,2019-10,60.0,False
2019-10-11 11:00:00,2019-10-11 12:30:00,NIFTY 50,bullish,pro_LiqSweep+OTE,389.5,466.92,77.42,211.6,219.26,61,stop_loss_premium_phase3,immediate,True,False,False,True,False,False,False,False,True,3.11,0.3,36.8,markup,volatile,extreme,2019-10-17,2019,2019-10,90.0,True
2019-10-15 10:15:00,2019-10-15 11:45:00,NIFTY 50,bullish,pro_LiqSweep+VP,1000.83,1073.8,72.97,164.46,181.24,64,stop_loss_premium_phase3,immediate,True,False,True,False,False,False,False,False,True,3.7,1.18,28.78,markup,volatile,extreme,2019-10-17,2019,2019-10,90.0,True
2019-10-25 09:45:00,2019-10-25 11:15:00,NIFTY 50,bearish,pro_LiqSweep+OTE+VWAP,687.61,763.68,76.07,189.09,201.03,64,stop_loss_premium_phase3,immediate,True,False,False,True,False,False,False,True,True,1.46,3.41,32.47,markup,markup,medium,2019-10-31,2019,2019-10,90.0,True
2019-10-25 14:15:00,2019-10-29 09:15:00,NIFTY 50,bearish,pro_LiqSweep+FVG+VWAP,-365.83,-294.33,71.5,169.62,165.02,64,stop_loss_premium_phase2,immediate,True,True,False,False,False,False,False,True,True,0.0,3.97,23.04,markup,markup,medium,2019-10-31,2019,2019-10,5460.0,False
2019-11-01 14:15:00,2019-11-01 14:30:00,NIFTY 50,bullish,pro_LiqSweep+VP,1698.02,1772.11,74.09,164.33,192.02,64,target,immediate,True,False,True,False,False,False,False,False,False,2.96,1.18,17.18,markdown,markup,medium,2019-11-07,2019,2019-11,15.0,True
2019-11-01 15:00:00,2019-11-04 09:15:00,NIFTY 50,bullish,pro_LiqSweep+VP,1877.8,1953.64,75.84,171.59,201.64,65,target,immediate,True,False,True,False,False,False,False,False,False,2.96,1.18,19.37,markdown,markup,medium,2019-11-07,2019,2019-11,3975.0,True
2019-11-04 09:30:00,2019-11-04 11:00:00,NIFTY 50,bullish,pro_LiqSweep+VP,-321.75,-247.12,74.63,187.55,183.75,65,stop_loss_premium_phase3,immediate,True,False,True,False,False,False,False,False,False,2.96,1.29,23.69,markdown,markup,medium,2019-11-07,2019,2019-11,90.0,False
2019-11-04 11:15:00,2019-11-04 12:15:00,NIFTY 50,bullish,pro_LiqSweep+VP,-312.38,-241.81,70.57,162.62,158.84,64,stop_loss_premium_phase2,immediate,True,False,True,False,False,False,False,False,False,2.96,0.3,25.07,markdown,markup,medium,2019-11-07,2019,2019-11,60.0,False
2019-11-04 14:30:00,2019-11-05 09:45:00,NIFTY 50,bullish,pro_LiqSweep+FVG+VP,-103.82,-32.78,71.04,163.52,163.01,64,stop_loss_premium_phase3,immediate,True,True,True,False,False,False,False,False,False,4.39,1.29,20.89,markdown,markup,medium,2019-11-07,2019,2019-11,1155.0,False
2019-11-05 10:00:00,2019-11-05 11:30:00,NIFTY 50,bullish,pro_LiqSweep+FVG,-96.7,-27.36,69.34,151.83,151.4,64,stop_loss_premium_phase3,immediate,True,True,False,False,False,False,False,False,False,2.93,0.3,21.21,markdown,markup,medium,2019-11-07,2019,2019-11,90.0,False
2019-11-05 14:45:00,2019-11-06 09:30:00,NIFTY 50,bullish,pro_LiqSweep+VP,-74.87,-15.07,59.8,86.44,86.2,64,stop_loss_premium_phase2,immediate,True,False,True,False,False,False,False,False,False,2.96,0.3,19.25,markdown,markup,medium,2019-11-07,2019,2019-11,1125.0,False
2019-11-08 11:00:00,2019-11-08 12:15:00,NIFTY 50,bearish,pro_FVG+RSI_Div+VWAP,-232.06,-163.0,69.06,151.42,148.87,64,stop_loss_premium_phase2,immediate,False,True,False,False,True,False,False,True,True,1.5,3.45,19.61,markup,markup,low,2019-11-14,2019,2019-11,75.0,False
2019-11-13 09:15:00,2019-11-13 10:45:00,NIFTY 50,bullish,pro_FVG+VP,279.03,351.98,72.95,172.37,177.87,64,stop_loss_premium_phase3,immediate,False,True,True,False,False,False,False,False,True,3.63,1.18,18.42,markdown,markup,low,2019-11-14,2019,2019-11,90.0,True
2019-11-22 14:30:00,2019-11-25 09:15:00,NIFTY 50,bullish,pro_VP+OTE+RSI_Div,2089.69,2165.85,76.16,174.14,207.98,64,target,immediate,False,False,True,True,True,False,False,False,True,4.06,1.8,15.14,markdown,markup,low,2019-11-28,2019,2019-11,4005.0,True
2019-11-25 09:45:00,2019-11-25 11:45:00,NIFTY 50,bullish,pro_VP+RSI_Div,1249.27,1325.7,76.43,182.46,202.86,65,stop_loss_premium_phase3,immediate,False,False,True,False,True,False,False,False,True,3.18,1.8,17.7,markup,markup,low,2019-11-28,2019,2019-11,120.0,True
2019-11-25 14:45:00,2019-11-26 09:15:00,NIFTY 50,bullish,pro_FVG+VP,1371.62,1432.21,60.59,75.68,98.06,64,target,immediate,False,True,True,False,False,False,False,False,True,3.63,0.3,13.54,markup,markup,low,2019-11-28,2019,2019-11,1110.0,True
2019-12-02 11:00:00,2019-12-02 12:30:00,NIFTY 50,bearish,pro_LiqSweep+FVG+VWAP,-86.37,-14.17,72.2,168.61,168.39,65,stop_loss_premium_phase3,immediate,True,True,False,False,False,False,False,True,True,0.88,3.97,26.9,accumulation,markup,low,2019-12-05,2019,2019-12,90.0,False
2019-12-09 10:00:00,2019-12-09 12:00:00,NIFTY 50,bullish,pro_LiqSweep+OTE+RSI_Div,979.77,1056.82,77.05,192.58,209.09,64,stop_loss_premium_phase3,immediate,True,False,False,True,True,False,False,False,False,3.36,0.3,25.39,markdown,markdown,low,2019-12-12,2019,2019-12,120.0,True
2019-12-09 14:15:00,2019-12-10 09:30:00,NIFTY 50,bullish,pro_FVG+VP,522.46,586.91,64.45,111.51,120.68,64,stop_loss_premium_phase3,immediate,False,True,True,False,False,False,False,False,False,2.89,0.3,18.64,markdown,markdown,low,2019-12-12,2019,2019-12,1155.0,True
2019-12-17 09:30:00,2019-12-17 11:30:00,NIFTY 50,bullish,pro_LiqSweep+VP,1017.26,1076.77,59.51,72.28,89.1,64,stop_loss_premium_phase3,immediate,True,False,True,False,False,False,False,False,True,3.7,0.3,15.9,markup,markup,low,2019-12-19,2019,2019-12,120.0,True
2019-12-17 14:15:00,2019-12-17 15:15:00,NIFTY 50,bullish,pro_LiqSweep+VP,1118.12,1176.52,58.4,63.57,81.96,64,target,immediate,True,False,True,False,False,False,False,False,True,3.7,0.3,10.83,markup,markup,low,2019-12-19,2019,2019-12,60.0,True
2019-12-18 09:15:00,2019-12-18 09:30:00,NIFTY 50,bullish,pro_LiqSweep+VP,372.29,450.26,77.97,202.42,209.35,65,target,immediate,True,False,True,False,False,False,False,False,True,3.7,0.3,12.38,markup,markup,low,2019-12-19,2019,2019-12,15.0,True
2019-12-20 09:30:00,2019-12-20 10:30:00,NIFTY 50,bullish,pro_LiqSweep+VP,-271.05,-207.71,63.34,111.08,107.88,65,stop_loss_premium_phase2,immediate,True,False,True,False,False,False,False,False,False,2.96,1.29,14.94,markup,markup,low,2019-12-26,2019,2019-12,60.0,False
2019-12-20 10:45:00,2019-12-20 12:15:00,NIFTY 50,bullish,pro_LiqSweep+VP,17.12,80.19,63.07,107.7,108.96,64,stop_loss_premium_phase3,immediate,True,False,True,False,False,False,False,False,False,2.96,1.18,16.25,markup,markup,low,2019-12-26,2019,2019-12,90.0,True
2019-12-23 09:30:00,2019-12-23 11:00:00,NIFTY 50,bearish,pro_LiqSweep+RSI_Div+VWAP,-260.65,-199.32,61.33,98.91,95.8,64,stop_loss_premium_phase3,immediate,True,False,False,False,True,False,False,True,True,1.46,3.53,16.43,accumulation,markup,low,2019-12-26,2019,2019-12,90.0,False
2019-12-30 11:15:00,2019-12-30 12:45:00,NIFTY 50,bullish,pro_FVG+VP,-264.68,-192.58,72.1,172.58,169.57,64,stop_loss_premium_phase3,immediate,False,True,True,False,False,False,False,False,True,3.63,1.18,16.02,markup,markup,low,2020-01-02,2019,2019-12,90.0,False
2019-12-30 14:45:00,2019-12-31 09:45:00,NIFTY 50,bullish,pro_FVG+VP+OTE,-96.17,-27.06,69.11,150.24,149.82,64,stop_loss_premium_phase2,immediate,False,True,True,True,False,False,False,False,True,4.5,0.3,16.06,accumulation,markup,low,2020-01-02,2019,2019-12,1140.0,False
2020-01-03 09:45:00,2020-01-03 11:15:00,NIFTY 50,bearish,pro_LiqSweep+RSI_Div+VWAP,-100.16,-29.09,71.07,163.72,163.26,64,stop_loss_premium_phase3,immediate,True,False,False,False,True,False,False,True,False,0.0,2.79,13.75,markup,markup,low,2020-01-09,2020,2020-01,90.0,False
2020-01-06 09:15:00,2020-01-06 10:45:00,NIFTY 50,bullish,pro_FVG+VP,-381.28,-314.41,66.87,138.13,133.22,64,stop_loss_premium_phase3,immediate,False,True,True,False,False,False,False,False,False,2.89,0.3,13.62,markdown,markdown,low,2020-01-09,2020,2020-01,90.0,False
2020-01-07 14:45:00,2020-01-08 09:15:00,NIFTY 50,bearish,pro_LiqSweep+FVG+VWAP,2164.61,2239.37,74.76,163.71,198.7,64,target,immediate,True,True,False,False,False,False,False,True,False,0.88,3.23,20.32,accumulation,markdown,low,2020-01-09,2020,2020-01,1110.0,True
2020-01-13 14:45:00,2020-01-14 09:30:00,NIFTY 50,bearish,pro_LiqSweep+FVG+RSI_Div+VWAP,-62.53,-1.9,60.63,90.51,90.48,65,stop_loss_premium_phase2,immediate,True,True,False,False,True,False,False,True,True,1.46,4.95,12.47,accumulation,accumulation,medium,2020-01-16,2020,2020-01,1125.0,False
2020-01-17 14:15:00,2020-01-20 09:15:00,NIFTY 50,bearish,pro_FVG+OTE+VWAP,-79.75,-17.84,61.91,100.88,100.6,64,stop_loss_premium_phase2,immediate,False,True,False,True,False,False,False,True,True,1.46,3.34,12.09,markup,markup,low,2020-01-23,2020,2020-01,4020.0,False
2020-01-24 09:30:00,2020-01-24 11:00:00,NIFTY 50,bullish,pro_LiqSweep+VP+RSI_Div,801.39,865.96,64.57,109.25,122.78,64,stop_loss_premium_phase3,immediate,True,False,True,False,True,False,False,False,True,4.68,0.3,16.03,markup,markup,low,2020-01-30,2020,2020-01,90.0,True
2020-01-24 11:15:00,2020-01-24 12:45:00,NIFTY 50,bullish,pro_LiqSweep+FVG+VP,220.07,284.77,64.7,116.61,121.05,64,stop_loss_premium_phase3,immediate,True,True,True,False,False,False,False,False,True,5.13,1.29,18.54,markup,markup,low,2020-01-30,2020,2020-01,90.0,True
2020-01-24 14:15:00,2020-01-27 09:15:00,NIFTY 50,bullish,pro_LiqSweep+VP,-111.87,-38.78,73.09,177.65,177.04,64,stop_loss_premium_phase2,immediate,True,False,True,False,False,False,False,False,True,3.7,1.29,11.18,markup,markup,low,2020-01-30,2020,2020-01,4020.0,False
2020-02-01 14:15:00,2020-02-01 14:45:00,NIFTY 50,bearish,pro_FVG+RSI_Div+VWAP,3457.89,3540.21,82.32,200.95,256.27,64,target,immediate,False,True,False,False,True,False,False,True,True,0.0,3.45,57.96,accumulation,markdown,medium,2020-02-06,2020,2020-02,30.0,True
2020-02-03 10:45:00,2020-02-03 11:45:00,NIFTY 50,bullish,pro_FVG+OTE,-103.74,-25.03,78.71,212.64,212.26,65,stop_loss_premium_phase2,immediate,False,True,False,True,False,False,False,False,True,3.04,0.3,58.17,markdown,markdown,medium,2020-02-06,2020,2020-02,60.0,False
2020-02-07 11:00:00,2020-02-07 12:30:00,NIFTY 50,bullish,pro_LiqSweep+VP+OTE,-94.41,-19.34,75.07,190.96,190.66,64,stop_loss_premium_phase3,immediate,True,False,True,True,False,False,False,False,True,4.57,0.3,22.81,markup,accumulation,medium,2020-02-13,2020,2020-02,90.0,False
2020-02-07 14:45:00,2020-02-10 09:30:00,NIFTY 50,bullish,pro_LiqSweep+VP+RSI_Div,-103.13,-30.71,72.42,172.96,172.48,64,stop_loss_premium_phase2,immediate,True,False,True,False,True,False,False,False,True,4.68,0.3,17.09,markdown,accumulation,medium,2020-02-13,2020,2020-02,4005.0,False
2020-02-10 14:45:00,2020-02-11 09:15:00,NIFTY 50,bullish,pro_VP+OTE+RSI_Div,1986.69,2061.97,75.28,169.27,201.49,64,target,immediate,False,False,True,True,True,False,False,False,True,4.06,0.3,14.21,markdown,markdown,medium,2020-02-13,2020,2020-02,1110.0,True
2020-02-18 14:30:00,2020-02-18 15:00:00,NIFTY 50,bullish,pro_LiqSweep+VP+RSI_Div,2244.06,2318.89,74.83,160.79,196.47,65,target,immediate,True,False,True,False,True,False,False,False,False,3.95,1.18,14.99,markdown,markdown,medium,2020-02-20,2020,2020-02,30.0,True
2020-02-18 15:15:00,2020-02-19 09:15:00,NIFTY 50,bullish,pro_LiqSweep+VP+RSI_Div,1946.2,2007.95,61.75,76.04,106.93,65,target,immediate,True,False,True,False,True,False,False,False,False,3.95,1.73,17.9,markup,markdown,medium,2020-02-20,2020,2020-02,1080.0,True
2020-02-25 09:30:00,2020-02-25 11:00:00,NIFTY 50,bearish,pro_LiqSweep+FVG+VWAP,414.89,478.36,63.47,104.39,111.75,65,stop_loss_premium_phase3,immediate,True,True,False,False,False,False,False,True,True,1.86,3.97,24.64,markdown,markdown,medium,2020-02-27,2020,2020-02,90.0,True
2020-03-17 10:45:00,2020-03-17 12:15:00,NIFTY 50,bearish,pro_FVG+OTE+VWAP,2058.83,2140.95,82.12,211.9,244.84,65,stop_loss_premium_phase3,immediate,False,True,False,True,False,False,False,True,True,0.0,3.34,106.91,markdown,volatile,extreme,2020-03-19,2020,2020-03,90.0,True
2020-03-17 15:00:00,2020-03-18 10:15:00,NIFTY 50,bearish,pro_VP+RSI_Div+VWAP,-108.83,-34.15,74.68,188.44,187.9,64,stop_loss_premium_phase3,immediate,False,False,True,False,True,False,False,True,True,1.43,3.49,62.7,markdown,volatile,extreme,2020-03-19,2020,2020-03,1155.0,False
2020-04-03 10:00:00,2020-04-03 11:30:00,NIFTY 50,bearish,pro_FVG+RSI_Div+VWAP,1775.53,1856.9,81.37,220.1,250.05,62,stop_loss_premium_phase3,immediate,False,True,False,False,True,False,False,True,False,0.0,2.72,51.19,markdown,volatile,extreme,2020-04-09,2020,2020-04,90.0,True
2020-04-13 11:30:00,2020-04-13 13:00:00,NIFTY 50,bearish,pro_LiqSweep+FVG+VWAP,1032.79,1111.43,78.64,206.07,223.71,63,stop_loss_premium_phase3,immediate,True,True,False,False,False,False,False,True,True,0.0,3.97,53.3,accumulation,volatile,extreme,2020-04-16,2020,2020-04,90.0,True
2020-04-13 14:45:00,2020-04-15 09:30:00,NIFTY 50,bearish,pro_LiqSweep+FVG+VWAP,-122.58,-44.21,78.37,213.85,213.16,64,stop_loss_premium_phase2,immediate,True,True,False,False,False,False,False,True,True,0.99,3.97,47.07,accumulation,volatile,extreme,2020-04-16,2020,2020-04,2565.0,False
2020-04-20 14:15:00,2020-04-20 14:45:00,NIFTY 50,bearish,pro_LiqSweep+FVG+VWAP,2970.35,3051.59,81.24,199.0,246.68,64,target,immediate,True,True,False,False,False,False,False,True,False,0.88,3.23,33.88,accumulation,volatile,extreme,2020-04-23,2020,2020-04,30.0,True
2020-05-11 10:30:00,2020-05-11 12:00:00,NIFTY 50,bearish,pro_FVG+OTE+VWAP,1557.38,1634.65,77.27,184.74,209.89,65,stop_loss_premium_phase3,immediate,False,True,False,True,False,False,False,True,True,0.0,3.34,41.07,markup,volatile,extreme,2020-05-14,2020,2020-05,90.0,True
2020-05-11 14:15:00,2020-05-11 14:45:00,NIFTY 50,bearish,pro_VP+RSI_Div+VWAP,2447.12,2524.21,77.09,176.47,215.91,64,target,immediate,False,False,True,False,True,False,False,True,True,1.43,3.49,26.09,markup,volatile,extreme,2020-05-14,2020,2020-05,30.0,True
2020-05-12 09:15:00,2020-05-12 09:30:00,NIFTY 50,bearish,pro_FVG+RSI_Div+VWAP,-1345.87,-1265.76,80.11,235.66,216.19,65,target,immediate,False,True,False,False,True,False,False,True,True,0.0,3.45,27.29,markup,volatile,extreme,2020-05-14,2020,2020-05,15.0,False
2020-05-18 10:15:00,2020-05-18 11:00:00,NIFTY 50,bearish,pro_LiqSweep+RSI_Div+VWAP,3355.16,3436.31,81.15,194.1,247.79,64,target,immediate,True,False,False,False,True,False,False,True,False,0.0,2.79,45.18,markup,volatile,extreme,2020-05-21,2020,2020-05,45.0,True
2020-05-19 09:15:00,2020-05-19 10:15:00,NIFTY 50,bearish,pro_LiqSweep+FVG+VWAP,-704.44,-643.51,60.93,99.58,89.68,65,stop_loss_premium_phase2,immediate,True,True,False,False,False,False,False,True,False,0.0,3.23,31.6,markdown,volatile,extreme,2020-05-21,2020,2020-05,60.0,False
2020-05-22 10:00:00,2020-05-22 11:00:00,NIFTY 50,bullish,pro_LiqSweep+RSI_Div,-96.97,-18.87,78.1,211.74,211.44,64,stop_loss_premium_phase2,immediate,True,False,False,False,True,False,False,False,True,3.22,0.3,33.16,markup,volatile,extreme,2020-05-28,2020,2020-05,60.0,False
2020-05-22 14:30:00,2020-05-26 09:15:00,NIFTY 50,bullish,pro_LiqSweep+OTE,2532.46,2610.31,77.85,180.76,221.55,64,target,immediate,True,False,False,True,False,False,False,False,True,3.11,0.3,28.68,markdown,volatile,extreme,2020-05-28,2020,2020-05,5445.0,True
2020-05-26 11:00:00,2020-05-26 12:30:00,NIFTY 50,bearish,pro_FVG+OTE+VWAP,631.41,704.26,72.85,165.18,176.01,65,stop_loss_premium_phase3,immediate,False,True,False,True,False,False,False,True,True,1.5,3.34,33.11,markup,volatile,extreme,2020-05-28,2020,2020-05,90.0,True
2020-05-29 10:30:00,2020-05-29 12:00:00,NIFTY 50,bullish,pro_LiqSweep+VP,487.99,564.85,76.86,196.72,205.54,64,stop_loss_premium_phase3,immediate,True,False,True,False,False,False,False,False,True,3.7,0.3,33.83,markup,volatile,extreme,2020-06-04,2020,2020-05,90.0,True
2020-06-15 09:15:00,2020-06-15 10:15:00,NIFTY 50,bullish,pro_FVG+VP,-231.08,-159.15,71.93,168.43,165.98,65,stop_loss_premium_phase2,immediate,False,True,True,False,False,False,False,False,True,3.63,0.3,46.12,markdown,volatile,extreme,2020-06-18,2020,2020-06,60.0,False
2020-06-19 14:15:00,2020-06-22 09:15:00,NIFTY 50,bullish,pro_VP+RSI_Div,2841.93,2922.97,81.04,199.11,244.78,64,target,immediate,False,False,True,False,True,False,False,False,True,3.18,1.18,33.8,markup,markup,high,2020-06-25,2020,2020-06,4020.0,True
2020-06-23 09:30:00,2020-06-23 11:00:00,NIFTY 50,bullish,pro_LiqSweep+FVG+VP,1699.28,1776.64,77.36,183.78,211.12,65,stop_loss_premium_phase3,immediate,True,True,True,False,False,False,False,False,True,5.13,1.18,31.81,markup,markup,high,2020-06-25,2020,2020-06,90.0,True
2020-06-29 14:30:00,2020-06-30 09:15:00,NIFTY 50,bullish,pro_LiqSweep+VP,3274.53,3353.74,79.21,181.75,234.15,64,target,immediate,True,False,True,False,False,False,False,False,True,3.7,0.3,28.01,markdown,markup,high,2020-07-02,2020,2020-06,1125.0,True
2020-07-10 09:45:00,2020-07-10 10:45:00,NIFTY 50,bullish,pro_LiqSweep+VP,-115.34,-40.11,75.23,189.35,188.73,65,stop_loss_premium_phase2,immediate,True,False,True,False,False,False,False,False,False,2.96,0.3,27.11,markup,markup,medium,2020-07-16,2020,2020-07,60.0,False
2020-07-13 11:30:00,2020-07-13 13:00:00,NIFTY 50,bearish,pro_FVG+OTE+VWAP,1150.65,1227.91,77.26,192.11,211.3,64,stop_loss_premium_phase3,immediate,False,True,False,True,False,False,False,True,False,0.0,2.61,32.96,markup,markup,medium,2020-07-16,2020,2020-07,90.0,True
2020-07-17 09:45:00,2020-07-17 11:15:00,NIFTY 50,bullish,pro_FVG+VP,405.37,483.31,77.94,205.01,212.56,64,stop_loss_premium_phase3,immediate,False,True,True,False,False,False,False,False,True,3.63,0.3,33.18,accumulation,markup,medium,2020-07-23,2020,2020-07,90.0,True
2020-07-17 14:15:00,2020-07-17 15:00:00,NIFTY 50,bullish,pro_LiqSweep+VP,2953.58,3031.38,77.8,175.69,223.06,64,target,immediate,True,False,True,False,False,False,False,False,True,3.7,0.3,25.56,accumulation,markup,medium,2020-07-23,2020,2020-07,45.0,True
2020-07-17 15:15:00,2020-07-20 09:15:00,NIFTY 50,bullish,pro_LiqSweep+VP,3090.34,3170.95,80.61,190.4,239.18,65,target,immediate,True,False,True,False,False,False,False,False,True,3.7,1.29,26.52,accumulation,markup,medium,2020-07-23,2020,2020-07,3960.0,True
2020-07-27 10:00:00,2020-07-27 11:30:00,NIFTY 50,bearish,pro_LiqSweep+RSI_Div+VWAP,-90.84,-18.03,72.81,172.83,172.55,65,stop_loss_premium_phase3,immediate,True,False,False,False,True,False,False,True,False,0.88,2.79,34.4,markup,markup,medium,2020-07-30,2020,2020-07,90.0,False
2020-07-28 09:45:00,2020-07-28 11:15:00,NIFTY 50,bullish,pro_FVG+VP,-105.11,-31.32,73.79,182.38,181.89,64,stop_loss_premium_phase3,immediate,False,True,True,False,False,False,False,False,True,3.63,1.8,33.41,accumulation,markup,medium,2020-07-30,2020,2020-07,90.0,False
2020-07-28 11:30:00,2020-07-28 13:00:00,NIFTY 50,bullish,pro_FVG+VP,2450.59,2526.31,75.72,167.1,206.58,64,stop_loss_premium_phase3,immediate,False,True,True,False,False,False,False,False,True,3.63,2.16,31.08,accumulation,markup,medium,2020-07-30,2020,2020-07,90.0,True
2020-07-28 15:00:00,2020-07-29 10:15:00,NIFTY 50,bullish,pro_VP+RSI_Div,37.9,108.91,71.01,161.75,163.45,64,stop_loss_premium_phase3,immediate,False,False,True,False,True,False,False,False,True,3.18,1.8,23.07,markup,markup,medium,2020-07-30,2020,2020-07,1155.0,True
2020-08-18 09:30:00,2020-08-18 11:00:00,NIFTY 50,bullish,pro_LiqSweep+VP,-104.87,-31.63,73.24,178.58,178.08,64,stop_loss_premium_phase3,immediate,True,False,True,False,False,False,False,False,True,3.7,1.73,26.57,markdown,markup,medium,2020-08-20,2020,2020-08,90.0,False
2020-08-18 11:15:00,2020-08-18 12:45:00,NIFTY 50,bullish,pro_LiqSweep+VP,-109.43,-35.92,73.51,180.46,179.9,64,stop_loss_premium_phase3,immediate,True,False,True,False,False,False,False,False,True,3.7,0.3,23.91,markdown,markup,medium,2020-08-20,2020,2020-08,90.0,False
2020-08-18 14:15:00,2020-08-19 09:15:00,NIFTY 50,bullish,pro_LiqSweep+VP,2553.48,2630.24,76.76,173.06,214.15,64,target,immediate,True,False,True,False,False,False,False,False,True,3.7,1.29,17.67,markdown,markup,medium,2020-08-20,2020,2020-08,1140.0,True
2020-08-24 15:00:00,2020-08-25 09:15:00,NIFTY 50,bullish,pro_LiqSweep+FVG+VP,2849.91,2928.16,78.25,177.18,222.23,65,target,immediate,True,True,True,False,False,False,False,False,True,5.13,0.3,16.6,markup,markup,medium,2020-08-27,2020,2020-08,1095.0,True
2020-09-04 14:15:00,2020-09-07 09:15:00,NIFTY 50,bullish,pro_LiqSweep+RSI_Div,-89.22,-16.18,73.04,174.34,174.09,65,stop_loss_premium_phase2,immediate,True,False,False,False,True,False,False,False,True,3.22,1.73,21.91,markdown,accumulation,medium,2020-09-10,2020,2020-09,4020.0,False
2020-09-07 14:15:00,2020-09-08 10:00:00,NIFTY 50,bullish,pro_LiqSweep+VP,1682.08,1756.45,74.37,166.45,193.89,64,stop_loss_premium_phase3,immediate,True,False,True,False,False,False,False,False,True,3.7,1.18,22.35,markdown,markdown,medium,2020-09-10,2020,2020-09,1185.0,True
2020-09-08 14:15:00,2020-09-08 14:30:00,NIFTY 50,bearish,pro_FVG+OTE+VWAP,1748.09,1812.74,64.65,99.27,127.59,64,target,immediate,False,True,False,True,False,False,False,True,True,1.46,3.34,18.71,markup,markdown,medium,2020-09-10,2020,2020-09,15.0,True
2020-09-11 14:30:00,2020-09-14 09:15:00,NIFTY 50,bullish,pro_VP+OTE,2156.51,2233.52,77.01,176.41,210.77,65,target,immediate,False,False,True,True,False,False,False,False,True,3.07,0.3,22.21,markup,markup,medium,2020-09-17,2020,2020-09,4005.0,True
2020-09-18 10:00:00,2020-09-18 11:30:00,NIFTY 50,bearish,pro_LiqSweep+FVG+VWAP,681.25,753.45,72.2,160.26,171.85,65,stop_loss_premium_phase3,immediate,True,True,False,False,False,False,False,True,True,2.45,3.97,24.45,markup,markup,medium,2020-09-24,2020,2020-09,90.0,True
2020-09-18 14:15:00,2020-09-18 14:30:00,NIFTY 50,bearish,pro_FVG+OTE+VWAP,1306.59,1370.62,64.03,99.91,121.33,64,target,immediate,False,True,False,True,False,False,False,True,True,1.46,3.34,16.4,markup,markup,medium,2020-09-24,2020,2020-09,15.0,True
2020-09-18 15:00:00,2020-09-21 10:15:00,NIFTY 50,bearish,pro_FVG+RSI_Div+VWAP,772.14,846.44,74.3,173.34,186.37,65,stop_loss_premium_phase3,immediate,False,True,False,False,True,False,False,True,True,0.0,3.45,27.22,markup,markup,medium,2020-09-24,2020,2020-09,4035.0,True
2020-09-21 10:30:00,2020-09-21 12:00:00,NIFTY 50,bearish,pro_LiqSweep+FVG+RSI_Div+VWAP,751.11,830.78,79.67,209.75,222.54,65,stop_loss_premium_phase3,immediate,True,True,False,False,True,False,False,True,True,0.0,4.95,35.85,markup,markdown,medium,2020-09-24,2020,2020-09,90.0,True
2020-09-21 14:45:00,2020-09-22 09:15:00,NIFTY 50,bearish,pro_LiqSweep+FVG+VWAP,3762.58,3842.68,80.1,182.38,242.42,64,target,immediate,True,True,False,False,False,False,False,True,True,0.88,3.97,35.84,markup,markdown,medium,2020-09-24,2020,2020-09,1110.0,True
2020-09-29 11:30:00,2020-09-29 13:00:00,NIFTY 50,bearish,pro_LiqSweep+FVG+VWAP,1910.25,1983.63,73.38,154.66,185.18,65,stop_loss_premium_phase3,immediate,True,True,False,False,False,False,False,True,False,0.88,3.23,32.25,markup,volatile,high,2020-10-01,2020,2020-09,90.0,True
2020-10-09 09:30:00,2020-10-09 10:30:00,NIFTY 50,bearish,pro_FVG+OTE+RSI_Div+VWAP,-92.67,-20.21,72.46,170.47,170.16,65,stop_loss_premium_phase2,immediate,False,True,False,True,True,False,False,True,False,1.46,3.59,27.52,accumulation,markup,high,2020-10-15,2020,2020-10,60.0,False
2020-10-09 10:45:00,2020-10-09 12:15:00,NIFTY 50,bearish,pro_LiqSweep+FVG+VWAP,-94.69,-19.3,75.39,196.23,195.92,63,stop_loss_premium_phase3,immediate,True,True,False,False,False,False,False,True,False,1.46,3.23,39.3,accumulation,markup,high,2020-10-15,2020,2020-10,90.0,False
2020-10-12 14:15:00,2020-10-13 09:30:00,NIFTY 50,bearish,pro_LiqSweep+RSI_Div+VWAP,-87.16,-15.03,72.13,170.8,170.57,64,stop_loss_premium_phase3,immediate,True,False,False,False,True,False,False,True,True,0.88,3.53,32.52,markup,markup,high,2020-10-15,2020,2020-10,1155.0,False
2020-10-27 14:15:00,2020-10-28 09:15:00,NIFTY 50,bullish,pro_VP+RSI_Div,2486.95,2562.51,75.56,165.55,205.59,64,target,immediate,False,False,True,False,True,False,False,False,True,3.18,1.8,23.53,markup,markup,medium,2020-10-29,2020,2020-10,1140.0,True
2020-10-30 10:00:00,2020-10-30 11:00:00,NIFTY 50,bullish,pro_FVG+VP,-97.61,-19.4,78.21,209.22,208.92,65,stop_loss_premium_phase2,immediate,False,True,True,False,False,False,False,False,True,3.63,0.3,38.29,markdown,markdown,medium,2020-11-05,2020,2020-10,60.0,False
2020-11-06 09:30:00,2020-11-06 11:00:00,NIFTY 50,bullish,pro_LiqSweep+VP,736.21,812.24,76.03,188.27,200.96,64,stop_loss_premium_phase3,immediate,True,False,True,False,False,False,False,False,True,3.7,0.3,23.12,markup,markup,medium,2020-11-12,2020,2020-11,90.0,True
2020-11-06 11:15:00,2020-11-06 12:45:00,NIFTY 50,bullish,pro_LiqSweep+VP,2878.71,2955.79,77.08,171.61,217.79,64,target,immediate,True,False,True,False,False,False,False,False,True,3.7,0.3,25.13,markup,markup,medium,2020-11-12,2020,2020-11,90.0,True
2020-11-06 14:30:00,2020-11-09 09:15:00,NIFTY 50,bullish,pro_FVG+VP,3009.95,3091.91,81.96,200.38,247.95,65,target,immediate,False,True,True,False,False,False,False,False,True,3.63,2.16,23.56,markup,markup,medium,2020-11-12,2020,2020-11,4005.0,True
2020-11-13 14:15:00,2020-11-17 09:15:00,NIFTY 50,bullish,pro_LiqSweep+VP,3099.84,3180.78,80.94,192.54,241.48,65,target,immediate,True,False,True,False,False,False,False,False,True,3.7,1.18,26.09,markdown,markup,medium,2020-11-19,2020,2020-11,5460.0,True
2020-11-27 09:45:00,2020-11-27 11:15:00,NIFTY 50,bearish,pro_OTE+RSI_Div+VWAP,623.24,699.07,75.83,185.29,196.04,65,stop_loss_premium_phase3,immediate,False,False,False,True,True,False,False,True,True,1.43,2.9,43.41,markup,markup,medium,2020-12-03,2020,2020-11,90.0,True
2020-12-07 10:00:00,2020-12-07 11:30:00,NIFTY 50,bullish,pro_FVG+VP,34.31,109.43,75.12,189.87,191.58,64,stop_loss_premium_phase3,immediate,False,True,True,False,False,False,False,False,True,3.63,1.29,29.22,markup,markup,medium,2020-12-10,2020,2020-12,90.0,True
2020-12-08 10:45:00,2020-12-08 11:45:00,NIFTY 50,bullish,pro_FVG+VP,-86.91,-14.42,72.49,173.28,173.05,64,stop_loss_premium_phase2,immediate,False,True,True,False,False,False,False,False,True,3.63,0.3,26.15,markup,markup,medium,2020-12-10,2020,2020-12,60.0,False
2020-12-15 11:30:00,2020-12-15 13:00:00,NIFTY 50,bullish,pro_LiqSweep+OTE,1128.54,1200.96,72.42,159.22,177.99,64,stop_loss_premium_phase3,immediate,True,False,False,True,False,False,False,False,True,3.11,0.3,26.48,markdown,markup,medium,2020-12-17,2020,2020-12,90.0,True
2020-12-15 14:15:00,2020-12-16 09:15:00,NIFTY 50,bullish,pro_LiqSweep+VP,3182.36,3261.43,79.07,181.86,232.82,64,target,immediate,True,False,True,False,False,False,False,False,True,3.7,0.3,23.35,markdown,markup,medium,2020-12-17,2020,2020-12,1140.0,True
2020-12-18 09:30:00,2020-12-18 11:00:00,NIFTY 50,bullish,pro_LiqSweep+VP+OTE,-84.5,-12.91,71.59,164.5,164.3,65,stop_loss_premium_phase3,immediate,True,False,True,True,False,False,False,False,True,4.57,0.3,21.45,markup,markup,low,2020-12-24,2020,2020-12,90.0,False
2020-12-18 14:15:00,2020-12-21 09:15:00,NIFTY 50,bullish,pro_LiqSweep+VP+RSI_Div,-106.78,-34.29,72.49,173.51,172.98,64,stop_loss_premium_phase2,immediate,True,False,True,False,True,False,False,False,True,4.68,0.3,18.2,markup,markup,low,2020-12-24,2020,2020-12,4020.0,False
2020-12-21 11:30:00,2020-12-21 13:00:00,NIFTY 50,bearish,pro_OTE+RSI_Div+VWAP,2599.14,2677.15,78.01,181.06,222.89,64,target,immediate,False,False,False,True,True,False,False,True,True,1.46,2.9,29.0,markup,markup,medium,2020-12-24,2020,2020-12,90.0,True
2020-12-29 09:30:00,2020-12-29 10:30:00,NIFTY 50,bullish,pro_LiqSweep+VP+RSI_Div,-102.09,-30.59,71.5,164.11,163.64,65,stop_loss_premium_phase2,immediate,True,False,True,False,True,False,False,False,True,4.68,0.3,21.19,markup,markup,medium,2020-12-31,2020,2020-12,60.0,False
2020-12-29 10:45:00,2020-12-29 12:15:00,NIFTY 50,bullish,pro_LiqSweep+FVG+VP,1086.99,1162.19,75.2,178.74,196.9,64,stop_loss_premium_phase3,immediate,True,True,True,False,False,False,False,False,True,5.13,1.29,22.32,markup,markup,medium,2020-12-31,2020,2020-12,90.0,True
2020-12-29 14:15:00,2020-12-30 09:30:00,NIFTY 50,bullish,pro_FVG+VP,2268.51,2346.97,78.46,187.81,224.48,64,stop_loss_premium_phase3,immediate,False,True,True,False,False,False,False,False,True,3.63,1.29,25.75,markup,markup,medium,2020-12-31,2020,2020-12,1155.0,True
2021-01-05 09:30:00,2021-01-05 11:45:00,NIFTY 50,bullish,pro_LiqSweep+VP,1482.57,1558.41,75.84,175.92,199.9,65,stop_loss_premium_phase3,immediate,True,False,True,False,False,False,False,False,True,3.7,0.3,26.01,markup,markup,medium,2021-01-07,2021,2021-01,135.0,True
2021-01-05 14:15:00,2021-01-06 09:15:00,NIFTY 50,bullish,pro_LiqSweep+VP+RSI_Div,3012.94,3090.72,77.78,174.92,223.21,64,target,immediate,True,False,True,False,True,False,False,False,True,4.68,0.3,21.3,markup,markup,medium,2021-01-07,2021,2021-01,1140.0,True
2021-01-12 10:15:00,2021-01-12 11:45:00,NIFTY 50,bullish,pro_VP+RSI_Div,1292.42,1367.78,75.36,174.81,195.86,65,stop_loss_premium_phase3,immediate,False,False,True,False,True,False,False,False,True,3.18,1.8,25.35,markup,markup,medium,2021-01-14,2021,2021-01,90.0,True
2021-01-15 10:00:00,2021-01-15 11:15:00,NIFTY 50,bearish,pro_LiqSweep+FVG+RSI_Div+VWAP,3505.03,3588.0,82.97,201.76,256.96,65,target,immediate,True,True,False,False,True,False,False,True,True,0.0,4.95,32.67,markup,markup,medium,2021-01-21,2021,2021-01,75.0,True
2021-01-25 11:15:00,2021-01-25 12:45:00,NIFTY 50,bearish,pro_LiqSweep+OTE+VWAP,376.59,454.45,77.86,201.63,208.62,65,stop_loss_premium_phase3,immediate,True,False,False,True,False,False,False,True,True,0.99,3.41,72.08,accumulation,markup,medium,2021-01-28,2021,2021-01,90.0,True
2021-02-01 09:15:00,2021-02-01 10:30:00,NIFTY 50,bearish,pro_FVG+RSI_Div+VWAP,-40.27,30.27,70.54,159.45,159.92,64,stop_loss_premium_phase2,immediate,False,True,False,False,True,False,False,True,True,0.88,3.45,57.51,markup,volatile,extreme,2021-02-04,2021,2021-02,75.0,False
2021-02-09 14:30:00,2021-02-09 14:45:00,NIFTY 50,bearish,pro_LiqSweep+RSI_Div+VWAP,2924.18,3001.21,77.03,170.78,217.68,64,target,immediate,True,False,False,False,True,False,False,True,True,1.46,3.53,21.45,markup,volatile,extreme,2021-02-11,2021,2021-02,15.0,True
2021-02-09 15:00:00,2021-02-10 10:15:00,NIFTY 50,bearish,pro_LiqSweep+RSI_Div+VWAP,3362.39,3439.77,77.38,168.25,221.99,64,target,immediate,True,False,False,False,True,False,False,True,True,0.0,3.53,27.8,markup,volatile,extreme,2021-02-11,2021,2021-02,1155.0,True
2021-02-12 14:30:00,2021-02-15 09:15:00,NIFTY 50,bearish,pro_FVG+RSI_Div+VWAP,-123.23,-46.0,77.23,202.87,202.16,65,stop_loss_premium_phase2,immediate,False,True,False,False,True,False,False,True,True,0.88,3.45,31.51,markup,volatile,extreme,2021-02-18,2021,2021-02,4005.0,False
2021-02-16 11:15:00,2021-02-16 12:45:00,NIFTY 50,bullish,pro_FVG+VP,558.48,630.49,72.01,162.78,172.63,64,stop_loss_premium_phase3,immediate,False,True,True,False,False,False,False,False,False,2.89,1.18,30.84,markup,volatile,extreme,2021-02-18,2021,2021-02,90.0,True
2021-03-08 11:00:00,2021-03-08 12:30:00,NIFTY 50,bearish,pro_LiqSweep+FVG+VWAP,523.74,602.56,78.82,209.69,219.11,64,stop_loss_premium_phase3,immediate,True,True,False,False,False,False,False,True,True,0.0,3.97,56.2,markup,distribution,high,2021-03-11,2021,2021-03,90.0,True
2021-03-19 11:15:00,2021-03-19 12:45:00,NIFTY 50,bullish,pro_FVG+RSI_Div,-119.59,-42.54,77.05,204.77,204.1,64,stop_loss_premium_phase3,immediate,False,True,False,False,True,False,False,False,True,3.15,0.3,76.76,markdown,volatile,high,2021-03-25,2021,2021-03,90.0,False
2021-03-22 09:15:00,2021-03-22 10:45:00,NIFTY 50,bullish,pro_FVG+VP,1180.05,1260.69,80.64,214.87,234.57,64,stop_loss_premium_phase3,immediate,False,True,True,False,False,False,False,False,True,3.63,0.3,56.18,markdown,distribution,high,2021-03-25,2021,2021-03,90.0,True
2021-03-23 09:15:00,2021-03-23 10:30:00,NIFTY 50,bullish,pro_FVG+VP,-1159.45,-1083.69,75.76,207.53,190.6,64,stop_loss_premium_phase2,immediate,False,True,True,False,False,False,False,False,False,2.89,0.3,46.1,markdown,distribution,high,2021-03-25,2021,2021-03,75.0,False
2021-04-13 10:00:00,2021-04-13 11:00:00,NIFTY 50,bullish,pro_LiqSweep+VP,-87.35,-12.78,74.57,187.48,187.28,64,stop_loss_premium_phase2,immediate,True,False,True,False,False,False,False,False,True,3.7,1.29,48.27,markup,markdown,high,2021-04-15,2021,2021-04,60.0,False
2021-04-20 09:15:00,2021-04-20 09:30:00,NIFTY 50,bullish,pro_FVG+VP+RSI_Div,-4172.38,-4083.49,88.89,330.83,267.03,64,target,immediate,False,True,True,False,True,False,False,False,True,4.61,0.3,33.07,accumulation,markdown,high,2021-04-22,2021,2021-04,15.0,False
2021-04-27 09:30:00,2021-04-27 11:00:00,NIFTY 50,bullish,pro_LiqSweep+VP+RSI_Div,927.46,1003.83,76.37,194.56,210.75,62,stop_loss_premium_phase3,immediate,True,False,True,False,True,False,False,False,True,4.68,1.18,32.22,markup,distribution,high,2021-04-29,2021,2021-04,90.0,True
2021-04-27 11:15:00,2021-04-27 12:45:00,NIFTY 50,bullish,pro_LiqSweep+VP,1637.89,1710.85,72.96,162.38,189.97,62,stop_loss_premium_phase3,immediate,True,False,True,False,False,False,False,False,True,3.7,0.3,28.65,markup,distribution,high,2021-04-29,2021,2021-04,90.0,True
2021-05-03 14:15:00,2021-05-04 09:15:00,NIFTY 50,bullish,pro_LiqSweep+VP+RSI_Div,3696.94,3778.89,81.95,198.92,258.9,63,target,immediate,True,False,True,False,True,False,False,False,True,4.68,2.61,31.71,markdown,distribution,high,2021-05-06,2021,2021-05,1140.0,True
2021-05-04 14:15:00,2021-05-04 14:30:00,NIFTY 50,bearish,pro_LiqSweep+FVG+VWAP,4028.86,4108.21,79.35,171.65,234.86,65,target,immediate,True,True,False,False,False,False,False,True,True,0.88,3.97,33.88,markup,distribution,high,2021-05-06,2021,2021-05,15.0,True
2021-05-11 14:45:00,2021-05-12 09:30:00,NIFTY 50,bullish,pro_VP+OTE+RSI_Div,-103.96,-33.58,70.38,156.58,156.06,65,stop_loss_premium_phase2,immediate,False,False,True,True,True,False,False,False,True,4.06,1.73,24.11,markdown,markup,high,2021-05-13,2021,2021-05,1125.0,False
2021-05-18 14:15:00,2021-05-19 09:30:00,NIFTY 50,bearish,pro_LiqSweep+OTE+VWAP,-81.15,-18.74,62.41,104.32,104.03,64,stop_loss_premium_phase3,immediate,True,False,False,True,False,False,False,True,True,1.46,3.41,21.04,markup,markup,medium,2021-05-20,2021,2021-05,1155.0,False
2021-05-31 14:45:00,2021-05-31 15:15:00,NIFTY 50,bullish,pro_FVG+VP,2552.91,2630.84,77.93,181.08,222.18,64,target,immediate,False,True,True,False,False,False,False,False,True,3.63,1.8,18.72,markup,markup,medium,2021-06-03,2021,2021-05,30.0,True
2021-06-08 10:30:00,2021-06-08 12:00:00,NIFTY 50,bearish,pro_LiqSweep+FVG+VWAP,-65.03,-2.61,62.42,102.62,102.58,65,stop_loss_premium_phase3,immediate,True,True,False,False,False,False,False,True,False,1.46,3.23,23.23,markup,markup,low,2021-06-10,2021,2021-06,90.0,False
2021-06-28 09:45:00,2021-06-28 11:15:00,NIFTY 50,bearish,pro_LiqSweep+RSI_Div+VWAP,1493.66,1566.22,72.56,156.16,180.63,64,stop_loss_premium_phase3,immediate,True,False,False,False,True,False,False,True,True,1.46,3.53,24.55,markup,accumulation,low,2021-07-01,2021,2021-06,90.0,True
2021-06-28 11:30:00,2021-06-28 13:00:00,NIFTY 50,bearish,pro_LiqSweep+RSI_Div+VWAP,533.27,607.3,74.03,174.15,183.5,65,stop_loss_premium_phase3,immediate,True,False,False,False,True,False,False,True,True,0.88,3.53,28.05,markup,accumulation,low,2021-07-01,2021,2021-06,90.0,True
2021-07-02 10:15:00,2021-07-02 11:45:00,NIFTY 50,bullish,pro_LiqSweep+VP+RSI_Div,-194.27,-122.38,71.89,170.36,168.45,64,stop_loss_premium_phase3,immediate,True,False,True,False,True,False,False,False,True,4.68,0.3,22.48,markdown,accumulation,low,2021-07-08,2021,2021-07,90.0,False
2021-07-02 14:15:00,2021-07-05 09:15:00,NIFTY 50,bullish,pro_LiqSweep+VP,2026.45,2101.23,74.78,165.37,198.2,64,target,immediate,True,False,True,False,False,False,False,False,True,3.7,1.18,16.77,markdown,accumulation,low,2021-07-08,2021,2021-07,4020.0,True
2021-07-06 15:00:00,2021-07-07 10:15:00,NIFTY 50,bearish,pro_FVG+RSI_Div+VWAP,-83.69,-21.31,62.38,102.57,102.24,65,stop_loss_premium_phase3,immediate,False,True,False,False,True,False,False,True,True,1.46,3.45,20.56,markdown,accumulation,low,2021-07-08,2021,2021-07,1155.0,False
2021-07-16 10:30:00,2021-07-16 12:15:00,NIFTY 50,bearish,pro_LiqSweep+FVG+RSI_Div+VWAP,2219.68,2291.14,71.46,140.53,176.33,64,target,immediate,True,True,False,False,True,False,False,True,False,2.34,4.22,19.89,accumulation,markup,low,2021-07-22,2021,2021-07,105.0,True
2021-07-23 11:00:00,2021-07-23 13:15:00,NIFTY 50,bullish,pro_LiqSweep+VP,1353.46,1431.47,78.01,191.96,213.98,65,stop_loss_premium_phase3,immediate,True,False,True,False,False,False,False,False,True,3.7,1.73,33.49,markup,markup,low,2021-07-29,2021,2021-07,135.0,True
2021-07-26 11:00:00,2021-07-26 12:30:00,NIFTY 50,bearish,pro_OTE+RSI_Div+VWAP,1294.06,1365.14,71.08,148.28,169.61,64,stop_loss_premium_phase3,immediate,False,False,False,True,True,False,False,True,True,1.46,2.9,25.27,markup,markup,low,2021-07-29,2021,2021-07,90.0,True
2021-07-26 14:15:00,2021-07-26 15:00:00,NIFTY 50,bearish,pro_FVG+RSI_Div+VWAP,1537.51,1603.84,66.33,113.05,138.11,64,target,immediate,False,True,False,False,True,False,False,True,True,1.46,3.45,17.48,markdown,markup,low,2021-07-29,2021,2021-07,45.0,True
2021-07-27 09:30:00,2021-07-27 11:00:00,NIFTY 50,bearish,pro_LiqSweep+OTE+VWAP,-83.99,-22.15,61.84,98.93,98.58,65,stop_loss_premium_phase3,immediate,True,False,False,True,False,False,False,True,True,1.46,3.41,21.64,markdown,markdown,low,2021-07-29,2021,2021-07,90.0,False
2021-07-30 10:00:00,2021-07-30 11:30:00,NIFTY 50,bullish,pro_VP+RSI_Div,-294.37,-218.36,76.01,199.63,196.22,64,stop_loss_premium_phase3,immediate,False,False,True,False,True,False,False,False,True,3.18,1.73,22.75,markdown,markup,low,2021-08-05,2021,2021-07,90.0,False
2021-08-06 11:00:00,2021-08-06 12:30:00,NIFTY 50,bearish,pro_FVG+RSI_Div+VWAP,-112.8,-37.92,74.88,189.85,189.26,64,stop_loss_premium_phase3,immediate,False,True,False,False,True,False,False,True,True,1.5,3.45,32.17,markup,markup,low,2021-08-12,2021,2021-08,90.0,False
2021-08-06 14:15:00,2021-08-09 09:30:00,NIFTY 50,bearish,pro_LiqSweep+FVG+VWAP,1202.54,1275.57,73.03,162.59,182.52,64,stop_loss_premium_phase3,immediate,True,True,False,False,False,False,False,True,True,0.88,3.97,24.13,markup,markup,low,2021-08-12,2021,2021-08,4035.0,True
2021-08-13 14:15:00,2021-08-16 09:30:00,NIFTY 50,bullish,pro_LiqSweep+VP,1059.11,1136.8,77.69,196.06,213.82,64,stop_loss_premium_phase3,immediate,True,False,True,False,False,False,False,False,True,3.7,0.3,19.2,markup,markup,low,2021-08-19,2021,2021-08,4035.0,True
2021-08-16 14:30:00,2021-08-17 09:15:00,NIFTY 50,bearish,pro_LiqSweep+OTE+VWAP,1667.24,1733.5,66.26,109.44,136.11,65,target,immediate,True,False,False,True,False,False,False,True,True,1.46,3.41,19.95,markup,markup,low,2021-08-19,2021,2021-08,1125.0,True
2021-08-17 14:15:00,2021-08-18 09:15:00,NIFTY 50,bullish,pro_LiqSweep+VP,2773.84,2842.1,68.26,110.75,154.48,65,target,immediate,True,False,True,False,False,False,False,False,True,3.7,0.3,25.41,markdown,markup,low,2021-08-19,2021,2021-08,1140.0,True
2021-08-27 10:30:00,2021-08-27 12:00:00,NIFTY 50,bullish,pro_LiqSweep+VP+RSI_Div,1222.82,1301.36,78.54,196.93,216.95,65,stop_loss_premium_phase3,immediate,True,False,True,False,True,False,False,False,True,4.68,0.3,27.44,markdown,markup,low,2021-09-02,2021,2021-08,90.0,True
2021-08-31 09:45:00,2021-08-31 11:15:00,NIFTY 50,bullish,pro_FVG+VP,1400.53,1465.15,64.62,102.92,125.81,64,stop_loss_premium_phase3,immediate,False,True,True,False,False,False,False,False,True,3.63,0.3,22.09,markup,markup,low,2021-09-02,2021,2021-08,90.0,True
2021-09-01 09:15:00,2021-09-01 09:45:00,NIFTY 50,bullish,pro_FVG+VP,945.23,1023.91,78.68,204.1,220.1,64,target,immediate,False,True,True,False,False,False,False,False,True,3.63,0.3,30.58,markup,markup,low,2021-09-02,2021,2021-09,30.0,True
2021-09-03 14:15:00,2021-09-06 09:15:00,NIFTY 50,bullish,pro_LiqSweep+VP,3314.72,3394.44,79.72,181.97,234.19,65,target,immediate,True,False,True,False,False,False,False,False,True,3.7,1.29,30.3,markup,markup,low,2021-09-09,2021,2021-09,4020.0,True
2021-09-13 14:45:00,2021-09-14 09:15:00,NIFTY 50,bullish,pro_FVG+VP,2139.43,2215.01,75.58,166.95,201.03,65,target,immediate,False,True,True,False,False,False,False,False,True,3.63,1.18,16.57,markup,markup,low,2021-09-16,2021,2021-09,1110.0,True
2021-09-28 15:15:00,2021-09-29 09:15:00,NIFTY 50,bearish,pro_FVG+OTE+VWAP,4008.12,4090.4,82.28,191.56,254.49,65,target,immediate,False,True,False,True,False,False,False,True,True,0.99,3.34,49.56,markdown,markup,low,2021-09-30,2021,2021-09,1080.0,True
2021-10-05 09:30:00,2021-10-05 11:00:00,NIFTY 50,bullish,pro_LiqSweep+VP+OTE,531.09,596.32,65.23,114.97,124.14,65,stop_loss_premium_phase3,immediate,True,False,True,True,False,False,False,False,True,4.57,0.3,25.15,markup,markup,low,2021-10-07,2021,2021-10,90.0,True
2021-10-05 11:15:00,2021-10-05 12:45:00,NIFTY 50,bullish,pro_LiqSweep+VP,2830.15,2899.2,69.05,117.3,162.6,64,target,immediate,True,False,True,False,False,False,False,False,True,3.7,0.3,24.94,markup,markup,low,2021-10-07,2021,2021-10,90.0,True
2021-10-05 14:15:00,2021-10-06 09:15:00,NIFTY 50,bullish,pro_LiqSweep+VP+RSI_Div,2870.06,2945.62,75.56,158.83,204.15,65,target,immediate,True,False,True,False,True,False,False,False,True,4.68,0.3,21.24,markup,markup,low,2021-10-07,2021,2021-10,1140.0,True
2021-10-12 10:45:00,2021-10-12 11:45:00,NIFTY 50,bullish,pro_LiqSweep+OTE,-102.93,-30.91,72.02,167.6,167.12,65,stop_loss_premium_phase2,immediate,True,False,False,True,False,False,False,False,True,3.11,1.73,36.62,markdown,markup,medium,2021-10-14,2021,2021-10,60.0,False
2021-10-12 14:15:00,2021-10-13 09:15:00,NIFTY 50,bullish,pro_LiqSweep+VP,3878.85,3960.05,81.2,188.61,250.49,64,target,immediate,True,False,True,False,False,False,False,False,True,3.7,1.18,30.72,markdown,markup,medium,2021-10-14,2021,2021-10,1140.0,True
2021-10-18 14:30:00,2021-10-19 09:15:00,NIFTY 50,bearish,pro_LiqSweep+OTE+RSI_Div+VWAP,-99.67,-29.02,70.65,158.32,157.88,65,stop_loss_premium_phase2,immediate,True,False,False,True,True,False,False,True,False,1.46,3.66,25.79,markup,markup,medium,2021-10-21,2021,2021-10,1125.0,False
2021-10-19 14:30:00,2021-10-19 15:00:00,NIFTY 50,bearish,pro_LiqSweep+FVG+OTE+VWAP,3358.94,3433.61,74.67,149.8,203.45,64,target,immediate,True,True,False,True,False,False,False,True,False,1.46,4.11,29.67,markup,markup,low,2021-10-21,2021,2021-10,30.0,True
2021-10-20 09:15:00,2021-10-20 10:15:00,NIFTY 50,bearish,pro_LiqSweep+FVG+VWAP,-155.64,-80.59,75.05,188.55,187.31,65,stop_loss_premium_phase2,immediate,True,True,False,False,False,False,False,True,False,0.88,3.23,38.13,markdown,markup,low,2021-10-21,2021,2021-10,60.0,False
2021-10-26 09:45:00,2021-10-26 10:45:00,NIFTY 50,bullish,pro_FVG+VP,-95.37,-21.31,74.06,184.1,183.77,64,stop_loss_premium_phase2,immediate,False,True,True,False,False,False,False,False,True,3.63,0.3,44.49,markup,markup,low,2021-10-28,2021,2021-10,60.0,False
2021-11-09 14:15:00,2021-11-10 09:15:00,NIFTY 50,bullish,pro_LiqSweep+OTE+RSI_Div,-110.02,-35.17,74.85,189.61,189.06,64,stop_loss_premium_phase2,immediate,True,False,False,True,True,False,False,False,False,3.36,1.73,29.25,accumulation,accumulation,medium,2021-11-11,2021,2021-11,1140.0,False
2021-11-16 09:30:00,2021-11-16 11:00:00,NIFTY 50,bullish,pro_LiqSweep+VP+OTE,1083.71,1157.33,73.62,167.97,186.05,64,stop_loss_premium_phase3,immediate,True,False,True,True,False,False,False,False,False,3.84,0.3,29.16,accumulation,markdown,medium,2021-11-18,2021,2021-11,90.0,True
2021-11-22 10:00:00,2021-11-22 11:30:00,NIFTY 50,bearish,pro_LiqSweep+FVG+VWAP,1990.13,2070.07,79.94,201.02,233.36,64,stop_loss_premium_phase3,immediate,True,True,False,False,False,False,False,True,True,0.88,3.97,54.59,accumulation,markdown,medium,2021-11-25,2021,2021-11,90.0,True
2021-11-23 09:30:00,2021-11-23 11:00:00,NIFTY 50,bullish,pro_LiqSweep+OTE+RSI_Div,-119.67,-42.7,76.97,204.21,203.55,64,stop_loss_premium_phase3,immediate,True,False,False,True,True,False,False,False,True,4.1,1.73,64.11,markdown,markdown,medium,2021-11-25,2021,2021-11,90.0,False
2021-11-23 14:15:00,2021-11-23 15:15:00,NIFTY 50,bullish,pro_VP+RSI_Div,-113.37,-39.77,73.6,181.13,180.51,64,stop_loss_premium_phase2,immediate,False,False,True,False,True,False,False,False,True,3.18,1.73,41.5,markdown,markdown,medium,2021-11-25,2021,2021-11,60.0,False
2021-11-24 09:15:00,2021-11-24 11:30:00,NIFTY 50,bullish,pro_FVG+VP,-180.95,-100.06,80.89,231.72,230.16,64,stop_loss_premium_phase3,immediate,False,True,True,False,False,False,False,False,True,3.63,1.18,40.58,markdown,markdown,medium,2021-11-25,2021,2021-11,135.0,False
2021-11-30 14:15:00,2021-11-30 15:00:00,NIFTY 50,bearish,pro_LiqSweep+FVG+RSI_Div+VWAP,5777.77,5864.25,86.48,203.59,295.22,64,target,immediate,True,True,False,False,True,False,False,True,False,0.0,4.22,62.86,markup,markdown,medium,2021-12-02,2021,2021-11,45.0,True
2021-11-30 15:15:00,2021-12-01 10:00:00,NIFTY 50,bearish,pro_LiqSweep+RSI_Div+VWAP,-323.1,-245.71,77.39,206.17,202.39,65,stop_loss_premium_phase2,immediate,True,False,False,False,True,False,False,True,False,0.0,2.79,59.6,markup,markdown,medium,2021-12-02,2021,2021-11,1125.0,False
2021-12-10 09:30:00,2021-12-10 11:00:00,NIFTY 50,bullish,pro_LiqSweep+VP,-119.14,-41.52,77.62,208.67,208.02,64,stop_loss_premium_phase3,immediate,True,False,True,False,False,False,False,False,True,3.7,0.3,38.22,accumulation,distribution,high,2021-12-16,2021,2021-12,90.0,False
2021-12-10 14:30:00,2021-12-13 09:15:00,NIFTY 50,bullish,pro_LiqSweep+VP,2905.23,2982.83,77.6,174.84,221.45,64,target,immediate,True,False,True,False,False,False,False,False,True,3.7,0.3,26.11,accumulation,distribution,high,2021-12-16,2021,2021-12,4005.0,True
2021-12-13 11:30:00,2021-12-13 12:15:00,NIFTY 50,bearish,pro_FVG+OTE+VWAP,3270.81,3354.68,83.87,210.37,261.98,65,target,immediate,False,True,False,True,False,False,False,True,True,1.46,3.34,36.54,markup,distribution,high,2021-12-16,2021,2021-12,45.0,True
2021-12-14 11:30:00,2021-12-14 13:15:00,NIFTY 50,bullish,pro_LiqSweep+OTE+RSI_Div,2808.46,2889.56,81.1,196.76,241.21,65,stop_loss_premium_phase3,immediate,True,False,False,True,True,False,False,False,True,4.1,1.73,43.36,markdown,markdown,high,2021-12-16,2021,2021-12,105.0,True
2021-12-21 09:15:00,2021-12-21 09:30:00,NIFTY 50,bullish,pro_FVG+VP,-1428.02,-1341.93,86.09,281.15,260.18,64,target,immediate,False,True,True,False,False,False,False,False,True,3.63,0.3,50.76,markdown,markdown,high,2021-12-23,2021,2021-12,15.0,False
2021-12-31 15:15:00,2022-01-03 09:15:00,NIFTY 50,bullish,pro_LiqSweep+VP+OTE,2563.45,2641.61,78.16,182.53,223.81,64,target,immediate,True,False,True,True,False,False,False,False,False,3.84,0.3,20.65,markup,accumulation,medium,2022-01-06,2021,2021-12,3960.0,True
2022-01-03 09:30:00,2022-01-03 12:15:00,NIFTY 50,bullish,pro_LiqSweep+VP,3388.33,3469.8,81.47,195.92,250.14,64,target,immediate,True,False,True,False,False,False,False,False,True,3.7,1.29,27.99,markup,accumulation,medium,2022-01-06,2022,2022-01,165.0,True
2022-01-03 15:00:00,2022-01-04 09:15:00,NIFTY 50,bullish,pro_FVG+VP,2676.81,2755.61,78.8,182.76,225.16,65,target,immediate,False,True,True,False,False,False,False,False,True,3.63,1.29,19.75,markup,accumulation,medium,2022-01-06,2022,2022-01,1095.0,True
2022-01-04 09:45:00,2022-01-04 11:15:00,NIFTY 50,bullish,pro_LiqSweep+VP,477.3,552.76,75.46,184.42,192.92,65,stop_loss_premium_phase3,immediate,True,False,True,False,False,False,False,False,True,3.7,1.18,31.44,markup,markup,medium,2022-01-06,2022,2022-01,90.0,True
2022-01-04 11:30:00,2022-01-04 13:00:00,NIFTY 50,bullish,pro_LiqSweep+VP,948.43,1023.71,75.28,180.8,196.79,64,stop_loss_premium_phase3,immediate,True,False,True,False,False,False,False,False,True,3.7,2.16,39.18,markup,markup,medium,2022-01-06,2022,2022-01,90.0,True
2022-01-04 14:15:00,2022-01-04 15:15:00,NIFTY 50,bullish,pro_LiqSweep+VP,3430.52,3505.78,75.26,153.0,207.78,64,target,immediate,True,False,True,False,False,False,False,False,True,3.7,0.3,28.14,markup,markup,medium,2022-01-06,2022,2022-01,60.0,True
2022-01-11 10:45:00,2022-01-11 12:15:00,NIFTY 50,bullish,pro_LiqSweep+VP,960.28,1035.16,74.88,175.19,191.12,65,stop_loss_premium_phase3,immediate,True,False,True,False,False,False,False,False,False,2.96,0.3,32.7,markup,markup,medium,2022-01-13,2022,2022-01,90.0,True
2022-01-11 14:15:00,2022-01-12 09:15:00,NIFTY 50,bullish,pro_LiqSweep+VP,2427.28,2504.64,77.36,178.59,217.72,64,target,immediate,True,False,True,False,False,False,False,False,False,2.96,0.3,22.18,markup,markup,medium,2022-01-13,2022,2022-01,1140.0,True
2022-01-14 10:00:00,2022-01-14 11:30:00,NIFTY 50,bullish,pro_FVG+VP,-96.44,-21.41,75.03,187.77,187.44,65,stop_loss_premium_phase3,immediate,False,True,True,False,False,False,False,False,True,3.63,1.29,35.88,markup,markup,medium,2022-01-20,2022,2022-01,90.0,False
2022-01-14 14:15:00,2022-01-17 09:15:00,NIFTY 50,bullish,pro_LiqSweep+VP,2696.52,2772.97,76.45,169.32,212.65,64,target,immediate,True,False,True,False,False,False,False,False,True,3.7,1.73,23.64,markup,markup,medium,2022-01-20,2022,2022-01,4020.0,True
2022-01-17 10:30:00,2022-01-17 12:00:00,NIFTY 50,bearish,pro_OTE+RSI_Div+VWAP,-81.03,-10.45,70.58,157.66,157.5,65,stop_loss_premium_phase3,immediate,False,False,False,True,True,False,False,True,True,1.46,2.9,29.04,markup,markup,low,2022-01-20,2022,2022-01,90.0,False
2022-01-18 09:30:00,2022-01-18 11:00:00,NIFTY 50,bullish,pro_LiqSweep+VP,-80.82,-10.23,70.59,160.19,160.03,64,stop_loss_premium_phase3,immediate,True,False,True,False,False,False,False,False,False,2.96,1.29,23.35,markup,markup,low,2022-01-20,2022,2022-01,90.0,False
2022-01-25 10:15:00,2022-01-25 11:45:00,NIFTY 50,bullish,pro_FVG+RSI_Div,1072.45,1153.05,80.6,215.78,233.79,64,stop_loss_premium_phase3,immediate,False,True,False,False,True,False,False,False,True,3.15,1.8,113.06,markdown,markdown,medium,2022-01-27,2022,2022-01,90.0,True
2022-01-25 14:15:00,2022-01-27 09:15:00,NIFTY 50,bullish,pro_LiqSweep+FVG+VP+RSI_Div,-110.76,-36.6,74.16,184.95,184.38,64,stop_loss_premium_phase2,immediate,True,True,True,False,True,False,False,False,True,6.11,0.3,50.6,markup,markdown,medium,2022-01-27,2022,2022-01,2580.0,False
2022-02-11 11:15:00,2022-02-11 13:00:00,NIFTY 50,bullish,pro_LiqSweep+FVG,1758.5,1835.94,77.44,189.49,218.63,63,stop_loss_premium_phase3,immediate,True,True,False,False,False,False,False,False,True,3.67,0.3,50.29,markdown,markdown,high,2022-02-17,2022,2022-02,105.0,True
2022-02-11 14:15:00,2022-02-14 09:15:00,NIFTY 50,bullish,pro_LiqSweep+FVG+VP,-115.94,-39.64,76.3,199.61,198.99,64,stop_loss_premium_phase2,immediate,True,True,True,False,False,False,False,False,True,5.13,0.3,33.96,markdown,markdown,high,2022-02-17,2022,2022-02,4020.0,False
2022-02-25 14:15:00,2022-02-28 09:15:00,NIFTY 50,bearish,pro_FVG+OTE+VWAP,3306.98,3389.27,82.29,202.44,255.4,64,target,immediate,False,True,False,True,False,False,False,True,False,0.0,2.61,49.29,markup,volatile,extreme,2022-03-03,2022,2022-02,4020.0,True
2022-03-02 09:15:00,2022-03-02 10:15:00,NIFTY 50,bullish,pro_FVG+VP,-717.46,-656.32,61.14,101.15,91.05,65,stop_loss_premium_phase2,immediate,False,True,True,False,False,False,False,False,True,3.63,0.3,50.43,markup,volatile,extreme,2022-03-03,2022,2022-03,60.0,False
2022-03-08 14:30:00,2022-03-09 09:15:00,NIFTY 50,bullish,pro_LiqSweep+VP,5479.02,5562.72,83.7,187.9,274.82,64,target,immediate,True,False,True,False,False,False,False,False,True,3.7,1.73,59.99,markup,volatile,extreme,2022-03-10,2022,2022-03,1125.0,True
2022-03-11 10:00:00,2022-03-11 11:30:00,NIFTY 50,bullish,pro_LiqSweep+RSI_Div,-115.29,-36.3,78.99,214.66,214.1,65,stop_loss_premium_phase3,immediate,True,False,False,False,True,False,False,False,True,3.22,1.18,72.88,markdown,volatile,extreme,2022-03-17,2022,2022-03,90.0,False
2022-03-11 14:15:00,2022-03-14 09:30:00,NIFTY 50,bullish,pro_LiqSweep+FVG,2291.1,2369.85,78.75,189.6,226.62,64,stop_loss_premium_phase3,immediate,True,True,False,False,False,False,False,False,True,3.67,1.18,43.73,markdown,volatile,extreme,2022-03-17,2022,2022-03,4035.0,True
2022-03-14 10:00:00,2022-03-14 11:30:00,NIFTY 50,bullish,pro_LiqSweep+VP,1944.55,2023.13,78.58,189.3,220.43,65,stop_loss_premium_phase3,immediate,True,False,True,False,False,False,False,False,True,3.7,0.3,49.22,markdown,volatile,extreme,2022-03-17,2022,2022-03,90.0,True
2022-03-22 14:30:00,2022-03-23 09:15:00,NIFTY 50,bullish,pro_FVG+VP,4838.96,4920.1,81.14,177.56,254.44,64,target,immediate,False,True,True,False,False,False,False,False,True,3.63,0.3,46.34,markdown,volatile,extreme,2022-03-24,2022,2022-03,1125.0,True
2022-04-01 09:30:00,2022-04-01 11:00:00,NIFTY 50,bullish,pro_LiqSweep+VP+OTE+RSI_Div,1413.14,1489.76,76.62,181.91,204.83,65,stop_loss_premium_phase3,immediate,True,False,True,True,True,False,False,False,True,5.56,0.3,30.65,accumulation,markup,high,2022-04-07,2022,2022-04,90.0,True
2022-04-01 11:15:00,2022-04-01 12:45:00,NIFTY 50,bullish,pro_LiqSweep+VP,566.51,645.52,79.01,210.54,220.62,64,stop_loss_premium_phase3,immediate,True,False,True,False,False,False,False,False,True,3.7,0.3,33.06,accumulation,markup,high,2022-04-07,2022,2022-04,90.0,True
2022-04-01 14:15:00,2022-04-01 15:00:00,NIFTY 50,bullish,pro_LiqSweep+VP,2459.74,2535.76,76.02,169.01,208.63,64,target,immediate,True,False,True,False,False,False,False,False,True,3.7,0.3,20.59,accumulation,markup,high,2022-04-07,2022,2022-04,45.0,True
2022-04-01 15:15:00,2022-04-04 09:15:00,NIFTY 50,bullish,pro_LiqSweep+VP,2996.59,3079.06,82.47,203.95,251.32,65,target,immediate,True,False,True,False,False,False,False,False,True,3.7,1.29,23.86,accumulation,markup,high,2022-04-07,2022,2022-04,3960.0,True
2022-04-08 10:00:00,2022-04-08 11:30:00,NIFTY 50,bullish,pro_LiqSweep+OTE,-119.13,-42.12,77.01,201.39,200.74,65,stop_loss_premium_phase3,immediate,True,False,False,True,False,False,False,False,True,3.11,1.29,39.48,markdown,markup,medium,2022-04-14,2022,2022-04,90.0,False
2022-04-08 14:15:00,2022-04-11 09:15:00,NIFTY 50,bullish,pro_LiqSweep+VP,-116.83,-38.71,78.12,212.09,211.49,64,stop_loss_premium_phase2,immediate,True,False,True,False,False,False,False,False,True,3.7,1.73,37.21,markdown,markup,medium,2022-04-14,2022,2022-04,4020.0,False
2022-04-12 14:15:00,2022-04-12 15:15:00,NIFTY 50,bullish,pro_LiqSweep+VP+RSI_Div,-105.27,-32.48,72.79,175.53,175.02,64,stop_loss_premium_phase2,immediate,True,False,True,False,True,False,False,False,False,3.95,1.18,30.95,markdown,markup,medium,2022-04-14,2022,2022-04,60.0,False
2022-04-13 09:15:00,2022-04-13 09:30:00,NIFTY 50,bullish,pro_LiqSweep+FVG+RSI_Div,224.04,309.81,85.77,264.71,269.63,63,target,immediate,True,True,False,False,True,False,False,False,False,3.92,0.3,35.23,markdown,markup,medium,2022-04-14,2022,2022-04,15.0,True
2022-04-19 14:15:00,2022-04-19 14:45:00,NIFTY 50,bearish,pro_FVG+OTE+VWAP,2938.69,3015.67,76.98,170.23,217.35,64,target,immediate,False,True,False,True,False,False,False,True,True,1.46,3.34,30.47,markup,markdown,medium,2022-04-21,2022,2022-04,30.0,True
2022-04-29 10:00:00,2022-04-29 11:00:00,NIFTY 50,bearish,pro_OTE+RSI_Div+VWAP,-109.15,-32.1,77.05,201.55,201.05,65,stop_loss_premium_phase2,immediate,False,False,False,True,True,False,False,True,True,0.0,2.9,39.9,markup,volatile,high,2022-05-05,2022,2022-04,60.0,False
2022-04-29 15:15:00,2022-05-02 09:15:00,NIFTY 50,bearish,pro_LiqSweep+VP+VWAP,4506.0,4591.84,85.84,213.39,285.14,64,target,immediate,True,False,True,False,False,False,False,True,True,1.43,4.0,52.6,markdown,volatile,high,2022-05-05,2022,2022-04,3960.0,True
2022-05-02 14:30:00,2022-05-02 15:00:00,NIFTY 50,bullish,pro_LiqSweep+VP,3825.5,3906.75,81.25,186.67,246.78,65,target,immediate,True,False,True,False,False,False,False,False,True,3.7,0.3,34.8,markdown,markdown,high,2022-05-05,2022,2022-05,30.0,True
2022-05-02 15:15:00,2022-05-04 10:15:00,NIFTY 50,bullish,pro_LiqSweep+VP+RSI_Div,-113.81,-39.16,74.65,185.45,184.84,65,stop_loss_premium_phase2,immediate,True,False,True,False,True,False,False,False,True,4.68,0.3,37.5,markdown,markdown,high,2022-05-05,2022,2022-05,2580.0,False
2022-05-06 14:15:00,2022-05-09 09:15:00,NIFTY 50,bullish,pro_LiqSweep+VP+RSI_Div,-118.94,-42.17,76.77,202.87,202.21,64,stop_loss_premium_phase2,immediate,True,False,True,False,True,False,False,False,False,3.95,2.61,50.68,markdown,markdown,high,2022-05-12,2022,2022-05,4020.0,False
2022-05-13 14:30:00,2022-05-13 15:00:00,NIFTY 50,bearish,pro_VP+RSI_Div+VWAP,3510.18,3592.64,82.46,201.34,257.47,64,target,immediate,False,False,True,False,True,False,False,True,True,1.43,3.49,48.04,markup,markdown,high,2022-05-19,2022,2022-05,30.0,True
2022-05-16 09:30:00,2022-05-16 11:00:00,NIFTY 50,bearish,pro_FVG+RSI_Div+VWAP,725.48,803.5,78.02,198.87,211.23,65,stop_loss_premium_phase3,immediate,False,True,False,False,True,False,False,True,False,0.0,2.72,66.98,markdown,markdown,high,2022-05-19,2022,2022-05,90.0,True
2022-05-23 14:15:00,2022-05-24 09:30:00,NIFTY 50,bearish,pro_LiqSweep+RSI_Div+VWAP,3583.92,3663.98,80.06,181.28,237.65,65,target,immediate,True,False,False,False,True,False,False,True,True,0.88,3.53,35.86,markdown,markdown,high,2022-05-26,2022,2022-05,1155.0,True
2022-05-24 10:00:00,2022-05-24 11:30:00,NIFTY 50,bearish,pro_LiqSweep+VP+VWAP,-115.36,-37.75,77.61,205.38,204.8,65,stop_loss_premium_phase3,immediate,True,False,True,False,False,False,False,True,True,0.0,4.0,46.77,markdown,markdown,high,2022-05-26,2022,2022-05,90.0,False
2022-05-31 11:00:00,2022-05-31 12:30:00,NIFTY 50,bullish,pro_LiqSweep+VP,-114.13,-38.66,75.47,193.93,193.32,64,stop_loss_premium_phase3,immediate,True,False,True,False,False,False,False,False,True,3.7,0.3,38.25,markdown,markup,high,2022-06-02,2022,2022-05,90.0,False
2022-05-31 14:15:00,2022-05-31 15:15:00,NIFTY 50,bullish,pro_LiqSweep+VP+RSI_Div,-96.4,-21.18,75.22,192.02,191.69,64,stop_loss_premium_phase2,immediate,True,False,True,False,True,False,False,False,True,4.68,0.3,29.57,markdown,markup,high,2022-06-02,2022,2022-05,60.0,False
2022-06-08 09:15:00,2022-06-08 09:30:00,NIFTY 50,bullish,pro_FVG+VP+RSI_Div,-139.36,-57.88,81.48,235.3,234.39,64,target,immediate,False,True,True,False,True,False,False,False,True,4.61,1.8,28.44,accumulation,distribution,high,2022-06-09,2022,2022-06,15.0,False
2022-06-17 09:45:00,2022-06-17 11:15:00,NIFTY 50,bullish,pro_LiqSweep+OTE+RSI_Div,-102.68,-24.06,78.62,215.3,214.92,64,stop_loss_premium_phase3,immediate,True,False,False,True,True,False,False,False,False,3.36,0.3,75.17,markdown,markdown,medium,2022-06-23,2022,2022-06,90.0,False
2022-06-20 15:15:00,2022-06-21 09:15:00,NIFTY 50,bullish,pro_LiqSweep+VP,3393.64,3474.54,80.9,191.98,246.27,64,target,immediate,True,False,True,False,False,False,False,False,False,2.96,1.18,43.93,markdown,markdown,medium,2022-06-23,2022,2022-06,1080.0,True
2022-06-28 14:15:00,2022-06-28 15:15:00,NIFTY 50,bullish,pro_VP+RSI_Div,2975.81,3053.17,77.36,169.81,216.78,65,target,immediate,False,False,True,False,True,False,False,False,True,3.18,1.18,29.93,markdown,markdown,medium,2022-06-30,2022,2022-06,60.0,True
2022-07-01 15:00:00,2022-07-04 09:45:00,NIFTY 50,bullish,pro_FVG+VP,-110.08,-35.04,75.04,188.02,187.48,65,stop_loss_premium_phase2,immediate,False,True,True,False,False,False,False,False,True,3.63,1.8,36.15,markdown,markdown,medium,2022-07-07,2022,2022-07,4005.0,False
2022-07-04 11:15:00,2022-07-04 12:45:00,NIFTY 50,bullish,pro_FVG+VP,834.54,914.53,79.99,214.27,228.56,64,stop_loss_premium_phase3,immediate,False,True,True,False,False,False,False,False,True,3.63,1.18,44.62,markdown,markdown,medium,2022-07-07,2022,2022-07,90.0,True
2022-07-04 14:15:00,2022-07-04 15:00:00,NIFTY 50,bullish,pro_LiqSweep+VP+RSI_Div,3141.07,3222.31,81.24,197.1,247.44,64,target,immediate,True,False,True,False,True,False,False,False,True,4.68,1.73,24.05,markdown,markdown,medium,2022-07-07,2022,2022-07,45.0,True
2022-07-04 15:15:00,2022-07-05 09:15:00,NIFTY 50,bullish,pro_LiqSweep+VP,3203.04,3281.22,78.18,172.8,223.28,65,target,immediate,True,False,True,False,False,False,False,False,True,3.7,1.73,25.92,markdown,markdown,medium,2022-07-07,2022,2022-07,1080.0,True
2022-07-05 14:15:00,2022-07-05 15:00:00,NIFTY 50,bearish,pro_LiqSweep+RSI_Div+VWAP,3490.55,3566.98,76.43,157.87,212.74,65,target,immediate,True,False,False,False,True,False,False,True,True,1.43,3.53,28.48,markup,accumulation,medium,2022-07-07,2022,2022-07,45.0,True
2022-07-25 15:00:00,2022-07-26 09:45:00,NIFTY 50,bullish,pro_FVG+VP,-355.86,-280.98,74.88,189.62,185.29,65,stop_loss_premium_phase2,immediate,False,True,True,False,False,False,False,False,True,3.63,0.3,23.59,markdown,markup,low,2022-07-28,2022,2022-07,1125.0,False
2022-07-29 11:00:00,2022-07-29 12:30:00,NIFTY 50,bearish,pro_FVG+OTE+VWAP,191.4,269.21,77.81,206.52,210.73,64,stop_loss_premium_phase3,immediate,False,True,False,True,False,False,False,True,False,0.0,2.61,49.26,markup,markup,medium,2022-08-04,2022,2022-07,90.0,True
2022-08-02 10:00:00,2022-08-02 11:30:00,NIFTY 50,bullish,pro_FVG+RSI_Div,2674.01,2749.64,75.63,164.0,206.96,64,target,immediate,False,True,False,False,True,False,False,False,True,3.15,0.3,27.17,markdown,markup,medium,2022-08-04,2022,2022-08,90.0,True
2022-08-05 10:30:00,2022-08-05 12:00:00,NIFTY 50,bearish,pro_FVG+RSI_Div+VWAP,-113.08,-36.77,76.31,196.6,196.03,65,stop_loss_premium_phase3,immediate,False,True,False,False,True,False,False,True,True,1.46,3.45,43.28,markup,markup,medium,2022-08-11,2022,2022-08,90.0,False
2022-08-08 14:45:00,2022-08-10 09:30:00,NIFTY 50,bullish,pro_FVG+VP,-102.99,-31.2,71.79,168.66,168.17,64,stop_loss_premium_phase2,immediate,False,True,True,False,False,False,False,False,True,3.63,1.8,21.68,accumulation,markup,medium,2022-08-11,2022,2022-08,2565.0,False
2022-08-12 09:45:00,2022-08-12 11:15:00,NIFTY 50,bullish,pro_FVG+VP,838.15,913.89,75.74,185.19,199.47,64,stop_loss_premium_phase3,immediate,False,True,True,False,False,False,False,False,True,3.63,0.3,26.66,markdown,markup,low,2022-08-18,2022,2022-08,90.0,True
2022-08-12 14:45:00,2022-08-16 09:15:00,NIFTY 50,bullish,pro_FVG+VP,2291.25,2366.03,74.78,162.44,199.41,64,target,immediate,False,True,True,False,False,False,False,False,True,3.63,1.29,19.39,markdown,markup,low,2022-08-18,2022,2022-08,5430.0,True
2022-08-19 09:45:00,2022-08-19 11:00:00,NIFTY 50,bearish,pro_OTE+RSI_Div+VWAP,2073.38,2148.25,74.87,162.94,195.99,65,target,immediate,False,False,False,True,True,False,False,True,True,1.46,2.9,23.65,markup,markup,low,2022-08-25,2022,2022-08,75.0,True
2022-08-23 09:45:00,2022-08-23 10:45:00,NIFTY 50,bullish,pro_VP+RSI_Div,-89.39,-16.46,72.93,173.58,173.33,65,stop_loss_premium_phase2,immediate,False,False,True,False,True,False,False,False,True,3.18,1.18,38.9,markup,markup,medium,2022-08-25,2022,2022-08,60.0,False
2022-08-26 09:30:00,2022-08-26 11:00:00,NIFTY 50,bearish,pro_LiqSweep+OTE+RSI_Div+VWAP,1086.33,1163.27,76.94,190.62,208.8,64,stop_loss_premium_phase3,immediate,True,False,False,True,True,False,False,True,False,1.46,3.66,44.6,accumulation,markup,medium,2022-09-01,2022,2022-08,90.0,True
2022-09-02 10:30:00,2022-09-02 12:00:00,NIFTY 50,bullish,pro_LiqSweep+OTE,-119.6,-41.66,77.94,210.84,210.19,64,stop_loss_premium_phase3,immediate,True,False,False,True,False,False,False,False,True,3.11,0.3,55.34,markdown,accumulation,medium,2022-09-08,2022,2022-09,90.0,False
2022-09-02 14:15:00,2022-09-02 15:15:00,NIFTY 50,bullish,pro_LiqSweep+VP,-289.85,-213.73,76.12,200.34,197.0,64,stop_loss_premium_phase2,immediate,True,False,True,False,False,False,False,False,True,3.7,1.73,25.13,markdown,accumulation,medium,2022-09-08,2022,2022-09,60.0,False
2022-09-19 10:00:00,2022-09-19 11:30:00,NIFTY 50,bearish,pro_FVG+OTE+RSI_Div+VWAP,-96.89,-20.36,76.53,201.0,200.69,64,stop_loss_premium_phase3,immediate,False,True,False,True,True,False,False,True,False,1.5,3.59,63.3,markdown,accumulation,medium,2022-09-22,2022,2022-09,90.0,False
2022-09-30 09:45:00,2022-09-30 10:30:00,NIFTY 50,bullish,pro_LiqSweep+OTE+RSI_Div,4341.92,4426.95,85.03,209.64,278.81,64,target,immediate,True,False,False,True,True,False,False,False,True,4.1,0.3,48.89,markdown,markdown,medium,2022-10-06,2022,2022-09,45.0,True
2022-09-30 10:45:00,2022-09-30 12:30:00,NIFTY 50,bullish,pro_LiqSweep+VP,4591.42,4675.02,83.6,194.09,266.01,65,target,immediate,True,False,True,False,False,False,False,False,True,3.7,0.3,56.36,markdown,markdown,medium,2022-10-06,2022,2022-09,105.0,True
2022-10-03 10:00:00,2022-10-03 11:30:00,NIFTY 50,bearish,pro_LiqSweep+RSI_Div+VWAP,775.07,853.35,78.28,200.12,213.25,65,stop_loss_premium_phase3,immediate,True,False,False,False,True,False,False,True,True,0.0,3.53,46.71,markup,markdown,medium,2022-10-06,2022,2022-10,90.0,True
2022-10-07 10:15:00,2022-10-07 11:45:00,NIFTY 50,bullish,pro_FVG+OTE,-122.44,-44.41,78.03,208.26,207.58,65,stop_loss_premium_phase3,immediate,False,True,False,True,False,False,False,False,True,3.04,0.3,33.91,markdown,markdown,medium,2022-10-13,2022,2022-10,90.0,False
2022-10-17 11:30:00,2022-10-17 13:00:00,NIFTY 50,bullish,pro_FVG+VP,1237.48,1314.48,77.0,189.33,209.86,64,stop_loss_premium_phase3,immediate,False,True,True,False,False,False,False,False,True,3.63,1.18,43.38,markdown,markup,high,2022-10-20,2022,2022-10,90.0,True
2022-10-28 09:30:00,2022-10-28 11:00:00,NIFTY 50,bullish,pro_LiqSweep+VP,486.67,564.1,77.43,197.56,206.24,65,stop_loss_premium_phase3,immediate,True,False,True,False,False,False,False,False,False,2.96,0.3,29.1,markdown,markup,medium,2022-11-03,2022,2022-10,90.0,True
2022-11-04 09:45:00,2022-11-04 11:15:00,NIFTY 50,bullish,pro_VP+RSI_Div,-102.58,-30.83,71.75,168.37,167.89,64,stop_loss_premium_phase3,immediate,False,False,True,False,True,False,False,False,True,3.18,1.8,27.65,markdown,markup,low,2022-11-10,2022,2022-11,90.0,False
2022-11-15 11:15:00,2022-11-15 12:45:00,NIFTY 50,bullish,pro_LiqSweep+FVG,1006.1,1072.55,66.45,119.8,136.55,64,stop_loss_premium_phase3,immediate,True,True,False,False,False,False,False,False,True,3.67,0.3,26.55,accumulation,markup,low,2022-11-17,2022,2022-11,90.0,True
2022-11-15 14:15:00,2022-11-15 15:00:00,NIFTY 50,bullish,pro_LiqSweep+FVG+VP,2984.25,3063.27,79.02,183.71,231.57,64,target,immediate,True,True,True,False,False,False,False,False,True,5.13,0.3,18.04,accumulation,markup,low,2022-11-17,2022,2022-11,45.0,True
2022-11-15 15:15:00,2022-11-16 10:00:00,NIFTY 50,bullish,pro_LiqSweep+VP+RSI_Div,-276.88,-204.61,72.27,171.23,168.08,65,stop_loss_premium_phase2,immediate,True,False,True,False,True,False,False,False,True,4.68,0.3,21.74,accumulation,markup,low,2022-11-17,2022,2022-11,1125.0,False
2022-11-18 09:45:00,2022-11-18 11:00:00,NIFTY 50,bullish,pro_FVG+RSI_Div,-103.14,-30.77,72.37,172.63,172.15,64,stop_loss_premium_phase2,immediate,False,True,False,False,True,False,False,False,True,3.15,1.8,27.29,markup,markup,low,2022-11-24,2022,2022-11,75.0,False
2022-11-18 14:30:00,2022-11-18 15:00:00,NIFTY 50,bullish,pro_VP+RSI_Div,2410.44,2490.64,80.2,198.15,237.06,64,target,immediate,False,False,True,False,True,False,False,False,True,3.18,0.3,25.61,markup,markup,low,2022-11-24,2022,2022-11,30.0,True
2022-11-22 09:30:00,2022-11-22 11:00:00,NIFTY 50,bullish,pro_LiqSweep+VP+OTE,1327.04,1401.43,74.39,167.9,189.46,65,stop_loss_premium_phase3,immediate,True,False,True,True,False,False,False,False,True,4.57,0.3,22.31,markdown,markup,low,2022-11-24,2022,2022-11,90.0,True
2022-11-22 11:15:00,2022-11-22 12:45:00,NIFTY 50,bullish,pro_LiqSweep+VP,823.48,897.21,73.73,171.58,185.6,64,stop_loss_premium_phase3,immediate,True,False,True,False,False,False,False,False,True,3.7,1.73,23.48,markdown,markup,low,2022-11-24,2022,2022-11,90.0,True
2022-11-25 10:00:00,2022-11-25 11:30:00,NIFTY 50,bullish,pro_FVG+VP,-32.79,41.03,73.82,181.78,182.42,64,stop_loss_premium_phase3,immediate,False,True,True,False,False,False,False,False,True,3.63,1.8,31.29,markup,markup,low,2022-12-01,2022,2022-11,90.0,False
2022-11-25 15:00:00,2022-11-28 10:30:00,NIFTY 50,bullish,pro_VP+RSI_Div,1080.98,1158.53,77.55,194.83,212.93,64,stop_loss_premium_phase3,immediate,False,False,True,False,True,False,False,False,True,3.18,1.8,21.04,markup,markup,low,2022-12-01,2022,2022-11,4050.0,True
2022-11-28 10:45:00,2022-11-28 12:30:00,NIFTY 50,bullish,pro_LiqSweep+VP,1510.48,1587.38,76.9,182.78,207.2,65,stop_loss_premium_phase3,immediate,True,False,True,False,False,False,False,False,False,2.96,1.29,30.19,markup,markup,low,2022-12-01,2022,2022-11,105.0,True
2022-11-29 09:45:00,2022-11-29 11:15:00,NIFTY 50,bullish,pro_FVG+VP,1288.75,1365.73,76.98,188.63,209.97,64,stop_loss_premium_phase3,immediate,False,True,True,False,False,False,False,False,False,2.89,0.3,25.87,markup,markup,low,2022-12-01,2022,2022-11,90.0,True
2022-11-29 14:15:00,2022-11-29 15:15:00,NIFTY 50,bearish,pro_LiqSweep+RSI_Div+VWAP,1324.47,1389.84,65.37,108.89,130.61,64,target,immediate,True,False,False,False,True,False,False,True,False,1.46,2.79,15.31,markup,markup,low,2022-12-01,2022,2022-11,60.0,True
2022-12-05 10:00:00,2022-12-05 11:15:00,NIFTY 50,bearish,pro_LiqSweep+VP+VWAP,-248.05,-176.73,71.32,164.52,161.8,65,stop_loss_premium_phase2,immediate,True,False,True,False,False,False,False,True,False,0.0,3.26,26.29,accumulation,markup,low,2022-12-08,2022,2022-12,75.0,False
2022-12-05 11:30:00,2022-12-05 12:30:00,NIFTY 50,bearish,pro_LiqSweep+FVG+VWAP,-109.47,-36.83,72.64,174.57,173.99,64,stop_loss_premium_phase2,immediate,True,True,False,False,False,False,False,True,False,0.88,3.23,25.95,accumulation,markup,low,2022-12-08,2022,2022-12,60.0,False
2022-12-06 14:15:00,2022-12-07 09:30:00,NIFTY 50,bullish,pro_LiqSweep+VP+RSI_Div,1501.36,1577.53,76.17,180.75,205.4,64,stop_loss_premium_phase3,immediate,True,False,True,False,True,False,False,False,True,4.68,1.73,20.13,markdown,markup,low,2022-12-08,2022,2022-12,1155.0,True
2022-12-13 09:30:00,2022-12-13 11:00:00,NIFTY 50,bullish,pro_LiqSweep+VP,524.17,589.88,65.71,120.14,129.36,64,stop_loss_premium_phase3,immediate,True,False,True,False,False,False,False,False,True,3.7,1.73,27.02,markdown,markup,low,2022-12-15,2022,2022-12,90.0,True
2022-12-19 11:00:00,2022-12-19 12:30:00,NIFTY 50,bullish,pro_FVG+RSI_Div,1209.62,1286.68,77.06,190.07,210.18,64,stop_loss_premium_phase3,immediate,False,True,False,False,True,False,False,False,True,3.15,1.8,37.09,markdown,markdown,low,2022-12-22,2022,2022-12,90.0,True
2022-12-20 11:15:00,2022-12-20 12:45:00,NIFTY 50,bullish,pro_LiqSweep+RSI_Div,1770.79,1846.48,75.69,174.46,203.31,64,stop_loss_premium_phase3,immediate,True,False,False,False,True,False,False,False,True,3.22,0.3,38.29,markdown,markdown,low,2022-12-22,2022,2022-12,90.0,True
2022-12-20 14:15:00,2022-12-20 15:00:00,NIFTY 50,bullish,pro_LiqSweep+VP+RSI_Div,3225.2,3302.19,76.99,167.13,218.72,64,target,immediate,True,False,True,False,True,False,False,False,True,4.68,2.61,24.66,markdown,markdown,low,2022-12-22,2022,2022-12,45.0,True
2022-12-20 15:15:00,2022-12-21 09:15:00,NIFTY 50,bullish,pro_LiqSweep+VP+RSI_Div,3784.27,3863.51,79.24,176.27,236.64,64,target,immediate,True,False,True,False,True,False,False,False,True,4.68,1.73,30.44,markdown,markdown,low,2022-12-22,2022,2022-12,1080.0,True
2022-12-26 10:00:00,2022-12-26 12:15:00,NIFTY 50,bullish,pro_FVG+VP+RSI_Div,1811.97,1889.98,78.01,186.95,216.02,65,stop_loss_premium_phase3,immediate,False,True,True,False,True,False,False,False,True,4.61,0.3,46.01,markdown,markdown,low,2022-12-29,2022,2022-12,135.0,True
2023-01-02 10:45:00,2023-01-02 12:15:00,NIFTY 50,bullish,pro_LiqSweep+VP,210.01,287.14,77.13,201.64,206.13,64,stop_loss_premium_phase3,immediate,True,False,True,False,False,False,False,False,False,2.96,1.18,39.45,markdown,markdown,low,2023-01-05,2023,2023-01,90.0,True
2023-01-03 14:30:00,2023-01-04 09:15:00,NIFTY 50,bullish,pro_LiqSweep+VP,-81.33,-18.48,62.85,107.34,107.05,64,stop_loss_premium_phase2,immediate,True,False,True,False,False,False,False,False,True,3.7,0.3,20.55,accumulation,markdown,low,2023-01-05,2023,2023-01,1125.0,False
2023-01-06 09:30:00,2023-01-06 10:30:00,NIFTY 50,bullish,pro_FVG+VP+RSI_Div,-97.0,-19.85,77.15,205.23,204.92,64,stop_loss_premium_phase2,immediate,False,True,True,False,True,False,False,False,False,3.88,0.3,33.19,markdown,markdown,low,2023-01-12,2023,2023-01,60.0,False
2023-01-10 10:45:00,2023-01-10 12:15:00,NIFTY 50,bearish,pro_VP+RSI_Div+VWAP,1129.88,1204.85,74.97,176.7,195.52,64,stop_loss_premium_phase3,immediate,False,False,True,False,True,False,False,True,False,1.43,2.75,38.54,markdown,markdown,medium,2023-01-12,2023,2023-01,90.0,True
2023-01-10 15:00:00,2023-01-11 09:45:00,NIFTY 50,bullish,pro_VP+OTE+RSI_Div,-103.85,-31.02,72.83,175.78,175.29,64,stop_loss_premium_phase2,immediate,False,False,True,True,True,False,False,False,False,3.32,0.3,32.5,markdown,markdown,medium,2023-01-12,2023,2023-01,1125.0,False
2023-01-13 14:30:00,2023-01-16 09:15:00,NIFTY 50,bullish,pro_FVG+VP,3178.26,3256.5,78.24,176.23,227.11,64,target,immediate,False,True,True,False,False,False,False,False,True,3.63,0.3,28.97,markdown,markdown,medium,2023-01-19,2023,2023-01,4005.0,True
2023-01-16 10:30:00,2023-01-16 12:15:00,NIFTY 50,bearish,pro_OTE+RSI_Div+VWAP,2792.66,2869.52,76.86,168.4,212.55,65,target,immediate,False,False,False,True,True,False,False,True,True,0.0,2.9,33.35,markup,markdown,low,2023-01-19,2023,2023-01,105.0,True
2023-01-16 14:15:00,2023-01-17 09:15:00,NIFTY 50,bearish,pro_FVG+RSI_Div+VWAP,-111.03,-37.36,73.67,178.81,178.24,65,stop_loss_premium_phase2,immediate,False,True,False,False,True,False,False,True,True,0.0,3.45,25.04,markup,markdown,low,2023-01-19,2023,2023-01,1140.0,False
2023-01-17 10:15:00,2023-01-17 11:45:00,NIFTY 50,bullish,pro_FVG+VP,-114.14,-39.78,74.36,186.31,185.69,64,stop_loss_premium_phase3,immediate,False,True,True,False,False,False,False,False,False,2.89,0.3,33.76,markup,markdown,medium,2023-01-19,2023,2023-01,90.0,False
2023-01-18 09:15:00,2023-01-18 09:45:00,NIFTY 50,bullish,pro_FVG+VP,1910.67,1989.32,78.65,193.12,224.2,64,target,immediate,False,True,True,False,False,False,False,False,False,2.89,0.3,28.02,markup,markdown,medium,2023-01-19,2023,2023-01,30.0,True
2023-01-30 09:30:00,2023-01-30 10:30:00,NIFTY 50,bullish,pro_LiqSweep+VP,-112.94,-36.72,76.22,195.97,195.41,65,stop_loss_premium_phase2,immediate,True,False,True,False,False,False,False,False,True,3.7,0.3,60.43,markdown,markdown,low,2023-02-02,2023,2023-01,60.0,False
2023-01-30 10:45:00,2023-01-30 12:15:00,NIFTY 50,bullish,pro_LiqSweep+RSI_Div,1389.72,1468.56,78.84,200.22,223.17,64,stop_loss_premium_phase3,immediate,True,False,False,False,True,False,False,False,True,3.22,0.3,65.13,markdown,markdown,low,2023-02-02,2023,2023-01,90.0,True
2023-02-06 10:45:00,2023-02-06 12:15:00,NIFTY 50,bullish,pro_LiqSweep+OTE,947.19,1027.51,80.32,215.24,231.3,64,stop_loss_premium_phase3,immediate,True,False,False,True,False,False,False,False,True,3.11,1.73,47.31,markup,markdown,low,2023-02-09,2023,2023-02,90.0,True
2023-02-06 14:15:00,2023-02-07 09:30:00,NIFTY 50,bullish,pro_LiqSweep+VP+RSI_Div,1614.22,1688.81,74.59,168.71,195.1,64,stop_loss_premium_phase3,immediate,True,False,True,False,True,False,False,False,True,4.68,1.18,29.31,markup,markdown,low,2023-02-09,2023,2023-02,1155.0,True
2023-02-10 14:15:00,2023-02-13 09:30:00,NIFTY 50,bullish,pro_LiqSweep+VP+RSI_Div,-111.17,-36.85,74.32,183.17,182.61,65,stop_loss_premium_phase3,immediate,True,False,True,False,True,False,False,False,False,3.95,1.18,18.64,markdown,markdown,low,2023-02-16,2023,2023-02,4035.0,False
2023-02-13 09:45:00,2023-02-13 11:15:00,NIFTY 50,bullish,pro_LiqSweep+VP+OTE,-89.43,-24.64,64.79,120.64,120.26,64,stop_loss_premium_phase3,immediate,True,False,True,True,False,False,False,False,True,4.57,0.3,22.29,markdown,markdown,low,2023-02-16,2023,2023-02,90.0,False
2023-02-21 10:15:00,2023-02-21 11:45:00,NIFTY 50,bearish,pro_LiqSweep+OTE+VWAP,1441.67,1516.3,74.63,170.85,194.54,64,stop_loss_premium_phase3,immediate,True,False,False,True,False,False,False,True,True,1.46,3.41,34.68,markdown,accumulation,low,2023-02-23,2023,2023-02,90.0,True
2023-02-21 14:45:00,2023-02-22 09:15:00,NIFTY 50,bearish,pro_LiqSweep+FVG+VWAP,3408.84,3486.41,77.57,169.04,223.51,64,target,immediate,True,True,False,False,False,False,False,True,True,0.88,3.97,27.32,markdown,accumulation,low,2023-02-23,2023,2023-02,1110.0,True
2023-03-14 14:30:00,2023-03-15 09:15:00,NIFTY 50,bearish,pro_LiqSweep+FVG+VWAP,-113.21,-36.93,76.28,196.35,195.78,65,stop_loss_premium_phase2,immediate,True,True,False,False,False,False,False,True,False,1.86,3.23,50.08,markdown,markdown,medium,2023-03-16,2023,2023-03,1125.0,False
2023-03-20 11:00:00,2023-03-20 12:00:00,NIFTY 50,bullish,pro_LiqSweep+OTE,-98.76,-22.05,76.71,202.25,201.9,64,stop_loss_premium_phase2,immediate,True,False,False,True,False,False,False,False,True,3.11,1.73,57.74,markdown,markdown,medium,2023-03-23,2023,2023-03,60.0,False
2023-04-21 09:30:00,2023-04-21 11:00:00,NIFTY 50,bullish,pro_LiqSweep+VP,-94.72,-19.64,75.08,191.05,190.75,64,stop_loss_premium_phase3,immediate,True,False,True,False,False,False,False,False,True,3.7,1.73,17.52,markdown,markup,low,2023-04-27,2023,2023-04,90.0,False
2023-04-21 11:15:00,2023-04-21 12:45:00,NIFTY 50,bullish,pro_LiqSweep+VP+OTE+RSI_Div,-109.37,-34.43,74.94,190.27,189.73,64,stop_loss_premium_phase3,immediate,True,False,True,True,True,False,False,False,True,5.56,0.3,21.64,markdown,markup,low,2023-04-27,2023,2023-04,90.0,False
2023-04-28 09:30:00,2023-04-28 11:15:00,NIFTY 50,bullish,pro_LiqSweep+FVG+VP,1172.36,1248.12,75.76,181.61,201.11,64,stop_loss_premium_phase3,immediate,True,True,True,False,False,False,False,False,True,5.13,0.3,20.56,markup,markup,low,2023-05-04,2023,2023-04,105.0,True
2023-05-08 09:45:00,2023-05-08 11:15:00,NIFTY 50,bullish,pro_VP+RSI_Div,1153.22,1230.89,77.67,194.86,214.1,64,stop_loss_premium_phase3,immediate,False,False,True,False,True,False,False,False,True,3.18,1.73,34.47,markup,markup,low,2023-05-11,2023,2023-05,90.0,True
2023-05-12 11:30:00,2023-05-12 13:15:00,NIFTY 50,bullish,pro_VP+RSI_Div,1048.09,1124.37,76.28,186.52,204.09,64,stop_loss_premium_phase3,immediate,False,False,True,False,True,False,False,False,True,3.18,1.8,31.65,markdown,markup,low,2023-05-18,2023,2023-05,105.0,True
2023-05-15 10:00:00,2023-05-15 12:00:00,NIFTY 50,bullish,pro_VP+RSI_Div,1321.16,1398.96,77.8,193.85,215.71,64,stop_loss_premium_phase3,immediate,False,False,True,False,True,False,False,False,True,3.18,0.3,22.84,markup,markup,low,2023-05-18,2023,2023-05,120.0,True
2023-05-15 15:15:00,2023-05-16 09:15:00,NIFTY 50,bullish,pro_VP+OTE,1611.42,1685.73,74.31,166.82,193.16,64,target,immediate,False,False,True,True,False,False,False,False,True,3.07,1.29,16.51,markup,markup,low,2023-05-18,2023,2023-05,1080.0,True
2023-05-19 11:15:00,2023-05-19 12:45:00,NIFTY 50,bullish,pro_LiqSweep+OTE,302.04,378.18,76.14,190.9,196.72,65,stop_loss_premium_phase3,immediate,True,False,False,True,False,False,False,False,True,3.11,0.3,34.11,markdown,markup,low,2023-05-25,2023,2023-05,90.0,True
2023-05-19 14:15:00,2023-05-22 09:15:00,NIFTY 50,bullish,pro_LiqSweep+VP,3029.09,3110.66,81.57,200.61,249.22,64,target,immediate,True,False,True,False,False,False,False,False,True,3.7,0.3,24.55,markup,markup,low,2023-05-25,2023,2023-05,4020.0,True
2023-05-22 10:00:00,2023-05-22 11:30:00,NIFTY 50,bullish,pro_FVG+VP,1173.88,1247.75,73.87,166.05,185.24,65,stop_loss_premium_phase3,immediate,False,True,True,False,False,False,False,False,True,3.63,1.8,27.64,markup,markup,low,2023-05-25,2023,2023-05,90.0,True
2023-05-23 14:15:00,2023-05-23 14:45:00,NIFTY 50,bearish,pro_LiqSweep+OTE+RSI_Div+VWAP,2015.99,2089.0,73.01,153.37,186.01,64,target,immediate,True,False,False,True,True,False,False,True,True,1.46,4.4,15.69,markup,markup,low,2023-05-25,2023,2023-05,30.0,True
2023-05-23 15:15:00,2023-05-24 09:15:00,NIFTY 50,bearish,pro_LiqSweep+VP+RSI_Div+VWAP,2445.22,2520.1,74.88,158.92,197.69,65,target,immediate,True,False,True,False,True,False,False,True,True,1.43,4.99,18.39,markdown,markup,low,2023-05-25,2023,2023-05,1080.0,True
2023-05-26 09:30:00,2023-05-26 11:30:00,NIFTY 50,bullish,pro_VP+RSI_Div,2322.64,2403.08,80.44,197.65,234.62,65,target,immediate,False,False,True,False,True,False,False,False,True,3.18,0.3,23.71,markup,markup,low,2023-06-01,2023,2023-05,120.0,True
2023-05-30 09:30:00,2023-05-30 10:45:00,NIFTY 50,bullish,pro_LiqSweep+VP,-99.54,-28.74,70.8,159.36,158.92,65,stop_loss_premium_phase2,immediate,True,False,True,False,False,False,False,False,True,3.7,0.3,21.44,markdown,markup,low,2023-06-01,2023,2023-05,75.0,False
2023-05-30 11:00:00,2023-05-30 12:30:00,NIFTY 50,bullish,pro_LiqSweep+FVG+VP+RSI_Div,618.34,690.72,72.38,164.64,175.44,64,stop_loss_premium_phase3,immediate,True,True,True,False,True,False,False,False,True,6.11,0.3,25.1,markdown,markup,low,2023-06-01,2023,2023-05,90.0,True
2023-06-06 09:30:00,2023-06-06 10:30:00,NIFTY 50,bullish,pro_FVG+VP+OTE,-88.69,-16.92,71.77,168.4,168.13,64,stop_loss_premium_phase2,immediate,False,True,True,True,False,False,False,False,False,3.77,0.3,15.49,markdown,markup,low,2023-06-08,2023,2023-06,60.0,False
2023-06-06 10:45:00,2023-06-06 12:15:00,NIFTY 50,bullish,pro_FVG+VP,-280.26,-207.23,73.03,179.14,175.9,64,stop_loss_premium_phase3,immediate,False,True,True,False,False,False,False,False,False,2.89,0.3,17.81,markdown,markup,low,2023-06-08,2023,2023-06,90.0,False
2023-06-06 14:45:00,2023-06-06 15:00:00,NIFTY 50,bullish,pro_VP+OTE+RSI_Div,1435.18,1509.17,73.99,166.54,190.12,64,target,immediate,False,False,True,True,True,False,False,False,False,3.32,0.3,14.0,markdown,markup,low,2023-06-08,2023,2023-06,15.0,True
2023-06-12 09:30:00,2023-06-12 11:00:00,NIFTY 50,bullish,pro_VP+RSI_Div,955.2,1029.63,74.43,172.2,188.04,65,stop_loss_premium_phase3,immediate,False,False,True,False,True,False,False,False,True,3.18,0.3,22.92,markdown,markup,low,2023-06-15,2023,2023-06,90.0,True
2023-06-13 10:45:00,2023-06-13 12:15:00,NIFTY 50,bearish,pro_LiqSweep+FVG+VWAP,-246.85,-183.43,63.42,113.07,110.21,64,stop_loss_premium_phase3,immediate,True,True,False,False,False,False,False,True,False,1.46,3.23,21.08,markup,markup,low,2023-06-15,2023,2023-06,90.0,False
2023-06-13 15:00:00,2023-06-14 10:15:00,NIFTY 50,bearish,pro_LiqSweep+FVG+OTE+VWAP,636.61,700.77,64.16,108.3,119.25,64,stop_loss_premium_phase3,immediate,True,True,False,True,False,False,False,True,False,1.46,4.11,12.6,accumulation,markup,low,2023-06-15,2023,2023-06,1155.0,True
2023-06-16 10:00:00,2023-06-16 11:30:00,NIFTY 50,bullish,pro_FVG+VP,116.53,193.0,76.47,198.16,201.18,64,stop_loss_premium_phase3,immediate,False,True,True,False,False,False,False,False,True,3.63,1.8,25.76,markup,markup,low,2023-06-22,2023,2023-06,90.0,True
2023-06-16 14:15:00,2023-06-16 14:45:00,NIFTY 50,bullish,pro_LiqSweep+VP+RSI_Div,1670.38,1746.5,76.12,178.51,205.8,64,target,immediate,True,False,True,False,True,False,False,False,True,4.68,0.3,14.53,markup,markup,low,2023-06-22,2023,2023-06,30.0,True
2023-06-16 15:00:00,2023-06-19 09:15:00,NIFTY 50,bullish,pro_LiqSweep+VP,1974.43,2053.08,78.65,189.45,221.04,65,target,immediate,True,False,True,False,False,False,False,False,True,3.7,0.3,16.98,markup,markup,low,2023-06-22,2023,2023-06,3975.0,True
2023-06-19 09:30:00,2023-06-19 10:30:00,NIFTY 50,bullish,pro_LiqSweep+VP,-113.31,-39.34,73.97,180.85,180.24,65,stop_loss_premium_phase2,immediate,True,False,True,False,False,False,False,False,True,3.7,0.3,22.06,markup,markup,low,2023-06-22,2023,2023-06,60.0,False
2023-06-19 14:45:00,2023-06-20 09:30:00,NIFTY 50,bullish,pro_LiqSweep+VP,-83.02,-7.54,75.48,193.68,193.56,64,stop_loss_premium_phase2,immediate,True,False,True,False,False,False,False,False,True,3.7,1.73,20.2,markdown,markup,low,2023-06-22,2023,2023-06,1125.0,False
2023-06-26 11:30:00,2023-06-26 13:00:00,NIFTY 50,bullish,pro_VP+OTE+RSI_Div,267.56,339.55,71.99,165.92,171.23,64,stop_loss_premium_phase3,immediate,False,False,True,True,True,False,False,False,False,3.32,1.73,26.55,markdown,markup,low,2023-06-29,2023,2023-06,90.0,True
2023-06-26 15:15:00,2023-06-27 10:00:00,NIFTY 50,bearish,pro_LiqSweep+FVG+RSI_Div+VWAP,-140.33,-69.5,70.83,162.52,161.44,64,stop_loss_premium_phase2,immediate,True,True,False,False,True,False,False,True,False,1.46,4.22,17.81,markdown,markup,low,2023-06-29,2023,2023-06,1125.0,False
2023-06-27 11:15:00,2023-06-27 12:45:00,NIFTY 50,bullish,pro_FVG+VP,532.69,608.06,75.37,186.02,195.52,64,stop_loss_premium_phase3,immediate,False,True,True,False,False,False,False,False,True,3.63,1.18,21.06,markdown,markup,low,2023-06-29,2023,2023-06,90.0,True
2023-07-10 14:15:00,2023-07-10 15:00:00,NIFTY 50,bearish,pro_FVG+OTE+VWAP,2382.53,2457.65,75.12,163.75,202.15,64,target,immediate,False,True,False,True,False,False,False,True,True,1.46,3.34,24.53,accumulation,markup,low,2023-07-13,2023,2023-07,45.0,True
2023-07-14 10:00:00,2023-07-14 11:30:00,NIFTY 50,bullish,pro_FVG+OTE,1056.43,1133.8,77.37,190.89,208.33,65,stop_loss_premium_phase3,immediate,False,True,False,True,False,False,False,False,True,3.04,0.3,36.42,markdown,markup,low,2023-07-20,2023,2023-07,90.0,True
2023-07-17 09:30:00,2023-07-17 11:15:00,NIFTY 50,bullish,pro_FVG+VP,1472.09,1551.81,79.72,205.31,229.56,64,stop_loss_premium_phase3,immediate,False,True,True,False,False,False,False,False,True,3.63,1.18,28.9,markdown,markup,low,2023-07-20,2023,2023-07,105.0,True
2023-07-18 09:15:00,2023-07-18 09:30:00,NIFTY 50,bullish,pro_FVG+VP,-206.93,-122.45,84.48,256.52,254.61,64,target,immediate,False,True,True,False,False,False,False,False,True,3.63,1.8,27.18,markup,markup,low,2023-07-20,2023,2023-07,15.0,False
2023-07-24 10:45:00,2023-07-24 11:45:00,NIFTY 50,bullish,pro_FVG+VP,-114.35,-39.75,74.6,187.96,187.34,64,stop_loss_premium_phase2,immediate,False,True,True,False,False,False,False,False,False,2.89,1.18,36.14,markdown,markup,low,2023-07-27,2023,2023-07,60.0,False
2023-07-28 10:00:00,2023-07-28 11:30:00,NIFTY 50,bullish,pro_LiqSweep+OTE+RSI_Div,66.23,143.82,77.59,206.38,208.63,64,stop_loss_premium_phase3,immediate,True,False,False,True,True,False,False,False,True,4.1,0.3,42.62,markdown,markup,low,2023-08-03,2023,2023-07,90.0,True
2023-07-28 14:15:00,2023-07-31 09:30:00,NIFTY 50,bullish,pro_LiqSweep+OTE+RSI_Div,1999.82,2078.41,78.59,191.72,224.19,64,stop_loss_premium_phase3,immediate,True,False,False,True,True,False,False,False,True,4.1,0.3,25.91,markdown,markup,low,2023-08-03,2023,2023-07,4035.0,True
2023-07-31 09:45:00,2023-07-31 11:15:00,NIFTY 50,bullish,pro_LiqSweep+VP,1243.31,1321.15,77.84,195.04,215.68,64,stop_loss_premium_phase3,immediate,True,False,True,False,False,False,False,False,True,3.7,1.18,33.73,markdown,markup,low,2023-08-03,2023,2023-07,90.0,True
2023-07-31 11:30:00,2023-07-31 13:00:00,NIFTY 50,bullish,pro_LiqSweep+VP,-115.43,-37.86,77.57,205.06,204.48,65,stop_loss_premium_phase3,immediate,True,False,True,False,False,False,False,False,True,3.7,1.29,30.89,markdown,markup,low,2023-08-03,2023,2023-07,90.0,False
2023-08-01 09:15:00,2023-08-01 09:45:00,NIFTY 50,bullish,pro_FVG+VP,643.46,722.04,78.58,206.77,218.05,64,target,immediate,False,True,True,False,False,False,False,False,True,3.63,1.18,22.81,accumulation,markup,low,2023-08-03,2023,2023-08,30.0,True
2023-08-01 14:30:00,2023-08-02 09:15:00,NIFTY 50,bearish,pro_FVG+OTE+RSI_Div+VWAP,2280.31,2347.74,67.43,110.59,146.71,65,target,immediate,False,True,False,True,True,False,False,True,True,1.46,4.33,20.75,accumulation,markup,low,2023-08-03,2023,2023-08,1125.0,True
2023-08-08 14:15:00,2023-08-09 09:15:00,NIFTY 50,bullish,pro_VP+RSI_Div,-259.89,-196.77,63.12,109.42,106.39,65,stop_loss_premium_phase2,immediate,False,False,True,False,True,False,False,False,True,3.18,1.8,18.23,markdown,accumulation,low,2023-08-10,2023,2023-08,1140.0,False
2023-08-11 14:30:00,2023-08-14 09:15:00,NIFTY 50,bullish,pro_LiqSweep+VP,-109.47,-37.08,72.39,172.84,172.26,64,stop_loss_premium_phase2,immediate,True,False,True,False,False,False,False,False,False,2.96,1.18,21.89,markdown,markdown,low,2023-08-17,2023,2023-08,4005.0,False
2023-08-18 14:15:00,2023-08-18 15:15:00,NIFTY 50,bullish,pro_LiqSweep+VP+RSI_Div,-95.69,-20.61,75.08,191.05,190.73,64,stop_loss_premium_phase2,immediate,True,False,True,False,True,False,False,False,False,3.95,1.73,22.64,markdown,markdown,low,2023-08-24,2023,2023-08,60.0,False
2023-08-21 09:15:00,2023-08-21 11:45:00,NIFTY 50,bullish,pro_LiqSweep+OTE+RSI_Div,646.59,726.29,79.7,214.36,225.71,64,target,immediate,True,False,False,True,True,False,False,False,False,3.36,0.3,28.21,markdown,markdown,low,2023-08-24,2023,2023-08,150.0,True
2023-08-22 10:00:00,2023-08-22 11:30:00,NIFTY 50,bearish,pro_LiqSweep+RSI_Div+VWAP,-319.26,-248.86,70.4,161.53,157.65,64,stop_loss_premium_phase3,immediate,True,False,False,False,True,False,False,True,True,1.46,3.53,25.19,markup,markdown,low,2023-08-24,2023,2023-08,90.0,False
2023-08-28 09:30:00,2023-08-28 11:15:00,NIFTY 50,bullish,pro_VP+OTE+RSI_Div,620.52,698.53,78.01,203.09,214.0,64,stop_loss_premium_phase3,immediate,False,False,True,True,True,False,False,False,True,4.06,0.3,28.38,markdown,markdown,low,2023-08-31,2023,2023-08,105.0,True
2023-09-01 09:45:00,2023-09-01 11:30:00,NIFTY 50,bullish,pro_VP+RSI_Div,1173.2,1248.11,74.91,175.77,195.27,64,stop_loss_premium_phase3,immediate,False,False,True,False,True,False,False,False,True,3.18,0.3,28.45,markdown,accumulation,low,2023-09-07,2023,2023-09,105.0,True
2023-09-05 11:30:00,2023-09-05 13:15:00,NIFTY 50,bearish,pro_LiqSweep+RSI_Div+VWAP,1527.24,1602.67,75.43,175.37,200.41,64,stop_loss_premium_phase3,immediate,True,False,False,False,True,False,False,True,False,1.46,2.79,21.65,markup,markup,low,2023-09-07,2023,2023-09,105.0,True
2023-09-08 10:30:00,2023-09-08 11:30:00,NIFTY 50,bullish,pro_FVG+VP,2537.71,2618.64,80.93,201.71,242.62,64,target,immediate,False,True,True,False,False,False,False,False,False,2.89,0.3,27.36,markup,markup,low,2023-09-14,2023,2023-09,60.0,True
2023-09-12 14:45:00,2023-09-13 10:00:00,NIFTY 50,bearish,pro_LiqSweep+OTE+VWAP,1885.48,1959.33,73.85,158.12,188.26,65,stop_loss_premium_phase3,immediate,True,False,False,True,False,False,False,True,True,1.46,3.41,29.54,markdown,markup,low,2023-09-14,2023,2023-09,1155.0,True
2023-09-15 09:30:00,2023-09-15 11:15:00,NIFTY 50,bullish,pro_LiqSweep+FVG+VP+RSI_Div,797.42,871.03,73.61,168.44,181.84,65,stop_loss_premium_phase3,immediate,True,True,True,False,True,False,False,False,True,6.11,0.3,27.94,markdown,markup,low,2023-09-21,2023,2023-09,105.0,True
2023-09-18 09:45:00,2023-09-18 11:15:00,NIFTY 50,bearish,pro_LiqSweep+FVG+RSI_Div+VWAP,385.22,454.36,69.14,145.14,152.24,64,stop_loss_premium_phase3,immediate,True,True,False,False,True,False,False,True,True,1.46,4.95,24.71,markup,markup,low,2023-09-21,2023,2023-09,90.0,True
2023-09-25 14:15:00,2023-09-25 14:45:00,NIFTY 50,bullish,pro_FVG+OTE,2593.0,2670.65,77.65,175.94,217.03,65,target,immediate,False,True,False,True,False,False,False,False,True,3.04,0.3,27.47,markdown,markup,low,2023-09-28,2023,2023-09,30.0,True
2023-09-29 09:30:00,2023-09-29 11:00:00,NIFTY 50,bullish,pro_FVG+OTE,547.07,622.34,75.27,182.36,191.94,65,stop_loss_premium_phase3,immediate,False,True,False,True,False,False,False,False,True,3.04,0.3,30.89,markdown,markdown,low,2023-10-05,2023,2023-09,90.0,True
2023-09-29 11:30:00,2023-09-29 13:00:00,NIFTY 50,bullish,pro_VP+RSI_Div,414.66,488.3,73.64,175.53,183.16,64,stop_loss_premium_phase3,immediate,False,False,True,False,True,False,False,False,True,3.18,1.8,28.96,markdown,markdown,low,2023-10-05,2023,2023-09,90.0,True
2023-10-13 14:45:00,2023-10-16 09:30:00,NIFTY 50,bullish,pro_FVG+VP,-69.12,3.86,72.98,176.4,176.46,64,stop_loss_premium_phase2,immediate,False,True,True,False,False,False,False,False,True,3.63,0.3,21.59,markdown,accumulation,low,2023-10-19,2023,2023-10,4005.0,False
2023-10-16 10:45:00,2023-10-16 12:15:00,NIFTY 50,bearish,pro_FVG+OTE+VWAP,-98.83,-28.45,70.38,159.0,158.56,64,stop_loss_premium_phase3,immediate,False,True,False,True,False,False,False,True,True,1.46,3.34,27.7,markup,accumulation,low,2023-10-19,2023,2023-10,90.0,False
2023-10-17 09:15:00,2023-10-17 10:45:00,NIFTY 50,bearish,pro_LiqSweep+FVG+VWAP,-623.95,-564.71,59.24,88.67,79.85,64,stop_loss_premium_phase3,immediate,True,True,False,False,False,False,False,True,True,1.46,3.97,18.77,markup,accumulation,low,2023-10-19,2023,2023-10,90.0,False
2023-10-20 14:15:00,2023-10-23 09:30:00,NIFTY 50,bullish,pro_LiqSweep+VP+OTE+RSI_Div,456.67,531.31,74.64,181.9,190.21,64,stop_loss_premium_phase3,immediate,True,False,True,True,True,False,False,False,False,4.82,0.3,20.47,markdown,markdown,low,2023-10-26,2023,2023-10,4035.0,True
2023-10-30 14:15:00,2023-10-31 09:15:00,NIFTY 50,bullish,pro_VP+RSI_Div,2522.42,2602.08,79.66,193.24,233.9,64,target,immediate,False,False,True,False,True,False,False,False,True,3.18,1.8,23.93,markdown,markdown,low,2023-11-02,2023,2023-10,1140.0,True
2023-11-03 14:15:00,2023-11-03 14:30:00,NIFTY 50,bearish,pro_LiqSweep+RSI_Div+VWAP,1252.07,1325.7,73.63,163.62,184.01,65,target,immediate,True,False,False,False,True,False,False,True,False,1.46,2.79,15.0,markup,markdown,low,2023-11-09,2023,2023-11,15.0,True
2023-11-07 09:30:00,2023-11-07 11:00:00,NIFTY 50,bullish,pro_LiqSweep+VP,1069.86,1146.47,76.61,185.65,203.28,65,stop_loss_premium_phase3,immediate,True,False,True,False,False,False,False,False,True,3.7,0.3,18.21,markup,markdown,low,2023-11-09,2023,2023-11,90.0,True
2023-11-07 11:30:00,2023-11-07 13:15:00,NIFTY 50,bullish,pro_LiqSweep+VP,-102.29,-31.9,70.39,159.06,158.56,64,stop_loss_premium_phase3,immediate,True,False,True,False,False,False,False,False,True,3.7,1.73,20.96,markup,markdown,low,2023-11-09,2023,2023-11,105.0,False
2023-11-07 14:15:00,2023-11-08 09:15:00,NIFTY 50,bullish,pro_LiqSweep+VP,2679.66,2755.92,76.26,168.23,211.29,64,target,immediate,True,False,True,False,False,False,False,False,True,3.7,0.3,20.25,markup,markdown,low,2023-11-09,2023,2023-11,1140.0,True
2023-11-20 09:30:00,2023-11-20 11:00:00,NIFTY 50,bullish,pro_LiqSweep+VP,1274.08,1347.91,73.83,164.7,185.44,65,stop_loss_premium_phase3,immediate,True,False,True,False,False,False,False,False,False,2.96,0.3,23.24,markdown,markup,low,2023-11-23,2023,2023-11,90.0,True
2023-11-20 14:45:00,2023-11-21 09:30:00,NIFTY 50,bearish,pro_LiqSweep+FVG+VWAP,-103.16,-33.44,69.72,154.5,153.98,64,stop_loss_premium_phase2,immediate,True,True,False,False,False,False,False,True,False,1.46,3.23,18.57,markdown,markup,low,2023-11-23,2023,2023-11,1125.0,False
2023-11-21 11:30:00,2023-11-21 12:30:00,NIFTY 50,bearish,pro_LiqSweep+FVG+VWAP,-81.84,-9.4,72.44,172.84,172.69,64,stop_loss_premium_phase2,immediate,True,True,False,False,False,False,False,True,True,1.46,3.97,21.63,markup,markup,low,2023-11-23,2023,2023-11,60.0,False
2023-11-21 14:30:00,2023-11-22 09:45:00,NIFTY 50,bearish,pro_LiqSweep+FVG+VWAP,700.09,773.1,73.01,168.06,180.14,64,stop_loss_premium_phase3,immediate,True,True,False,False,False,False,False,True,True,2.34,3.97,17.45,markup,markup,low,2023-11-23,2023,2023-11,1155.0,True
2023-11-28 09:30:00,2023-11-28 11:00:00,NIFTY 50,bullish,pro_LiqSweep+VP,-85.23,-22.12,63.11,109.15,108.8,64,stop_loss_premium_phase3,immediate,True,False,True,False,False,False,False,False,True,3.7,1.18,19.91,markup,markup,low,2023-11-30,2023,2023-11,90.0,False
2023-11-28 11:15:00,2023-11-28 12:45:00,NIFTY 50,bullish,pro_LiqSweep+VP,719.85,795.77,75.92,187.71,200.15,64,stop_loss_premium_phase3,immediate,True,False,True,False,False,False,False,False,True,3.7,1.18,18.43,markup,markup,low,2023-11-30,2023,2023-11,90.0,True
2023-12-08 11:15:00,2023-12-08 12:45:00,NIFTY 50,bullish,pro_FVG+VP,-43.54,28.46,72.0,169.43,169.88,64,stop_loss_premium_phase3,immediate,False,True,True,False,False,False,False,False,False,2.89,1.29,28.63,markdown,markup,low,2023-12-14,2023,2023-12,90.0,False
2023-12-11 09:15:00,2023-12-11 10:45:00,NIFTY 50,bullish,pro_FVG+VP,1449.51,1525.38,75.87,179.28,203.11,64,stop_loss_premium_phase3,immediate,False,True,True,False,False,False,False,False,False,2.89,1.18,29.74,markdown,markup,low,2023-12-14,2023,2023-12,90.0,True
2023-12-18 15:15:00,2023-12-19 10:00:00,NIFTY 50,bearish,pro_LiqSweep+RSI_Div+VWAP,2632.05,2705.7,73.65,150.94,193.22,64,target,immediate,True,False,False,False,True,False,False,True,True,1.46,3.53,23.72,markup,markup,low,2023-12-21,2023,2023-12,1125.0,True
2023-12-22 09:30:00,2023-12-22 10:30:00,NIFTY 50,bearish,pro_LiqSweep+OTE+VWAP,-97.33,-21.63,75.7,192.33,191.99,65,stop_loss_premium_phase2,immediate,True,False,False,True,False,False,False,True,True,1.46,3.41,44.14,markup,markup,medium,2023-12-28,2023,2023-12,60.0,False
2023-12-26 09:30:00,2023-12-26 10:30:00,NIFTY 50,bearish,pro_LiqSweep+OTE+RSI_Div+VWAP,-83.71,-6.06,77.65,208.48,208.39,64,stop_loss_premium_phase2,immediate,True,False,False,True,True,False,False,True,True,1.46,4.4,46.79,accumulation,markup,low,2023-12-28,2023,2023-12,60.0,False
2023-12-26 14:15:00,2023-12-27 09:15:00,NIFTY 50,bearish,pro_LiqSweep+OTE+VWAP,-107.85,-35.06,72.79,175.55,175.0,64,stop_loss_premium_phase2,immediate,True,False,False,True,False,False,False,True,True,1.46,3.41,21.5,accumulation,markup,low,2023-12-28,2023,2023-12,1140.0,False
2023-12-29 09:30:00,2023-12-29 11:00:00,NIFTY 50,bullish,pro_LiqSweep+VP,-115.81,-40.45,75.36,193.2,192.56,64,stop_loss_premium_phase3,immediate,True,False,True,False,False,False,False,False,False,2.96,0.3,30.21,markup,markup,medium,2024-01-04,2023,2023-12,90.0,False
2023-12-29 14:45:00,2024-01-01 10:00:00,NIFTY 50,bullish,pro_LiqSweep+FVG+VP+OTE+RSI_Div,-115.93,-39.48,76.45,200.65,200.03,64,stop_loss_premium_phase3,immediate,True,True,True,True,True,False,False,False,False,6.25,0.3,22.85,accumulation,markup,medium,2024-01-04,2023,2023-12,4035.0,False
2024-01-01 10:15:00,2024-01-01 11:45:00,NIFTY 50,bullish,pro_LiqSweep+FVG+VP,1095.75,1174.35,78.6,201.84,220.19,64,stop_loss_premium_phase3,immediate,True,True,True,False,False,False,False,False,True,5.13,0.3,31.19,accumulation,markup,medium,2024-01-04,2024,2024-01,90.0,True
2024-01-05 09:45:00,2024-01-05 10:45:00,NIFTY 50,bullish,pro_FVG+VP,-112.87,-39.29,73.58,181.03,180.41,64,stop_loss_premium_phase2,immediate,False,True,True,False,False,False,False,False,True,3.63,1.29,22.16,markup,markup,low,2024-01-11,2024,2024-01,60.0,False
2024-01-05 11:00:00,2024-01-05 12:30:00,NIFTY 50,bullish,pro_FVG+VP,-108.97,-34.32,74.65,188.27,187.74,64,stop_loss_premium_phase3,immediate,False,True,True,False,False,False,False,False,True,3.63,0.3,26.24,markup,markup,low,2024-01-11,2024,2024-01,90.0,False
2024-01-29 09:45:00,2024-01-29 11:15:00,NIFTY 50,bullish,pro_FVG+VP+RSI_Div,1518.06,1597.51,79.45,202.98,227.94,64,stop_loss_premium_phase3,immediate,False,True,True,False,True,False,False,False,True,4.61,0.3,50.06,accumulation,accumulation,medium,2024-02-01,2024,2024-01,90.0,True
2024-01-30 10:00:00,2024-01-30 11:30:00,NIFTY 50,bearish,pro_LiqSweep+OTE+RSI_Div+VWAP,3221.81,3304.05,82.24,203.02,254.65,64,stop_loss_premium_phase3,immediate,True,False,False,True,True,False,False,True,True,1.46,4.4,46.38,markup,markdown,medium,2024-02-01,2024,2024-01,90.0,True
2024-02-06 14:15:00,2024-02-07 09:15:00,NIFTY 50,bullish,pro_FVG+VP,4181.41,4264.27,82.86,196.63,263.26,64,target,immediate,False,True,True,False,False,False,False,False,True,3.63,1.8,34.15,markdown,markup,medium,2024-02-08,2024,2024-02,1140.0,True
2024-02-09 10:00:00,2024-02-09 11:00:00,NIFTY 50,bullish,pro_LiqSweep+RSI_Div,-234.04,-158.11,75.93,195.33,192.89,65,stop_loss_premium_phase2,immediate,True,False,False,False,True,False,False,False,True,3.22,0.3,50.79,markdown,markup,medium,2024-02-15,2024,2024-02,60.0,False
2024-02-09 11:15:00,2024-02-09 12:45:00,NIFTY 50,bullish,pro_LiqSweep+OTE,1916.82,1996.77,79.95,201.91,233.11,64,stop_loss_premium_phase3,immediate,True,False,False,True,False,False,False,False,True,3.11,0.3,59.97,markdown,markup,medium,2024-02-15,2024,2024-02,90.0,True
2024-02-09 14:15:00,2024-02-12 09:30:00,NIFTY 50,bullish,pro_LiqSweep+VP,1686.24,1765.27,79.03,198.23,225.81,64,stop_loss_premium_phase3,immediate,True,False,True,False,False,False,False,False,True,3.7,0.3,36.5,markdown,markup,medium,2024-02-15,2024,2024-02,4035.0,True
2024-02-12 09:45:00,2024-02-12 10:15:00,NIFTY 50,bearish,pro_LiqSweep+RSI_Div+VWAP,4004.2,4087.28,83.08,196.99,259.88,65,target,immediate,True,False,False,False,True,False,False,True,True,1.46,3.53,37.28,markdown,accumulation,medium,2024-02-15,2024,2024-02,30.0,True
2024-02-13 10:00:00,2024-02-13 11:30:00,NIFTY 50,bullish,pro_LiqSweep+VP,1155.3,1233.26,77.96,193.79,212.76,65,stop_loss_premium_phase3,immediate,True,False,True,False,False,False,False,False,True,3.7,1.18,61.62,markdown,markup,medium,2024-02-15,2024,2024-02,90.0,True
2024-02-20 11:30:00,2024-02-20 12:45:00,NIFTY 50,bearish,pro_LiqSweep+RSI_Div+VWAP,-84.77,-13.53,71.24,164.69,164.48,64,stop_loss_premium_phase2,immediate,True,False,False,False,True,False,False,True,False,1.46,2.79,38.76,markdown,markup,medium,2024-02-22,2024,2024-02,75.0,False
2024-02-27 09:30:00,2024-02-27 11:15:00,NIFTY 50,bullish,pro_VP+RSI_Div,915.47,987.42,71.95,158.38,173.81,64,stop_loss_premium_phase3,immediate,False,False,True,False,True,False,False,False,True,3.18,0.3,29.6,markdown,accumulation,low,2024-02-29,2024,2024-02,105.0,True
2024-03-01 10:15:00,2024-03-01 12:00:00,NIFTY 50,bullish,pro_LiqSweep+VP,2455.53,2539.2,83.67,217.94,257.0,65,stop_loss_premium_phase3,immediate,True,False,True,False,False,False,False,False,True,3.7,1.29,54.52,accumulation,markup,low,2024-03-07,2024,2024-03,105.0,True
2024-03-04 14:45:00,2024-03-05 09:15:00,NIFTY 50,bearish,pro_LiqSweep+OTE+VWAP,2235.86,2310.49,74.63,162.0,198.1,64,target,immediate,True,False,False,True,False,False,False,True,True,1.46,3.41,24.92,markup,markup,low,2024-03-07,2024,2024-03,1110.0,True
2024-03-05 14:15:00,2024-03-06 09:15:00,NIFTY 50,bullish,pro_LiqSweep+FVG+VP,-112.31,-37.64,74.67,185.52,184.94,65,stop_loss_premium_phase2,immediate,True,True,True,False,False,False,False,False,True,5.13,0.3,32.35,markdown,markup,low,2024-03-07,2024,2024-03,1140.0,False
2024-03-11 10:00:00,2024-03-11 11:30:00,NIFTY 50,bearish,pro_LiqSweep+RSI_Div+VWAP,-103.5,-32.61,70.89,162.54,162.03,64,stop_loss_premium_phase3,immediate,True,False,False,False,True,False,False,True,True,1.46,3.53,29.77,markup,markup,low,2024-03-14,2024,2024-03,90.0,False
2024-03-12 09:30:00,2024-03-12 10:30:00,NIFTY 50,bearish,pro_LiqSweep+FVG+VWAP,3402.02,3482.62,80.6,189.84,244.26,64,target,immediate,True,True,False,False,False,False,False,True,False,0.0,3.23,36.05,markdown,markup,low,2024-03-14,2024,2024-03,60.0,True
2024-03-12 11:15:00,2024-03-12 12:45:00,NIFTY 50,bearish,pro_LiqSweep+FVG+VWAP,-116.98,-39.04,77.94,207.58,206.98,65,stop_loss_premium_phase3,immediate,True,True,False,False,False,False,False,True,False,1.46,3.23,55.07,markdown,markup,low,2024-03-14,2024,2024-03,90.0,False
2024-03-15 14:30:00,2024-03-18 09:15:00,NIFTY 50,bullish,pro_LiqSweep+OTE,-115.28,-38.13,77.15,205.41,204.81,64,stop_loss_premium_phase2,immediate,True,False,False,True,False,False,False,False,True,3.11,0.3,32.26,markdown,markdown,low,2024-03-21,2024,2024-03,4005.0,False
2024-03-18 09:30:00,2024-03-18 11:00:00,NIFTY 50,bullish,pro_LiqSweep+VP,2128.56,2209.14,80.58,203.86,238.38,64,stop_loss_premium_phase3,immediate,True,False,True,False,False,False,False,False,True,3.7,1.29,40.67,markdown,markdown,low,2024-03-21,2024,2024-03,90.0,True
2024-03-18 11:30:00,2024-03-18 13:00:00,NIFTY 50,bullish,pro_LiqSweep+VP,2360.61,2440.6,79.99,197.27,235.4,64,stop_loss_premium_phase3,immediate,True,False,True,False,False,False,False,False,True,3.7,0.3,61.4,markdown,markdown,low,2024-03-21,2024,2024-03,90.0,True
2024-03-18 14:45:00,2024-03-19 09:30:00,NIFTY 50,bullish,pro_FVG+VP,-85.51,-12.27,73.24,178.4,178.2,64,stop_loss_premium_phase2,immediate,False,True,True,False,False,False,False,False,True,3.63,0.3,37.2,markup,markdown,low,2024-03-21,2024,2024-03,1125.0,False
2024-03-22 10:00:00,2024-03-22 11:45:00,NIFTY 50,bullish,pro_LiqSweep+VP+RSI_Div,1808.51,1889.32,80.81,208.99,238.51,64,stop_loss_premium_phase3,immediate,True,False,True,False,True,False,False,False,True,4.68,1.73,44.14,markup,markdown,low,2024-03-28,2024,2024-03,105.0,True
2024-04-01 10:15:00,2024-04-01 11:45:00,NIFTY 50,bearish,pro_LiqSweep+RSI_Div+VWAP,786.33,863.88,77.55,198.1,211.6,64,stop_loss_premium_phase3,immediate,True,False,False,False,True,False,False,True,False,1.46,2.79,61.52,markdown,accumulation,low,2024-04-04,2024,2024-04,90.0,True
2024-04-02 09:30:00,2024-04-02 10:30:00,NIFTY 50,bullish,pro_LiqSweep+FVG+VP+OTE+RSI_Div,-92.62,-20.91,71.71,168.02,167.7,64,stop_loss_premium_phase2,immediate,True,True,True,True,True,False,False,False,True,6.99,0.3,24.06,accumulation,accumulation,low,2024-04-04,2024,2024-04,60.0,False
2024-04-02 10:45:00,2024-04-02 12:15:00,NIFTY 50,bullish,pro_LiqSweep+FVG+VP+RSI_Div,889.33,967.03,77.7,197.98,213.09,64,stop_loss_premium_phase3,immediate,True,True,True,False,True,False,False,False,True,6.11,0.3,30.08,accumulation,accumulation,low,2024-04-04,2024,2024-04,90.0,True
2024-04-02 14:15:00,2024-04-03 09:15:00,NIFTY 50,bullish,pro_LiqSweep+FVG+VP+OTE+RSI_Div,-111.23,-36.97,74.26,185.59,185.02,64,stop_loss_premium_phase2,immediate,True,True,True,True,True,False,False,False,True,6.99,0.3,20.45,accumulation,accumulation,low,2024-04-04,2024,2024-04,1140.0,False
2024-04-05 09:30:00,2024-04-05 11:00:00,NIFTY 50,bullish,pro_FVG+RSI_Div,789.86,869.5,79.64,212.38,225.97,64,stop_loss_premium_phase3,immediate,False,True,False,False,True,False,False,False,True,3.15,0.3,49.14,markup,markup,low,2024-04-11,2024,2024-04,90.0,True
2024-04-09 11:15:00,2024-04-09 12:30:00,NIFTY 50,bearish,pro_LiqSweep+OTE+VWAP,2780.37,2858.18,77.81,177.72,222.38,64,target,immediate,True,False,False,True,False,False,False,True,True,1.46,3.41,27.72,markup,markup,low,2024-04-11,2024,2024-04,75.0,True
2024-04-19 14:30:00,2024-04-22 09:15:00,NIFTY 50,bullish,pro_FVG+VP,4367.27,4450.97,83.7,197.21,265.69,65,target,immediate,False,True,True,False,False,False,False,False,True,3.63,0.3,50.66,markdown,markdown,low,2024-04-25,2024,2024-04,4005.0,True
2024-04-29 09:45:00,2024-04-29 11:45:00,NIFTY 50,bullish,pro_FVG+VP,4391.71,4476.85,85.14,206.62,275.49,65,target,immediate,False,True,True,False,False,False,False,False,True,3.63,0.3,39.83,markdown,accumulation,low,2024-05-02,2024,2024-04,120.0,True
2024-04-30 11:00:00,2024-04-30 12:30:00,NIFTY 50,bearish,pro_LiqSweep+RSI_Div+VWAP,-104.67,-31.67,73.0,174.25,173.76,65,stop_loss_premium_phase3,immediate,True,False,False,False,True,False,False,True,True,1.46,3.53,32.99,markup,accumulation,low,2024-05-02,2024,2024-04,90.0,False
2024-04-30 15:00:00,2024-05-02 09:45:00,NIFTY 50,bearish,pro_LiqSweep+RSI_Div+VWAP,-109.27,-37.68,71.59,167.39,166.8,64,stop_loss_premium_phase2,immediate,True,False,False,False,True,False,False,True,True,1.46,3.53,26.11,accumulation,accumulation,low,2024-05-02,2024,2024-04,2565.0,False
2024-05-06 09:30:00,2024-05-06 11:00:00,NIFTY 50,bearish,pro_FVG+OTE+VWAP,313.14,391.84,78.7,211.27,217.39,64,stop_loss_premium_phase3,immediate,False,True,False,True,False,False,False,True,True,1.46,3.34,60.87,markup,markup,low,2024-05-09,2024,2024-05,90.0,True
2024-05-07 09:30:00,2024-05-07 10:30:00,NIFTY 50,bullish,pro_LiqSweep+VP,-92.56,-18.29,74.27,185.46,185.17,64,stop_loss_premium_phase2,immediate,True,False,True,False,False,False,False,False,True,3.7,0.3,38.7,markup,markdown,low,2024-05-09,2024,2024-05,60.0,False
2024-05-10 15:15:00,2024-05-13 09:15:00,NIFTY 50,bearish,pro_LiqSweep+RSI_Div+VWAP,2599.24,2677.93,78.69,185.73,227.58,64,target,immediate,True,False,False,False,True,False,False,True,False,1.46,2.79,31.94,markdown,markdown,low,2024-05-16,2024,2024-05,3960.0,True
2024-05-13 14:15:00,2024-05-14 09:30:00,NIFTY 50,bullish,pro_VP+RSI_Div,2186.69,2268.77,82.08,210.22,245.13,65,stop_loss_premium_phase3,immediate,False,False,True,False,True,False,False,False,True,3.18,0.3,49.51,markdown,markdown,low,2024-05-16,2024,2024-05,1155.0,True
2024-05-14 15:15:00,2024-05-15 09:45:00,NIFTY 50,bullish,pro_LiqSweep+VP,3756.89,3838.7,81.81,191.2,250.26,65,target,immediate,True,False,True,False,False,False,False,False,True,3.7,1.18,27.47,markup,markdown,low,2024-05-16,2024,2024-05,1110.0,True
2024-05-18 09:30:00,2024-05-21 09:15:00,NIFTY 50,bullish,pro_LiqSweep+VP,-104.57,-31.84,72.73,172.41,171.92,65,stop_loss_premium_phase3,immediate,True,False,True,False,False,False,False,False,False,2.96,0.3,27.87,markup,markup,low,2024-05-23,2024,2024-05,4305.0,False
2024-05-21 09:30:00,2024-05-21 11:00:00,NIFTY 50,bullish,pro_LiqSweep+VP,192.05,268.0,75.95,193.82,198.01,64,stop_loss_premium_phase3,immediate,True,False,True,False,False,False,False,False,False,2.96,0.3,30.35,markup,markup,low,2024-05-23,2024,2024-05,90.0,True
2024-05-22 09:15:00,2024-05-22 09:30:00,NIFTY 50,bullish,pro_FVG+VP+RSI_Div,-40.61,41.63,82.24,239.36,240.01,64,target,immediate,False,True,True,False,True,False,False,False,False,3.88,0.3,28.62,markup,markup,low,2024-05-23,2024,2024-05,15.0,False
2024-05-24 15:00:00,2024-05-27 10:15:00,NIFTY 50,bearish,pro_LiqSweep+RSI_Div+VWAP,-100.1,-29.4,70.7,161.16,160.7,64,stop_loss_premium_phase3,immediate,True,False,False,False,True,False,False,True,False,1.46,2.79,26.76,markup,markup,low,2024-05-30,2024,2024-05,4035.0,False
2024-05-27 11:00:00,2024-05-27 12:00:00,NIFTY 50,bearish,pro_LiqSweep+OTE+VWAP,-97.17,-20.85,76.32,199.56,199.23,64,stop_loss_premium_phase2,immediate,True,False,False,True,False,False,False,True,True,1.46,3.41,40.93,markup,markup,low,2024-05-30,2024,2024-05,60.0,False
2024-05-31 10:00:00,2024-05-31 11:30:00,NIFTY 50,bullish,pro_FVG+VP,-116.02,-39.63,76.39,200.26,199.64,64,stop_loss_premium_phase3,immediate,False,True,True,False,False,False,False,False,True,3.63,1.18,52.43,markdown,accumulation,low,2024-06-06,2024,2024-05,90.0,False
2024-05-31 14:15:00,2024-06-03 09:15:00,NIFTY 50,bullish,pro_VP+RSI_Div,2776.85,2857.01,80.16,193.83,238.47,64,target,immediate,False,False,True,False,True,False,False,False,True,3.18,1.18,35.89,markdown,accumulation,low,2024-06-06,2024,2024-05,4020.0,True
2024-06-07 10:45:00,2024-06-07 12:15:00,NIFTY 50,bullish,pro_LiqSweep+VP,3259.07,3341.77,82.7,202.63,254.04,65,stop_loss_premium_phase3,immediate,True,False,True,False,False,False,False,False,True,3.7,1.73,79.33,markup,volatile,extreme,2024-06-13,2024,2024-06,90.0,True
2024-06-11 09:30:00,2024-06-11 11:00:00,NIFTY 50,bullish,pro_LiqSweep+VP+OTE,2952.17,3030.84,78.67,181.67,229.03,64,stop_loss_premium_phase3,immediate,True,False,True,True,False,False,False,False,False,3.84,0.3,39.54,markup,volatile,extreme,2024-06-13,2024,2024-06,90.0,True
2024-06-11 11:30:00,2024-06-11 13:00:00,NIFTY 50,bullish,pro_LiqSweep+FVG+VP,928.41,1004.11,75.7,183.87,199.56,64,stop_loss_premium_phase3,immediate,True,True,True,False,False,False,False,False,False,4.39,0.3,48.98,markup,volatile,extreme,2024-06-13,2024,2024-06,90.0,True
2024-06-14 11:30:00,2024-06-14 13:00:00,NIFTY 50,bullish,pro_FVG+VP,-117.23,-38.97,78.26,209.72,209.12,65,stop_loss_premium_phase3,immediate,False,True,True,False,False,False,False,False,True,3.63,1.18,35.16,markup,volatile,extreme,2024-06-20,2024,2024-06,90.0,False
2024-06-21 11:00:00,2024-06-21 12:30:00,NIFTY 50,bearish,pro_LiqSweep+FVG+VWAP,-98.81,-23.2,75.61,194.69,194.32,64,stop_loss_premium_phase3,immediate,True,True,False,False,False,False,False,True,True,0.88,3.97,49.94,markup,volatile,extreme,2024-06-27,2024,2024-06,90.0,False
2024-06-24 09:30:00,2024-06-24 11:45:00,NIFTY 50,bullish,pro_LiqSweep+OTE+RSI_Div,3512.51,3596.32,83.81,210.57,266.76,64,stop_loss_premium_phase3,immediate,True,False,False,True,True,False,False,False,True,4.1,0.3,67.39,markup,volatile,extreme,2024-06-27,2024,2024-06,135.0,True
2024-06-24 14:15:00,2024-06-25 09:45:00,NIFTY 50,bullish,pro_LiqSweep+VP,3593.42,3672.54,79.12,177.58,234.97,64,target,immediate,True,False,True,False,False,False,False,False,True,3.7,0.3,32.97,markup,volatile,extreme,2024-06-27,2024,2024-06,1170.0,True
2024-06-25 10:00:00,2024-06-25 11:30:00,NIFTY 50,bullish,pro_LiqSweep+FVG+VP,251.34,328.71,77.37,199.72,204.78,65,stop_loss_premium_phase3,immediate,True,True,True,False,False,False,False,False,True,5.13,1.18,31.27,markup,volatile,extreme,2024-06-27,2024,2024-06,90.0,True
2024-06-25 14:15:00,2024-06-26 09:30:00,NIFTY 50,bullish,pro_LiqSweep+VP,2091.46,2167.47,76.01,173.09,206.95,64,stop_loss_premium_phase3,immediate,True,False,True,False,False,False,False,False,True,3.7,0.3,27.49,markup,volatile,extreme,2024-06-27,2024,2024-06,1155.0,True
2024-07-01 10:15:00,2024-07-01 11:45:00,NIFTY 50,bullish,pro_FVG+VP,1064.29,1142.87,78.58,198.94,216.52,65,stop_loss_premium_phase3,immediate,False,True,True,False,False,False,False,False,True,3.63,0.3,44.54,markup,volatile,extreme,2024-07-04,2024,2024-07,90.0,True
2024-07-02 09:15:00,2024-07-02 09:30:00,NIFTY 50,bullish,pro_LiqSweep+VP,-2474.11,-2394.23,79.88,250.36,212.95,64,target,immediate,True,False,True,False,False,False,False,False,True,3.7,1.29,22.7,markup,volatile,extreme,2024-07-04,2024,2024-07,15.0,False
2024-07-08 09:15:00,2024-07-08 10:45:00,NIFTY 50,bullish,pro_LiqSweep+FVG+VP,-107.78,-31.22,76.56,201.29,200.8,64,stop_loss_premium_phase3,immediate,True,True,True,False,False,False,False,False,False,4.39,1.18,33.21,markdown,markup,low,2024-07-11,2024,2024-07,90.0,False
2024-07-08 11:00:00,2024-07-08 12:30:00,NIFTY 50,bullish,pro_LiqSweep+FVG+VP,561.52,637.93,76.41,195.9,206.02,63,stop_loss_premium_phase3,immediate,True,True,True,False,False,False,False,False,True,5.13,0.3,45.68,markdown,markup,low,2024-07-11,2024,2024-07,90.0,True
2024-07-08 14:15:00,2024-07-09 09:45:00,NIFTY 50,bullish,pro_LiqSweep+FVG+VP,2413.24,2491.44,78.2,184.44,223.37,64,stop_loss_premium_phase3,immediate,True,True,True,False,False,False,False,False,True,5.13,0.3,30.37,markdown,markup,low,2024-07-11,2024,2024-07,1170.0,True
2024-07-09 10:00:00,2024-07-09 11:30:00,NIFTY 50,bullish,pro_LiqSweep+VP,1081.29,1159.28,77.99,194.81,212.65,65,stop_loss_premium_phase3,immediate,True,False,True,False,False,False,False,False,True,3.7,0.3,28.32,markdown,markup,low,2024-07-11,2024,2024-07,90.0,True
2024-07-09 14:45:00,2024-07-10 09:45:00,NIFTY 50,bullish,pro_LiqSweep+VP,-102.78,-32.1,70.68,158.6,158.11,65,stop_loss_premium_phase2,immediate,True,False,True,False,False,False,False,False,True,3.7,0.3,19.03,markdown,markup,low,2024-07-11,2024,2024-07,1140.0,False
2024-07-12 09:30:00,2024-07-12 10:45:00,NIFTY 50,bullish,pro_LiqSweep+VP,3633.06,3715.93,82.87,202.79,260.85,64,target,immediate,True,False,True,False,False,False,False,False,True,3.7,0.3,32.85,accumulation,markup,low,2024-07-18,2024,2024-07,75.0,True
2024-07-12 11:30:00,2024-07-12 13:00:00,NIFTY 50,bullish,pro_FVG+VP,84.5,164.04,79.54,216.17,218.7,65,stop_loss_premium_phase3,immediate,False,True,True,False,False,False,False,False,True,3.63,1.18,54.47,markup,markup,low,2024-07-18,2024,2024-07,90.0,True
2024-07-12 15:00:00,2024-07-15 09:15:00,NIFTY 50,bullish,pro_FVG+VP,3274.91,3355.23,80.32,189.36,241.78,64,target,immediate,False,True,True,False,False,False,False,False,True,3.63,2.16,29.93,markup,markup,low,2024-07-18,2024,2024-07,3975.0,True
2024-07-15 09:30:00,2024-07-15 10:30:00,NIFTY 50,bearish,pro_LiqSweep+RSI_Div+VWAP,-109.68,-37.21,72.47,170.74,170.17,65,stop_loss_premium_phase2,immediate,True,False,False,False,True,False,False,True,True,1.46,3.53,34.0,markup,markup,low,2024-07-18,2024,2024-07,60.0,False
2024-07-15 11:15:00,2024-07-15 12:45:00,NIFTY 50,bearish,pro_LiqSweep+RSI_Div+VWAP,-8.34,68.84,77.18,204.46,205.54,64,stop_loss_premium_phase3,immediate,True,False,False,False,True,False,False,True,True,1.46,3.53,37.29,markup,markup,low,2024-07-18,2024,2024-07,90.0,False
2024-07-15 14:15:00,2024-07-16 09:30:00,NIFTY 50,bearish,pro_LiqSweep+OTE+VWAP,1051.11,1126.16,75.05,178.1,195.7,64,stop_loss_premium_phase3,immediate,True,False,False,True,False,False,False,True,True,1.46,3.41,24.84,markup,markup,low,2024-07-18,2024,2024-07,1155.0,True
2024-07-19 09:30:00,2024-07-19 11:30:00,NIFTY 50,bearish,pro_LiqSweep+OTE+VWAP,2441.27,2524.03,82.76,215.32,254.76,64,stop_loss_premium_phase3,immediate,True,False,False,True,False,False,False,True,True,1.46,3.41,53.75,markdown,markup,low,2024-07-25,2024,2024-07,120.0,True
2024-07-23 11:30:00,2024-07-23 12:30:00,NIFTY 50,bullish,pro_LiqSweep+VP,-114.42,-39.88,74.54,187.57,186.95,64,stop_loss_premium_phase2,immediate,True,False,True,False,False,False,False,False,False,2.96,0.3,52.84,markdown,accumulation,low,2024-07-25,2024,2024-07,60.0,False
2024-07-23 14:30:00,2024-07-24 09:15:00,NIFTY 50,bullish,pro_LiqSweep+FVG,-98.56,-19.0,79.56,221.7,221.4,64,stop_loss_premium_phase2,immediate,True,True,False,False,False,False,False,False,False,2.93,1.18,120.08,markdown,accumulation,low,2024-07-25,2024,2024-07,1125.0,False
2024-07-26 11:30:00,2024-07-26 12:45:00,NIFTY 50,bullish,pro_FVG+VP,3613.87,3694.47,80.6,187.47,245.2,64,target,immediate,False,True,True,False,False,False,False,False,True,3.63,0.3,37.19,markup,markup,low,2024-08-01,2024,2024-07,75.0,True
2024-07-30 11:15:00,2024-07-30 12:45:00,NIFTY 50,bullish,pro_FVG+VP,662.74,738.56,75.82,184.79,196.15,65,stop_loss_premium_phase3,immediate,False,True,True,False,False,False,False,False,True,3.63,0.3,42.87,markdown,markup,low,2024-08-01,2024,2024-07,90.0,True
2024-08-06 11:00:00,2024-08-06 12:45:00,NIFTY 50,bearish,pro_FVG+OTE+VWAP,1130.28,1210.74,80.46,210.89,229.52,65,stop_loss_premium_phase3,immediate,False,True,False,True,False,False,False,True,True,0.0,3.34,91.42,markup,markdown,medium,2024-08-08,2024,2024-08,105.0,True
2024-08-12 10:45:00,2024-08-12 12:15:00,NIFTY 50,bearish,pro_FVG+OTE+VWAP,-115.87,-40.62,75.25,192.42,191.79,64,stop_loss_premium_phase3,immediate,False,True,False,True,False,False,False,True,True,1.46,3.34,38.0,markup,markdown,medium,2024-08-15,2024,2024-08,90.0,False
2024-08-12 14:30:00,2024-08-12 15:00:00,NIFTY 50,bearish,pro_LiqSweep+OTE+VWAP,2916.71,2995.6,78.89,183.57,230.37,64,target,immediate,True,False,False,True,False,False,False,True,True,1.46,3.41,35.91,markup,markdown,medium,2024-08-15,2024,2024-08,30.0,True
2024-08-13 09:15:00,2024-08-13 10:45:00,NIFTY 50,bearish,pro_LiqSweep+FVG+VWAP,1328.72,1406.73,78.01,192.21,213.86,65,stop_loss_premium_phase3,immediate,True,True,False,False,False,False,False,True,True,0.88,3.97,35.44,markup,markdown,medium,2024-08-15,2024,2024-08,90.0,True
2024-08-26 09:15:00,2024-08-26 10:15:00,NIFTY 50,bearish,pro_OTE+RSI_Div+VWAP,-421.12,-353.26,67.86,143.13,137.69,65,stop_loss_premium_phase2,immediate,False,False,False,True,True,False,False,True,True,1.46,2.9,19.73,markup,markup,medium,2024-08-29,2024,2024-08,60.0,False
2024-08-27 10:00:00,2024-08-27 11:15:00,NIFTY 50,bearish,pro_LiqSweep+OTE+RSI_Div+VWAP,-107.18,-33.36,73.82,182.54,182.02,64,stop_loss_premium_phase2,immediate,True,False,False,True,True,False,False,True,True,1.46,4.4,23.8,markdown,markup,medium,2024-08-29,2024,2024-08,75.0,False
2024-08-27 14:30:00,2024-08-27 14:45:00,NIFTY 50,bearish,pro_LiqSweep+OTE+VWAP,1851.72,1926.55,74.83,167.7,197.8,64,target,immediate,True,False,False,True,False,False,False,True,True,1.46,3.41,20.05,markdown,markup,medium,2024-08-29,2024,2024-08,15.0,True
2024-09-03 10:30:00,2024-09-03 12:00:00,NIFTY 50,bullish,pro_VP+RSI_Div,-106.68,-32.99,73.69,178.89,178.39,65,stop_loss_premium_phase3,immediate,False,False,True,False,True,False,False,False,True,3.18,1.8,27.25,markdown,markup,low,2024-09-05,2024,2024-09,90.0,False
2024-09-06 10:15:00,2024-09-06 11:45:00,NIFTY 50,bearish,pro_LiqSweep+RSI_Div+VWAP,1954.28,2031.86,77.58,185.35,217.09,64,stop_loss_premium_phase3,immediate,True,False,False,False,True,False,False,True,True,0.0,3.53,45.26,markdown,markup,low,2024-09-12,2024,2024-09,90.0,True
2024-09-09 11:00:00,2024-09-09 12:30:00,NIFTY 50,bullish,pro_FVG+VP,-94.61,-19.42,75.19,191.78,191.48,64,stop_loss_premium_phase3,immediate,False,True,True,False,False,False,False,False,True,3.63,1.18,46.9,markdown,markup,low,2024-09-12,2024,2024-09,90.0,False
2024-09-10 09:45:00,2024-09-10 11:15:00,NIFTY 50,bullish,pro_FVG+VP,3503.51,3585.98,82.47,201.51,257.54,64,target,immediate,False,True,True,False,False,False,False,False,False,2.89,1.18,35.92,markup,markup,low,2024-09-12,2024,2024-09,90.0,True
2024-09-10 15:00:00,2024-09-11 10:15:00,NIFTY 50,bullish,pro_FVG+VP,-111.39,-36.87,74.52,184.51,183.94,65,stop_loss_premium_phase3,immediate,False,True,True,False,False,False,False,False,False,2.89,1.18,29.51,markup,markup,low,2024-09-12,2024,2024-09,1155.0,False
2024-09-13 14:15:00,2024-09-16 09:30:00,NIFTY 50,bearish,pro_LiqSweep+OTE+VWAP,767.8,844.94,77.14,195.54,208.74,64,stop_loss_premium_phase3,immediate,True,False,False,True,False,False,False,True,True,1.46,3.41,21.28,markup,markup,low,2024-09-19,2024,2024-09,4035.0,True
2024-09-16 11:15:00,2024-09-16 12:45:00,NIFTY 50,bearish,pro_LiqSweep+RSI_Div+VWAP,1333.24,1410.07,76.83,187.14,209.18,64,stop_loss_premium_phase3,immediate,True,False,False,False,True,False,False,True,True,1.46,3.53,31.22,markup,markup,low,2024-09-19,2024,2024-09,90.0,True
2024-09-17 10:00:00,2024-09-17 11:15:00,NIFTY 50,bullish,pro_VP+OTE+RSI_Div,2375.57,2455.24,79.67,191.89,229.66,65,target,immediate,False,False,True,True,True,False,False,False,False,3.32,0.3,23.76,markdown,markup,low,2024-09-19,2024,2024-09,75.0,True
2024-09-17 14:45:00,2024-09-18 10:00:00,NIFTY 50,bullish,pro_LiqSweep+VP,827.43,905.65,78.22,199.16,213.09,65,stop_loss_premium_phase3,immediate,True,False,True,False,False,False,False,False,False,2.96,0.3,16.7,markdown,markup,low,2024-09-19,2024,2024-09,1155.0,True
2024-09-23 09:45:00,2024-09-23 11:15:00,NIFTY 50,bullish,pro_FVG+VP,-107.44,-26.87,80.57,228.71,228.29,64,stop_loss_premium_phase3,immediate,False,True,True,False,False,False,False,False,True,3.63,1.8,100.1,markup,markup,low,2024-09-26,2024,2024-09,90.0,False
2024-09-23 11:30:00,2024-09-23 13:00:00,NIFTY 50,bullish,pro_FVG+VP,133.86,212.61,78.75,213.57,216.89,64,stop_loss_premium_phase3,immediate,False,True,True,False,False,False,False,False,True,3.63,0.3,57.51,markup,markup,low,2024-09-26,2024,2024-09,90.0,True
2024-09-23 14:15:00,2024-09-24 09:30:00,NIFTY 50,bullish,pro_LiqSweep+VP,449.9,527.69,77.79,203.48,211.72,64,stop_loss_premium_phase3,immediate,True,False,True,False,False,False,False,False,True,3.7,1.18,17.56,markup,markup,low,2024-09-26,2024,2024-09,1155.0,True
2024-09-24 09:45:00,2024-09-24 11:15:00,NIFTY 50,bullish,pro_LiqSweep+VP,-108.45,-34.17,74.28,185.74,185.21,64,stop_loss_premium_phase3,immediate,True,False,True,False,False,False,False,False,True,3.7,0.3,24.37,markup,markup,low,2024-09-26,2024,2024-09,90.0,False
2024-09-24 15:15:00,2024-09-25 10:00:00,NIFTY 50,bullish,pro_VP+OTE,-269.97,-197.26,72.71,176.82,173.74,64,stop_loss_premium_phase2,immediate,False,False,True,True,False,False,False,False,True,3.07,0.3,24.77,markup,markup,low,2024-09-26,2024,2024-09,1125.0,False
2024-10-01 09:45:00,2024-10-01 10:45:00,NIFTY 50,bullish,pro_VP+RSI_Div,-87.45,-15.09,72.36,172.41,172.17,64,stop_loss_premium_phase2,immediate,False,False,True,False,True,False,False,False,True,3.18,1.8,42.0,markdown,markup,low,2024-10-03,2024,2024-10,60.0,False
2024-10-01 15:00:00,2024-10-03 09:45:00,NIFTY 50,bullish,pro_VP+OTE,-86.66,-15.22,71.44,166.1,165.86,64,stop_loss_premium_phase2,immediate,False,False,True,True,False,False,False,False,True,3.07,0.3,32.17,markdown,markup,low,2024-10-03,2024,2024-10,2565.0,False
2024-10-07 09:30:00,2024-10-07 10:30:00,NIFTY 50,bullish,pro_LiqSweep+FVG+OTE,-115.87,-38.15,77.72,209.3,208.71,64,stop_loss_premium_phase2,immediate,True,True,False,True,False,False,False,False,False,3.81,0.3,80.49,markdown,markdown,medium,2024-10-10,2024,2024-10,60.0,False
2024-10-08 10:45:00,2024-10-08 12:15:00,NIFTY 50,bullish,pro_VP+RSI_Div,1540.23,1618.74,78.51,196.3,221.59,64,stop_loss_premium_phase3,immediate,False,False,True,False,True,False,False,False,True,3.18,1.8,85.68,markdown,markdown,medium,2024-10-10,2024,2024-10,90.0,True
2024-10-08 14:15:00,2024-10-09 10:00:00,NIFTY 50,bullish,pro_LiqSweep+VP,-116.25,-39.89,76.36,200.01,199.39,64,stop_loss_premium_phase3,immediate,True,False,True,False,False,False,False,False,True,3.7,0.3,46.83,markdown,markdown,medium,2024-10-10,2024,2024-10,1185.0,False
2024-10-11 10:00:00,2024-10-11 11:00:00,NIFTY 50,bullish,pro_VP+RSI_Div,-320.47,-243.22,77.25,208.38,204.58,64,stop_loss_premium_phase2,immediate,False,False,True,False,True,False,False,False,True,3.18,1.8,32.38,markdown,markdown,medium,2024-10-17,2024,2024-10,60.0,False
2024-10-11 11:15:00,2024-10-11 12:45:00,NIFTY 50,bullish,pro_VP+RSI_Div,848.72,925.22,76.5,193.24,207.92,63,stop_loss_premium_phase3,immediate,False,False,True,False,True,False,False,False,True,3.18,1.8,36.29,markdown,markdown,medium,2024-10-17,2024,2024-10,90.0,True
2024-10-11 15:00:00,2024-10-14 09:15:00,NIFTY 50,bullish,pro_VP+OTE+RSI_Div,2326.76,2404.02,77.26,178.98,216.55,64,target,immediate,False,False,True,True,True,False,False,False,True,4.06,1.8,21.57,markdown,markdown,medium,2024-10-17,2024,2024-10,3975.0,True
2024-10-14 10:00:00,2024-10-14 11:30:00,NIFTY 50,bullish,pro_FVG+VP,569.99,647.21,77.22,195.21,205.17,65,stop_loss_premium_phase3,immediate,False,True,True,False,False,False,False,False,True,3.63,1.8,30.09,markdown,markdown,medium,2024-10-17,2024,2024-10,90.0,True
2024-10-15 10:00:00,2024-10-15 11:30:00,NIFTY 50,bearish,pro_LiqSweep+RSI_Div+VWAP,-104.87,-32.05,72.82,175.71,175.21,64,stop_loss_premium_phase3,immediate,True,False,False,False,True,False,False,True,False,1.43,2.79,31.54,markup,markdown,medium,2024-10-17,2024,2024-10,90.0,False
2024-10-15 15:00:00,2024-10-16 10:15:00,NIFTY 50,bullish,pro_FVG+VP+OTE,-103.08,-32.11,70.97,163.02,162.52,64,stop_loss_premium_phase3,immediate,False,True,True,True,False,False,False,False,False,3.77,0.3,28.15,markdown,markdown,medium,2024-10-17,2024,2024-10,1155.0,False
2024-10-21 09:30:00,2024-10-21 10:45:00,NIFTY 50,bearish,pro_LiqSweep+OTE+RSI_Div+VWAP,-120.8,-43.58,77.22,205.94,205.26,64,stop_loss_premium_phase2,immediate,True,False,False,True,True,False,False,True,False,1.46,3.66,40.82,markup,markdown,low,2024-10-24,2024,2024-10,75.0,False
2024-10-21 11:00:00,2024-10-21 12:30:00,NIFTY 50,bearish,pro_LiqSweep+FVG+VWAP,2242.17,2323.86,81.69,210.19,246.5,64,stop_loss_premium_phase3,immediate,True,True,False,False,False,False,False,True,False,0.0,3.23,60.08,markup,markdown,low,2024-10-24,2024,2024-10,90.0,True
2024-10-21 14:45:00,2024-10-22 09:45:00,NIFTY 50,bearish,pro_FVG+OTE+RSI_Div+VWAP,-113.25,-38.07,75.18,191.94,191.35,64,stop_loss_premium_phase2,immediate,False,True,False,True,True,False,False,True,False,1.46,3.59,45.18,markup,markdown,low,2024-10-24,2024,2024-10,1140.0,False
2024-10-22 11:00:00,2024-10-22 13:15:00,NIFTY 50,bearish,pro_FVG+RSI_Div+VWAP,4948.35,5034.38,86.03,209.74,288.41,64,target,immediate,False,True,False,False,True,False,False,True,True,0.88,3.45,71.25,markdown,markdown,low,2024-10-24,2024,2024-10,135.0,True
2024-10-29 11:30:00,2024-10-29 13:15:00,NIFTY 50,bullish,pro_LiqSweep+RSI_Div,2834.96,2915.19,80.23,190.62,235.47,65,stop_loss_premium_phase3,immediate,True,False,False,False,True,False,False,False,True,3.22,0.3,56.52,markdown,markdown,low,2024-10-31,2024,2024-10,105.0,True
2024-10-29 14:15:00,2024-10-30 09:15:00,NIFTY 50,bullish,pro_LiqSweep+VP+RSI_Div,-112.75,-37.75,75.0,190.71,190.12,64,stop_loss_premium_phase2,immediate,True,False,True,False,True,False,False,False,True,4.68,0.3,48.89,markdown,markdown,low,2024-10-31,2024,2024-10,1140.0,False
2024-11-08 10:15:00,2024-11-08 12:15:00,NIFTY 50,bearish,pro_OTE+RSI_Div+VWAP,1874.47,1953.76,79.29,197.91,228.44,64,stop_loss_premium_phase3,immediate,False,False,False,True,True,False,False,True,True,1.46,2.9,45.54,markdown,markdown,low,2024-11-14,2024,2024-11,120.0,True
2024-11-19 14:15:00,2024-11-19 14:45:00,NIFTY 50,bearish,pro_OTE+RSI_Div+VWAP,2739.7,2814.44,74.74,157.15,201.12,64,target,immediate,False,False,False,True,True,False,False,True,True,1.46,2.9,29.2,markup,markdown,low,2024-11-21,2024,2024-11,30.0,True
2024-11-22 10:45:00,2024-11-22 12:15:00,NIFTY 50,bullish,pro_FVG+VP,2660.28,2741.72,81.44,200.67,242.85,65,stop_loss_premium_phase3,immediate,False,True,True,False,False,False,False,False,True,3.63,1.18,60.28,accumulation,markdown,medium,2024-11-28,2024,2024-11,90.0,True
2024-11-29 10:15:00,2024-11-29 11:45:00,NIFTY 50,bullish,pro_FVG+OTE,1905.88,1985.49,79.61,199.74,230.76,64,stop_loss_premium_phase3,immediate,False,True,False,True,False,False,False,False,True,3.04,0.3,73.89,markdown,markdown,medium,2024-12-05,2024,2024-11,90.0,True
2024-12-13 14:15:00,2024-12-16 09:30:00,NIFTY 50,bullish,pro_FVG+VP,-127.5,-46.19,81.31,233.96,233.24,64,stop_loss_premium_phase3,immediate,False,True,True,False,False,False,False,False,True,3.63,0.3,89.41,markdown,accumulation,medium,2024-12-19,2024,2024-12,4035.0,False
2024-12-17 10:15:00,2024-12-17 11:15:00,NIFTY 50,bearish,pro_LiqSweep+FVG+VWAP,-107.03,-36.04,70.99,163.26,162.7,64,stop_loss_premium_phase2,immediate,True,True,False,False,False,False,False,True,True,0.0,3.97,36.86,markup,markdown,medium,2024-12-19,2024,2024-12,60.0,False
2024-12-24 09:30:00,2024-12-24 10:30:00,NIFTY 50,bearish,pro_LiqSweep+RSI_Div+VWAP,-91.63,-18.56,73.07,177.28,176.99,64,stop_loss_premium_phase2,immediate,True,False,False,False,True,False,False,True,True,0.0,3.53,42.42,markdown,markdown,low,2024-12-26,2024,2024-12,60.0,False
2025-01-03 09:30:00,2025-01-03 11:00:00,NIFTY 50,bearish,pro_OTE+RSI_Div+VWAP,1852.82,1931.58,78.76,194.55,224.73,64,stop_loss_premium_phase3,immediate,False,False,False,True,True,False,False,True,True,1.46,2.9,49.62,markup,markdown,low,2025-01-09,2025,2025-01,90.0,True
2025-01-06 09:45:00,2025-01-06 10:45:00,NIFTY 50,bearish,pro_LiqSweep+VP+VWAP,4274.19,4355.63,81.44,185.86,253.91,64,target,immediate,True,False,True,False,False,False,False,True,True,0.0,4.0,46.39,markdown,markdown,medium,2025-01-09,2025,2025-01,60.0,True
2025-01-06 11:30:00,2025-01-06 13:00:00,NIFTY 50,bearish,pro_LiqSweep+FVG+VWAP,512.12,590.93,78.81,206.54,215.63,65,stop_loss_premium_phase3,immediate,True,True,False,False,False,False,False,True,True,0.99,3.97,69.7,markdown,markdown,medium,2025-01-09,2025,2025-01,90.0,True
2025-01-20 10:00:00,2025-01-20 11:15:00,NIFTY 50,bearish,pro_LiqSweep+RSI_Div+VWAP,-316.93,-242.32,74.61,190.34,186.55,64,stop_loss_premium_phase2,immediate,True,False,False,False,True,False,False,True,False,1.46,2.79,43.11,markup,markdown,low,2025-01-23,2025,2025-01,75.0,False
2025-02-10 14:45:00,2025-02-11 09:30:00,NIFTY 50,bullish,pro_LiqSweep+VP+OTE+RSI_Div,-84.58,-12.05,72.53,173.54,173.35,64,stop_loss_premium_phase2,immediate,True,False,True,True,True,False,False,False,False,4.82,0.3,31.13,markdown,accumulation,low,2025-02-13,2025,2025-02,1125.0,False
2025-02-17 11:00:00,2025-02-17 12:30:00,NIFTY 50,bullish,pro_FVG+VP,1704.11,1785.03,80.92,210.96,238.85,64,stop_loss_premium_phase3,immediate,False,True,True,False,False,False,False,False,True,3.63,1.18,73.12,markup,markdown,low,2025-02-20,2025,2025-02,90.0,True
2025-02-17 14:15:00,2025-02-18 09:30:00,NIFTY 50,bullish,pro_LiqSweep+VP,-113.1,-38.08,75.02,190.84,190.25,64,stop_loss_premium_phase3,immediate,True,False,True,False,False,False,False,False,True,3.7,1.18,56.1,markup,markdown,low,2025-02-20,2025,2025-02,1155.0,False
2025-02-18 10:00:00,2025-02-18 11:00:00,NIFTY 50,bullish,pro_LiqSweep+VP,-97.01,-19.8,77.21,205.63,205.32,64,stop_loss_premium_phase2,immediate,True,False,True,False,False,False,False,False,True,3.7,1.29,56.49,markup,markdown,low,2025-02-20,2025,2025-02,60.0,False
2025-02-21 15:00:00,2025-02-24 09:45:00,NIFTY 50,bullish,pro_VP+RSI_Div,-229.51,-156.44,73.07,178.83,176.39,64,stop_loss_premium_phase2,immediate,False,False,True,False,True,False,False,False,True,3.18,1.8,33.21,markdown,markdown,low,2025-02-27,2025,2025-02,4005.0,False
2025-03-07 09:30:00,2025-03-07 10:00:00,NIFTY 50,bullish,pro_LiqSweep+VP,3135.81,3218.66,82.85,208.18,258.47,64,target,immediate,True,False,True,False,False,False,False,False,False,2.96,1.18,39.71,markup,markdown,low,2025-03-13,2025,2025-03,30.0,True
2025-03-07 10:15:00,2025-03-07 11:45:00,NIFTY 50,bullish,pro_LiqSweep+VP+RSI_Div,815.77,893.6,77.83,199.68,213.64,64,stop_loss_premium_phase3,immediate,True,False,True,False,True,False,False,False,False,3.95,0.3,47.07,markup,markdown,low,2025-03-13,2025,2025-03,90.0,True
2025-03-07 14:45:00,2025-03-10 09:45:00,NIFTY 50,bullish,pro_LiqSweep+VP,3084.5,3168.64,84.14,214.23,262.98,65,target,immediate,True,False,True,False,False,False,False,False,False,2.96,1.18,35.5,markup,markdown,low,2025-03-13,2025,2025-03,4020.0,True
2025-03-10 14:30:00,2025-03-11 09:15:00,NIFTY 50,bearish,pro_VP+RSI_Div+VWAP,2808.93,2886.29,77.36,171.64,216.05,65,target,immediate,False,False,True,False,True,False,False,True,True,1.5,3.49,32.17,markup,markdown,low,2025-03-13,2025,2025-03,1125.0,True
2025-03-17 10:00:00,2025-03-17 11:30:00,NIFTY 50,bullish,pro_FVG+VP+RSI_Div,-312.13,-233.34,78.79,215.48,211.89,65,stop_loss_premium_phase3,immediate,False,True,True,False,True,False,False,False,False,3.88,0.3,40.91,markdown,markdown,low,2025-03-20,2025,2025-03,90.0,False
2025-03-17 14:15:00,2025-03-18 09:15:00,NIFTY 50,bullish,pro_LiqSweep+FVG+VP,3512.37,3591.01,78.64,175.25,231.36,64,target,immediate,True,True,True,False,False,False,False,False,False,4.39,1.18,32.0,markdown,markdown,low,2025-03-20,2025,2025-03,1140.0,True
2025-03-28 09:45:00,2025-03-28 10:45:00,NIFTY 50,bearish,pro_LiqSweep+RSI_Div+VWAP,-106.67,-35.16,71.51,164.19,163.65,65,stop_loss_premium_phase2,immediate,True,False,False,False,True,False,False,True,True,0.0,3.53,32.35,markdown,markup,medium,2025-04-03,2025,2025-03,60.0,False
2025-04-04 15:15:00,2025-04-07 09:15:00,NIFTY 50,bearish,pro_LiqSweep+FVG+VWAP,3724.56,3804.29,79.73,180.28,239.73,64,target,immediate,True,True,False,False,False,False,False,True,True,1.86,3.97,35.64,markdown,accumulation,medium,2025-04-09,2025,2025-04,3960.0,True
2025-04-22 10:00:00,2025-04-22 11:30:00,NIFTY 50,bearish,pro_OTE+RSI_Div+VWAP,-105.42,-32.42,73.0,174.26,173.76,65,stop_loss_premium_phase3,immediate,False,False,False,True,True,False,False,True,True,1.46,2.9,41.48,markup,markup,high,2025-04-24,2025,2025-04,90.0,False
2025-04-22 14:15:00,2025-04-22 15:15:00,NIFTY 50,bearish,pro_LiqSweep+OTE+VWAP,2280.23,2357.6,77.37,180.28,217.12,64,target,immediate,True,False,False,True,False,False,False,True,True,1.46,3.41,23.1,markup,markup,high,2025-04-24,2025,2025-04,60.0,True
2025-04-25 09:30:00,2025-04-25 10:30:00,NIFTY 50,bullish,pro_LiqSweep+VP,-88.92,-16.54,72.38,169.88,169.63,65,stop_loss_premium_phase2,immediate,True,False,True,False,False,False,False,False,True,3.7,1.18,26.22,markdown,markup,high,2025-04-30,2025,2025-04,60.0,False
2025-04-28 09:15:00,2025-04-28 09:30:00,NIFTY 50,bullish,pro_FVG+RSI_Div,1455.88,1543.0,87.12,256.1,280.2,64,target,immediate,False,True,False,False,True,False,False,False,True,3.15,0.3,62.6,markup,markup,high,2025-04-30,2025,2025-04,15.0,True
2025-05-02 10:30:00,2025-05-02 11:30:00,NIFTY 50,bullish,pro_FVG+VP,-100.8,-21.19,79.61,218.64,218.32,65,stop_loss_premium_phase2,immediate,False,True,True,False,False,False,False,False,False,2.89,1.29,58.43,markup,markup,high,2025-05-08,2025,2025-05,60.0,False
2025-05-06 10:00:00,2025-05-06 11:30:00,NIFTY 50,bearish,pro_LiqSweep+RSI_Div+VWAP,624.46,699.36,74.9,181.83,192.75,64,stop_loss_premium_phase3,immediate,True,False,False,False,True,False,False,True,True,1.43,3.53,35.98,accumulation,markup,high,2025-05-08,2025,2025-05,90.0,True
2025-05-13 10:30:00,2025-05-13 11:30:00,NIFTY 50,bearish,pro_VP+RSI_Div+VWAP,-120.41,-43.9,76.51,201.1,200.42,64,stop_loss_premium_phase2,immediate,False,False,True,False,True,False,False,True,True,1.43,3.49,76.31,markup,markup,high,2025-05-15,2025,2025-05,60.0,False
2025-05-13 15:15:00,2025-05-14 10:00:00,NIFTY 50,bearish,pro_LiqSweep+VP+VWAP,-101.85,-24.91,76.94,203.81,203.42,64,stop_loss_premium_phase2,immediate,True,False,True,False,False,False,False,True,True,1.43,4.0,53.31,markdown,markup,high,2025-05-15,2025,2025-05,1125.0,False
2025-05-16 14:45:00,2025-05-19 10:00:00,NIFTY 50,bullish,pro_LiqSweep+VP,1249.28,1325.58,76.3,184.39,205.1,64,stop_loss_premium_phase3,immediate,True,False,True,False,False,False,False,False,True,3.7,1.18,26.0,markup,markup,high,2025-05-22,2025,2025-05,4035.0,True
2025-05-23 10:30:00,2025-05-23 12:00:00,NIFTY 50,bullish,pro_FVG+VP+RSI_Div,2025.28,2108.72,83.44,221.15,253.59,65,stop_loss_premium_phase3,immediate,False,True,True,False,True,False,False,False,False,3.88,0.3,58.64,markup,markup,medium,2025-05-29,2025,2025-05,90.0,True
2025-05-26 10:30:00,2025-05-26 12:00:00,NIFTY 50,bullish,pro_FVG+VP,960.82,1038.59,77.77,197.69,213.92,64,stop_loss_premium_phase3,immediate,False,True,True,False,False,False,False,False,True,3.63,1.18,50.87,markup,markup,medium,2025-05-29,2025,2025-05,90.0,True
2025-05-26 14:15:00,2025-05-27 09:15:00,NIFTY 50,bullish,pro_LiqSweep+VP,-116.5,-39.75,76.75,202.69,202.07,64,stop_loss_premium_phase2,immediate,True,False,True,False,False,False,False,False,True,3.7,1.73,34.24,markup,markup,medium,2025-05-29,2025,2025-05,1140.0,False
2025-05-27 11:15:00,2025-05-27 12:15:00,NIFTY 50,bearish,pro_LiqSweep+FVG+VWAP,5679.58,5763.24,83.66,185.43,275.48,64,target,immediate,True,True,False,False,False,False,False,True,True,0.0,3.97,63.89,markdown,markup,medium,2025-05-29,2025,2025-05,60.0,True
2025-06-02 14:45:00,2025-06-03 09:15:00,NIFTY 50,bullish,pro_FVG+VP,3779.46,3860.09,80.63,182.97,242.35,65,target,immediate,False,True,True,False,False,False,False,False,True,3.63,0.3,35.25,markdown,accumulation,medium,2025-06-05,2025,2025-06,1110.0,True
2025-06-06 11:30:00,2025-06-06 13:00:00,NIFTY 50,bullish,pro_FVG+VP,-122.08,-44.31,77.77,206.53,205.84,65,stop_loss_premium_phase3,immediate,False,True,True,False,False,False,False,False,False,2.89,0.3,54.96,markup,markup,medium,2025-06-12,2025,2025-06,90.0,False
2025-06-06 14:15:00,2025-06-09 09:15:00,NIFTY 50,bullish,pro_LiqSweep+VP+RSI_Div,3264.41,3346.6,82.19,202.24,254.53,64,target,immediate,True,False,True,False,True,False,False,False,False,3.95,0.3,29.21,markup,markup,medium,2025-06-12,2025,2025-06,4020.0,True
2025-06-13 15:00:00,2025-06-16 09:15:00,NIFTY 50,bullish,pro_VP+OTE,2429.89,2508.3,78.41,182.82,221.41,65,target,immediate,False,False,True,True,False,False,False,False,True,3.07,1.73,28.6,markup,markdown,low,2025-06-19,2025,2025-06,3975.0,True
2025-06-17 09:30:00,2025-06-17 11:00:00,NIFTY 50,bearish,pro_LiqSweep+RSI_Div+VWAP,286.45,361.28,74.83,182.27,187.83,65,stop_loss_premium_phase3,immediate,True,False,False,False,True,False,False,True,True,1.46,3.53,32.78,markup,markup,low,2025-06-19,2025,2025-06,90.0,True
2025-06-20 09:30:00,2025-06-20 10:15:00,NIFTY 50,bullish,pro_LiqSweep+VP,3691.91,3775.86,83.95,209.52,268.52,64,target,immediate,True,False,True,False,False,False,False,False,True,3.7,1.18,35.4,markdown,markup,low,2025-06-26,2025,2025-06,45.0,True
2025-06-20 10:30:00,2025-06-20 12:00:00,NIFTY 50,bullish,pro_LiqSweep+VP,983.43,1062.94,79.51,206.1,222.45,65,stop_loss_premium_phase3,immediate,True,False,True,False,False,False,False,False,True,3.7,0.3,48.34,markdown,markup,low,2025-06-26,2025,2025-06,90.0,True
2025-06-23 11:00:00,2025-06-23 12:30:00,NIFTY 50,bullish,pro_FVG+OTE,565.88,642.15,76.27,191.79,201.83,64,stop_loss_premium_phase3,immediate,False,True,False,True,False,False,False,False,True,3.04,1.29,50.17,markdown,markup,low,2025-06-26,2025,2025-06,90.0,True
2025-06-23 14:15:00,2025-06-23 15:15:00,NIFTY 50,bullish,pro_FVG+VP,-214.5,-142.93,71.57,168.4,166.17,64,stop_loss_premium_phase2,immediate,False,True,True,False,False,False,False,False,True,3.63,0.3,29.79,markdown,markup,low,2025-06-26,2025,2025-06,60.0,False
2025-06-24 11:00:00,2025-06-24 12:30:00,NIFTY 50,bearish,pro_LiqSweep+RSI_Div+VWAP,-96.78,-18.06,78.72,215.97,215.68,64,stop_loss_premium_phase3,immediate,True,False,False,False,True,False,False,True,True,1.46,3.53,61.89,markup,markup,low,2025-06-26,2025,2025-06,90.0,False
2025-06-25 09:15:00,2025-06-25 10:45:00,NIFTY 50,bearish,pro_LiqSweep+FVG+VWAP,-365.51,-295.51,70.0,159.38,154.76,64,stop_loss_premium_phase3,immediate,True,True,False,False,False,False,False,True,True,0.88,3.97,69.48,markup,markup,low,2025-06-26,2025,2025-06,90.0,False
2025-06-27 11:15:00,2025-06-27 12:45:00,NIFTY 50,bullish,pro_FVG+VP,1202.69,1282.55,79.86,209.29,229.33,64,stop_loss_premium_phase3,immediate,False,True,True,False,False,False,False,False,True,3.63,1.8,40.43,markup,markup,low,2025-07-03,2025,2025-06,90.0,True
2025-07-01 10:00:00,2025-07-01 11:30:00,NIFTY 50,bullish,pro_FVG+VP,-115.08,-39.17,75.91,196.98,196.37,64,stop_loss_premium_phase3,immediate,False,True,True,False,False,False,False,False,True,3.63,1.18,28.49,markdown,markup,low,2025-07-03,2025,2025-07,90.0,False
2025-07-01 14:15:00,2025-07-02 09:15:00,NIFTY 50,bullish,pro_LiqSweep+VP,2324.03,2401.8,77.77,182.5,220.03,64,target,immediate,True,False,True,False,False,False,False,False,True,3.7,0.3,19.31,markdown,markup,low,2025-07-03,2025,2025-07,1140.0,True
2025-07-04 10:15:00,2025-07-04 11:45:00,NIFTY 50,bullish,pro_LiqSweep+RSI_Div,219.56,296.99,77.43,200.5,205.07,65,stop_loss_premium_phase3,immediate,True,False,False,False,True,False,False,False,True,3.22,0.3,46.66,markdown,markup,low,2025-07-10,2025,2025-07,90.0,True
2025-07-04 14:15:00,2025-07-04 14:30:00,NIFTY 50,bullish,pro_VP+RSI_Div,1988.96,2068.73,79.77,199.87,232.2,64,target,immediate,False,False,True,False,True,False,False,False,True,3.18,1.73,23.24,markdown,markup,low,2025-07-10,2025,2025-07,15.0,True
2025-07-04 14:45:00,2025-07-07 10:00:00,NIFTY 50,bullish,pro_VP+RSI_Div,960.25,1035.28,75.03,178.97,195.15,64,stop_loss_premium_phase3,immediate,False,False,True,False,True,False,False,False,True,3.18,1.73,27.01,markup,markup,low,2025-07-10,2025,2025-07,4035.0,True
2025-07-07 10:15:00,2025-07-07 11:45:00,NIFTY 50,bullish,pro_FVG+VP,718.72,794.8,76.08,188.82,201.24,64,stop_loss_premium_phase3,immediate,False,True,True,False,False,False,False,False,False,2.89,1.18,32.52,markup,markup,low,2025-07-10,2025,2025-07,90.0,True
2025-07-07 14:30:00,2025-07-08 09:15:00,NIFTY 50,bearish,pro_LiqSweep+FVG+VWAP,-87.09,-14.47,72.62,174.13,173.91,64,stop_loss_premium_phase2,immediate,True,True,False,False,False,False,False,True,False,1.46,3.23,20.25,markup,markup,low,2025-07-10,2025,2025-07,1125.0,False
2025-07-08 10:45:00,2025-07-08 12:15:00,NIFTY 50,bullish,pro_FVG+VP,-108.61,-35.48,73.13,177.88,177.33,64,stop_loss_premium_phase3,immediate,False,True,True,False,False,False,False,False,True,3.63,1.8,25.86,markup,markup,low,2025-07-10,2025,2025-07,90.0,False
2025-07-08 15:15:00,2025-07-09 10:30:00,NIFTY 50,bullish,pro_VP+RSI_Div,-108.37,-36.41,71.96,169.86,169.29,64,stop_loss_premium_phase3,immediate,False,False,True,False,True,False,False,False,True,3.18,0.3,23.18,markup,markup,low,2025-07-10,2025,2025-07,1155.0,False
2025-07-18 14:15:00,2025-07-21 09:15:00,NIFTY 50,bullish,pro_LiqSweep+OTE,-96.36,-21.88,74.48,186.98,186.63,64,stop_loss_premium_phase2,immediate,True,False,False,True,False,False,False,False,True,3.11,1.73,30.12,markdown,markdown,low,2025-07-24,2025,2025-07,4020.0,False
2025-07-21 09:45:00,2025-07-21 11:15:00,NIFTY 50,bullish,pro_LiqSweep+VP+OTE,1241.92,1321.15,79.23,204.52,225.16,64,stop_loss_premium_phase3,immediate,True,False,True,True,False,False,False,False,True,4.57,1.73,37.91,markdown,markdown,low,2025-07-24,2025,2025-07,90.0,True
2025-07-21 14:15:00,2025-07-22 09:15:00,NIFTY 50,bullish,pro_LiqSweep+FVG+VP,3840.06,3919.43,79.37,176.59,237.84,64,target,immediate,True,True,True,False,False,False,False,False,True,5.13,1.18,28.4,markdown,markdown,low,2025-07-24,2025,2025-07,1140.0,True
2025-07-22 09:30:00,2025-07-22 11:00:00,NIFTY 50,bullish,pro_LiqSweep+FVG+VP,-113.78,-36.83,76.95,200.93,200.36,65,stop_loss_premium_phase3,immediate,True,True,True,False,False,False,False,False,True,5.13,1.18,31.48,markdown,markdown,low,2025-07-24,2025,2025-07,90.0,False
2025-07-22 14:15:00,2025-07-23 09:15:00,NIFTY 50,bullish,pro_LiqSweep+VP+OTE,3023.03,3099.96,76.93,168.98,217.41,64,target,immediate,True,False,True,True,False,False,False,False,True,4.57,0.3,25.22,markup,markdown,low,2025-07-24,2025,2025-07,1140.0,True
2025-07-25 10:15:00,2025-07-25 11:45:00,NIFTY 50,bearish,pro_LiqSweep+VP+VWAP,273.96,349.31,75.35,185.88,191.26,65,stop_loss_premium_phase3,immediate,True,False,True,False,False,False,False,True,True,0.99,4.0,42.17,markdown,markdown,low,2025-07-31,2025,2025-07,90.0,True
2025-07-29 11:30:00,2025-07-29 13:00:00,NIFTY 50,bullish,pro_VP+RSI_Div,1205.03,1281.29,76.26,181.78,201.49,65,stop_loss_premium_phase3,immediate,False,False,True,False,True,False,False,False,True,3.18,0.3,38.93,markdown,markdown,low,2025-07-31,2025,2025-07,90.0,True
2025-07-29 14:45:00,2025-07-30 09:15:00,NIFTY 50,bullish,pro_FVG+VP,3770.6,3849.44,78.84,173.72,233.87,64,target,immediate,False,True,True,False,False,False,False,False,True,3.63,1.8,31.12,markdown,markdown,low,2025-07-31,2025,2025-07,1110.0,True
2025-08-04 10:15:00,2025-08-04 12:00:00,NIFTY 50,bullish,pro_LiqSweep+VP,1596.27,1676.76,80.49,205.96,231.76,65,stop_loss_premium_phase3,immediate,True,False,True,False,False,False,False,False,True,3.7,0.3,54.01,markdown,markdown,low,2025-08-07,2025,2025-08,105.0,True
2025-08-05 10:30:00,2025-08-05 12:00:00,NIFTY 50,bearish,pro_LiqSweep+FVG+VWAP,-117.74,-41.7,76.04,197.9,197.25,64,stop_loss_premium_phase3,immediate,True,True,False,False,False,False,False,True,False,0.88,3.23,38.39,markup,markdown,low,2025-08-07,2025,2025-08,90.0,False
2025-08-05 14:30:00,2025-08-06 09:45:00,NIFTY 50,bullish,pro_VP+OTE+RSI_Div,1624.7,1703.36,78.66,196.36,222.97,64,stop_loss_premium_phase3,immediate,False,False,True,True,True,False,False,False,False,3.32,1.8,27.21,markdown,markdown,low,2025-08-07,2025,2025-08,1155.0,True
2025-08-11 09:30:00,2025-08-11 11:00:00,NIFTY 50,bullish,pro_LiqSweep+VP,2341.66,2420.62,78.96,190.42,228.24,64,stop_loss_premium_phase3,immediate,True,False,True,False,False,False,False,False,True,3.7,0.3,42.6,markdown,markdown,low,2025-08-14,2025,2025-08,90.0,True
2025-08-19 09:45:00,2025-08-19 11:15:00,NIFTY 50,bullish,pro_FVG+VP+OTE+RSI_Div,1064.72,1138.74,74.02,170.91,188.7,64,stop_loss_premium_phase3,immediate,False,True,True,True,True,False,False,False,False,4.75,0.3,34.55,accumulation,markup,low,2025-08-21,2025,2025-08,90.0,True
2025-08-19 15:00:00,2025-08-20 10:30:00,NIFTY 50,bullish,pro_FVG+VP,853.99,931.69,77.7,198.36,212.92,64,stop_loss_premium_phase3,immediate,False,True,True,False,False,False,False,False,False,2.89,1.18,30.84,markup,markup,low,2025-08-21,2025,2025-08,1170.0,True
2025-08-29 15:15:00,2025-09-01 10:00:00,NIFTY 50,bearish,pro_VP+RSI_Div+VWAP,-302.44,-225.68,76.76,204.86,201.34,64,stop_loss_premium_phase2,immediate,False,False,True,False,True,False,False,True,True,0.0,3.49,39.03,markdown,markdown,low,2025-09-04,2025,2025-08,4005.0,False
2025-09-04 09:15:00,2025-09-04 09:30:00,NIFTY 50,bullish,pro_FVG+VP,-8962.57,-8875.78,86.79,369.82,231.13,64,target,immediate,False,True,True,False,False,False,False,False,True,3.63,0.3,28.51,markup,markup,low,2025-09-09,2025,2025-09,15.0,False
2025-09-11 09:45:00,2025-09-11 11:15:00,NIFTY 50,bullish,pro_FVG+VP,218.63,291.62,72.99,178.85,183.55,62,stop_loss_premium_phase3,immediate,False,True,True,False,False,False,False,False,True,3.63,1.8,28.31,markdown,accumulation,low,2025-09-16,2025,2025-09,90.0,True
2025-09-11 14:15:00,2025-09-12 09:15:00,NIFTY 50,bullish,pro_VP+RSI_Div,1534.48,1608.06,73.58,167.91,193.84,62,target,immediate,False,False,True,False,True,False,False,False,True,3.18,0.3,18.37,markdown,accumulation,low,2025-09-16,2025,2025-09,1140.0,True
2025-09-12 09:30:00,2025-09-12 11:00:00,NIFTY 50,bullish,pro_LiqSweep+VP+RSI_Div,1408.26,1484.45,76.19,187.8,211.74,62,stop_loss_premium_phase3,immediate,True,False,True,False,True,False,False,False,False,3.95,1.18,27.72,markdown,markup,low,2025-09-16,2025,2025-09,90.0,True
2025-09-12 11:15:00,2025-09-12 12:45:00,NIFTY 50,bullish,pro_LiqSweep+VP+RSI_Div,-88.82,-15.82,73.0,179.59,179.34,63,stop_loss_premium_phase3,immediate,True,False,True,False,True,False,False,False,False,3.95,0.3,27.62,markdown,markup,low,2025-09-16,2025,2025-09,90.0,False
2025-09-12 14:15:00,2025-09-15 09:30:00,NIFTY 50,bullish,pro_LiqSweep+VP,-91.26,-16.06,75.2,194.87,194.62,63,stop_loss_premium_phase3,immediate,True,False,True,False,False,False,False,False,False,2.96,0.3,16.21,markdown,markup,low,2025-09-16,2025,2025-09,4035.0,False
2025-09-17 09:30:00,2025-09-17 11:00:00,NIFTY 50,bullish,pro_LiqSweep+VP,-258.62,-186.19,72.43,177.55,174.59,63,stop_loss_premium_phase3,immediate,True,False,True,False,False,False,False,False,True,3.7,1.29,29.06,markup,markup,low,2025-09-23,2025,2025-09,90.0,False
2025-09-17 11:15:00,2025-09-17 12:45:00,NIFTY 50,bullish,pro_LiqSweep+VP,563.23,640.36,77.13,200.87,211.04,63,stop_loss_premium_phase3,immediate,True,False,True,False,False,False,False,False,True,3.7,0.3,31.91,markup,markup,low,2025-09-23,2025,2025-09,90.0,True
2025-09-19 09:30:00,2025-09-19 11:00:00,NIFTY 50,bullish,pro_LiqSweep+VP+OTE+RSI_Div,-116.8,-41.05,75.75,198.99,198.34,63,stop_loss_premium_phase3,immediate,True,False,True,True,True,False,False,False,True,5.56,0.3,35.39,accumulation,markup,low,2025-09-23,2025,2025-09,90.0,False
2025-09-19 14:30:00,2025-09-22 09:15:00,NIFTY 50,bullish,pro_FVG+VP,-100.46,-29.68,70.78,164.29,163.82,63,stop_loss_premium_phase2,immediate,False,True,True,False,False,False,False,False,True,3.63,0.3,22.0,accumulation,markup,low,2025-09-23,2025,2025-09,4005.0,False
2025-10-03 09:30:00,2025-10-03 11:00:00,NIFTY 50,bullish,pro_FVG+VP,912.8,987.59,74.79,180.67,196.35,63,stop_loss_premium_phase3,immediate,False,True,True,False,False,False,False,False,True,3.63,1.29,40.0,markup,markdown,low,2025-10-07,2025,2025-10,90.0,True
2025-10-08 09:30:00,2025-10-08 11:00:00,NIFTY 50,bearish,pro_LiqSweep+FVG+OTE+RSI_Div+VWAP,4395.55,4477.92,82.37,193.92,265.0,63,target,immediate,True,True,False,True,True,False,False,True,True,1.46,5.83,39.46,markup,accumulation,low,2025-10-14,2025,2025-10,90.0,True
2025-10-08 11:15:00,2025-10-08 12:45:00,NIFTY 50,bearish,pro_LiqSweep+VP+VWAP,579.35,657.33,77.98,203.37,213.64,64,stop_loss_premium_phase3,immediate,True,False,True,False,False,False,False,True,True,1.43,4.0,45.46,markup,accumulation,low,2025-10-14,2025,2025-10,90.0,True
2025-10-09 09:30:00,2025-10-09 11:15:00,NIFTY 50,bullish,pro_LiqSweep+VP,2494.48,2573.45,78.97,188.81,229.02,64,stop_loss_premium_phase3,immediate,True,False,True,False,False,False,False,False,True,3.7,1.73,40.36,markdown,accumulation,low,2025-10-14,2025,2025-10,105.0,True
2025-10-09 11:30:00,2025-10-09 13:00:00,NIFTY 50,bullish,pro_LiqSweep+VP,-108.52,-34.0,74.52,184.51,183.99,65,stop_loss_premium_phase3,immediate,True,False,True,False,False,False,False,False,True,3.7,0.3,41.04,markdown,accumulation,low,2025-10-14,2025,2025-10,90.0,False
2025-10-09 14:15:00,2025-10-10 09:15:00,NIFTY 50,bullish,pro_FVG+VP,3608.83,3689.49,80.66,187.92,245.57,64,target,immediate,False,True,True,False,False,False,False,False,True,3.63,1.18,31.03,markdown,accumulation,low,2025-10-14,2025,2025-10,1140.0,True
2025-10-13 09:15:00,2025-10-13 10:45:00,NIFTY 50,bullish,pro_VP+OTE+RSI_Div,1055.9,1117.51,61.61,84.85,102.05,65,stop_loss_premium_phase3,immediate,False,False,True,True,True,False,False,False,True,4.06,0.3,26.19,accumulation,markup,low,2025-10-14,2025,2025-10,90.0,True
2025-10-15 09:30:00,2025-10-15 11:00:00,NIFTY 50,bullish,pro_LiqSweep+VP,2480.12,2563.15,83.03,213.4,252.83,65,stop_loss_premium_phase3,immediate,True,False,True,False,False,False,False,False,False,2.96,0.3,50.25,markdown,markup,low,2025-10-20,2025,2025-10,90.0,True
2025-10-15 15:00:00,2025-10-16 09:15:00,NIFTY 50,bullish,pro_LiqSweep+VP,2240.61,2316.47,75.86,170.35,206.55,64,target,immediate,True,False,True,False,False,False,False,False,False,2.96,1.18,25.41,markup,markup,low,2025-10-20,2025,2025-10,1095.0,True
2025-10-16 09:30:00,2025-10-16 11:15:00,NIFTY 50,bullish,pro_LiqSweep+VP,1372.42,1451.32,78.9,200.84,223.51,64,stop_loss_premium_phase3,immediate,True,False,True,False,False,False,False,False,True,3.7,0.3,30.21,markup,markup,low,2025-10-20,2025,2025-10,105.0,True
2025-10-16 11:30:00,2025-10-16 13:00:00,NIFTY 50,bullish,pro_LiqSweep+VP,3616.54,3697.24,80.7,188.12,245.89,64,target,immediate,True,False,True,False,False,False,False,False,True,3.7,0.3,28.72,markup,markup,low,2025-10-20,2025,2025-10,90.0,True
2025-10-24 14:15:00,2025-10-27 09:15:00,NIFTY 50,bullish,pro_FVG+RSI_Div,3643.85,3726.3,82.45,196.75,254.07,65,target,immediate,False,True,False,False,True,False,False,False,True,3.15,0.3,38.2,markdown,markup,low,2025-10-28,2025,2025-10,4020.0,True
2025-10-29 09:30:00,2025-10-29 11:00:00,NIFTY 50,bullish,pro_LiqSweep+VP,2061.65,2141.93,80.28,199.49,232.44,65,stop_loss_premium_phase3,immediate,True,False,True,False,False,False,False,False,True,3.7,0.3,54.22,markdown,markup,low,2025-11-04,2025,2025-10,90.0,True
2025-10-29 11:15:00,2025-10-29 13:00:00,NIFTY 50,bullish,pro_FVG+VP,976.61,1056.1,79.49,209.29,225.79,64,stop_loss_premium_phase3,immediate,False,True,True,False,False,False,False,False,True,3.63,0.3,47.0,markup,markup,low,2025-11-04,2025,2025-10,105.0,True
2025-10-29 15:00:00,2025-10-30 09:45:00,NIFTY 50,bullish,pro_LiqSweep+VP,-95.1,-16.99,78.11,211.77,211.51,64,stop_loss_premium_phase2,immediate,True,False,True,False,False,False,False,False,True,3.7,0.3,26.43,markup,markup,low,2025-11-04,2025,2025-10,1125.0,False
2025-11-13 14:45:00,2025-11-14 09:15:00,NIFTY 50,bearish,pro_LiqSweep+RSI_Div+VWAP,3226.88,3302.94,76.06,160.74,212.35,64,target,immediate,True,False,False,False,True,False,False,True,True,1.46,3.53,31.17,accumulation,accumulation,low,2025-11-18,2025,2025-11,1110.0,True
2025-11-14 10:15:00,2025-11-14 11:45:00,NIFTY 50,bullish,pro_LiqSweep+FVG,2318.44,2399.35,80.91,200.89,237.8,65,stop_loss_premium_phase3,immediate,True,True,False,False,False,False,False,False,False,2.93,0.3,49.49,markdown,accumulation,low,2025-11-18,2025,2025-11,90.0,True
2025-11-14 14:15:00,2025-11-14 15:00:00,NIFTY 50,bullish,pro_LiqSweep+VP+OTE+RSI_Div,4122.6,4201.09,78.49,167.41,233.05,64,target,immediate,True,False,True,True,True,False,False,False,False,4.82,1.73,35.6,markdown,accumulation,low,2025-11-18,2025,2025-11,45.0,True
2025-11-17 09:15:00,2025-11-17 10:45:00,NIFTY 50,bullish,pro_FVG+VP,-1713.78,-1639.78,74.0,198.57,173.34,65,stop_loss_premium_phase3,immediate,False,True,True,False,False,False,False,False,False,2.89,0.3,42.23,markdown,accumulation,low,2025-11-18,2025,2025-11,90.0,False
2025-11-19 10:30:00,2025-11-19 13:15:00,NIFTY 50,bullish,pro_FVG+VP,2092.54,2170.7,78.16,187.72,221.64,64,stop_loss_premium_phase3,immediate,False,True,True,False,False,False,False,False,True,3.63,1.18,33.39,accumulation,accumulation,low,2025-11-25,2025,2025-11,165.0,True
2025-11-26 10:15:00,2025-11-26 11:45:00,NIFTY 50,bullish,pro_FVG+VP+RSI_Div,1646.13,1723.4,77.27,186.63,213.56,64,stop_loss_premium_phase3,immediate,False,True,True,False,True,False,False,False,True,4.61,1.8,46.7,markdown,markup,low,2025-12-02,2025,2025-11,90.0,True
2025-11-27 10:45:00,2025-11-27 12:30:00,NIFTY 50,bearish,pro_LiqSweep+RSI_Div+VWAP,2183.72,2264.63,80.91,205.5,240.88,64,stop_loss_premium_phase3,immediate,True,False,False,False,True,False,False,True,True,1.46,3.53,39.19,markup,markup,low,2025-12-02,2025,2025-11,105.0,True
2025-11-27 14:30:00,2025-11-28 09:30:00,NIFTY 50,bearish,pro_LiqSweep+FVG+VWAP,-105.48,-32.41,73.07,177.4,176.9,64,stop_loss_premium_phase2,immediate,True,True,False,False,False,False,False,True,True,2.34,3.97,33.68,markdown,markup,low,2025-12-02,2025,2025-11,1140.0,False
2025-12-03 14:15:00,2025-12-03 14:45:00,NIFTY 50,bullish,pro_LiqSweep+OTE,2186.17,2263.01,76.84,177.65,213.01,64,target,immediate,True,False,False,True,False,False,False,False,True,3.11,0.3,27.34,markdown,markup,low,2025-12-09,2025,2025-12,30.0,True
2025-12-03 15:00:00,2025-12-04 10:15:00,NIFTY 50,bullish,pro_LiqSweep+VP+RSI_Div,3086.21,3167.42,81.21,197.53,247.02,64,target,immediate,True,False,True,False,True,False,False,False,True,4.68,1.73,29.28,markdown,markup,low,2025-12-09,2025,2025-12,1155.0,True
2025-12-04 10:30:00,2025-12-04 11:30:00,NIFTY 50,bullish,pro_LiqSweep+VP,-95.79,-20.57,75.22,189.09,188.77,65,stop_loss_premium_phase2,immediate,True,False,True,False,False,False,False,False,False,2.96,0.3,34.78,markdown,markup,low,2025-12-09,2025,2025-12,60.0,False
2025-12-04 15:15:00,2025-12-05 10:00:00,NIFTY 50,bullish,pro_FVG+VP,2669.61,2748.92,79.31,189.17,232.12,64,target,immediate,False,True,True,False,False,False,False,False,False,2.89,0.3,29.53,markdown,markup,low,2025-12-09,2025,2025-12,1125.0,True
2025-12-05 10:15:00,2025-12-05 11:00:00,NIFTY 50,bullish,pro_LiqSweep+VP+RSI_Div,4637.12,4718.64,81.52,182.38,256.11,64,target,immediate,True,False,True,False,True,False,False,False,True,4.68,0.3,41.46,markdown,markup,low,2025-12-09,2025,2025-12,45.0,True
2025-12-05 11:15:00,2025-12-05 12:45:00,NIFTY 50,bullish,pro_LiqSweep+VP,1670.95,1752.38,81.43,211.51,238.47,65,stop_loss_premium_phase3,immediate,True,False,True,False,False,False,False,False,True,3.7,1.73,50.16,markdown,markup,low,2025-12-09,2025,2025-12,90.0,True
2025-12-05 14:15:00,2025-12-08 09:30:00,NIFTY 50,bullish,pro_LiqSweep+VP,-111.03,-35.46,75.57,194.55,194.0,64,stop_loss_premium_phase3,immediate,True,False,True,False,False,False,False,False,True,3.7,0.3,28.11,markdown,markup,low,2025-12-09,2025,2025-12,4035.0,False
2025-12-10 09:30:00,2025-12-10 11:00:00,NIFTY 50,bearish,pro_FVG+OTE+VWAP,3032.69,3115.64,82.95,210.02,258.7,64,target,immediate,False,True,False,True,False,False,False,True,True,1.46,3.34,36.93,markdown,markdown,low,2025-12-16,2025,2025-12,90.0,True
2025-12-11 09:30:00,2025-12-11 10:00:00,NIFTY 50,bullish,pro_LiqSweep+OTE,3154.05,3237.65,83.6,209.85,259.66,65,target,immediate,True,False,False,True,False,False,False,False,True,3.11,1.73,36.55,markdown,markdown,low,2025-12-16,2025,2025-12,30.0,True
2025-12-11 10:15:00,2025-12-11 12:30:00,NIFTY 50,bullish,pro_LiqSweep+VP+RSI_Div,3023.7,3106.5,82.8,205.9,253.69,65,stop_loss_premium_phase3,immediate,True,False,True,False,True,False,False,False,True,4.68,2.61,46.98,markdown,markdown,low,2025-12-16,2025,2025-12,135.0,True
2025-12-12 09:15:00,2025-12-12 09:30:00,NIFTY 50,bullish,pro_VP+RSI_Div,-302.21,-217.62,84.59,258.37,254.97,64,target,immediate,False,False,True,False,True,False,False,False,True,3.18,0.3,35.14,markup,markup,low,2025-12-16,2025,2025-12,15.0,False
2025-12-12 09:45:00,2025-12-12 10:45:00,NIFTY 50,bullish,pro_VP+RSI_Div,-109.74,-37.01,72.73,175.15,174.58,64,stop_loss_premium_phase2,immediate,False,False,True,False,True,False,False,False,True,3.18,0.3,38.81,markup,markup,low,2025-12-16,2025,2025-12,60.0,False
2025-12-12 11:00:00,2025-12-12 12:30:00,NIFTY 50,bullish,pro_FVG+VP,1418.78,1498.06,79.28,202.91,226.32,64,stop_loss_premium_phase3,immediate,False,True,True,False,False,False,False,False,True,3.63,0.3,41.46,markup,markup,low,2025-12-16,2025,2025-12,90.0,True
2025-12-12 14:15:00,2025-12-15 09:15:00,NIFTY 50,bullish,pro_VP+RSI_Div,-104.9,-31.96,72.94,176.56,176.06,64,stop_loss_premium_phase2,immediate,False,False,True,False,True,False,False,False,True,3.18,0.3,25.17,markup,markup,low,2025-12-16,2025,2025-12,4020.0,False
2025-12-17 09:30:00,2025-12-17 10:30:00,NIFTY 50,bullish,pro_LiqSweep+VP+RSI_Div,-90.19,-15.79,74.4,186.36,186.11,64,stop_loss_premium_phase2,immediate,True,False,True,False,True,False,False,False,False,3.95,1.18,33.75,markdown,markdown,low,2025-12-23,2025,2025-12,60.0,False
2025-12-17 11:15:00,2025-12-17 12:45:00,NIFTY 50,bullish,pro_LiqSweep+VP+OTE,-110.53,-34.99,75.54,194.36,193.81,64,stop_loss_premium_phase3,immediate,True,False,True,True,False,False,False,False,False,3.84,0.3,38.51,markdown,markdown,low,2025-12-23,2025,2025-12,90.0,False
2025-12-17 14:45:00,2025-12-18 09:30:00,NIFTY 50,bullish,pro_LiqSweep+VP,-115.89,-38.49,77.4,207.14,206.54,64,stop_loss_premium_phase2,immediate,True,False,True,False,False,False,False,False,False,2.96,0.3,29.77,markdown,markdown,low,2025-12-23,2025,2025-12,1125.0,False
2025-12-31 09:30:00,2025-12-31 11:00:00,NIFTY 50,bullish,pro_LiqSweep+VP,3290.89,3370.99,80.1,187.7,240.37,64,target,immediate,True,False,True,False,False,False,False,False,True,3.7,0.3,29.8,markup,markup,low,2026-01-06,2025,2025-12,90.0,True
2025-12-31 11:15:00,2025-12-31 12:45:00,NIFTY 50,bullish,pro_LiqSweep+VP,3415.7,3495.71,80.01,182.79,236.57,65,target,immediate,True,False,True,False,False,False,False,False,True,3.7,0.3,32.22,markup,markup,low,2026-01-06,2025,2025-12,90.0,True
2025-12-31 15:15:00,2026-01-01 10:30:00,NIFTY 50,bullish,pro_FVG+VP,1032.63,1110.7,78.07,195.86,212.95,65,stop_loss_premium_phase3,immediate,False,True,True,False,False,False,False,False,True,3.63,1.18,26.47,markup,markup,low,2026-01-06,2025,2025-12,1155.0,True
2026-01-01 10:45:00,2026-01-01 12:15:00,NIFTY 50,bearish,pro_LiqSweep+OTE+RSI_Div+VWAP,1310.7,1385.14,74.44,171.06,192.71,64,stop_loss_premium_phase3,immediate,True,False,False,True,True,False,False,True,False,1.46,3.66,32.64,markup,markup,low,2026-01-06,2026,2026-01,90.0,True
2026-01-02 10:00:00,2026-01-02 11:45:00,NIFTY 50,bullish,pro_VP+RSI_Div,1074.55,1150.76,76.21,185.76,203.74,64,stop_loss_premium_phase3,immediate,False,False,True,False,True,False,False,False,True,3.18,0.3,30.72,markup,markup,low,2026-01-06,2026,2026-01,105.0,True
2026-01-07 10:15:00,2026-01-07 11:45:00,NIFTY 50,bullish,pro_LiqSweep+VP+RSI_Div,849.44,926.13,76.69,191.57,206.04,64,stop_loss_premium_phase3,immediate,True,False,True,False,True,False,False,False,False,3.95,2.61,31.81,markdown,markup,low,2026-01-13,2026,2026-01,90.0,True
2026-01-14 14:15:00,2026-01-16 09:15:00,NIFTY 50,bearish,pro_LiqSweep+FVG+VWAP,-97.4,-20.58,76.82,203.0,202.68,64,stop_loss_premium_phase2,immediate,True,True,False,False,False,False,False,True,True,0.0,3.97,39.96,accumulation,markdown,low,2026-01-20,2026,2026-01,2580.0,False
