entry_time,exit_time,symbol,direction,strategy,net_pnl,gross_pnl,costs,entry_price,exit_price,quantity,exit_reason,entry_type,signal_liqsweep,signal_fvg,signal_vp,signal_ote,signal_rsi_div,signal_vol_surge,signal_vol_confirm,signal_vwap,signal_bias,bull_score,bear_score,atr_at_entry,regime_at_entry,market_regime,volatility_regime,option_expiry_date,entry_year,entry_month,hold_min,win
2015-01-19 14:30:00,2015-01-20 09:15:00,NIFTY 50,bearish,pro_LiqSweep+OTE+RSI_Div+VWAP,-60.42,-5.17,55.25,54.33,54.25,65,stop_loss_premium_phase2,immediate,True,False,False,True,True,False,False,True,False,1.46,3.66,11.08,markup,unknown,unknown,2015-01-22,2015,2015-01,1125.0,False
2015-01-20 15:15:00,2015-01-21 09:30:00,NIFTY 50,bullish,pro_FVG+VP,1445.4,1503.36,57.96,60.68,85.74,60,target,immediate,False,True,True,False,False,False,False,False,True,3.63,0.3,14.64,markup,unknown,unknown,2015-01-22,2015,2015-01,1095.0,True
2015-02-02 10:00:00,2015-02-02 11:30:00,NIFTY 50,bullish,pro_LiqSweep+OTE+RSI_Div,461.17,535.13,73.96,174.45,182.68,65,stop_loss_premium_phase3,immediate,True,False,False,True,True,False,False,False,True,4.1,0.3,25.77,markdown,unknown,unknown,2015-02-05,2015,2015-02,90.0,True
2015-02-03 10:45:00,2015-02-03 11:45:00,NIFTY 50,bearish,pro_FVG+OTE+VWAP,2006.19,2072.23,66.04,114.89,150.01,59,target,immediate,False,True,False,True,False,False,False,True,True,1.46,3.34,24.41,accumulation,unknown,unknown,2015-02-05,2015,2015-02,60.0,True
2015-02-06 14:15:00,2015-02-09 09:15:00,NIFTY 50,bearish,pro_FVG+RSI_Div+VWAP,1935.48,2011.11,75.63,169.53,200.47,65,target,immediate,False,True,False,False,True,False,False,True,True,1.5,3.45,18.76,markdown,unknown,unknown,2015-02-12,2015,2015-02,4020.0,True
2015-02-13 10:30:00,2015-02-13 12:30:00,NIFTY 50,bullish,pro_FVG+VP,898.58,973.11,74.53,173.53,188.5,65,stop_loss_premium_phase3,immediate,False,True,True,False,False,False,False,False,True,3.63,0.3,21.47,markup,unknown,unknown,2015-02-19,2015,2015-02,120.0,True
2015-02-16 11:15:00,2015-02-16 12:45:00,NIFTY 50,bearish,pro_FVG+OTE+VWAP,-84.38,-13.64,70.74,158.8,158.59,65,stop_loss_premium_phase3,immediate,False,True,False,True,False,False,False,True,True,1.46,3.34,18.4,markup,unknown,unknown,2015-02-19,2015,2015-02,90.0,False
2015-02-20 14:30:00,2015-02-23 09:45:00,NIFTY 50,bearish,pro_FVG+OTE+VWAP,605.75,674.83,69.08,142.26,152.81,64,stop_loss_premium_phase3,immediate,False,True,False,True,False,False,False,True,True,1.46,3.34,18.47,markup,unknown,unknown,2015-02-26,2015,2015-02,4035.0,True
2015-03-16 10:30:00,2015-03-16 12:00:00,NIFTY 50,bullish,pro_LiqSweep+OTE+RSI_Div,-83.27,-15.7,67.57,162.48,162.19,55,stop_loss_premium_phase3,immediate,True,False,False,True,True,False,False,False,False,3.36,0.3,20.78,markdown,unknown,unknown,2015-03-19,2015,2015-03,90.0,False
2015-03-16 14:45:00,2015-03-17 09:15:00,NIFTY 50,bullish,pro_LiqSweep+VP,1171.19,1230.5,59.31,80.52,102.89,55,target,immediate,True,False,True,False,False,False,False,False,False,2.96,1.18,16.83,markup,unknown,unknown,2015-03-19,2015,2015-03,1110.0,True
2015-03-17 15:00:00,2015-03-18 09:45:00,NIFTY 50,bearish,pro_LiqSweep+FVG+VWAP,1984.19,2049.48,65.29,99.48,131.01,65,target,immediate,True,True,False,False,False,False,False,True,False,0.0,3.23,23.18,markup,unknown,unknown,2015-03-19,2015,2015-03,1125.0,True
2015-03-20 10:45:00,2015-03-20 12:30:00,NIFTY 50,bearish,pro_LiqSweep+VP+VWAP,-92.62,-18.54,74.08,181.38,181.09,65,stop_loss_premium_phase3,immediate,True,False,True,False,False,False,False,True,True,0.0,4.0,24.52,markdown,unknown,unknown,2015-03-26,2015,2015-03,105.0,False
2015-03-25 09:15:00,2015-03-25 10:45:00,NIFTY 50,bearish,pro_LiqSweep+FVG+VWAP,564.39,631.31,66.92,138.77,149.47,59,stop_loss_premium_phase3,immediate,True,True,False,False,False,False,False,True,True,0.0,3.97,21.25,markup,markdown,medium,2015-03-26,2015,2015-03,90.0,True
2015-03-27 15:00:00,2015-03-30 09:30:00,NIFTY 50,bullish,pro_LiqSweep+VP,3010.84,3090.38,79.54,186.94,235.23,64,target,immediate,True,False,True,False,False,False,False,False,True,3.7,0.3,24.9,markdown,markdown,medium,2015-04-02,2015,2015-03,3990.0,True
2015-04-06 09:30:00,2015-04-06 11:00:00,NIFTY 50,bullish,pro_LiqSweep+FVG+VP,248.26,312.41,64.15,110.84,115.65,65,stop_loss_premium_phase3,immediate,True,True,True,False,False,False,False,False,True,5.13,1.18,19.57,markup,accumulation,medium,2015-04-09,2015,2015-04,90.0,True
2015-04-06 11:30:00,2015-04-06 13:00:00,NIFTY 50,bullish,pro_FVG+VP,148.75,211.93,63.18,106.99,110.3,64,stop_loss_premium_phase3,immediate,False,True,True,False,False,False,False,False,True,3.63,1.18,17.62,markup,accumulation,medium,2015-04-09,2015,2015-04,90.0,True
2015-04-06 15:00:00,2015-04-07 09:15:00,NIFTY 50,bullish,pro_FVG+VP,1401.92,1461.83,59.91,70.74,93.58,64,target,immediate,False,True,True,False,False,False,False,False,True,3.63,1.8,13.4,markup,accumulation,medium,2015-04-09,2015,2015-04,1095.0,True
2015-04-10 09:30:00,2015-04-10 11:00:00,NIFTY 50,bullish,pro_LiqSweep+FVG+VP+RSI_Div,-95.63,-21.38,74.25,182.55,182.23,65,stop_loss_premium_phase3,immediate,True,True,True,False,True,False,False,False,True,6.11,1.18,18.25,markup,markup,medium,2015-04-16,2015,2015-04,90.0,False
2015-04-10 14:15:00,2015-04-13 09:30:00,NIFTY 50,bullish,pro_LiqSweep+VP+RSI_Div,1120.89,1183.43,62.54,91.8,110.29,64,stop_loss_premium_phase3,immediate,True,False,True,False,True,False,False,False,True,4.68,0.3,15.54,accumulation,markup,medium,2015-04-16,2015,2015-04,4035.0,True
2015-04-17 11:00:00,2015-04-17 12:30:00,NIFTY 50,bearish,pro_LiqSweep+FVG+VWAP,551.95,623.84,71.89,159.57,169.17,65,stop_loss_premium_phase3,immediate,True,True,False,False,False,False,False,True,True,1.86,3.97,21.54,markdown,markdown,medium,2015-04-23,2015,2015-04,90.0,True
2015-04-28 11:00:00,2015-04-28 12:00:00,NIFTY 50,bullish,pro_FVG+VP,-233.68,-170.82,62.86,110.81,108.1,63,stop_loss_premium_phase2,immediate,False,True,True,False,False,False,False,False,True,3.63,1.18,22.59,markdown,markdown,medium,2015-04-30,2015,2015-04,60.0,False
2015-04-28 14:45:00,2015-04-29 10:00:00,NIFTY 50,bullish,pro_LiqSweep+VP,-66.64,-8.33,58.31,79.91,79.77,61,stop_loss_premium_phase3,immediate,True,False,True,False,False,False,False,False,True,3.7,1.29,19.84,markdown,markdown,medium,2015-04-30,2015,2015-04,1155.0,False
2015-05-05 09:45:00,2015-05-05 10:45:00,NIFTY 50,bearish,pro_FVG+OTE+VWAP,-71.94,-11.43,60.51,98.93,98.74,59,stop_loss_premium_phase2,immediate,False,True,False,True,False,False,False,True,True,1.46,3.34,19.5,markup,markdown,medium,2015-05-07,2015,2015-05,60.0,False
2015-05-12 10:00:00,2015-05-12 11:30:00,NIFTY 50,bearish,pro_FVG+RSI_Div+VWAP,273.88,335.56,61.68,105.25,111.04,58,stop_loss_premium_phase3,immediate,False,True,False,False,True,False,False,True,True,1.5,3.45,24.07,markup,markdown,high,2015-05-14,2015,2015-05,90.0,True
2015-05-18 09:15:00,2015-05-18 09:45:00,NIFTY 50,bullish,pro_LiqSweep+VP,238.84,301.33,62.49,108.08,113.11,60,target,immediate,True,False,True,False,False,False,False,False,True,3.7,0.3,15.2,markup,distribution,high,2015-05-21,2015,2015-05,30.0,True
2015-05-19 14:15:00,2015-05-20 09:15:00,NIFTY 50,bullish,pro_FVG+VP,1428.18,1486.6,58.42,62.19,86.17,62,target,immediate,False,True,True,False,False,False,False,False,True,3.63,1.18,13.38,markup,markup,high,2015-05-21,2015,2015-05,1140.0,True
2015-05-22 10:00:00,2015-05-22 10:30:00,NIFTY 50,bullish,pro_VP+RSI_Div,1592.69,1665.28,72.59,152.83,178.45,65,target,immediate,False,False,True,False,True,False,False,False,True,3.18,1.8,14.78,markup,markup,high,2015-05-28,2015,2015-05,30.0,True
2015-05-22 10:45:00,2015-05-22 12:30:00,NIFTY 50,bullish,pro_VP+RSI_Div,-69.98,-9.68,60.3,88.39,88.24,65,stop_loss_premium_phase3,immediate,False,False,True,False,True,False,False,False,True,3.18,1.8,14.72,markup,markup,high,2015-05-28,2015,2015-05,105.0,False
2015-05-22 14:15:00,2015-05-25 09:15:00,NIFTY 50,bullish,pro_FVG+VP,-87.73,-16.65,71.08,168.91,168.64,62,stop_loss_premium_phase2,immediate,False,True,True,False,False,False,False,False,True,3.63,1.29,12.81,markup,markup,high,2015-05-28,2015,2015-05,4020.0,False
2015-05-25 15:15:00,2015-05-26 10:30:00,NIFTY 50,bearish,pro_LiqSweep+FVG+VWAP,383.85,444.0,60.15,87.8,95.07,61,stop_loss_premium_phase3,immediate,True,True,False,False,False,False,False,True,True,0.0,3.97,14.35,markdown,distribution,high,2015-05-28,2015,2015-05,1155.0,True
2015-06-01 09:30:00,2015-06-01 11:00:00,NIFTY 50,bearish,pro_LiqSweep+OTE+VWAP,-251.86,-180.49,71.37,175.65,172.69,61,stop_loss_premium_phase3,immediate,True,False,False,True,False,False,False,True,True,1.46,3.41,20.35,markup,distribution,high,2015-06-04,2015,2015-06,90.0,False
2015-06-01 14:15:00,2015-06-02 09:15:00,NIFTY 50,bearish,pro_LiqSweep+FVG+VWAP,1556.47,1627.66,71.19,158.45,186.04,59,target,immediate,True,True,False,False,False,False,False,True,True,1.46,3.97,11.68,markup,distribution,high,2015-06-04,2015,2015-06,1140.0,True
2015-06-02 14:30:00,2015-06-03 09:45:00,NIFTY 50,bearish,pro_LiqSweep+VP+VWAP,3608.86,3687.54,78.68,171.71,228.44,65,target,immediate,True,False,True,False,False,False,False,True,True,0.0,4.0,27.71,markdown,distribution,high,2015-06-04,2015,2015-06,1155.0,True
2015-06-05 09:30:00,2015-06-05 11:00:00,NIFTY 50,bullish,pro_LiqSweep+VP,-93.53,-17.61,75.92,193.75,193.48,65,stop_loss_premium_phase3,immediate,True,False,True,False,False,False,False,False,False,2.96,1.18,22.67,markdown,markdown,medium,2015-06-11,2015,2015-06,90.0,False
2015-06-05 11:15:00,2015-06-05 12:45:00,NIFTY 50,bullish,pro_LiqSweep+VP+RSI_Div,1596.7,1673.67,76.97,191.1,218.09,62,stop_loss_premium_phase3,immediate,True,False,True,False,True,False,False,False,False,3.95,1.18,22.3,markdown,markdown,medium,2015-06-11,2015,2015-06,90.0,True
2015-06-05 14:15:00,2015-06-05 15:15:00,NIFTY 50,bullish,pro_LiqSweep+VP,-76.64,-13.68,62.96,115.22,114.99,60,stop_loss_premium_phase2,immediate,True,False,True,False,False,False,False,False,False,2.96,0.3,18.91,markdown,markdown,medium,2015-06-11,2015,2015-06,60.0,False
2015-06-08 09:15:00,2015-06-08 10:45:00,NIFTY 50,bearish,pro_LiqSweep+FVG+VWAP,340.98,405.29,64.31,153.29,161.91,47,stop_loss_premium_phase3,immediate,True,True,False,False,False,False,False,True,False,0.0,3.23,23.2,markdown,markdown,medium,2015-06-11,2015,2015-06,90.0,True
2015-06-08 11:00:00,2015-06-08 12:30:00,NIFTY 50,bearish,pro_LiqSweep+FVG+VWAP,272.3,345.86,73.56,185.29,190.96,61,stop_loss_premium_phase3,immediate,True,True,False,False,False,False,False,True,True,0.0,3.97,23.74,markdown,markdown,medium,2015-06-11,2015,2015-06,90.0,True
2015-06-09 09:45:00,2015-06-09 11:15:00,NIFTY 50,bullish,pro_LiqSweep+VP,-65.84,-8.04,57.8,73.78,73.66,63,stop_loss_premium_phase3,immediate,True,False,True,False,False,False,False,False,True,3.7,0.3,18.01,markdown,markdown,medium,2015-06-11,2015,2015-06,90.0,False
2015-06-12 15:15:00,2015-06-15 09:30:00,NIFTY 50,bullish,pro_VP+RSI_Div,1617.97,1684.97,67.0,118.63,145.38,63,target,immediate,False,False,True,False,True,False,False,False,True,3.18,0.3,18.88,markdown,markdown,medium,2015-06-18,2015,2015-06,3975.0,True
2015-06-16 11:30:00,2015-06-16 13:00:00,NIFTY 50,bearish,pro_FVG+RSI_Div+VWAP,449.7,507.98,58.28,69.09,76.9,65,stop_loss_premium_phase3,immediate,False,True,False,False,True,False,False,True,False,0.88,2.72,14.2,markdown,markdown,medium,2015-06-18,2015,2015-06,90.0,True
2015-06-16 14:15:00,2015-06-16 14:45:00,NIFTY 50,bullish,pro_LiqSweep+VP+RSI_Div,2503.26,2568.18,64.92,46.71,66.93,127,target,immediate,True,False,True,False,True,False,False,False,False,3.95,0.3,12.0,markdown,markdown,medium,2015-06-18,2015,2015-06,30.0,True
2015-06-16 15:00:00,2015-06-17 09:15:00,NIFTY 50,bullish,pro_LiqSweep+VP,1226.28,1284.28,58.0,58.72,78.47,65,target,immediate,True,False,True,False,False,False,False,False,False,2.96,0.3,15.28,markdown,markdown,medium,2015-06-18,2015,2015-06,1095.0,True
2015-06-22 09:15:00,2015-06-22 10:30:00,NIFTY 50,bearish,pro_OTE+RSI_Div+VWAP,-220.22,-152.13,68.09,142.44,140.1,65,stop_loss_premium_phase2,immediate,False,False,False,True,True,False,False,True,True,1.46,2.9,14.1,markup,markup,medium,2015-06-25,2015,2015-06,75.0,False
2015-06-23 09:30:00,2015-06-23 10:30:00,NIFTY 50,bearish,pro_LiqSweep+RSI_Div+VWAP,-64.62,-8.84,55.78,58.83,58.69,64,stop_loss_premium_phase2,immediate,True,False,False,False,True,False,False,True,False,1.46,2.79,13.66,markup,markup,medium,2015-06-25,2015,2015-06,60.0,False
2015-06-23 11:30:00,2015-06-23 13:00:00,NIFTY 50,bearish,pro_LiqSweep+FVG+VWAP,-216.26,-155.73,60.53,94.43,91.95,63,stop_loss_premium_phase3,immediate,True,True,False,False,False,False,False,True,False,1.46,3.23,17.84,markup,markup,medium,2015-06-25,2015,2015-06,90.0,False
2015-06-26 09:30:00,2015-06-26 11:00:00,NIFTY 50,bullish,pro_FVG+OTE,-73.06,-10.84,62.22,106.25,106.08,62,stop_loss_premium_phase3,immediate,False,True,False,True,False,False,False,False,True,3.04,0.3,16.69,markup,markup,medium,2015-07-02,2015,2015-06,90.0,False
2015-06-30 10:30:00,2015-06-30 12:00:00,NIFTY 50,bullish,pro_LiqSweep+VP,-73.07,-9.36,63.71,116.73,116.58,62,stop_loss_premium_phase3,immediate,True,False,True,False,False,False,False,False,True,3.7,1.73,24.56,markup,markup,medium,2015-07-02,2015,2015-06,90.0,False
2015-06-30 14:30:00,2015-07-01 09:15:00,NIFTY 50,bullish,pro_LiqSweep+VP,1463.65,1521.17,57.52,56.35,81.29,61,target,immediate,True,False,True,False,False,False,False,False,True,3.7,1.73,15.82,markdown,markup,medium,2015-07-02,2015,2015-06,1125.0,True
2015-07-08 09:15:00,2015-07-08 09:30:00,NIFTY 50,bearish,pro_LiqSweep+FVG+VWAP,-4316.69,-4246.85,69.84,99.56,66.89,130,target,immediate,True,True,False,False,False,False,False,True,False,1.46,3.23,13.57,markup,markup,medium,2015-07-09,2015,2015-07,15.0,False
2015-07-14 09:30:00,2015-07-14 11:00:00,NIFTY 50,bullish,pro_LiqSweep+VP,340.11,395.67,55.56,75.16,83.95,45,stop_loss_premium_phase3,immediate,True,False,True,False,False,False,False,False,True,3.7,0.3,19.15,markup,accumulation,medium,2015-07-16,2015,2015-07,90.0,True
2015-07-14 14:15:00,2015-07-15 09:15:00,NIFTY 50,bullish,pro_VP+RSI_Div,1085.01,1152.93,67.92,175.61,200.14,47,target,immediate,False,False,True,False,True,False,False,False,True,3.18,1.8,12.66,markup,accumulation,medium,2015-07-16,2015,2015-07,1140.0,True
2015-07-17 15:00:00,2015-07-20 10:15:00,NIFTY 50,bullish,pro_VP+RSI_Div,-84.52,-16.18,68.34,178.34,178.03,52,stop_loss_premium_phase3,immediate,False,False,True,False,True,False,False,False,True,3.18,0.3,10.31,markup,markup,medium,2015-07-23,2015,2015-07,4035.0,False
2015-07-20 14:30:00,2015-07-21 09:15:00,NIFTY 50,bullish,pro_LiqSweep+VP,-60.56,-6.53,54.03,58.77,58.65,51,stop_loss_premium_phase2,immediate,True,False,True,False,False,False,False,False,True,3.7,1.73,10.28,markdown,markup,low,2015-07-23,2015,2015-07,1125.0,False
2015-07-21 10:00:00,2015-07-21 12:00:00,NIFTY 50,bearish,pro_LiqSweep+OTE+VWAP,864.41,933.29,68.88,173.2,191.5,51,stop_loss_premium_phase3,immediate,True,False,False,True,False,False,False,True,True,1.46,3.41,17.38,markdown,markup,medium,2015-07-23,2015,2015-07,120.0,True
2015-08-03 09:30:00,2015-08-03 11:00:00,NIFTY 50,bullish,pro_LiqSweep+VP,92.47,148.52,56.05,68.57,71.27,55,stop_loss_premium_phase3,immediate,True,False,True,False,False,False,False,False,False,2.96,0.3,14.17,markup,markup,medium,2015-08-06,2015,2015-08,90.0,True
2015-08-03 11:15:00,2015-08-03 12:45:00,NIFTY 50,bullish,pro_LiqSweep+VP,159.82,217.08,57.26,77.29,81.23,55,stop_loss_premium_phase3,immediate,True,False,True,False,False,False,False,False,False,2.96,1.29,14.83,markup,markup,medium,2015-08-06,2015,2015-08,90.0,True
2015-08-04 10:45:00,2015-08-04 11:15:00,NIFTY 50,bullish,pro_LiqSweep+OTE,1246.24,1305.14,58.9,74.88,98.19,56,target,immediate,True,False,False,True,False,False,False,False,True,3.11,0.3,15.98,markdown,markup,medium,2015-08-06,2015,2015-08,30.0,True
2015-08-04 11:30:00,2015-08-04 12:30:00,NIFTY 50,bullish,pro_LiqSweep+VP,-67.49,1.17,68.66,159.3,159.32,59,stop_loss_premium_phase2,immediate,True,False,True,False,False,False,False,False,True,3.7,0.3,20.82,accumulation,markup,medium,2015-08-06,2015,2015-08,60.0,False
2015-08-14 09:45:00,2015-08-14 11:00:00,NIFTY 50,bullish,pro_FVG+VP,2848.18,2925.69,77.51,183.48,231.45,61,target,immediate,False,True,True,False,False,False,False,False,True,3.63,0.3,24.97,markdown,markup,medium,2015-08-20,2015,2015-08,75.0,True
2015-08-14 14:45:00,2015-08-17 09:30:00,NIFTY 50,bullish,pro_FVG+VP,-66.58,-6.84,59.74,84.6,84.49,65,stop_loss_premium_phase2,immediate,False,True,True,False,False,False,False,False,True,3.63,1.29,15.04,markdown,markup,medium,2015-08-20,2015,2015-08,4005.0,False
2015-08-17 09:45:00,2015-08-17 11:15:00,NIFTY 50,bearish,pro_LiqSweep+FVG+RSI_Div+VWAP,715.42,782.44,67.02,159.28,174.62,51,stop_loss_premium_phase3,immediate,True,True,False,False,True,False,False,True,True,0.88,4.95,21.35,markdown,accumulation,medium,2015-08-20,2015,2015-08,90.0,True
2015-08-28 14:15:00,2015-08-31 09:15:00,NIFTY 50,bearish,pro_LiqSweep+RSI_Div+VWAP,2468.71,2544.13,75.42,164.87,204.62,64,target,immediate,True,False,False,False,True,False,False,True,True,1.43,3.53,20.89,markup,volatile,extreme,2015-09-03,2015,2015-08,4020.0,True
2015-09-15 09:45:00,2015-09-15 11:15:00,NIFTY 50,bullish,pro_FVG+VP,273.16,331.48,58.32,71.28,76.38,65,stop_loss_premium_phase3,immediate,False,True,True,False,False,False,False,False,False,2.89,0.3,17.48,markup,volatile,extreme,2015-09-17,2015,2015-09,90.0,True
2015-09-18 15:15:00,2015-09-21 09:15:00,NIFTY 50,bearish,pro_LiqSweep+FVG+VWAP,2016.96,2091.18,74.22,159.16,191.33,65,target,immediate,True,True,False,False,False,False,False,True,True,0.88,3.97,14.87,markup,volatile,extreme,2015-09-24,2015,2015-09,3960.0,True
2015-09-21 11:00:00,2015-09-21 12:30:00,NIFTY 50,bullish,pro_FVG+OTE,239.22,312.55,73.33,172.69,177.5,65,stop_loss_premium_phase3,immediate,False,True,False,True,False,False,False,False,True,3.04,0.3,21.93,markdown,volatile,extreme,2015-09-24,2015,2015-09,90.0,True
2015-09-21 14:45:00,2015-09-22 10:00:00,NIFTY 50,bullish,pro_FVG+VP,-90.56,-17.85,72.71,177.61,177.33,63,stop_loss_premium_phase3,immediate,False,True,True,False,False,False,False,False,True,3.63,1.8,15.34,markdown,volatile,extreme,2015-09-24,2015,2015-09,1155.0,False
2015-09-22 14:30:00,2015-09-23 09:15:00,NIFTY 50,bearish,pro_FVG+RSI_Div+VWAP,2104.36,2177.12,72.76,166.3,203.84,58,target,immediate,False,True,False,False,True,False,False,True,True,0.0,3.45,21.84,markup,markdown,high,2015-09-24,2015,2015-09,1125.0,True
2015-09-28 10:00:00,2015-09-28 11:30:00,NIFTY 50,bearish,pro_LiqSweep+RSI_Div+VWAP,-89.08,-17.33,71.75,165.67,165.4,65,stop_loss_premium_phase3,immediate,True,False,False,False,True,False,False,True,True,0.88,3.53,22.12,accumulation,markdown,high,2015-10-01,2015,2015-09,90.0,False
2015-09-29 14:30:00,2015-09-30 09:45:00,NIFTY 50,bullish,pro_FVG+VP,-90.89,-16.35,74.54,190.31,190.05,63,stop_loss_premium_phase3,immediate,False,True,True,False,False,False,False,False,True,3.63,1.8,35.0,markdown,distribution,high,2015-10-01,2015,2015-09,1155.0,False
2015-10-09 11:30:00,2015-10-09 13:00:00,NIFTY 50,bearish,pro_LiqSweep+FVG+OTE+VWAP,1274.09,1346.17,72.08,162.93,185.0,61,stop_loss_premium_phase3,immediate,True,True,False,True,False,False,False,True,False,2.45,4.11,18.84,markup,markup,medium,2015-10-15,2015,2015-10,90.0,True
2015-10-13 14:30:00,2015-10-13 15:00:00,NIFTY 50,bullish,pro_LiqSweep+VP+OTE,1853.67,1927.66,73.99,161.93,192.05,64,target,immediate,True,False,True,True,False,False,False,False,False,3.84,0.3,12.46,markdown,markup,medium,2015-10-15,2015,2015-10,30.0,True
2015-10-13 15:15:00,2015-10-14 10:30:00,NIFTY 50,bullish,pro_LiqSweep+VP+RSI_Div,-59.13,-3.72,55.41,55.37,55.31,65,stop_loss_premium_phase3,immediate,True,False,True,False,True,False,False,False,False,3.95,0.3,14.68,markdown,markup,medium,2015-10-15,2015,2015-10,1155.0,False
2015-10-16 09:30:00,2015-10-16 11:00:00,NIFTY 50,bullish,pro_LiqSweep+FVG+VP+OTE,604.77,679.29,74.52,179.45,190.07,64,stop_loss_premium_phase3,immediate,True,True,True,True,False,False,False,False,True,6.0,0.3,10.95,markup,markup,medium,2015-10-22,2015,2015-10,90.0,True
2015-10-16 11:15:00,2015-10-16 12:45:00,NIFTY 50,bullish,pro_LiqSweep+VP,-88.89,-16.99,71.9,171.96,171.7,63,stop_loss_premium_phase3,immediate,True,False,True,False,False,False,False,False,True,3.7,1.29,12.68,markup,markup,medium,2015-10-22,2015,2015-10,90.0,False
2015-10-16 15:15:00,2015-10-19 10:30:00,NIFTY 50,bullish,pro_FVG+VP,284.48,347.28,62.8,104.55,110.06,63,stop_loss_premium_phase3,immediate,False,True,True,False,False,False,False,False,True,3.63,1.8,13.84,markup,markup,medium,2015-10-22,2015,2015-10,4035.0,True
2015-10-19 11:15:00,2015-10-19 13:15:00,NIFTY 50,bullish,pro_LiqSweep+VP,950.99,1010.07,59.08,71.18,87.21,63,stop_loss_premium_phase3,immediate,True,False,True,False,False,False,False,False,True,3.7,0.3,14.86,markup,markup,medium,2015-10-22,2015,2015-10,120.0,True
2015-10-19 14:15:00,2015-10-20 09:30:00,NIFTY 50,bullish,pro_LiqSweep+VP+RSI_Div,-90.32,-17.89,72.43,175.66,175.38,63,stop_loss_premium_phase3,immediate,True,False,True,False,True,False,False,False,True,4.68,1.18,9.27,markup,markup,medium,2015-10-22,2015,2015-10,1155.0,False
2015-10-20 09:45:00,2015-10-20 11:15:00,NIFTY 50,bullish,pro_LiqSweep+VP+RSI_Div,743.11,815.84,72.73,165.68,178.43,64,stop_loss_premium_phase3,immediate,True,False,True,False,True,False,False,False,True,4.68,0.3,12.89,markup,markup,medium,2015-10-22,2015,2015-10,90.0,True
2015-10-20 11:30:00,2015-10-20 13:00:00,NIFTY 50,bullish,pro_LiqSweep+FVG+VP,202.31,275.57,73.26,175.29,179.6,64,stop_loss_premium_phase3,immediate,True,True,True,False,False,False,False,False,True,5.13,0.3,12.7,markup,markup,medium,2015-10-22,2015,2015-10,90.0,True
2015-10-20 14:15:00,2015-10-20 15:00:00,NIFTY 50,bullish,pro_VP+OTE,1277.01,1350.83,73.82,167.19,188.3,64,target,immediate,False,False,True,True,False,False,False,False,True,3.07,0.3,10.94,markup,markup,medium,2015-10-22,2015,2015-10,45.0,True
2015-10-21 09:15:00,2015-10-21 10:45:00,NIFTY 50,bullish,pro_FVG+OTE,477.1,549.29,72.19,162.41,170.86,65,stop_loss_premium_phase3,immediate,False,True,False,True,False,False,False,False,True,3.04,0.3,13.9,markup,markup,medium,2015-10-22,2015,2015-10,90.0,True
2015-10-30 14:15:00,2015-11-02 09:15:00,NIFTY 50,bearish,pro_LiqSweep+VP+VWAP,1898.72,1973.95,75.23,169.85,200.69,64,target,immediate,True,False,True,False,False,False,False,True,True,0.0,4.0,13.71,markup,markdown,low,2015-11-05,2015,2015-10,4020.0,True
2015-11-02 14:30:00,2015-11-02 15:15:00,NIFTY 50,bullish,pro_LiqSweep+VP,1769.58,1845.29,75.71,171.89,200.28,65,target,immediate,True,False,True,False,False,False,False,False,True,3.7,0.3,11.83,markdown,markdown,low,2015-11-05,2015,2015-11,45.0,True
2015-11-03 09:15:00,2015-11-03 09:30:00,NIFTY 50,bullish,pro_LiqSweep+VP+RSI_Div,-244.9,-183.67,61.23,96.56,93.74,65,target,immediate,True,False,True,False,True,False,False,False,True,4.68,0.3,12.61,markdown,markdown,low,2015-11-05,2015,2015-11,15.0,False
2015-11-03 14:45:00,2015-11-04 09:30:00,NIFTY 50,bearish,pro_LiqSweep+FVG+VWAP,-72.25,-11.91,60.34,45.03,44.94,128,stop_loss_premium_phase2,immediate,True,True,False,False,False,False,False,True,True,1.46,3.97,12.28,markup,markdown,low,2015-11-05,2015,2015-11,1125.0,False
2015-11-09 15:15:00,2015-11-10 10:00:00,NIFTY 50,bullish,pro_FVG+VP,-204.88,-146.57,58.31,84.26,81.78,59,stop_loss_premium_phase2,immediate,False,True,True,False,False,False,False,False,True,3.63,1.18,15.18,markup,markdown,low,2015-11-12,2015,2015-11,1125.0,False
2015-11-16 14:15:00,2015-11-17 09:15:00,NIFTY 50,bullish,pro_VP+RSI_Div,1510.56,1583.55,72.99,172.34,199.18,59,target,immediate,False,False,True,False,True,False,False,False,True,3.18,1.8,14.34,markup,markdown,low,2015-11-19,2015,2015-11,1140.0,True
2015-11-27 09:30:00,2015-11-27 09:45:00,NIFTY 50,bullish,pro_LiqSweep+VP,1126.61,1185.49,58.88,67.78,86.6,63,target,immediate,True,False,True,False,False,False,False,False,True,3.7,2.16,10.46,markup,markdown,low,2015-12-03,2015,2015-11,15.0,True
2015-11-27 10:00:00,2015-11-27 11:30:00,NIFTY 50,bullish,pro_LiqSweep+VP,445.0,507.22,62.22,98.69,106.74,63,stop_loss_premium_phase3,immediate,True,False,True,False,False,False,False,False,True,3.7,0.3,13.28,markup,markdown,low,2015-12-03,2015,2015-11,90.0,True
2015-11-27 15:00:00,2015-11-30 10:15:00,NIFTY 50,bullish,pro_FVG+VP,376.81,435.72,58.91,75.29,82.1,64,stop_loss_premium_phase3,immediate,False,True,True,False,False,False,False,False,True,3.63,1.18,13.65,markup,markdown,low,2015-12-03,2015,2015-11,4035.0,True
2015-11-30 11:00:00,2015-11-30 12:30:00,NIFTY 50,bearish,pro_LiqSweep+FVG+VWAP,-63.6,-5.5,58.1,74.65,74.56,64,stop_loss_premium_phase3,immediate,True,True,False,False,False,False,False,True,False,1.46,3.23,12.74,markup,markdown,low,2015-12-03,2015,2015-11,90.0,False
2015-11-30 14:30:00,2015-12-01 09:15:00,NIFTY 50,bullish,pro_VP+OTE+RSI_Div,854.12,910.83,56.71,54.97,69.2,64,target,immediate,False,False,True,True,True,False,False,False,False,3.32,0.3,9.91,markup,markdown,low,2015-12-03,2015,2015-11,1125.0,True
2015-12-01 10:00:00,2015-12-01 11:30:00,NIFTY 50,bullish,pro_FVG+VP,466.26,538.34,72.08,161.81,170.09,65,stop_loss_premium_phase3,immediate,False,True,True,False,False,False,False,False,True,3.63,2.16,14.89,markup,markdown,low,2015-12-03,2015,2015-12,90.0,True
2015-12-01 14:15:00,2015-12-02 09:30:00,NIFTY 50,bullish,pro_LiqSweep+VP,800.45,858.87,58.42,66.22,79.44,65,stop_loss_premium_phase3,immediate,True,False,True,False,False,False,False,False,True,3.7,0.3,13.54,markdown,markdown,low,2015-12-03,2015,2015-12,1155.0,True
2015-12-07 09:30:00,2015-12-07 10:45:00,NIFTY 50,bearish,pro_FVG+OTE+VWAP,986.82,1043.94,57.12,55.43,71.49,65,target,immediate,False,True,False,True,False,False,False,True,True,1.46,3.34,12.88,accumulation,markdown,medium,2015-12-10,2015,2015-12,75.0,True
2015-12-11 10:00:00,2015-12-11 11:45:00,NIFTY 50,bearish,pro_OTE+RSI_Div+VWAP,1419.71,1484.61,64.9,103.05,125.89,65,target,immediate,False,False,False,True,True,False,False,True,True,1.5,2.9,16.69,markup,markdown,low,2015-12-17,2015,2015-12,105.0,True
2015-12-14 09:30:00,2015-12-14 10:15:00,NIFTY 50,bullish,pro_LiqSweep+OTE+RSI_Div,2581.49,2651.0,69.51,121.28,162.07,65,target,immediate,True,False,False,True,True,False,False,False,True,4.1,1.73,23.27,markup,markdown,medium,2015-12-17,2015,2015-12,45.0,True
2015-12-14 10:30:00,2015-12-14 12:00:00,NIFTY 50,bullish,pro_LiqSweep+VP+RSI_Div,-69.91,1.13,71.04,160.67,160.69,65,stop_loss_premium_phase3,immediate,True,False,True,False,True,False,False,False,True,4.68,0.3,24.41,markup,markdown,medium,2015-12-17,2015,2015-12,90.0,False
2015-12-15 09:30:00,2015-12-15 11:00:00,NIFTY 50,bullish,pro_FVG+VP,-64.94,-7.69,57.25,68.86,68.74,64,stop_loss_premium_phase3,immediate,False,True,True,False,False,False,False,False,True,3.63,2.16,18.28,markup,markdown,low,2015-12-17,2015,2015-12,90.0,False
2015-12-15 11:15:00,2015-12-15 12:45:00,NIFTY 50,bullish,pro_FVG+VP,480.44,538.1,57.66,65.63,74.04,64,stop_loss_premium_phase3,immediate,False,True,True,False,False,False,False,False,True,3.63,0.3,18.58,markup,markdown,low,2015-12-17,2015,2015-12,90.0,True
2015-12-21 10:30:00,2015-12-21 12:00:00,NIFTY 50,bullish,pro_LiqSweep+VP,-70.38,0.47,70.85,161.89,161.9,64,stop_loss_premium_phase3,immediate,True,False,True,False,False,False,False,False,True,3.7,0.3,17.54,markdown,accumulation,low,2015-12-24,2015,2015-12,90.0,False
2015-12-22 09:30:00,2015-12-22 11:00:00,NIFTY 50,bullish,pro_FVG+VP+OTE,673.76,745.89,72.13,162.36,174.01,64,stop_loss_premium_phase3,immediate,False,True,True,True,False,False,False,False,False,3.77,1.29,9.69,markup,markdown,low,2015-12-24,2015,2015-12,90.0,True
2015-12-28 14:45:00,2015-12-29 10:00:00,NIFTY 50,bullish,pro_LiqSweep+VP,-92.77,-19.95,72.82,175.55,175.24,64,stop_loss_premium_phase3,immediate,True,False,True,False,False,False,False,False,True,3.7,0.3,8.2,markup,markup,medium,2015-12-31,2015,2015-12,1155.0,False
2015-12-29 10:30:00,2015-12-29 11:45:00,NIFTY 50,bullish,pro_LiqSweep+VP,-76.84,-15.3,61.54,49.54,49.42,127,stop_loss_premium_phase2,immediate,True,False,True,False,False,False,False,False,False,2.96,0.3,11.67,markup,markup,medium,2015-12-31,2015,2015-12,75.0,False
2015-12-29 14:45:00,2015-12-30 10:15:00,NIFTY 50,bullish,pro_FVG+VP,307.44,368.37,60.93,45.3,48.2,127,stop_loss_premium_phase3,immediate,False,True,True,False,False,False,False,False,False,2.89,1.18,8.13,markup,markup,medium,2015-12-31,2015,2015-12,1170.0,True
2016-01-29 09:45:00,2016-01-29 12:00:00,NIFTY 50,bullish,pro_FVG+VP,2559.09,2635.72,76.63,172.08,213.26,64,target,immediate,False,True,True,False,False,False,False,False,True,3.63,0.3,20.04,markdown,volatile,high,2016-02-04,2016,2016-01,135.0,True
2016-02-01 10:15:00,2016-02-01 11:45:00,NIFTY 50,bearish,pro_LiqSweep+RSI_Div+VWAP,901.87,976.27,74.4,172.63,187.65,65,stop_loss_premium_phase3,immediate,True,False,False,False,True,False,False,True,True,1.46,3.53,18.52,markup,markdown,medium,2016-02-04,2016,2016-02,90.0,True
2016-02-05 11:00:00,2016-02-05 12:30:00,NIFTY 50,bullish,pro_FVG+VP,441.05,517.18,76.13,189.27,197.23,65,stop_loss_premium_phase3,immediate,False,True,True,False,False,False,False,False,True,3.63,1.29,21.37,accumulation,markdown,medium,2016-02-11,2016,2016-02,90.0,True
2016-02-08 09:30:00,2016-02-08 11:00:00,NIFTY 50,bearish,pro_FVG+RSI_Div+VWAP,-85.15,-14.09,71.06,163.47,163.25,64,stop_loss_premium_phase3,immediate,False,True,False,False,True,False,False,True,True,1.46,3.45,17.8,markup,markdown,medium,2016-02-11,2016,2016-02,90.0,False
2016-02-16 09:15:00,2016-02-16 10:45:00,NIFTY 50,bearish,pro_LiqSweep+RSI_Div+VWAP,1060.63,1119.83,59.2,69.68,87.18,64,stop_loss_premium_phase3,immediate,True,False,False,False,True,False,False,True,False,1.46,2.79,14.9,markup,markdown,high,2016-02-18,2016,2016-02,90.0,True
2016-02-22 11:15:00,2016-02-22 12:45:00,NIFTY 50,bullish,pro_FVG+VP,-88.69,-15.41,73.28,181.54,181.29,63,stop_loss_premium_phase3,immediate,False,True,True,False,False,False,False,False,True,3.63,1.8,14.95,markup,markdown,high,2016-02-25,2016,2016-02,90.0,False
2016-02-22 14:15:00,2016-02-23 09:15:00,NIFTY 50,bullish,pro_FVG+VP,-62.13,-6.59,55.54,58.05,57.95,63,stop_loss_premium_phase2,immediate,False,True,True,False,False,False,False,False,True,3.63,1.29,9.57,markup,markdown,high,2016-02-25,2016,2016-02,1140.0,False
2016-02-23 10:00:00,2016-02-23 11:30:00,NIFTY 50,bearish,pro_FVG+RSI_Div+VWAP,267.53,338.38,70.85,160.63,166.0,63,stop_loss_premium_phase3,immediate,False,True,False,False,True,False,False,True,True,0.0,3.45,14.18,markup,markdown,high,2016-02-25,2016,2016-02,90.0,True
2016-02-24 09:15:00,2016-02-24 10:45:00,NIFTY 50,bearish,pro_VP+RSI_Div+VWAP,538.59,599.28,60.69,85.69,95.05,64,target,immediate,False,False,True,False,True,False,False,True,True,1.5,3.49,16.69,markup,markdown,high,2016-02-25,2016,2016-02,90.0,True
2016-03-01 09:15:00,2016-03-01 10:45:00,NIFTY 50,bearish,pro_FVG+OTE+VWAP,-227.23,-153.02,74.21,183.73,181.38,65,stop_loss_premium_phase3,immediate,False,True,False,True,False,False,False,True,True,0.0,3.34,53.02,markup,volatile,extreme,2016-03-03,2016,2016-03,90.0,False
2016-03-11 14:30:00,2016-03-14 09:15:00,NIFTY 50,bearish,pro_FVG+RSI_Div+VWAP,-254.7,-183.91,70.79,163.54,160.67,64,stop_loss_premium_phase2,immediate,False,True,False,False,True,False,False,True,True,0.0,3.45,19.89,markup,markup,high,2016-03-17,2016,2016-03,4005.0,False
2016-03-21 09:45:00,2016-03-21 11:15:00,NIFTY 50,bullish,pro_FVG+VP,596.15,660.0,63.85,108.33,118.81,63,stop_loss_premium_phase3,immediate,False,True,True,False,False,False,False,False,True,3.63,0.3,18.34,markup,volatile,high,2016-03-24,2016,2016-03,90.0,True
2016-03-21 14:15:00,2016-03-21 15:00:00,NIFTY 50,bullish,pro_LiqSweep+VP,1515.35,1589.73,74.38,168.31,193.15,64,target,immediate,True,False,True,False,False,False,False,False,True,3.7,0.3,10.13,markup,volatile,high,2016-03-24,2016,2016-03,45.0,True
2016-03-21 15:15:00,2016-03-22 10:30:00,NIFTY 50,bullish,pro_LiqSweep+VP,-70.83,0.87,71.7,167.68,167.7,64,stop_loss_premium_phase3,immediate,True,False,True,False,False,False,False,False,True,3.7,0.3,13.11,markup,volatile,high,2016-03-24,2016,2016-03,1155.0,False
2016-03-28 10:15:00,2016-03-28 12:00:00,NIFTY 50,bearish,pro_LiqSweep+FVG+VWAP,622.32,693.7,71.38,157.79,168.63,64,stop_loss_premium_phase3,immediate,True,True,False,False,False,False,False,True,True,0.88,3.97,16.87,markup,markup,medium,2016-03-31,2016,2016-03,105.0,True
2016-03-29 14:45:00,2016-03-30 09:15:00,NIFTY 50,bullish,pro_FVG+VP+RSI_Div,1674.64,1733.57,58.93,60.97,88.06,64,target,immediate,False,True,True,False,True,False,False,False,False,3.88,1.18,16.89,markup,markup,medium,2016-03-31,2016,2016-03,1110.0,True
2016-04-01 10:00:00,2016-04-01 11:30:00,NIFTY 50,bullish,pro_LiqSweep+RSI_Div,-71.46,0.08,71.54,164.07,164.07,65,stop_loss_premium_phase3,immediate,True,False,False,False,True,False,False,False,True,3.22,0.3,22.85,accumulation,markup,medium,2016-04-07,2016,2016-04,90.0,False
2016-04-01 14:30:00,2016-04-04 09:15:00,NIFTY 50,bullish,pro_LiqSweep+FVG+OTE,2174.39,2248.46,74.07,158.89,194.03,64,target,immediate,True,True,False,True,False,False,False,False,True,4.54,0.3,16.66,accumulation,markup,medium,2016-04-07,2016,2016-04,4005.0,True
2016-04-04 09:30:00,2016-04-04 11:00:00,NIFTY 50,bullish,pro_LiqSweep+VP,-85.53,-14.16,71.37,163.03,162.82,65,stop_loss_premium_phase3,immediate,True,False,True,False,False,False,False,False,True,3.7,0.3,20.42,accumulation,markup,medium,2016-04-07,2016,2016-04,90.0,False
2016-04-04 11:15:00,2016-04-04 12:45:00,NIFTY 50,bullish,pro_FVG+VP,-208.52,-146.35,62.17,107.42,105.06,62,stop_loss_premium_phase3,immediate,False,True,True,False,False,False,False,False,True,3.63,1.18,17.64,accumulation,markup,medium,2016-04-07,2016,2016-04,90.0,False
2016-04-04 14:15:00,2016-04-04 15:15:00,NIFTY 50,bullish,pro_LiqSweep+VP,1275.9,1334.09,58.19,61.3,82.47,63,target,immediate,True,False,True,False,False,False,False,False,True,3.7,0.3,12.73,accumulation,markup,medium,2016-04-07,2016,2016-04,60.0,True
2016-04-05 09:15:00,2016-04-05 10:15:00,NIFTY 50,bullish,pro_LiqSweep+FVG+VP,-70.46,-14.13,56.33,61.69,61.47,65,stop_loss_premium_phase2,immediate,True,True,True,False,False,False,False,False,True,5.13,0.3,13.31,accumulation,markup,medium,2016-04-07,2016,2016-04,60.0,False
2016-04-11 09:15:00,2016-04-11 10:45:00,NIFTY 50,bearish,pro_LiqSweep+OTE+VWAP,375.68,429.98,54.3,43.82,50.54,64,stop_loss_premium_phase3,immediate,True,False,False,True,False,False,False,True,True,1.46,3.41,10.2,markdown,markup,medium,2016-04-14,2016,2016-04,90.0,True
2016-04-11 11:15:00,2016-04-11 12:45:00,NIFTY 50,bullish,pro_VP+RSI_Div,-68.05,-10.19,57.86,74.21,74.05,63,stop_loss_premium_phase3,immediate,False,False,True,False,True,False,False,False,True,3.18,0.3,13.39,markdown,markup,medium,2016-04-14,2016,2016-04,90.0,False
2016-04-12 09:15:00,2016-04-12 10:45:00,NIFTY 50,bullish,pro_FVG+VP,142.08,216.53,74.45,187.03,190.46,63,stop_loss_premium_phase3,immediate,False,True,True,False,False,False,False,False,True,3.63,0.3,22.75,markup,markup,medium,2016-04-14,2016,2016-04,90.0,True
2016-04-13 09:15:00,2016-04-13 09:30:00,NIFTY 50,bullish,pro_FVG+VP,-2349.57,-2272.62,76.95,228.96,193.45,64,target,immediate,False,True,True,False,False,False,False,False,True,3.63,0.3,12.71,markup,markup,medium,2016-04-14,2016,2016-04,15.0,False
2016-04-25 09:30:00,2016-04-25 10:30:00,NIFTY 50,bullish,pro_LiqSweep+VP,-65.17,-8.59,56.58,70.98,70.83,58,stop_loss_premium_phase2,immediate,True,False,True,False,False,False,False,False,False,2.96,0.3,12.0,markdown,markup,medium,2016-04-28,2016,2016-04,60.0,False
2016-04-26 09:30:00,2016-04-26 11:00:00,NIFTY 50,bullish,pro_LiqSweep+OTE,1010.92,1067.05,56.13,54.31,72.71,58,target,immediate,True,False,False,True,False,False,False,False,True,3.11,0.3,13.75,markdown,markup,medium,2016-04-28,2016,2016-04,90.0,True
2016-04-26 11:15:00,2016-04-26 12:30:00,NIFTY 50,bullish,pro_LiqSweep+VP,1985.63,2058.54,72.91,163.3,197.61,60,target,immediate,True,False,True,False,False,False,False,False,True,3.7,0.3,14.08,markdown,markup,medium,2016-04-28,2016,2016-04,75.0,True
2016-04-29 15:00:00,2016-05-02 09:15:00,NIFTY 50,bearish,pro_LiqSweep+FVG+VWAP,1918.07,1995.14,77.07,179.4,210.1,65,target,immediate,True,True,False,False,False,False,False,True,False,0.0,3.23,18.55,markdown,markup,medium,2016-05-05,2016,2016-04,3975.0,True
2016-05-02 09:45:00,2016-05-02 11:15:00,NIFTY 50,bearish,pro_LiqSweep+FVG+VWAP,370.76,443.46,72.7,166.96,173.79,65,stop_loss_premium_phase3,immediate,True,True,False,False,False,False,False,True,False,0.0,3.23,23.7,markdown,markup,medium,2016-05-05,2016,2016-05,90.0,True
2016-05-06 14:15:00,2016-05-09 09:15:00,NIFTY 50,bullish,pro_LiqSweep+VP,1316.67,1376.15,59.48,67.67,88.84,65,target,immediate,True,False,True,False,False,False,False,False,True,3.7,1.29,13.1,markdown,markdown,medium,2016-05-12,2016,2016-05,4020.0,True
2016-05-09 09:30:00,2016-05-09 11:00:00,NIFTY 50,bullish,pro_LiqSweep+VP,768.81,833.3,64.49,109.07,122.09,64,stop_loss_premium_phase3,immediate,True,False,True,False,False,False,False,False,False,2.96,1.29,17.5,markup,markup,medium,2016-05-12,2016,2016-05,90.0,True
2016-05-09 11:15:00,2016-05-09 13:00:00,NIFTY 50,bearish,pro_LiqSweep+FVG+VWAP,533.62,606.22,72.6,164.55,173.88,65,stop_loss_premium_phase3,immediate,True,True,False,False,False,False,False,True,False,1.46,3.23,16.99,markup,markup,medium,2016-05-12,2016,2016-05,105.0,True
2016-05-10 11:30:00,2016-05-10 13:00:00,NIFTY 50,bullish,pro_VP+RSI_Div,1180.03,1238.23,58.2,61.51,80.86,64,target,immediate,False,False,True,False,True,False,False,False,True,3.18,1.8,13.23,markup,markup,medium,2016-05-12,2016,2016-05,90.0,True
2016-05-10 14:15:00,2016-05-11 09:15:00,NIFTY 50,bullish,pro_FVG+VP,-73.56,-11.86,61.7,48.92,48.83,130,stop_loss_premium_phase2,immediate,False,True,True,False,False,False,False,False,True,3.63,1.8,11.48,markup,markup,medium,2016-05-12,2016,2016-05,1140.0,False
2016-05-16 10:45:00,2016-05-16 12:15:00,NIFTY 50,bullish,pro_LiqSweep+OTE,163.42,222.72,59.3,80.36,83.84,64,stop_loss_premium_phase3,immediate,True,False,False,True,False,False,False,False,True,3.11,0.3,15.22,markdown,markup,medium,2016-05-19,2016,2016-05,90.0,True
2016-05-16 14:15:00,2016-05-16 15:00:00,NIFTY 50,bullish,pro_LiqSweep+VP,2022.56,2099.44,76.88,179.81,212.62,64,target,immediate,True,False,True,False,False,False,False,False,True,3.7,1.18,13.82,markdown,markup,medium,2016-05-19,2016,2016-05,45.0,True
2016-05-23 10:00:00,2016-05-23 11:30:00,NIFTY 50,bearish,pro_FVG+RSI_Div+VWAP,-72.47,-10.68,61.79,98.48,98.31,65,stop_loss_premium_phase3,immediate,False,True,False,False,True,False,False,True,True,1.5,3.45,17.98,markdown,markdown,medium,2016-05-26,2016,2016-05,90.0,False
2016-05-24 14:30:00,2016-05-25 09:15:00,NIFTY 50,bullish,pro_FVG+VP,2497.35,2563.36,66.01,50.12,70.15,128,target,immediate,False,True,True,False,False,False,False,False,True,3.63,1.29,11.39,markup,markdown,medium,2016-05-26,2016,2016-05,1125.0,True
2016-05-27 14:15:00,2016-05-30 09:15:00,NIFTY 50,bullish,pro_LiqSweep+VP,1379.86,1440.08,60.22,71.94,94.1,65,target,immediate,True,False,True,False,False,False,False,False,True,3.7,2.16,13.57,markup,markup,medium,2016-06-02,2016,2016-05,4020.0,True
2016-05-30 09:30:00,2016-05-30 11:00:00,NIFTY 50,bullish,pro_LiqSweep+VP,-69.81,0.51,70.32,158.23,158.24,64,stop_loss_premium_phase3,immediate,True,False,True,False,False,False,False,False,True,3.7,0.3,17.7,markup,markup,medium,2016-06-02,2016,2016-05,90.0,False
2016-06-14 09:15:00,2016-06-14 12:30:00,NIFTY 50,bullish,pro_FVG+VP+RSI_Div,-1534.82,-1462.08,72.74,191.1,168.25,64,stop_loss_premium_phase3,immediate,False,True,True,False,True,False,False,False,True,4.61,0.3,15.55,markup,markup,medium,2016-06-16,2016,2016-06,195.0,False
2016-06-20 09:30:00,2016-06-20 11:00:00,NIFTY 50,bullish,pro_LiqSweep+VP+RSI_Div,979.88,1051.81,71.93,165.33,182.57,61,stop_loss_premium_phase3,immediate,True,False,True,False,True,False,False,False,True,4.68,1.73,18.76,accumulation,accumulation,medium,2016-06-23,2016,2016-06,90.0,True
2016-06-20 11:15:00,2016-06-20 13:00:00,NIFTY 50,bullish,pro_LiqSweep+FVG+VP,1365.3,1431.19,65.89,113.81,136.52,63,stop_loss_premium_phase3,immediate,True,True,True,False,False,False,False,False,True,5.13,0.3,19.65,accumulation,accumulation,medium,2016-06-23,2016,2016-06,105.0,True
2016-06-20 14:15:00,2016-06-21 09:30:00,NIFTY 50,bullish,pro_LiqSweep+VP,792.86,867.36,74.5,180.0,193.77,63,stop_loss_premium_phase3,immediate,True,False,True,False,False,False,False,False,True,3.7,0.3,9.85,accumulation,accumulation,medium,2016-06-23,2016,2016-06,1155.0,True
2016-06-21 09:45:00,2016-06-21 11:15:00,NIFTY 50,bearish,pro_FVG+RSI_Div+VWAP,-359.03,-299.16,59.87,46.49,44.08,124,stop_loss_premium_phase3,immediate,False,True,False,False,True,False,False,True,True,0.0,3.45,13.5,accumulation,accumulation,medium,2016-06-23,2016,2016-06,90.0,False
2016-06-24 14:15:00,2016-06-24 15:00:00,NIFTY 50,bullish,pro_VP+RSI_Div,2227.66,2302.71,75.05,165.02,201.0,64,target,immediate,False,False,True,False,True,False,False,False,True,3.18,1.73,24.24,markdown,markdown,medium,2016-06-30,2016,2016-06,45.0,True
2016-06-27 09:15:00,2016-06-27 10:45:00,NIFTY 50,bullish,pro_FVG+VP,143.19,213.12,69.93,150.85,154.13,65,stop_loss_premium_phase3,immediate,False,True,True,False,False,False,False,False,True,3.63,0.3,29.0,markup,markdown,medium,2016-06-30,2016,2016-06,90.0,True
2016-06-28 10:00:00,2016-06-28 11:30:00,NIFTY 50,bullish,pro_FVG+VP,33.14,104.24,71.1,164.97,166.63,63,stop_loss_premium_phase3,immediate,False,True,True,False,False,False,False,False,True,3.63,1.8,16.65,markup,markdown,medium,2016-06-30,2016,2016-06,90.0,True
2016-06-28 14:30:00,2016-06-29 09:15:00,NIFTY 50,bullish,pro_VP+OTE,1214.58,1288.46,73.88,170.95,191.4,63,target,immediate,False,False,True,True,False,False,False,False,True,3.07,1.73,10.52,markup,markdown,medium,2016-06-30,2016,2016-06,1125.0,True
2016-07-08 15:15:00,2016-07-11 09:15:00,NIFTY 50,bullish,pro_VP+RSI_Div,1197.3,1273.26,75.96,179.88,199.47,65,target,immediate,False,False,True,False,True,False,False,False,True,3.18,1.18,10.2,markdown,markup,medium,2016-07-14,2016,2016-07,3960.0,True
2016-07-15 09:45:00,2016-07-15 10:45:00,NIFTY 50,bullish,pro_FVG+VP,-245.93,-173.73,72.2,170.38,167.7,65,stop_loss_premium_phase2,immediate,False,True,True,False,False,False,False,False,True,3.63,2.16,12.63,markup,markup,medium,2016-07-21,2016,2016-07,60.0,False
2016-07-19 15:00:00,2016-07-20 10:15:00,NIFTY 50,bullish,pro_LiqSweep+VP,829.56,901.25,71.69,157.59,171.67,64,stop_loss_premium_phase3,immediate,True,False,True,False,False,False,False,False,True,3.7,0.3,13.49,markdown,markup,medium,2016-07-21,2016,2016-07,1155.0,True
2016-07-22 14:45:00,2016-07-25 10:00:00,NIFTY 50,bullish,pro_VP+RSI_Div,-76.89,-13.63,63.26,110.04,109.83,64,stop_loss_premium_phase3,immediate,False,False,True,False,True,False,False,False,True,3.18,1.8,15.05,markdown,markup,medium,2016-07-28,2016,2016-07,4035.0,False
2016-07-25 14:15:00,2016-07-26 09:30:00,NIFTY 50,bullish,pro_FVG+VP,-91.37,-18.34,73.03,177.0,176.71,64,stop_loss_premium_phase3,immediate,False,True,True,False,False,False,False,False,True,3.63,1.8,11.7,markup,markup,low,2016-07-28,2016,2016-07,1155.0,False
2016-08-02 09:45:00,2016-08-02 11:15:00,NIFTY 50,bearish,pro_FVG+OTE+VWAP,13.21,74.41,61.2,96.49,97.67,63,stop_loss_premium_phase3,immediate,False,True,False,True,False,False,False,True,True,1.46,3.34,20.59,markup,markup,low,2016-08-04,2016,2016-08,90.0,True
2016-08-08 14:15:00,2016-08-09 09:15:00,NIFTY 50,bearish,pro_LiqSweep+RSI_Div+VWAP,-70.39,-8.68,61.71,50.49,50.42,126,stop_loss_premium_phase2,immediate,True,False,False,False,True,False,False,True,False,1.46,2.79,7.77,markup,markup,low,2016-08-11,2016,2016-08,1140.0,False
2016-08-09 10:15:00,2016-08-09 11:45:00,NIFTY 50,bearish,pro_LiqSweep+RSI_Div+VWAP,-82.04,-12.66,69.38,154.4,154.2,63,stop_loss_premium_phase3,immediate,True,False,False,False,True,False,False,True,True,1.46,3.53,12.38,markup,markup,low,2016-08-11,2016,2016-08,90.0,False
2016-08-12 14:30:00,2016-08-16 09:45:00,NIFTY 50,bullish,pro_LiqSweep+VP,-71.95,-0.26,71.69,170.27,170.26,63,stop_loss_premium_phase3,immediate,True,False,True,False,False,False,False,False,False,2.96,1.18,13.17,markup,accumulation,low,2016-08-18,2016,2016-08,5475.0,False
2016-08-16 10:00:00,2016-08-16 11:30:00,NIFTY 50,bullish,pro_LiqSweep+VP+RSI_Div,-256.1,-184.43,71.67,175.03,172.06,62,stop_loss_premium_phase3,immediate,True,False,True,False,True,False,False,False,True,4.68,1.18,15.1,markup,accumulation,low,2016-08-18,2016,2016-08,90.0,False
2016-08-16 14:30:00,2016-08-17 09:15:00,NIFTY 50,bullish,pro_FVG+OTE,-46.85,7.74,54.59,52.15,52.28,62,stop_loss_premium_phase2,immediate,False,True,False,True,False,False,False,False,True,3.04,1.29,14.68,markup,accumulation,low,2016-08-18,2016,2016-08,1125.0,False
2016-08-19 09:30:00,2016-08-19 11:00:00,NIFTY 50,bullish,pro_LiqSweep+FVG+VP+OTE,-88.08,-15.81,72.27,177.28,177.02,62,stop_loss_premium_phase3,immediate,True,True,True,True,False,False,False,False,True,6.0,0.3,9.34,markdown,markup,low,2016-08-25,2016,2016-08,90.0,False
2016-08-19 11:15:00,2016-08-19 12:45:00,NIFTY 50,bullish,pro_FVG+VP+OTE,224.98,297.4,72.42,177.63,182.5,61,stop_loss_premium_phase3,immediate,False,True,True,True,False,False,False,False,True,4.5,0.3,11.03,markdown,markup,low,2016-08-25,2016,2016-08,90.0,True
2016-08-19 14:15:00,2016-08-22 09:15:00,NIFTY 50,bullish,pro_VP+OTE,954.85,1027.8,72.95,170.1,186.68,62,target,immediate,False,False,True,True,False,False,False,False,True,3.07,0.3,8.54,markdown,markup,low,2016-08-25,2016,2016-08,4020.0,True
2016-08-22 14:45:00,2016-08-23 10:15:00,NIFTY 50,bullish,pro_LiqSweep+OTE,333.54,389.66,56.12,56.74,62.83,64,stop_loss_premium_phase3,immediate,True,False,False,True,False,False,False,False,True,3.11,0.3,10.06,markup,markup,low,2016-08-25,2016,2016-08,1170.0,True
2016-08-29 09:30:00,2016-08-29 11:30:00,NIFTY 50,bullish,pro_LiqSweep+VP+OTE,393.69,467.09,73.4,171.47,178.66,65,stop_loss_premium_phase3,immediate,True,False,True,True,False,False,False,False,True,4.57,0.3,13.86,markdown,markup,low,2016-09-01,2016,2016-08,120.0,True
2016-08-29 14:15:00,2016-08-29 15:15:00,NIFTY 50,bullish,pro_LiqSweep+VP+RSI_Div,907.76,964.62,56.86,54.5,69.34,65,target,immediate,True,False,True,False,True,False,False,False,True,4.68,0.3,8.64,markdown,markup,low,2016-09-01,2016,2016-08,60.0,True
2016-08-30 09:15:00,2016-08-30 09:30:00,NIFTY 50,bullish,pro_LiqSweep+VP+RSI_Div,-343.84,-267.22,76.62,204.33,200.15,64,target,immediate,True,False,True,False,True,False,False,False,True,4.68,1.73,10.56,markdown,markup,low,2016-09-01,2016,2016-08,15.0,False
2016-09-02 10:15:00,2016-09-02 11:45:00,NIFTY 50,bullish,pro_FVG+VP,-56.92,6.26,63.18,109.28,109.37,64,stop_loss_premium_phase3,immediate,False,True,True,False,False,False,False,False,False,2.89,0.3,15.92,markup,markup,low,2016-09-08,2016,2016-09,90.0,False
2016-09-09 10:15:00,2016-09-09 11:45:00,NIFTY 50,bearish,pro_LiqSweep+VP+VWAP,-219.17,-146.93,72.24,173.0,170.7,64,stop_loss_premium_phase3,immediate,True,False,True,False,False,False,False,True,False,1.43,3.26,16.16,markdown,markup,low,2016-09-15,2016,2016-09,90.0,False
2016-09-09 14:15:00,2016-09-09 15:15:00,NIFTY 50,bullish,pro_LiqSweep+VP,-222.44,-163.34,59.1,84.58,81.98,63,stop_loss_premium_phase2,immediate,True,False,True,False,False,False,False,False,False,2.96,0.3,14.02,markdown,markup,low,2016-09-15,2016,2016-09,60.0,False
2016-09-19 10:00:00,2016-09-19 11:30:00,NIFTY 50,bearish,pro_LiqSweep+FVG+RSI_Div+VWAP,-83.58,-13.7,69.88,157.85,157.63,63,stop_loss_premium_phase3,immediate,True,True,False,False,True,False,False,True,True,0.0,4.95,19.33,markdown,markup,low,2016-09-22,2016,2016-09,90.0,False
2016-09-19 14:15:00,2016-09-20 09:15:00,NIFTY 50,bearish,pro_LiqSweep+OTE+VWAP,586.12,642.01,55.89,53.19,63.38,63,target,immediate,True,False,False,True,False,False,False,True,True,1.46,3.41,7.7,markdown,markup,low,2016-09-22,2016,2016-09,1140.0,True
2016-09-20 09:30:00,2016-09-20 11:00:00,NIFTY 50,bearish,pro_LiqSweep+VP+RSI_Div+VWAP,-73.08,-3.05,70.03,158.81,158.76,63,stop_loss_premium_phase3,immediate,True,False,True,False,True,False,False,True,True,0.0,4.99,9.84,markdown,markup,low,2016-09-22,2016,2016-09,90.0,False
2016-09-20 15:00:00,2016-09-21 09:45:00,NIFTY 50,bearish,pro_LiqSweep+OTE+VWAP,-260.12,-188.91,71.21,166.46,163.51,64,stop_loss_premium_phase2,immediate,True,False,False,True,False,False,False,True,True,1.46,3.41,8.91,markdown,markup,low,2016-09-22,2016,2016-09,1125.0,False
2016-09-30 09:45:00,2016-09-30 11:15:00,NIFTY 50,bullish,pro_LiqSweep+OTE,171.16,245.75,74.59,187.69,191.59,63,stop_loss_premium_phase3,immediate,True,False,False,True,False,False,False,False,True,3.11,0.3,44.99,markdown,markdown,medium,2016-10-06,2016,2016-09,90.0,True
2016-09-30 11:30:00,2016-09-30 13:00:00,NIFTY 50,bullish,pro_LiqSweep+OTE,-91.83,-18.42,73.41,182.43,182.14,63,stop_loss_premium_phase3,immediate,True,False,False,True,False,False,False,False,True,3.11,0.3,28.23,markdown,markdown,medium,2016-10-06,2016,2016-09,90.0,False
2016-09-30 14:15:00,2016-10-03 09:15:00,NIFTY 50,bullish,pro_LiqSweep+VP,1452.95,1514.35,61.4,81.61,105.65,63,target,immediate,True,False,True,False,False,False,False,False,True,3.7,1.18,14.4,markdown,markdown,medium,2016-10-06,2016,2016-09,4020.0,True
2016-10-07 14:15:00,2016-10-10 09:15:00,NIFTY 50,bullish,pro_LiqSweep+VP+RSI_Div,1345.82,1406.67,60.85,76.59,98.23,65,target,immediate,True,False,True,False,True,False,False,False,False,3.95,0.3,12.64,markdown,markdown,medium,2016-10-13,2016,2016-10,4020.0,True
2016-10-14 11:30:00,2016-10-14 13:00:00,NIFTY 50,bullish,pro_VP+RSI_Div,-78.23,-13.92,64.31,115.48,115.26,65,stop_loss_premium_phase3,immediate,False,False,True,False,True,False,False,False,True,3.18,1.18,18.82,markdown,markdown,low,2016-10-20,2016,2016-10,90.0,False
2016-10-14 14:15:00,2016-10-17 09:15:00,NIFTY 50,bullish,pro_LiqSweep+VP,-66.63,-9.67,56.96,66.94,66.79,64,stop_loss_premium_phase2,immediate,True,False,True,False,False,False,False,False,True,3.7,2.16,12.66,markdown,markdown,low,2016-10-20,2016,2016-10,4020.0,False
2016-10-21 09:30:00,2016-10-21 10:30:00,NIFTY 50,bullish,pro_LiqSweep+FVG+VP+OTE,-212.52,-155.91,56.61,66.15,63.71,64,stop_loss_premium_phase2,immediate,True,True,True,True,False,False,False,False,True,6.0,0.3,12.25,accumulation,markup,medium,2016-10-27,2016,2016-10,60.0,False
2016-10-21 14:30:00,2016-10-21 15:15:00,NIFTY 50,bullish,pro_LiqSweep+VP+OTE,1151.02,1224.3,73.28,167.48,186.91,63,target,immediate,True,False,True,True,False,False,False,False,True,4.57,0.3,8.27,accumulation,markup,medium,2016-10-27,2016,2016-10,45.0,True
2016-10-24 09:15:00,2016-10-24 12:30:00,NIFTY 50,bullish,pro_LiqSweep+VP+RSI_Div,247.8,307.09,59.29,78.12,82.84,65,target,immediate,True,False,True,False,True,False,False,False,True,4.68,0.3,10.3,markup,markup,medium,2016-10-27,2016,2016-10,195.0,True
2016-10-28 09:30:00,2016-10-28 10:15:00,NIFTY 50,bullish,pro_LiqSweep+VP,2327.66,2402.62,74.96,160.73,197.69,65,target,immediate,True,False,True,False,False,False,False,False,True,3.7,0.3,17.63,markup,markdown,medium,2016-11-03,2016,2016-10,45.0,True
2016-10-28 11:00:00,2016-10-28 12:30:00,NIFTY 50,bullish,pro_FVG+VP,-84.56,-13.79,70.77,158.97,158.76,65,stop_loss_premium_phase3,immediate,False,True,True,False,False,False,False,False,True,3.63,1.8,17.57,markup,markdown,medium,2016-11-03,2016,2016-10,90.0,False
2016-10-28 15:00:00,2016-11-01 10:15:00,NIFTY 50,bullish,pro_FVG+VP,-66.42,-9.25,57.17,68.36,68.22,64,stop_loss_premium_phase3,immediate,False,True,True,False,False,False,False,False,True,3.63,1.18,11.77,markup,markdown,medium,2016-11-03,2016,2016-10,5475.0,False
2016-11-01 11:00:00,2016-11-01 12:15:00,NIFTY 50,bullish,pro_VP+OTE+RSI_Div,1510.4,1586.29,75.89,178.72,203.5,64,target,immediate,False,False,True,True,True,False,False,False,False,3.32,0.3,12.79,accumulation,markdown,low,2016-11-03,2016,2016-11,75.0,True
2016-11-01 14:15:00,2016-11-01 15:00:00,NIFTY 50,bearish,pro_LiqSweep+FVG+VWAP,1627.72,1692.45,64.73,49.79,62.8,130,target,immediate,True,True,False,False,False,False,False,True,False,1.46,3.23,9.35,accumulation,markdown,low,2016-11-03,2016,2016-11,45.0,True
2016-11-01 15:15:00,2016-11-02 09:15:00,NIFTY 50,bearish,pro_LiqSweep+VP+VWAP,1880.71,1943.77,63.06,43.8,59.11,127,target,immediate,True,False,True,False,False,False,False,True,False,0.0,3.26,12.13,accumulation,markdown,low,2016-11-03,2016,2016-11,1080.0,True
2016-11-04 09:45:00,2016-11-04 11:15:00,NIFTY 50,bearish,pro_FVG+RSI_Div+VWAP,1898.66,1974.42,75.76,170.85,201.23,65,target,immediate,False,True,False,False,True,False,False,True,False,0.88,2.72,18.7,markdown,markdown,low,2016-11-10,2016,2016-11,90.0,True
2016-11-04 14:30:00,2016-11-07 09:15:00,NIFTY 50,bearish,pro_LiqSweep+FVG+VWAP,-74.51,-12.65,61.86,98.93,98.74,65,stop_loss_premium_phase2,immediate,True,True,False,False,False,False,False,True,False,0.0,3.23,15.04,markdown,markdown,low,2016-11-10,2016,2016-11,4005.0,False
2016-11-18 11:30:00,2016-11-18 13:00:00,NIFTY 50,bullish,pro_LiqSweep+VP,1224.63,1298.57,73.94,168.57,188.86,64,stop_loss_premium_phase3,immediate,True,False,True,False,False,False,False,False,False,2.96,1.18,18.98,markdown,markdown,medium,2016-11-24,2016,2016-11,90.0,True
2016-11-21 10:15:00,2016-11-21 10:45:00,NIFTY 50,bearish,pro_FVG+RSI_Div+VWAP,2175.56,2248.66,73.1,152.27,187.41,64,target,immediate,False,True,False,False,True,False,False,True,True,0.0,3.45,23.12,markdown,markdown,medium,2016-11-24,2016,2016-11,30.0,True
2016-11-28 10:00:00,2016-11-28 11:45:00,NIFTY 50,bullish,pro_VP+RSI_Div,2089.15,2164.12,74.97,163.43,196.72,65,target,immediate,False,False,True,False,True,False,False,False,True,3.18,1.18,19.19,markup,markdown,medium,2016-12-01,2016,2016-11,105.0,True
2016-11-28 14:15:00,2016-11-29 09:15:00,NIFTY 50,bullish,pro_VP+RSI_Div,1688.09,1764.37,76.28,176.64,203.78,65,target,immediate,False,False,True,False,True,False,False,False,True,3.18,1.18,14.59,markup,markdown,medium,2016-12-01,2016,2016-11,1140.0,True
2016-12-05 14:15:00,2016-12-06 09:15:00,NIFTY 50,bullish,pro_FVG+VP,2002.35,2079.58,77.23,179.59,211.58,65,target,immediate,False,True,True,False,False,False,False,False,True,3.63,0.3,13.36,markdown,markdown,medium,2016-12-08,2016,2016-12,1140.0,True
2016-12-06 14:15:00,2016-12-06 14:45:00,NIFTY 50,bearish,pro_LiqSweep+FVG+VWAP,1921.57,1983.56,61.99,38.97,54.23,130,target,immediate,True,True,False,False,False,False,False,True,True,1.46,3.97,9.27,markup,markdown,medium,2016-12-08,2016,2016-12,30.0,True
2016-12-06 15:00:00,2016-12-07 09:45:00,NIFTY 50,bearish,pro_LiqSweep+FVG+VWAP,-38.71,22.57,61.28,47.31,47.48,130,stop_loss_premium_phase2,immediate,True,True,False,False,False,False,False,True,True,1.46,3.97,10.56,markup,markdown,medium,2016-12-08,2016,2016-12,1125.0,False
2016-12-09 15:00:00,2016-12-12 09:15:00,NIFTY 50,bearish,pro_LiqSweep+OTE+RSI_Div+VWAP,1831.22,1896.24,65.02,50.82,65.75,127,target,immediate,True,False,False,True,True,False,False,True,False,1.46,3.66,9.94,markup,markup,high,2016-12-15,2016,2016-12,3975.0,True
2016-12-16 14:15:00,2016-12-19 09:15:00,NIFTY 50,bullish,pro_LiqSweep+OTE,-61.44,-4.65,56.79,64.71,64.64,65,stop_loss_premium_phase2,immediate,True,False,False,True,False,False,False,False,True,3.11,0.3,9.42,markdown,markdown,medium,2016-12-22,2016,2016-12,4020.0,False
2016-12-19 10:45:00,2016-12-19 12:15:00,NIFTY 50,bearish,pro_LiqSweep+FVG+VWAP,296.36,369.33,72.97,172.29,178.06,64,stop_loss_premium_phase3,immediate,True,True,False,False,False,False,False,True,True,1.46,3.97,13.7,markdown,markdown,medium,2016-12-22,2016,2016-12,90.0,True
2016-12-20 09:30:00,2016-12-20 11:00:00,NIFTY 50,bearish,pro_FVG+OTE+VWAP,248.14,307.64,59.5,40.09,42.47,129,stop_loss_premium_phase3,immediate,False,True,False,True,False,False,False,True,True,1.46,3.34,8.93,accumulation,markdown,low,2016-12-22,2016,2016-12,90.0,True
2016-12-23 09:30:00,2016-12-23 11:30:00,NIFTY 50,bullish,pro_LiqSweep+VP,1297.78,1362.6,64.82,105.46,126.75,64,target,immediate,True,False,True,False,False,False,False,False,False,2.96,0.3,13.98,markdown,markdown,low,2016-12-29,2016,2016-12,120.0,True
2016-12-23 14:15:00,2016-12-26 09:15:00,NIFTY 50,bullish,pro_FVG+VP,-63.75,-5.5,58.25,74.52,74.44,65,stop_loss_premium_phase2,immediate,False,True,True,False,False,False,False,False,False,2.89,0.3,13.94,markdown,markdown,low,2016-12-29,2016,2016-12,4020.0,False
2016-12-27 10:15:00,2016-12-27 12:00:00,NIFTY 50,bullish,pro_FVG+VP,230.42,286.11,55.69,54.96,59.43,64,stop_loss_premium_phase3,immediate,False,True,True,False,False,False,False,False,True,3.63,1.18,15.91,accumulation,markdown,medium,2016-12-29,2016,2016-12,105.0,True
2016-12-28 09:15:00,2016-12-28 09:45:00,NIFTY 50,bullish,pro_FVG+VP,693.43,751.18,57.75,63.87,75.6,64,target,immediate,False,True,True,False,False,False,False,False,True,3.63,0.3,13.89,markup,markdown,low,2016-12-29,2016,2016-12,30.0,True
2016-12-30 10:30:00,2016-12-30 12:00:00,NIFTY 50,bullish,pro_FVG+VP,511.61,573.17,61.56,90.48,99.3,65,stop_loss_premium_phase3,immediate,False,True,True,False,False,False,False,False,False,2.89,0.3,15.56,markup,markdown,low,2017-01-05,2016,2016-12,90.0,True
2016-12-30 14:15:00,2017-01-02 09:15:00,NIFTY 50,bullish,pro_LiqSweep+FVG+VP,-61.83,-6.49,55.34,55.8,55.7,64,stop_loss_premium_phase2,immediate,True,True,True,False,False,False,False,False,False,4.39,1.29,8.32,markup,markdown,low,2017-01-05,2016,2016-12,4020.0,False
2017-01-03 10:15:00,2017-01-03 11:15:00,NIFTY 50,bearish,pro_OTE+RSI_Div+VWAP,-237.06,-178.74,58.32,78.1,75.31,64,stop_loss_premium_phase2,immediate,False,False,False,True,True,False,False,True,True,1.46,2.9,16.49,markup,markdown,low,2017-01-05,2017,2017-01,60.0,False
2017-01-06 10:45:00,2017-01-06 12:15:00,NIFTY 50,bearish,pro_LiqSweep+RSI_Div+VWAP,656.32,717.51,61.19,89.16,100.55,63,stop_loss_premium_phase3,immediate,True,False,False,False,True,False,False,True,True,0.88,3.53,12.46,markup,markup,low,2017-01-12,2017,2017-01,90.0,True
2017-01-16 09:45:00,2017-01-16 10:15:00,NIFTY 50,bullish,pro_VP+OTE,898.05,954.88,56.83,55.32,70.24,64,target,immediate,False,False,True,True,False,False,False,False,True,3.07,1.29,10.77,markdown,markup,low,2017-01-19,2017,2017-01,30.0,True
2017-01-16 10:30:00,2017-01-16 12:00:00,NIFTY 50,bullish,pro_VP+RSI_Div,-215.42,-158.36,57.06,69.26,66.78,64,stop_loss_premium_phase3,immediate,False,False,True,False,True,False,False,False,True,3.18,1.18,11.73,markdown,markup,low,2017-01-19,2017,2017-01,90.0,False
2017-01-17 10:15:00,2017-01-17 11:45:00,NIFTY 50,bullish,pro_FVG+VP,-235.38,-162.46,72.92,177.89,175.35,64,stop_loss_premium_phase3,immediate,False,True,True,False,False,False,False,False,False,2.89,1.18,11.08,markup,markup,low,2017-01-19,2017,2017-01,90.0,False
2017-01-23 10:00:00,2017-01-23 11:30:00,NIFTY 50,bullish,pro_LiqSweep+FVG+VP+RSI_Div,740.11,803.84,63.73,104.21,116.77,64,stop_loss_premium_phase3,immediate,True,True,True,False,True,False,False,False,False,5.38,1.18,16.14,markdown,markup,low,2017-01-26,2017,2017-01,90.0,True
2017-01-24 10:00:00,2017-01-24 11:30:00,NIFTY 50,bullish,pro_FVG+VP,518.94,580.82,61.88,46.28,50.75,130,stop_loss_premium_phase3,immediate,False,True,True,False,False,False,False,False,True,3.63,0.3,12.35,accumulation,markup,low,2017-01-26,2017,2017-01,90.0,True
2017-01-30 09:30:00,2017-01-30 11:00:00,NIFTY 50,bullish,pro_LiqSweep+VP+OTE,202.84,261.21,58.37,73.55,77.63,64,stop_loss_premium_phase3,immediate,True,False,True,True,False,False,False,False,False,3.84,0.3,15.4,markdown,markup,low,2017-02-02,2017,2017-01,90.0,True
2017-01-30 11:15:00,2017-01-30 12:45:00,NIFTY 50,bullish,pro_LiqSweep+FVG+OTE,52.79,109.28,56.49,62.34,64.05,64,stop_loss_premium_phase3,immediate,True,True,False,True,False,False,False,False,False,3.81,0.3,14.59,markdown,markup,low,2017-02-02,2017,2017-01,90.0,True
2017-01-30 14:30:00,2017-01-31 09:15:00,NIFTY 50,bullish,pro_FVG+VP+OTE,-63.49,-8.31,55.18,54.71,54.58,64,stop_loss_premium_phase2,immediate,False,True,True,True,False,False,False,False,False,3.77,1.8,10.29,markdown,markup,low,2017-02-02,2017,2017-01,1125.0,False
2017-02-03 10:30:00,2017-02-03 12:00:00,NIFTY 50,bullish,pro_LiqSweep+VP,-90.23,-16.09,74.14,184.55,184.3,64,stop_loss_premium_phase3,immediate,True,False,True,False,False,False,False,False,True,3.7,1.29,16.59,markup,markup,low,2017-02-09,2017,2017-02,90.0,False
2017-02-03 14:15:00,2017-02-06 09:15:00,NIFTY 50,bullish,pro_LiqSweep+VP,1165.05,1223.89,58.84,66.04,85.16,64,target,immediate,True,False,True,False,False,False,False,False,True,3.7,0.3,11.37,markup,markup,low,2017-02-09,2017,2017-02,4020.0,True
2017-02-07 14:15:00,2017-02-08 09:45:00,NIFTY 50,bullish,pro_LiqSweep+FVG+VP,752.65,813.99,61.34,43.19,49.45,130,stop_loss_premium_phase3,immediate,True,True,True,False,False,False,False,False,False,4.39,0.3,9.52,markdown,markup,low,2017-02-09,2017,2017-02,1170.0,True
2017-02-14 09:15:00,2017-02-14 10:00:00,NIFTY 50,bullish,pro_FVG+VP,673.2,734.55,61.35,87.34,98.65,65,target,immediate,False,True,True,False,False,False,False,False,True,3.63,0.3,13.57,accumulation,markup,low,2017-02-16,2017,2017-02,45.0,True
2017-02-14 10:30:00,2017-02-14 12:00:00,NIFTY 50,bullish,pro_LiqSweep+VP+RSI_Div,-47.73,9.51,57.24,67.58,67.72,65,stop_loss_premium_phase3,immediate,True,False,True,False,True,False,False,False,False,3.95,1.18,15.5,markup,markup,low,2017-02-16,2017,2017-02,90.0,False
2017-02-14 14:45:00,2017-02-14 15:15:00,NIFTY 50,bearish,pro_LiqSweep+RSI_Div+VWAP,772.82,829.05,56.23,52.61,65.57,64,target,immediate,True,False,False,False,True,False,False,True,False,1.46,2.79,8.92,markup,markup,low,2017-02-16,2017,2017-02,30.0,True
2017-02-15 09:15:00,2017-02-15 10:15:00,NIFTY 50,bearish,pro_LiqSweep+RSI_Div+VWAP,783.1,856.81,73.71,169.29,182.47,65,target,immediate,True,False,False,False,True,False,False,True,False,1.46,2.79,10.16,markup,markup,low,2017-02-16,2017,2017-02,60.0,True
2017-02-20 09:45:00,2017-02-20 11:15:00,NIFTY 50,bullish,pro_VP+OTE,-92.43,-18.68,73.75,179.14,178.85,65,stop_loss_premium_phase3,immediate,False,False,True,True,False,False,False,False,True,3.07,1.73,12.44,markup,markup,low,2017-02-23,2017,2017-02,90.0,False
2017-02-21 10:30:00,2017-02-21 12:15:00,NIFTY 50,bullish,pro_FVG+VP,221.82,295.41,73.59,177.35,181.96,64,stop_loss_premium_phase3,immediate,False,True,True,False,False,False,False,False,True,3.63,2.16,11.63,markup,markup,low,2017-02-23,2017,2017-02,105.0,True
2017-02-21 14:15:00,2017-02-21 15:00:00,NIFTY 50,bullish,pro_LiqSweep+VP,1803.31,1867.16,63.85,46.22,60.69,129,target,immediate,True,False,True,False,False,False,False,False,True,3.7,1.73,8.38,accumulation,markup,low,2017-02-23,2017,2017-02,45.0,True
2017-02-21 15:15:00,2017-02-22 09:15:00,NIFTY 50,bullish,pro_LiqSweep+VP,1555.42,1629.55,74.13,163.61,188.68,65,target,immediate,True,False,True,False,False,False,False,False,True,3.7,0.3,10.18,accumulation,markup,low,2017-02-23,2017,2017-02,1080.0,True
2017-02-28 10:45:00,2017-02-28 12:15:00,NIFTY 50,bearish,pro_LiqSweep+RSI_Div+VWAP,821.32,892.82,71.5,153.97,167.71,65,stop_loss_premium_phase3,immediate,True,False,False,False,True,False,False,True,True,0.0,3.53,12.2,markdown,markup,low,2017-03-02,2017,2017-02,90.0,True
2017-03-06 14:30:00,2017-03-06 15:00:00,NIFTY 50,bullish,pro_VP+OTE,703.62,761.11,57.49,61.94,73.83,64,target,immediate,False,False,True,True,False,False,False,False,True,3.07,0.3,8.37,markup,markup,low,2017-03-09,2017,2017-03,30.0,True
2017-03-07 09:45:00,2017-03-07 11:15:00,NIFTY 50,bullish,pro_FVG+VP,-69.88,0.78,70.66,158.07,158.08,65,stop_loss_premium_phase3,immediate,False,True,True,False,False,False,False,False,True,3.63,0.3,10.93,markup,markup,low,2017-03-09,2017,2017-03,90.0,False
2017-03-07 11:30:00,2017-03-07 13:00:00,NIFTY 50,bullish,pro_VP+OTE,-241.01,-172.56,68.45,147.35,144.65,64,stop_loss_premium_phase3,immediate,False,False,True,True,False,False,False,False,True,3.07,0.3,11.02,markup,markup,low,2017-03-09,2017,2017-03,90.0,False
2017-03-07 14:15:00,2017-03-08 09:30:00,NIFTY 50,bullish,pro_VP+OTE,-82.65,-13.28,69.37,151.91,151.7,64,stop_loss_premium_phase3,immediate,False,False,True,True,False,False,False,False,True,3.07,0.3,7.42,markup,markup,low,2017-03-09,2017,2017-03,1155.0,False
2017-03-20 14:15:00,2017-03-21 09:15:00,NIFTY 50,bullish,pro_FVG+RSI_Div,705.54,780.33,74.79,180.17,192.37,64,target,immediate,False,True,False,False,True,False,False,False,True,3.15,1.8,6.53,markdown,markup,low,2017-03-23,2017,2017-03,1140.0,True
2017-03-21 10:15:00,2017-03-21 11:45:00,NIFTY 50,bullish,pro_FVG+VP+OTE+RSI_Div,-402.83,-343.0,59.83,44.45,41.81,130,stop_loss_premium_phase3,immediate,False,True,True,True,True,False,False,False,False,4.75,1.8,8.13,markdown,markup,low,2017-03-23,2017,2017-03,90.0,False
2017-03-21 14:45:00,2017-03-21 15:00:00,NIFTY 50,bullish,pro_LiqSweep+VP,957.29,1030.0,72.71,163.12,179.21,64,target,immediate,True,False,True,False,False,False,False,False,False,2.96,0.3,8.16,markdown,markup,low,2017-03-23,2017,2017-03,15.0,True
2017-03-24 09:45:00,2017-03-24 11:15:00,NIFTY 50,bullish,pro_LiqSweep+VP,-72.69,0.53,73.22,175.35,175.36,65,stop_loss_premium_phase3,immediate,True,False,True,False,False,False,False,False,False,2.96,0.3,11.31,markup,markup,low,2017-03-30,2017,2017-03,90.0,False
2017-03-24 11:30:00,2017-03-24 13:00:00,NIFTY 50,bullish,pro_LiqSweep+VP,-90.85,-17.95,72.9,176.09,175.81,64,stop_loss_premium_phase3,immediate,True,False,True,False,False,False,False,False,False,2.96,0.3,11.94,markup,markup,low,2017-03-30,2017,2017-03,90.0,False
2017-03-24 15:00:00,2017-03-27 09:45:00,NIFTY 50,bullish,pro_LiqSweep+FVG+VP+OTE,-72.2,0.17,72.37,172.27,172.27,64,stop_loss_premium_phase2,immediate,True,True,True,True,False,False,False,False,False,5.27,1.29,7.07,markup,markup,low,2017-03-30,2017,2017-03,4005.0,False
2017-03-27 15:15:00,2017-03-28 09:15:00,NIFTY 50,bullish,pro_FVG+VP,1094.17,1153.13,58.96,67.65,85.67,64,target,immediate,False,True,True,False,False,False,False,False,False,2.89,0.3,13.03,markdown,markup,low,2017-03-30,2017,2017-03,1080.0,True
2017-03-31 11:00:00,2017-03-31 12:30:00,NIFTY 50,bullish,pro_VP+OTE,132.36,192.3,59.94,83.74,86.7,65,stop_loss_premium_phase3,immediate,False,False,True,True,False,False,False,False,True,3.07,0.3,13.23,markup,markup,low,2017-04-06,2017,2017-03,90.0,True
2017-03-31 14:15:00,2017-03-31 15:15:00,NIFTY 50,bullish,pro_LiqSweep+VP,-61.73,-4.96,56.77,64.57,64.49,65,stop_loss_premium_phase2,immediate,True,False,True,False,False,False,False,False,True,3.7,0.3,9.06,markup,markup,low,2017-04-06,2017,2017-03,60.0,False
2017-04-03 09:15:00,2017-04-03 09:30:00,NIFTY 50,bullish,pro_LiqSweep+VP+RSI_Div,-1474.08,-1396.44,77.64,227.46,205.29,63,target,immediate,True,False,True,False,True,False,False,False,True,4.68,0.3,11.1,markup,markup,low,2017-04-06,2017,2017-04,15.0,False
2017-04-07 09:30:00,2017-04-07 11:00:00,NIFTY 50,bullish,pro_LiqSweep+VP+OTE+RSI_Div,347.79,410.63,62.84,105.81,112.43,62,stop_loss_premium_phase3,immediate,True,False,True,True,True,False,False,False,False,4.82,0.3,14.29,markdown,markup,low,2017-04-13,2017,2017-04,90.0,True
2017-04-11 10:15:00,2017-04-11 11:45:00,NIFTY 50,bullish,pro_VP+RSI_Div,650.09,721.98,71.89,163.49,174.95,63,stop_loss_premium_phase3,immediate,False,False,True,False,True,False,False,False,True,3.18,1.73,12.7,markdown,markup,low,2017-04-13,2017,2017-04,90.0,True
2017-04-11 14:15:00,2017-04-12 09:30:00,NIFTY 50,bullish,pro_LiqSweep+VP+RSI_Div,622.57,684.4,61.83,46.26,51.61,128,stop_loss_premium_phase3,immediate,True,False,True,False,True,False,False,False,True,4.68,0.3,9.07,markdown,markup,low,2017-04-13,2017,2017-04,1155.0,True
2017-04-17 09:30:00,2017-04-17 10:45:00,NIFTY 50,bearish,pro_LiqSweep+RSI_Div+VWAP,-48.3,8.86,57.16,68.07,68.21,64,stop_loss_premium_phase2,immediate,True,False,False,False,True,False,False,True,True,0.0,3.53,11.62,markdown,markup,low,2017-04-20,2017,2017-04,75.0,False
2017-04-24 09:30:00,2017-04-24 11:15:00,NIFTY 50,bullish,pro_VP+RSI_Div,557.95,630.07,72.12,163.54,173.38,64,stop_loss_premium_phase3,immediate,False,False,True,False,True,False,False,False,True,3.18,0.3,17.69,markdown,markup,low,2017-04-27,2017,2017-04,105.0,True
2017-05-05 09:45:00,2017-05-05 11:15:00,NIFTY 50,bearish,pro_LiqSweep+RSI_Div+VWAP,34.6,107.02,72.42,171.43,173.1,64,stop_loss_premium_phase3,immediate,True,False,False,False,True,False,False,True,True,1.43,3.53,13.1,accumulation,markup,low,2017-05-11,2017,2017-05,90.0,True
2017-05-09 09:30:00,2017-05-09 11:00:00,NIFTY 50,bearish,pro_LiqSweep+OTE+RSI_Div+VWAP,-91.73,-19.8,71.93,169.51,169.2,64,stop_loss_premium_phase3,immediate,True,False,False,True,True,False,False,True,True,1.46,4.4,10.86,accumulation,markup,low,2017-05-11,2017,2017-05,90.0,False
2017-05-12 09:30:00,2017-05-12 11:15:00,NIFTY 50,bullish,pro_FVG+VP+OTE,290.48,364.21,73.73,177.51,183.2,64,stop_loss_premium_phase3,immediate,False,True,True,True,False,False,False,False,False,3.77,0.3,12.39,markdown,markup,low,2017-05-18,2017,2017-05,105.0,True
2017-05-12 14:45:00,2017-05-12 15:15:00,NIFTY 50,bullish,pro_FVG+VP,864.45,922.13,57.68,61.47,75.88,64,target,immediate,False,True,True,False,False,False,False,False,False,2.89,0.3,11.11,markdown,markup,low,2017-05-18,2017,2017-05,30.0,True
2017-05-15 09:30:00,2017-05-15 11:00:00,NIFTY 50,bullish,pro_VP+RSI_Div,409.88,467.19,57.31,62.98,70.17,65,stop_loss_premium_phase3,immediate,False,False,True,False,True,False,False,False,True,3.18,1.8,13.92,markdown,markup,low,2017-05-18,2017,2017-05,90.0,True
2017-05-15 14:15:00,2017-05-16 09:15:00,NIFTY 50,bullish,pro_LiqSweep+VP,691.73,749.25,57.52,62.32,74.03,64,target,immediate,True,False,True,False,False,False,False,False,True,3.7,1.18,6.71,markup,markup,low,2017-05-18,2017,2017-05,1140.0,True
2017-05-16 09:30:00,2017-05-16 10:30:00,NIFTY 50,bullish,pro_LiqSweep+VP,-386.58,-325.34,61.24,49.46,46.94,129,stop_loss_premium_phase2,immediate,True,False,True,False,False,False,False,False,True,3.7,1.29,9.24,markup,markup,low,2017-05-18,2017,2017-05,60.0,False
2017-05-16 10:45:00,2017-05-16 12:15:00,NIFTY 50,bullish,pro_FVG+VP,138.16,210.7,72.54,173.85,177.19,63,stop_loss_premium_phase3,immediate,False,True,True,False,False,False,False,False,True,3.63,1.18,10.31,markup,markup,low,2017-05-18,2017,2017-05,90.0,True
2017-05-16 15:00:00,2017-05-17 10:15:00,NIFTY 50,bullish,pro_FVG+VP,-87.73,-16.84,70.89,162.34,162.08,64,stop_loss_premium_phase3,immediate,False,True,True,False,False,False,False,False,True,3.63,0.3,7.87,markup,markup,low,2017-05-18,2017,2017-05,1155.0,False
2017-05-29 15:00:00,2017-05-30 10:15:00,NIFTY 50,bullish,pro_FVG+VP,1056.87,1130.76,73.89,170.07,187.74,64,stop_loss_premium_phase3,immediate,False,True,True,False,False,False,False,False,True,3.63,1.18,14.4,accumulation,markup,low,2017-06-01,2017,2017-05,1155.0,True
2017-06-05 10:15:00,2017-06-05 11:45:00,NIFTY 50,bearish,pro_LiqSweep+OTE+RSI_Div+VWAP,-62.11,-7.05,55.06,53.04,52.94,65,stop_loss_premium_phase3,immediate,True,False,False,True,True,False,False,True,True,1.46,4.4,10.35,markup,markup,low,2017-06-08,2017,2017-06,90.0,False
2017-06-05 14:45:00,2017-06-06 09:30:00,NIFTY 50,bearish,pro_OTE+RSI_Div+VWAP,984.26,1057.92,73.66,169.33,185.86,64,target,immediate,False,False,False,True,True,False,False,True,True,1.46,2.9,8.99,markup,markup,low,2017-06-08,2017,2017-06,1125.0,True
2017-06-09 11:00:00,2017-06-09 12:30:00,NIFTY 50,bullish,pro_VP+OTE,-72.92,-10.87,62.05,100.17,100.0,65,stop_loss_premium_phase3,immediate,False,False,True,True,False,False,False,False,True,3.07,0.3,13.09,markdown,markup,low,2017-06-15,2017,2017-06,90.0,False
2017-06-09 14:15:00,2017-06-09 15:00:00,NIFTY 50,bullish,pro_LiqSweep+VP,825.4,884.24,58.84,69.8,83.62,64,target,immediate,True,False,True,False,False,False,False,False,True,3.7,0.3,8.34,markdown,markup,low,2017-06-15,2017,2017-06,45.0,True
2017-06-09 15:15:00,2017-06-12 10:00:00,NIFTY 50,bullish,pro_LiqSweep+VP,-266.43,-193.42,73.01,176.07,173.1,65,stop_loss_premium_phase2,immediate,True,False,True,False,False,False,False,False,True,3.7,0.3,9.97,markdown,markup,low,2017-06-15,2017,2017-06,4005.0,False
2017-06-16 11:00:00,2017-06-16 12:30:00,NIFTY 50,bullish,pro_FVG+VP,-48.62,8.88,57.5,70.42,70.56,64,stop_loss_premium_phase3,immediate,False,True,True,False,False,False,False,False,True,3.63,0.3,12.39,markup,accumulation,low,2017-06-22,2017,2017-06,90.0,False
2017-06-16 14:15:00,2017-06-16 15:00:00,NIFTY 50,bullish,pro_LiqSweep+VP+OTE,846.61,905.04,58.43,66.76,80.9,64,target,immediate,True,False,True,True,False,False,False,False,True,4.57,0.3,8.43,markup,accumulation,low,2017-06-22,2017,2017-06,45.0,True
2017-06-16 15:15:00,2017-06-19 09:15:00,NIFTY 50,bullish,pro_LiqSweep+VP,956.07,1014.96,58.89,67.67,83.29,65,target,immediate,True,False,True,False,False,False,False,False,True,3.7,1.29,9.19,markup,accumulation,low,2017-06-22,2017,2017-06,3960.0,True
2017-06-20 10:00:00,2017-06-20 11:30:00,NIFTY 50,bearish,pro_LiqSweep+RSI_Div+VWAP,-74.73,-14.44,60.29,44.17,44.06,130,stop_loss_premium_phase3,immediate,True,False,False,False,True,False,False,True,True,1.46,3.53,10.33,markup,markup,low,2017-06-22,2017,2017-06,90.0,False
2017-06-27 09:45:00,2017-06-27 11:15:00,NIFTY 50,bearish,pro_LiqSweep+VP+VWAP,604.17,661.22,57.05,60.04,70.38,64,stop_loss_premium_phase3,immediate,True,False,True,False,False,False,False,True,True,0.99,4.0,15.81,markdown,markdown,low,2017-06-29,2017,2017-06,90.0,True
2017-06-27 14:15:00,2017-06-27 15:15:00,NIFTY 50,bearish,pro_LiqSweep+VP+VWAP,-32.82,26.55,59.37,41.18,41.39,129,stop_loss_premium_phase2,immediate,True,False,True,False,False,False,False,True,True,0.0,4.0,11.82,markdown,markdown,low,2017-06-29,2017,2017-06,60.0,False
2017-07-14 09:30:00,2017-07-14 10:30:00,NIFTY 50,bullish,pro_LiqSweep+VP+OTE,-228.07,-171.88,56.19,63.47,60.78,64,stop_loss_premium_phase2,immediate,True,False,True,True,False,False,False,False,True,4.57,0.3,12.54,markup,markup,low,2017-07-20,2017,2017-07,60.0,False
2017-07-14 14:30:00,2017-07-14 14:45:00,NIFTY 50,bullish,pro_VP+RSI_Div,941.98,1017.47,75.49,182.32,198.21,64,target,immediate,False,False,True,False,True,False,False,False,True,3.18,1.18,8.41,markup,markup,low,2017-07-20,2017,2017-07,15.0,True
2017-07-14 15:00:00,2017-07-17 09:15:00,NIFTY 50,bullish,pro_VP+RSI_Div,619.51,677.1,57.59,63.57,74.15,64,target,immediate,False,False,True,False,True,False,False,False,True,3.18,1.8,8.52,markup,markup,low,2017-07-20,2017,2017-07,3975.0,True
2017-07-17 09:30:00,2017-07-17 10:15:00,NIFTY 50,bullish,pro_VP+RSI_Div,1189.41,1263.32,73.91,168.75,188.49,64,target,immediate,False,False,True,False,True,False,False,False,True,3.18,1.8,10.58,markup,markup,low,2017-07-20,2017,2017-07,45.0,True
2017-07-17 14:15:00,2017-07-18 09:15:00,NIFTY 50,bullish,pro_LiqSweep+VP,-91.18,-18.18,73.0,174.07,173.79,65,stop_loss_premium_phase2,immediate,True,False,True,False,False,False,False,False,True,3.7,0.3,6.56,markup,markup,low,2017-07-20,2017,2017-07,1140.0,False
2017-07-18 14:30:00,2017-07-19 09:15:00,NIFTY 50,bullish,pro_FVG+VP,1230.0,1303.49,73.49,165.47,185.83,64,target,immediate,False,True,True,False,False,False,False,False,False,2.89,0.3,10.48,markdown,markup,low,2017-07-20,2017,2017-07,1125.0,True
2017-07-21 10:00:00,2017-07-21 11:30:00,NIFTY 50,bullish,pro_FVG+VP,-233.04,-161.15,71.89,168.16,165.68,65,stop_loss_premium_phase3,immediate,False,True,True,False,False,False,False,False,False,2.89,0.3,12.87,markup,markup,low,2017-07-27,2017,2017-07,90.0,False
2017-07-21 15:00:00,2017-07-24 10:15:00,NIFTY 50,bullish,pro_FVG+VP,1833.88,1908.91,75.03,169.24,199.06,64,target,immediate,False,True,True,False,False,False,False,False,False,2.89,1.18,17.66,markup,markup,low,2017-07-27,2017,2017-07,4035.0,True
2017-07-24 10:45:00,2017-07-24 12:15:00,NIFTY 50,bullish,pro_FVG+VP,-75.61,-3.04,72.57,170.99,170.95,65,stop_loss_premium_phase3,immediate,False,True,True,False,False,False,False,False,True,3.63,1.29,16.05,markup,markup,low,2017-07-27,2017,2017-07,90.0,False
2017-07-24 14:15:00,2017-07-25 09:15:00,NIFTY 50,bullish,pro_LiqSweep+VP,1045.8,1121.23,75.43,180.77,198.29,64,target,immediate,True,False,True,False,False,False,False,False,True,3.7,1.29,7.26,markup,markup,low,2017-07-27,2017,2017-07,1140.0,True
2017-07-25 11:15:00,2017-07-25 12:45:00,NIFTY 50,bearish,pro_LiqSweep+FVG+VWAP,445.93,508.55,62.62,49.16,53.07,130,stop_loss_premium_phase3,immediate,True,True,False,False,False,False,False,True,False,0.88,3.23,14.1,markup,markup,low,2017-07-27,2017,2017-07,90.0,True
2017-07-31 09:15:00,2017-07-31 10:00:00,NIFTY 50,bullish,pro_FVG+VP+RSI_Div,415.31,492.07,76.76,196.88,204.56,64,target,immediate,False,True,True,False,True,False,False,False,False,3.88,1.18,16.46,markdown,markup,low,2017-08-03,2017,2017-07,45.0,True
2017-08-01 09:30:00,2017-08-01 10:45:00,NIFTY 50,bullish,pro_LiqSweep+VP,-63.01,-6.88,56.13,61.18,61.07,64,stop_loss_premium_phase2,immediate,True,False,True,False,False,False,False,False,True,3.7,1.29,12.15,markup,markup,low,2017-08-03,2017,2017-08,75.0,False
2017-08-01 11:00:00,2017-08-01 12:45:00,NIFTY 50,bullish,pro_LiqSweep+FVG+VP,402.31,457.87,55.56,52.11,59.26,64,stop_loss_premium_phase3,immediate,True,True,True,False,False,False,False,False,True,5.13,2.16,14.0,markup,markup,low,2017-08-03,2017,2017-08,105.0,True
2017-08-01 15:00:00,2017-08-02 10:15:00,NIFTY 50,bullish,pro_FVG+VP+OTE+RSI_Div,-68.17,-6.78,61.39,48.21,48.16,129,stop_loss_premium_phase3,immediate,False,True,True,True,True,False,False,False,True,5.49,1.8,9.19,markup,markup,low,2017-08-03,2017,2017-08,1155.0,False
2017-08-04 09:30:00,2017-08-04 11:00:00,NIFTY 50,bullish,pro_LiqSweep+OTE,-91.9,-19.61,72.29,171.94,171.63,64,stop_loss_premium_phase3,immediate,True,False,False,True,False,False,False,False,True,3.11,0.3,14.23,markdown,markup,low,2017-08-10,2017,2017-08,90.0,False
2017-08-04 11:30:00,2017-08-04 13:00:00,NIFTY 50,bullish,pro_LiqSweep+RSI_Div,-85.63,-14.78,70.85,162.07,161.84,64,stop_loss_premium_phase3,immediate,True,False,False,False,True,False,False,False,True,3.22,0.3,16.78,markdown,markup,low,2017-08-10,2017,2017-08,90.0,False
2017-08-07 09:15:00,2017-08-07 10:45:00,NIFTY 50,bullish,pro_FVG+VP,-633.76,-560.38,73.38,185.46,176.7,64,stop_loss_premium_phase3,immediate,False,True,True,False,False,False,False,False,True,3.63,1.8,13.94,markup,markup,low,2017-08-10,2017,2017-08,90.0,False
2017-08-08 09:30:00,2017-08-08 09:45:00,NIFTY 50,bearish,pro_LiqSweep+OTE+RSI_Div+VWAP,1660.44,1735.16,74.72,171.76,199.3,63,target,immediate,True,False,False,True,True,False,False,True,True,1.46,4.4,11.55,markup,markup,low,2017-08-10,2017,2017-08,15.0,True
2017-08-08 10:00:00,2017-08-08 11:15:00,NIFTY 50,bearish,pro_LiqSweep+VP+VWAP,-64.51,-8.59,55.92,60.75,60.62,63,stop_loss_premium_phase2,immediate,True,False,True,False,False,False,False,True,True,0.0,4.0,15.55,markup,markup,low,2017-08-10,2017,2017-08,75.0,False
2017-08-08 11:30:00,2017-08-08 13:00:00,NIFTY 50,bearish,pro_LiqSweep+FVG+VWAP,389.51,451.75,62.24,97.95,105.01,64,stop_loss_premium_phase3,immediate,True,True,False,False,False,False,False,True,True,0.0,3.97,21.19,markup,markup,low,2017-08-10,2017,2017-08,90.0,True
2017-08-18 14:45:00,2017-08-21 09:15:00,NIFTY 50,bullish,pro_LiqSweep+VP+RSI_Div,1956.78,2024.08,67.3,115.05,146.67,64,target,immediate,True,False,True,False,True,False,False,False,False,3.95,1.18,17.24,markdown,markdown,low,2017-08-24,2017,2017-08,3990.0,True
2017-08-21 11:15:00,2017-08-21 12:45:00,NIFTY 50,bearish,pro_FVG+OTE+VWAP,730.17,802.03,71.86,157.37,169.71,65,stop_loss_premium_phase3,immediate,False,True,False,True,False,False,False,True,True,1.46,3.34,20.12,markup,markdown,low,2017-08-24,2017,2017-08,90.0,True
2017-09-01 10:30:00,2017-09-01 12:00:00,NIFTY 50,bullish,pro_FVG+VP,-236.52,-177.31,59.21,84.21,81.44,64,stop_loss_premium_phase3,immediate,False,True,True,False,False,False,False,False,True,3.63,0.3,13.49,markup,markup,low,2017-09-07,2017,2017-09,90.0,False
2017-09-04 09:45:00,2017-09-04 11:15:00,NIFTY 50,bullish,pro_VP+OTE,-72.46,-0.9,71.56,166.72,166.7,64,stop_loss_premium_phase3,immediate,False,False,True,True,False,False,False,False,True,3.07,0.3,11.94,markup,markup,medium,2017-09-07,2017,2017-09,90.0,False
2017-09-05 09:45:00,2017-09-05 11:15:00,NIFTY 50,bullish,pro_LiqSweep+VP,-62.83,-5.36,57.47,70.33,70.25,64,stop_loss_premium_phase3,immediate,True,False,True,False,False,False,False,False,True,3.7,1.73,17.73,markdown,markup,low,2017-09-07,2017,2017-09,90.0,False
2017-09-05 11:30:00,2017-09-05 12:30:00,NIFTY 50,bullish,pro_FVG+VP,-63.29,-8.25,55.04,53.73,53.6,64,stop_loss_premium_phase2,immediate,False,True,True,False,False,False,False,False,True,3.63,1.18,14.44,markdown,markup,low,2017-09-07,2017,2017-09,60.0,False
2017-09-06 09:15:00,2017-09-06 10:15:00,NIFTY 50,bullish,pro_FVG+VP,-72.53,-20.9,51.63,30.52,30.2,64,stop_loss_premium_phase2,immediate,False,True,True,False,False,False,False,False,True,3.63,1.18,11.48,markup,accumulation,low,2017-09-07,2017,2017-09,60.0,False
2017-09-15 09:30:00,2017-09-15 11:00:00,NIFTY 50,bullish,pro_LiqSweep+VP+OTE+RSI_Div,368.73,425.77,57.04,62.6,69.25,64,stop_loss_premium_phase3,immediate,True,False,True,True,True,False,False,False,True,5.56,0.3,12.5,accumulation,markup,low,2017-09-21,2017,2017-09,90.0,True
2017-09-15 15:15:00,2017-09-18 09:15:00,NIFTY 50,bullish,pro_FVG+VP,1220.78,1279.83,59.05,66.89,86.88,64,target,immediate,False,True,True,False,False,False,False,False,True,3.63,0.3,12.16,accumulation,markup,low,2017-09-21,2017,2017-09,3960.0,True
2017-10-03 10:00:00,2017-10-03 11:30:00,NIFTY 50,bearish,pro_LiqSweep+OTE+VWAP,-68.9,1.52,70.42,156.5,156.53,65,stop_loss_premium_phase3,immediate,True,False,False,True,False,False,False,True,False,0.0,2.68,22.66,markup,markdown,low,2017-10-05,2017,2017-10,90.0,False
2017-10-06 09:30:00,2017-10-06 11:00:00,NIFTY 50,bullish,pro_LiqSweep+VP,1337.63,1402.74,65.11,106.94,128.86,64,target,immediate,True,False,True,False,False,False,False,False,False,2.96,0.3,14.28,markdown,accumulation,low,2017-10-12,2017,2017-10,90.0,True
2017-10-06 14:15:00,2017-10-06 15:15:00,NIFTY 50,bearish,pro_LiqSweep+RSI_Div+VWAP,-234.74,-178.49,56.25,62.93,60.19,65,stop_loss_premium_phase2,immediate,True,False,False,False,True,False,False,True,False,1.46,2.79,7.36,markup,accumulation,low,2017-10-12,2017,2017-10,60.0,False
2017-10-10 15:00:00,2017-10-11 09:45:00,NIFTY 50,bearish,pro_LiqSweep+RSI_Div+VWAP,-40.01,20.33,60.34,44.51,44.67,129,stop_loss_premium_phase2,immediate,True,False,False,False,True,False,False,True,True,1.46,3.53,7.78,accumulation,accumulation,low,2017-10-12,2017,2017-10,1125.0,False
2017-10-13 09:45:00,2017-10-13 11:15:00,NIFTY 50,bullish,pro_FVG+VP,634.9,707.17,72.27,163.75,174.8,64,stop_loss_premium_phase3,immediate,False,True,True,False,False,False,False,False,True,3.63,0.3,17.27,markup,markup,low,2017-10-19,2017,2017-10,90.0,True
2017-10-13 15:15:00,2017-10-16 09:15:00,NIFTY 50,bullish,pro_LiqSweep+VP,1532.19,1608.19,76.0,179.25,204.38,64,target,immediate,True,False,True,False,False,False,False,False,True,3.7,1.29,11.04,markup,markup,low,2017-10-19,2017,2017-10,3960.0,True
2017-10-17 09:30:00,2017-10-17 11:15:00,NIFTY 50,bullish,pro_FVG+VP,2181.81,2247.05,65.24,48.48,65.76,130,target,immediate,False,True,True,False,False,False,False,False,False,2.89,1.18,13.42,markup,markup,low,2017-10-19,2017,2017-10,105.0,True
2017-10-17 14:15:00,2017-10-18 09:15:00,NIFTY 50,bearish,pro_LiqSweep+FVG+VWAP,1188.74,1262.47,73.73,164.99,184.41,65,target,immediate,True,True,False,False,False,False,False,True,False,1.46,3.23,10.27,markup,markup,low,2017-10-19,2017,2017-10,1140.0,True
2017-10-24 10:30:00,2017-10-24 12:00:00,NIFTY 50,bullish,pro_FVG+VP,-214.5,-158.98,55.52,57.79,55.35,65,stop_loss_premium_phase3,immediate,False,True,True,False,False,False,False,False,False,2.89,0.3,16.46,markup,markup,low,2017-10-26,2017,2017-10,90.0,False
2017-10-24 14:30:00,2017-10-25 09:15:00,NIFTY 50,bullish,pro_LiqSweep+VP,1503.84,1577.7,73.86,164.92,189.57,64,target,immediate,True,False,True,False,False,False,False,False,False,2.96,0.3,12.77,markup,markup,low,2017-10-26,2017,2017-10,1125.0,True
2017-10-27 11:30:00,2017-10-27 13:00:00,NIFTY 50,bullish,pro_FVG+VP,897.5,963.48,65.98,116.02,130.84,65,stop_loss_premium_phase3,immediate,False,True,True,False,False,False,False,False,False,2.89,0.3,17.26,markup,markup,low,2017-11-02,2017,2017-10,90.0,True
2017-10-27 15:00:00,2017-10-30 09:15:00,NIFTY 50,bullish,pro_FVG+VP,1298.26,1362.78,64.52,103.37,124.67,64,target,immediate,False,True,True,False,False,False,False,False,False,2.89,0.3,13.64,markup,markup,low,2017-11-02,2017,2017-10,3975.0,True
2017-10-31 09:45:00,2017-10-31 11:15:00,NIFTY 50,bullish,pro_LiqSweep+FVG+VP,-68.94,2.94,71.88,166.26,166.31,65,stop_loss_premium_phase3,immediate,True,True,True,False,False,False,False,False,False,4.39,0.3,11.09,markdown,markup,low,2017-11-02,2017,2017-10,90.0,False
2017-10-31 15:15:00,2017-11-01 09:15:00,NIFTY 50,bullish,pro_LiqSweep+VP+OTE+RSI_Div,1084.27,1141.09,56.82,53.11,70.94,64,target,immediate,True,False,True,True,True,False,False,False,False,4.82,0.3,10.43,markdown,markup,low,2017-11-02,2017,2017-10,1080.0,True
2017-11-06 09:30:00,2017-11-06 11:00:00,NIFTY 50,bullish,pro_LiqSweep+VP,531.07,589.06,57.99,66.29,75.35,65,stop_loss_premium_phase3,immediate,True,False,True,False,False,False,False,False,False,2.96,0.3,10.58,markup,markup,low,2017-11-09,2017,2017-11,90.0,True
2017-11-06 11:15:00,2017-11-06 12:45:00,NIFTY 50,bullish,pro_LiqSweep+VP,1233.4,1293.54,60.14,73.02,92.92,65,target,immediate,True,False,True,False,False,False,False,False,False,2.96,1.18,14.04,markup,markup,low,2017-11-09,2017,2017-11,90.0,True
2017-11-06 14:15:00,2017-11-06 15:15:00,NIFTY 50,bullish,pro_LiqSweep+VP,-59.43,-3.93,55.5,55.97,55.91,65,stop_loss_premium_phase2,immediate,True,False,True,False,False,False,False,False,False,2.96,0.3,8.96,markup,markup,low,2017-11-09,2017,2017-11,60.0,False
2017-11-07 09:30:00,2017-11-07 10:00:00,NIFTY 50,bearish,pro_LiqSweep+OTE+VWAP,1501.6,1564.21,62.61,88.09,112.53,64,target,immediate,True,False,False,True,False,False,False,True,True,1.46,3.41,15.91,markup,markup,low,2017-11-09,2017,2017-11,30.0,True
2017-11-07 10:15:00,2017-11-07 11:45:00,NIFTY 50,bearish,pro_LiqSweep+RSI_Div+VWAP,328.91,389.09,60.18,83.24,89.23,65,stop_loss_premium_phase3,immediate,True,False,False,False,True,False,False,True,True,0.0,3.53,18.29,markup,markup,low,2017-11-09,2017,2017-11,90.0,True
2017-11-10 10:15:00,2017-11-10 11:45:00,NIFTY 50,bullish,pro_VP+OTE+RSI_Div,393.84,466.28,72.44,164.96,172.13,65,stop_loss_premium_phase3,immediate,False,False,True,True,True,False,False,False,False,3.32,1.73,20.06,markdown,markup,low,2017-11-16,2017,2017-11,90.0,True
2017-11-13 09:45:00,2017-11-13 11:45:00,NIFTY 50,bearish,pro_FVG+RSI_Div+VWAP,1231.95,1305.26,73.31,164.21,184.6,64,stop_loss_premium_phase3,immediate,False,True,False,False,True,False,False,True,True,1.46,3.45,25.15,markup,markup,low,2017-11-16,2017,2017-11,120.0,True
2017-11-14 14:45:00,2017-11-15 09:30:00,NIFTY 50,bullish,pro_LiqSweep+VP,-250.02,-179.05,70.97,164.7,161.9,64,stop_loss_premium_phase2,immediate,True,False,True,False,False,False,False,False,False,2.96,1.18,13.1,markdown,markdown,low,2017-11-16,2017,2017-11,1125.0,False
2017-11-20 09:30:00,2017-11-20 11:00:00,NIFTY 50,bullish,pro_FVG+VP,-225.55,-169.01,56.54,65.83,63.19,64,stop_loss_premium_phase3,immediate,False,True,True,False,False,False,False,False,True,3.63,0.3,11.52,markdown,accumulation,low,2017-11-23,2017,2017-11,90.0,False
2017-11-20 11:15:00,2017-11-20 12:45:00,NIFTY 50,bullish,pro_FVG+OTE,163.52,219.82,56.3,60.8,64.29,63,stop_loss_premium_phase3,immediate,False,True,False,True,False,False,False,False,True,3.04,0.3,14.16,markdown,accumulation,low,2017-11-23,2017,2017-11,90.0,True
2017-11-20 14:15:00,2017-11-21 09:15:00,NIFTY 50,bullish,pro_FVG+VP,846.14,903.76,57.62,61.28,75.4,64,target,immediate,False,True,True,False,False,False,False,False,True,3.63,0.3,8.62,markdown,accumulation,low,2017-11-23,2017,2017-11,1140.0,True
2017-11-24 09:30:00,2017-11-24 11:00:00,NIFTY 50,bullish,pro_LiqSweep+VP,242.15,305.57,63.42,105.93,110.63,65,stop_loss_premium_phase3,immediate,True,False,True,False,False,False,False,False,True,3.7,0.3,16.09,markup,markup,low,2017-11-30,2017,2017-11,90.0,True
2017-11-27 14:15:00,2017-11-27 14:30:00,NIFTY 50,bullish,pro_VP+RSI_Div,609.62,666.12,56.5,56.22,66.63,64,target,immediate,False,False,True,False,True,False,False,False,True,3.18,1.73,8.29,markdown,markup,low,2017-11-30,2017,2017-11,15.0,True
2017-11-27 14:45:00,2017-11-27 15:15:00,NIFTY 50,bullish,pro_VP+RSI_Div,727.14,784.57,57.43,61.28,73.53,64,target,immediate,False,False,True,False,True,False,False,False,True,3.18,0.3,9.05,markdown,markup,low,2017-11-30,2017,2017-11,30.0,True
2017-11-28 09:15:00,2017-11-28 11:00:00,NIFTY 50,bullish,pro_VP+RSI_Div,427.5,497.2,69.7,146.22,153.86,65,stop_loss_premium_phase3,immediate,False,False,True,False,True,False,False,False,True,3.18,0.3,10.41,markdown,markup,low,2017-11-30,2017,2017-11,105.0,True
2017-11-28 11:15:00,2017-11-28 12:45:00,NIFTY 50,bullish,pro_FVG+VP,308.53,364.68,56.15,57.23,62.93,64,stop_loss_premium_phase3,immediate,False,True,True,False,False,False,False,False,False,2.89,1.18,12.49,markdown,markup,low,2017-11-30,2017,2017-11,90.0,True
2017-12-01 14:30:00,2017-12-01 15:00:00,NIFTY 50,bearish,pro_VP+RSI_Div+VWAP,1320.46,1384.18,63.72,97.63,119.26,64,target,immediate,False,False,True,False,True,False,False,True,True,0.0,3.49,15.91,markdown,markdown,low,2017-12-07,2017,2017-12,30.0,True
2017-12-04 14:15:00,2017-12-05 09:15:00,NIFTY 50,bearish,pro_FVG+RSI_Div+VWAP,1264.46,1325.37,60.91,77.88,98.28,65,target,immediate,False,True,False,False,True,False,False,True,True,1.46,3.45,14.25,markdown,markdown,low,2017-12-07,2017,2017-12,1140.0,True
2017-12-05 14:15:00,2017-12-06 09:15:00,NIFTY 50,bullish,pro_LiqSweep+VP+RSI_Div,-89.49,-15.77,73.72,178.91,178.66,65,stop_loss_premium_phase2,immediate,True,False,True,False,True,False,False,False,False,3.95,0.3,11.42,markdown,markdown,low,2017-12-07,2017,2017-12,1140.0,False
2017-12-08 14:15:00,2017-12-11 09:15:00,NIFTY 50,bullish,pro_LiqSweep+VP,1422.36,1497.4,75.04,173.9,197.3,64,target,immediate,True,False,True,False,False,False,False,False,True,3.7,0.3,10.3,markup,markup,low,2017-12-14,2017,2017-12,4020.0,True
2017-12-19 09:30:00,2017-12-19 11:00:00,NIFTY 50,bullish,pro_FVG+VP,196.71,257.55,60.84,89.13,93.09,65,stop_loss_premium_phase3,immediate,False,True,True,False,False,False,False,False,True,3.63,0.3,21.0,accumulation,accumulation,low,2017-12-21,2017,2017-12,90.0,True
2017-12-22 09:30:00,2017-12-22 10:45:00,NIFTY 50,bullish,pro_LiqSweep+VP+RSI_Div,1866.25,1942.46,76.21,176.91,207.26,64,target,immediate,True,False,True,False,True,False,False,False,False,3.95,1.73,13.32,markdown,markup,low,2017-12-28,2017,2017-12,75.0,True
2017-12-22 11:00:00,2017-12-22 13:00:00,NIFTY 50,bullish,pro_LiqSweep+VP,133.88,191.62,57.74,68.92,71.87,65,stop_loss_premium_phase3,immediate,True,False,True,False,False,False,False,False,False,2.96,0.3,13.05,markdown,markup,low,2017-12-28,2017,2017-12,120.0,True
2017-12-22 14:30:00,2017-12-22 15:15:00,NIFTY 50,bullish,pro_FVG+VP+OTE,1321.48,1396.98,75.5,178.16,199.99,64,target,immediate,False,True,True,True,False,False,False,False,False,3.77,0.3,9.3,markup,markup,low,2017-12-28,2017,2017-12,45.0,True
2017-12-26 11:30:00,2017-12-26 13:00:00,NIFTY 50,bullish,pro_VP+RSI_Div,-212.01,-156.43,55.58,58.19,55.78,65,stop_loss_premium_phase3,immediate,False,False,True,False,True,False,False,False,True,3.18,0.3,12.11,markup,markup,low,2017-12-28,2017,2017-12,90.0,False
2017-12-29 14:15:00,2018-01-01 09:30:00,NIFTY 50,bullish,pro_LiqSweep+VP,466.2,541.01,74.81,182.96,191.42,64,stop_loss_premium_phase3,immediate,True,False,True,False,False,False,False,False,True,3.7,1.29,8.74,markup,markup,low,2018-01-04,2017,2017-12,4035.0,True
2018-01-05 11:30:00,2018-01-05 13:00:00,NIFTY 50,bullish,pro_FVG+VP,147.35,205.57,58.22,73.13,76.34,64,stop_loss_premium_phase3,immediate,False,True,True,False,False,False,False,False,True,3.63,0.3,11.84,markup,markup,low,2018-01-11,2018,2018-01,90.0,True
2018-01-08 14:45:00,2018-01-09 09:15:00,NIFTY 50,bullish,pro_LiqSweep+VP,923.72,997.92,74.2,173.71,189.3,64,target,immediate,True,False,True,False,False,False,False,False,False,2.96,1.18,8.47,markup,markup,low,2018-01-11,2018,2018-01,1110.0,True
2018-01-09 09:30:00,2018-01-09 11:00:00,NIFTY 50,bullish,pro_LiqSweep+VP,1108.06,1171.69,63.63,49.72,58.87,128,stop_loss_premium_phase3,immediate,True,False,True,False,False,False,False,False,False,2.96,0.3,12.38,markup,markup,low,2018-01-11,2018,2018-01,90.0,True
2018-01-09 11:15:00,2018-01-09 12:15:00,NIFTY 50,bullish,pro_LiqSweep+VP,-421.62,-359.94,61.68,51.17,48.38,129,stop_loss_premium_phase2,immediate,True,False,True,False,False,False,False,False,False,2.96,0.3,13.0,markup,markup,low,2018-01-11,2018,2018-01,60.0,False
2018-01-09 14:15:00,2018-01-10 09:15:00,NIFTY 50,bullish,pro_LiqSweep+VP,1526.33,1590.68,64.35,49.85,62.27,128,target,immediate,True,False,True,False,False,False,False,False,False,2.96,0.3,9.58,markup,markup,low,2018-01-11,2018,2018-01,1140.0,True
2018-01-16 09:15:00,2018-01-16 11:15:00,NIFTY 50,bearish,pro_LiqSweep+RSI_Div+VWAP,1790.25,1860.69,70.44,136.2,164.82,65,stop_loss_premium_phase3,immediate,True,False,False,False,True,False,False,True,True,0.0,3.53,10.84,markup,markup,low,2018-01-18,2018,2018-01,120.0,True
2018-01-19 11:30:00,2018-01-19 13:00:00,NIFTY 50,bullish,pro_FVG+VP,-280.01,-206.73,73.28,180.8,177.57,64,stop_loss_premium_phase3,immediate,False,True,True,False,False,False,False,False,True,3.63,1.8,24.95,accumulation,markup,low,2018-01-25,2018,2018-01,90.0,False
2018-01-22 15:15:00,2018-01-23 09:15:00,NIFTY 50,bullish,pro_FVG+VP,1630.17,1692.09,61.92,81.94,108.38,64,target,immediate,False,True,True,False,False,False,False,False,True,3.63,0.3,14.86,markup,markup,low,2018-01-25,2018,2018-01,1080.0,True
2018-01-29 09:30:00,2018-01-29 11:15:00,NIFTY 50,bullish,pro_LiqSweep+VP,590.49,663.76,73.27,168.42,178.64,65,stop_loss_premium_phase3,immediate,True,False,True,False,False,False,False,False,False,2.96,0.3,27.0,markdown,markup,low,2018-02-01,2018,2018-01,105.0,True
2018-01-29 14:45:00,2018-01-30 09:30:00,NIFTY 50,bullish,pro_FVG+VP+RSI_Div,-65.07,-8.59,56.48,63.64,63.51,64,stop_loss_premium_phase2,immediate,False,True,True,False,True,False,False,False,False,3.88,1.8,13.9,markdown,markup,low,2018-02-01,2018,2018-01,1125.0,False
2018-02-20 09:30:00,2018-02-20 10:45:00,NIFTY 50,bullish,pro_LiqSweep+VP,-74.45,-9.77,64.68,119.73,119.57,64,stop_loss_premium_phase2,immediate,True,False,True,False,False,False,False,False,False,2.96,1.18,28.54,markdown,markdown,medium,2018-02-22,2018,2018-02,75.0,False
2018-02-20 11:00:00,2018-02-20 12:45:00,NIFTY 50,bullish,pro_LiqSweep+VP,1166.37,1239.87,73.5,168.85,188.53,63,stop_loss_premium_phase3,immediate,True,False,True,False,False,False,False,False,False,2.96,1.18,28.15,markdown,markdown,medium,2018-02-22,2018,2018-02,105.0,True
2018-02-23 09:30:00,2018-02-23 11:00:00,NIFTY 50,bullish,pro_LiqSweep+VP,1060.51,1136.59,76.08,185.01,202.76,64,stop_loss_premium_phase3,immediate,True,False,True,False,False,False,False,False,True,3.7,1.29,18.25,markup,markdown,medium,2018-03-01,2018,2018-02,90.0,True
2018-02-23 11:15:00,2018-02-23 13:30:00,NIFTY 50,bullish,pro_LiqSweep+VP,2124.76,2192.75,67.99,117.88,152.14,64,target,immediate,True,False,True,False,False,False,False,False,True,3.7,0.3,19.86,markup,markdown,medium,2018-03-01,2018,2018-02,135.0,True
2018-02-23 15:00:00,2018-02-26 09:15:00,NIFTY 50,bullish,pro_VP+RSI_Div,1354.75,1420.29,65.54,108.02,129.87,65,target,immediate,False,False,True,False,True,False,False,False,True,3.18,1.8,14.39,markup,markdown,medium,2018-03-01,2018,2018-02,3975.0,True
2018-03-06 14:15:00,2018-03-06 14:45:00,NIFTY 50,bearish,pro_LiqSweep+RSI_Div+VWAP,1226.1,1283.75,57.65,56.35,76.1,65,target,immediate,True,False,False,False,True,False,False,True,False,0.0,2.79,14.53,markdown,markdown,medium,2018-03-08,2018,2018-03,30.0,True
2018-03-09 09:45:00,2018-03-09 11:15:00,NIFTY 50,bearish,pro_FVG+RSI_Div+VWAP,-92.43,-19.9,72.53,170.93,170.63,65,stop_loss_premium_phase3,immediate,False,True,False,False,True,False,False,True,True,1.46,3.45,28.02,markup,markdown,medium,2018-03-15,2018,2018-03,90.0,False
2018-03-09 14:15:00,2018-03-09 14:45:00,NIFTY 50,bearish,pro_LiqSweep+RSI_Div+VWAP,1528.27,1592.06,63.79,95.81,120.69,64,target,immediate,True,False,False,False,True,False,False,True,True,1.46,3.53,13.61,markup,markdown,medium,2018-03-15,2018,2018-03,30.0,True
2018-03-09 15:00:00,2018-03-12 09:45:00,NIFTY 50,bearish,pro_LiqSweep+RSI_Div+VWAP,-73.43,-1.04,72.39,169.79,169.78,65,stop_loss_premium_phase2,immediate,True,False,False,False,True,False,False,True,True,0.0,3.53,17.29,markup,markdown,medium,2018-03-15,2018,2018-03,4005.0,False
2018-03-13 11:15:00,2018-03-13 12:45:00,NIFTY 50,bullish,pro_FVG+VP,137.53,197.73,60.2,86.8,89.89,64,stop_loss_premium_phase3,immediate,False,True,True,False,False,False,False,False,False,2.89,0.3,21.38,markup,markup,medium,2018-03-15,2018,2018-03,90.0,True
2018-03-20 14:45:00,2018-03-21 09:15:00,NIFTY 50,bullish,pro_LiqSweep+FVG,2078.94,2141.28,62.34,78.58,111.52,65,target,immediate,True,True,False,False,False,False,False,False,True,3.67,0.3,19.53,markdown,markdown,medium,2018-03-22,2018,2018-03,1110.0,True
2018-03-26 09:45:00,2018-03-26 11:15:00,NIFTY 50,bullish,pro_LiqSweep+VP+RSI_Div,-70.86,0.1,70.96,160.13,160.13,65,stop_loss_premium_phase3,immediate,True,False,True,False,True,False,False,False,True,4.68,1.73,20.14,accumulation,markdown,medium,2018-03-29,2018,2018-03,90.0,False
2018-03-26 14:15:00,2018-03-26 15:00:00,NIFTY 50,bullish,pro_LiqSweep+FVG+VP,3129.78,3209.14,79.36,184.4,234.54,64,target,immediate,True,True,True,False,False,False,False,False,True,5.13,0.3,18.69,accumulation,markdown,medium,2018-03-29,2018,2018-03,45.0,True
2018-04-03 09:30:00,2018-04-03 10:45:00,NIFTY 50,bullish,pro_VP+RSI_Div,-93.66,-20.71,72.95,173.75,173.43,65,stop_loss_premium_phase2,immediate,False,False,True,False,True,False,False,False,True,3.18,1.8,15.57,markup,accumulation,medium,2018-04-05,2018,2018-04,75.0,False
2018-04-04 09:15:00,2018-04-04 09:30:00,NIFTY 50,bullish,pro_FVG+VP,198.2,258.31,60.11,85.52,89.56,64,target,immediate,False,True,True,False,False,False,False,False,True,3.63,1.8,14.49,markup,markdown,medium,2018-04-05,2018,2018-04,15.0,True
2018-04-06 09:30:00,2018-04-06 11:00:00,NIFTY 50,bullish,pro_FVG+VP+RSI_Div,955.71,1030.54,74.83,174.89,190.75,65,stop_loss_premium_phase3,immediate,False,True,True,False,True,False,False,False,True,4.61,2.68,11.95,markup,accumulation,medium,2018-04-12,2018,2018-04,90.0,True
2018-04-06 14:15:00,2018-04-09 09:15:00,NIFTY 50,bullish,pro_LiqSweep+VP,1787.16,1862.45,75.29,171.53,200.63,64,target,immediate,True,False,True,False,False,False,False,False,True,3.7,1.29,12.58,markup,accumulation,medium,2018-04-12,2018,2018-04,4020.0,True
2018-04-09 09:30:00,2018-04-09 11:00:00,NIFTY 50,bullish,pro_LiqSweep+VP,495.68,570.27,74.59,184.02,193.07,63,stop_loss_premium_phase3,immediate,True,False,True,False,False,False,False,False,False,2.96,0.3,18.35,markup,markup,medium,2018-04-12,2018,2018-04,90.0,True
2018-04-09 11:15:00,2018-04-09 12:45:00,NIFTY 50,bullish,pro_LiqSweep+VP,979.85,1044.44,64.59,107.37,123.69,64,stop_loss_premium_phase3,immediate,True,False,True,False,False,False,False,False,False,2.96,0.3,17.51,markup,markup,medium,2018-04-12,2018,2018-04,90.0,True
2018-04-09 14:15:00,2018-04-09 15:15:00,NIFTY 50,bullish,pro_LiqSweep+VP,-62.14,-5.08,57.06,67.56,67.48,64,stop_loss_premium_phase2,immediate,True,False,True,False,False,False,False,False,False,2.96,0.3,13.04,markup,markup,medium,2018-04-12,2018,2018-04,60.0,False
2018-04-10 09:15:00,2018-04-10 09:30:00,NIFTY 50,bullish,pro_LiqSweep+VP+OTE,-394.67,-315.97,78.7,219.13,214.2,64,target,immediate,True,False,True,True,False,False,False,False,False,3.84,0.3,14.04,markdown,markup,medium,2018-04-12,2018,2018-04,15.0,False
2018-04-17 14:15:00,2018-04-18 09:15:00,NIFTY 50,bullish,pro_LiqSweep+VP,1388.58,1446.44,57.86,56.87,79.47,64,target,immediate,True,False,True,False,False,False,False,False,True,3.7,2.16,12.76,markup,markup,medium,2018-04-19,2018,2018-04,1140.0,True
2018-04-20 09:30:00,2018-04-20 11:00:00,NIFTY 50,bullish,pro_LiqSweep+FVG+VP,321.75,394.91,73.16,170.6,176.67,65,stop_loss_premium_phase3,immediate,True,True,True,False,False,False,False,False,True,5.13,0.3,11.48,markdown,markup,medium,2018-04-26,2018,2018-04,90.0,True
2018-04-20 14:15:00,2018-04-20 15:15:00,NIFTY 50,bullish,pro_VP+RSI_Div,995.29,1056.25,60.96,82.45,98.95,64,target,immediate,False,False,True,False,True,False,False,False,True,3.18,1.18,11.74,markdown,markup,medium,2018-04-26,2018,2018-04,60.0,True
2018-04-23 15:00:00,2018-04-24 10:30:00,NIFTY 50,bullish,pro_LiqSweep+VP,526.84,600.39,73.55,170.97,180.2,65,stop_loss_premium_phase3,immediate,True,False,True,False,False,False,False,False,False,2.96,1.18,13.3,markdown,markup,low,2018-04-26,2018,2018-04,1170.0,True
2018-04-24 10:45:00,2018-04-24 12:15:00,NIFTY 50,bullish,pro_LiqSweep+VP,-68.96,-10.56,58.4,76.79,76.62,64,stop_loss_premium_phase3,immediate,True,False,True,False,False,False,False,False,True,3.7,1.73,17.0,markdown,markup,low,2018-04-26,2018,2018-04,90.0,False
2018-04-24 14:15:00,2018-04-25 09:15:00,NIFTY 50,bullish,pro_FVG+VP+RSI_Div,-85.02,-14.0,71.02,163.18,162.96,64,stop_loss_premium_phase2,immediate,False,True,True,False,True,False,False,False,True,4.61,1.18,10.9,markdown,markup,low,2018-04-26,2018,2018-04,1140.0,False
2018-04-30 14:15:00,2018-05-02 09:15:00,NIFTY 50,bearish,pro_LiqSweep+OTE+VWAP,-67.58,-9.9,57.68,71.86,71.71,64,stop_loss_premium_phase2,immediate,True,False,False,True,False,False,False,True,True,1.46,3.41,8.64,markup,markup,low,2018-05-03,2018,2018-04,2580.0,False
2018-05-04 15:00:00,2018-05-07 09:15:00,NIFTY 50,bullish,pro_LiqSweep+VP,1512.39,1588.99,76.6,183.54,208.37,64,target,immediate,True,False,True,False,False,False,False,False,False,2.96,0.3,13.48,markdown,markup,low,2018-05-10,2018,2018-05,3975.0,True
2018-05-11 09:45:00,2018-05-11 11:15:00,NIFTY 50,bullish,pro_FVG+VP,511.92,576.45,64.53,110.48,119.35,65,stop_loss_premium_phase3,immediate,False,True,True,False,False,False,False,False,True,3.63,1.8,17.07,markdown,markup,low,2018-05-17,2018,2018-05,90.0,True
2018-05-11 14:15:00,2018-05-11 14:45:00,NIFTY 50,bullish,pro_LiqSweep+VP+RSI_Div,1256.82,1332.46,75.64,179.8,200.62,64,target,immediate,True,False,True,False,True,False,False,False,True,4.68,0.3,9.16,markdown,markup,low,2018-05-17,2018,2018-05,30.0,True
2018-05-11 15:00:00,2018-05-14 09:45:00,NIFTY 50,bullish,pro_LiqSweep+VP+RSI_Div,1119.96,1180.26,60.3,76.5,94.94,64,target,immediate,True,False,True,False,True,False,False,False,True,4.68,0.3,10.93,markdown,markup,low,2018-05-17,2018,2018-05,4005.0,True
2018-05-14 10:00:00,2018-05-14 11:30:00,NIFTY 50,bullish,pro_LiqSweep+VP+RSI_Div,-65.81,-9.34,56.47,62.56,62.42,65,stop_loss_premium_phase3,immediate,True,False,True,False,True,False,False,False,False,3.95,0.3,14.48,markdown,markup,low,2018-05-17,2018,2018-05,90.0,False
2018-05-14 15:00:00,2018-05-15 09:15:00,NIFTY 50,bullish,pro_FVG+VP+OTE,1462.09,1522.19,60.1,71.35,95.13,64,target,immediate,False,True,True,True,False,False,False,False,False,3.77,0.3,13.74,markdown,markup,low,2018-05-17,2018,2018-05,1095.0,True
2018-05-21 14:30:00,2018-05-22 09:30:00,NIFTY 50,bearish,pro_VP+RSI_Div+VWAP,1085.65,1143.94,58.29,62.22,79.82,65,target,immediate,False,False,True,False,True,False,False,True,True,1.5,3.49,14.15,markdown,markdown,low,2018-05-24,2018,2018-05,1140.0,True
2018-05-22 09:45:00,2018-05-22 11:00:00,NIFTY 50,bullish,pro_VP+RSI_Div,-70.16,-8.22,61.94,99.4,99.27,65,stop_loss_premium_phase2,immediate,False,False,True,False,True,False,False,False,True,3.18,1.8,18.55,markdown,markdown,low,2018-05-24,2018,2018-05,75.0,False
2018-05-22 14:45:00,2018-05-23 09:30:00,NIFTY 50,bullish,pro_LiqSweep+VP,-64.11,-8.63,55.48,56.75,56.61,64,stop_loss_premium_phase2,immediate,True,False,True,False,False,False,False,False,True,3.7,0.3,15.92,markdown,markdown,low,2018-05-24,2018,2018-05,1125.0,False
2018-05-25 09:45:00,2018-05-25 11:15:00,NIFTY 50,bullish,pro_FVG+VP,435.74,510.44,74.7,182.53,190.51,64,stop_loss_premium_phase3,immediate,False,True,True,False,False,False,False,False,False,2.89,0.3,22.21,markup,accumulation,low,2018-05-31,2018,2018-05,90.0,True
2018-05-25 11:30:00,2018-05-25 13:00:00,NIFTY 50,bearish,pro_LiqSweep+RSI_Div+VWAP,154.72,223.35,68.63,141.96,145.4,65,stop_loss_premium_phase3,immediate,True,False,False,False,True,False,False,True,False,1.46,2.79,18.29,markup,accumulation,low,2018-05-31,2018,2018-05,90.0,True
2018-05-29 09:30:00,2018-05-29 10:30:00,NIFTY 50,bearish,pro_LiqSweep+RSI_Div+VWAP,-65.56,-5.2,60.36,44.7,44.66,129,stop_loss_premium_phase2,immediate,True,False,False,False,True,False,False,True,True,1.46,3.53,12.56,markup,accumulation,low,2018-05-31,2018,2018-05,60.0,False
2018-06-01 11:00:00,2018-06-01 12:30:00,NIFTY 50,bearish,pro_LiqSweep+OTE+VWAP,1339.71,1415.55,75.84,180.28,202.4,64,stop_loss_premium_phase3,immediate,True,False,False,True,False,False,False,True,True,1.46,3.41,22.43,markup,markup,low,2018-06-07,2018,2018-06,90.0,True
2018-06-01 14:30:00,2018-06-04 09:15:00,NIFTY 50,bearish,pro_LiqSweep+FVG+VWAP,-83.81,-16.47,67.34,138.06,137.8,64,stop_loss_premium_phase2,immediate,True,True,False,False,False,False,False,True,True,1.46,3.97,18.09,markup,markup,low,2018-06-07,2018,2018-06,4005.0,False
2018-06-04 09:30:00,2018-06-04 11:00:00,NIFTY 50,bearish,pro_LiqSweep+RSI_Div+VWAP,-82.83,-13.32,69.51,150.48,150.28,65,stop_loss_premium_phase3,immediate,True,False,False,False,True,False,False,True,True,0.0,3.53,24.6,markup,markdown,low,2018-06-07,2018,2018-06,90.0,False
2018-06-04 11:15:00,2018-06-04 12:45:00,NIFTY 50,bearish,pro_LiqSweep+FVG+VWAP,-88.72,-15.55,73.17,180.73,180.49,63,stop_loss_premium_phase3,immediate,True,True,False,False,False,False,False,True,True,0.88,3.97,27.31,markup,markdown,low,2018-06-07,2018,2018-06,90.0,False
2018-06-11 09:15:00,2018-06-11 10:00:00,NIFTY 50,bullish,pro_FVG+VP,602.62,666.4,63.78,107.73,118.3,63,target,immediate,False,True,True,False,False,False,False,False,True,3.63,1.18,15.21,markup,markup,low,2018-06-14,2018,2018-06,45.0,True
2018-06-11 11:15:00,2018-06-11 13:00:00,NIFTY 50,bullish,pro_FVG+VP,755.12,828.83,73.71,172.24,185.19,64,stop_loss_premium_phase3,immediate,False,True,True,False,False,False,False,False,False,2.89,0.3,18.63,markup,markup,low,2018-06-14,2018,2018-06,105.0,True
2018-06-15 09:30:00,2018-06-15 10:00:00,NIFTY 50,bullish,pro_LiqSweep+VP,1419.94,1495.23,75.29,175.65,199.01,64,target,immediate,True,False,True,False,False,False,False,False,False,2.96,0.3,12.63,markdown,markup,low,2018-06-21,2018,2018-06,30.0,True
2018-06-15 10:45:00,2018-06-15 12:15:00,NIFTY 50,bearish,pro_LiqSweep+RSI_Div+VWAP,1285.21,1348.45,63.24,93.33,114.08,65,target,immediate,True,False,False,False,True,False,False,True,False,1.46,2.79,14.7,markup,markup,low,2018-06-21,2018,2018-06,90.0,True
2018-06-15 14:15:00,2018-06-15 15:15:00,NIFTY 50,bearish,pro_LiqSweep+FVG+VWAP,-53.37,7.42,60.79,91.53,91.64,65,stop_loss_premium_phase2,immediate,True,True,False,False,False,False,False,True,False,0.0,3.23,13.57,markup,markup,low,2018-06-21,2018,2018-06,60.0,False
2018-06-19 09:45:00,2018-06-19 11:45:00,NIFTY 50,bearish,pro_LiqSweep+FVG+VWAP,810.89,867.98,57.09,58.04,71.6,64,stop_loss_premium_phase3,immediate,True,True,False,False,False,False,False,True,True,0.0,3.97,15.36,markup,accumulation,low,2018-06-21,2018,2018-06,120.0,True
2018-06-22 09:30:00,2018-06-22 11:00:00,NIFTY 50,bullish,pro_LiqSweep+OTE,-86.95,-17.39,69.56,153.24,152.97,64,stop_loss_premium_phase3,immediate,True,False,False,True,False,False,False,False,True,3.11,1.73,15.04,markup,markup,low,2018-06-28,2018,2018-06,90.0,False
2018-06-22 11:15:00,2018-06-22 13:30:00,NIFTY 50,bullish,pro_LiqSweep+FVG+OTE,1087.87,1152.75,64.88,108.15,126.16,64,stop_loss_premium_phase3,immediate,True,True,False,True,False,False,False,False,True,4.54,0.3,16.3,markup,markup,low,2018-06-28,2018,2018-06,135.0,True
2018-06-22 14:15:00,2018-06-22 14:45:00,NIFTY 50,bullish,pro_LiqSweep+VP,1536.39,1612.05,75.66,176.87,202.06,64,target,immediate,True,False,True,False,False,False,False,False,True,3.7,0.3,10.78,markup,markup,low,2018-06-28,2018,2018-06,30.0,True
2018-06-26 11:00:00,2018-06-26 12:30:00,NIFTY 50,bullish,pro_LiqSweep+VP,-64.0,-7.33,56.67,63.93,63.82,65,stop_loss_premium_phase3,immediate,True,False,True,False,False,False,False,False,False,2.96,1.18,17.38,markdown,markup,low,2018-06-28,2018,2018-06,90.0,False
2018-06-26 14:15:00,2018-06-26 15:15:00,NIFTY 50,bullish,pro_LiqSweep+FVG+VP,-58.58,-3.68,54.9,52.72,52.66,64,stop_loss_premium_phase2,immediate,True,True,True,False,False,False,False,False,False,4.39,1.18,13.14,markdown,markup,low,2018-06-28,2018,2018-06,60.0,False
2018-07-02 14:30:00,2018-07-03 09:15:00,NIFTY 50,bullish,pro_FVG+VP+RSI_Div,-44.54,14.61,59.15,81.61,81.84,64,stop_loss_premium_phase2,immediate,False,True,True,False,True,False,False,False,False,3.88,1.18,14.59,markup,markdown,low,2018-07-05,2018,2018-07,1125.0,False
2018-07-03 09:30:00,2018-07-03 11:00:00,NIFTY 50,bullish,pro_LiqSweep+VP,211.83,270.59,58.76,77.33,81.62,63,stop_loss_premium_phase3,immediate,True,False,True,False,False,False,False,False,True,3.7,1.18,17.68,markup,markdown,low,2018-07-05,2018,2018-07,90.0,True
2018-07-03 11:15:00,2018-07-03 12:45:00,NIFTY 50,bullish,pro_LiqSweep+VP,-65.39,-7.91,57.48,70.42,70.3,64,stop_loss_premium_phase3,immediate,True,False,True,False,False,False,False,False,True,3.7,1.73,18.64,markup,markdown,low,2018-07-05,2018,2018-07,90.0,False
2018-07-03 14:15:00,2018-07-04 09:30:00,NIFTY 50,bullish,pro_LiqSweep+VP,489.18,547.54,58.36,70.28,78.84,64,stop_loss_premium_phase3,immediate,True,False,True,False,False,False,False,False,True,3.7,0.3,15.28,markup,markdown,low,2018-07-05,2018,2018-07,1155.0,True
2018-07-06 14:45:00,2018-07-09 09:30:00,NIFTY 50,bearish,pro_OTE+RSI_Div+VWAP,-85.99,-17.17,68.82,148.17,147.9,64,stop_loss_premium_phase2,immediate,False,False,False,True,True,False,False,True,True,1.46,2.9,12.83,markup,accumulation,low,2018-07-12,2018,2018-07,4005.0,False
2018-07-17 09:30:00,2018-07-17 11:00:00,NIFTY 50,bullish,pro_VP+RSI_Div,-91.54,-19.46,72.08,170.5,170.2,64,stop_loss_premium_phase3,immediate,False,False,True,False,True,False,False,False,True,3.18,0.3,16.5,markdown,markup,low,2018-07-19,2018,2018-07,90.0,False
2018-07-20 09:30:00,2018-07-20 11:00:00,NIFTY 50,bullish,pro_LiqSweep+VP+RSI_Div,982.91,1058.79,75.88,184.49,201.03,64,stop_loss_premium_phase3,immediate,True,False,True,False,True,False,False,False,True,4.68,0.3,19.1,markdown,markup,low,2018-07-26,2018,2018-07,90.0,True
2018-07-20 11:15:00,2018-07-20 12:45:00,NIFTY 50,bullish,pro_LiqSweep+VP,587.24,661.0,73.76,174.42,184.75,64,stop_loss_premium_phase3,immediate,True,False,True,False,False,False,False,False,True,3.7,1.73,19.84,markdown,markup,low,2018-07-26,2018,2018-07,90.0,True
2018-07-20 15:15:00,2018-07-23 09:15:00,NIFTY 50,bullish,pro_FVG+VP,1975.51,2051.64,76.13,172.47,204.03,65,target,immediate,False,True,True,False,False,False,False,False,True,3.63,1.8,13.95,markup,markup,low,2018-07-26,2018,2018-07,3960.0,True
2018-07-23 10:30:00,2018-07-23 12:00:00,NIFTY 50,bullish,pro_FVG+VP,322.15,385.61,63.46,105.33,111.26,65,stop_loss_premium_phase3,immediate,False,True,True,False,False,False,False,False,True,3.63,1.18,17.29,markup,markup,low,2018-07-26,2018,2018-07,90.0,True
2018-07-31 09:30:00,2018-07-31 11:00:00,NIFTY 50,bullish,pro_LiqSweep+VP,-83.37,-13.18,70.19,157.5,157.29,64,stop_loss_premium_phase3,immediate,True,False,True,False,False,False,False,False,True,3.7,1.29,13.67,markup,markup,low,2018-08-02,2018,2018-07,90.0,False
2018-07-31 11:15:00,2018-07-31 12:45:00,NIFTY 50,bullish,pro_LiqSweep+VP,658.94,716.96,58.02,66.07,77.27,64,stop_loss_premium_phase3,immediate,True,False,True,False,False,False,False,False,True,3.7,0.3,16.45,markup,markup,low,2018-08-02,2018,2018-07,90.0,True
2018-08-06 10:45:00,2018-08-06 12:15:00,NIFTY 50,bearish,pro_FVG+OTE+VWAP,413.51,484.18,70.67,152.85,160.3,65,stop_loss_premium_phase3,immediate,False,True,False,True,False,False,False,True,True,1.46,3.34,17.61,markup,markup,low,2018-08-09,2018,2018-08,90.0,True
2018-08-07 09:30:00,2018-08-07 11:00:00,NIFTY 50,bullish,pro_FVG+VP,224.79,282.36,57.57,67.84,72.25,64,stop_loss_premium_phase3,immediate,False,True,True,False,False,False,False,False,True,3.63,0.3,13.16,markdown,markup,low,2018-08-09,2018,2018-08,90.0,True
2018-08-07 15:15:00,2018-08-08 09:15:00,NIFTY 50,bullish,pro_LiqSweep+VP,1332.47,1390.41,57.94,58.04,79.76,64,target,immediate,True,False,True,False,False,False,False,False,True,3.7,0.3,12.8,markdown,markup,low,2018-08-09,2018,2018-08,1080.0,True
2018-08-13 14:45:00,2018-08-14 09:15:00,NIFTY 50,bullish,pro_FVG+VP,1611.27,1687.88,76.61,179.73,205.7,65,target,immediate,False,True,True,False,False,False,False,False,False,2.89,0.3,14.01,markdown,markup,low,2018-08-16,2018,2018-08,1110.0,True
2018-08-14 14:15:00,2018-08-16 09:15:00,NIFTY 50,bearish,pro_LiqSweep+RSI_Div+VWAP,935.88,994.97,59.09,69.26,84.56,65,target,immediate,True,False,False,False,True,False,False,True,False,1.46,2.79,10.37,markup,markup,low,2018-08-16,2018,2018-08,2580.0,True
2018-08-21 09:30:00,2018-08-21 11:00:00,NIFTY 50,bullish,pro_LiqSweep+VP,862.21,935.14,72.93,163.16,177.55,65,stop_loss_premium_phase3,immediate,True,False,True,False,False,False,False,False,True,3.7,0.3,10.63,markup,markup,low,2018-08-23,2018,2018-08,90.0,True
2018-08-21 11:15:00,2018-08-21 13:30:00,NIFTY 50,bullish,pro_LiqSweep+VP+OTE,278.74,336.69,57.95,69.81,75.07,64,stop_loss_premium_phase3,immediate,True,False,True,True,False,False,False,False,True,4.57,1.29,12.25,markup,markup,low,2018-08-23,2018,2018-08,135.0,True
2018-08-21 14:15:00,2018-08-23 09:15:00,NIFTY 50,bullish,pro_LiqSweep+VP,1477.01,1551.12,74.11,166.92,191.16,64,target,immediate,True,False,True,False,False,False,False,False,True,3.7,1.29,10.07,markup,markup,low,2018-08-23,2018,2018-08,2580.0,True
2018-08-24 10:00:00,2018-08-24 11:30:00,NIFTY 50,bullish,pro_LiqSweep+VP+RSI_Div,-273.74,-203.59,70.15,156.87,153.74,65,stop_loss_premium_phase3,immediate,True,False,True,False,True,False,False,False,False,3.95,1.18,14.4,accumulation,markup,low,2018-08-30,2018,2018-08,90.0,False
2018-08-31 09:30:00,2018-08-31 10:30:00,NIFTY 50,bullish,pro_LiqSweep+VP+RSI_Div,-91.18,-18.92,72.26,171.73,171.43,64,stop_loss_premium_phase2,immediate,True,False,True,False,True,False,False,False,True,4.68,1.73,16.76,markdown,markup,low,2018-09-06,2018,2018-08,60.0,False
2018-08-31 10:45:00,2018-08-31 12:15:00,NIFTY 50,bullish,pro_LiqSweep+VP,-78.62,-14.3,64.32,121.11,120.88,62,stop_loss_premium_phase3,immediate,True,False,True,False,False,False,False,False,True,3.7,1.73,19.82,markdown,markup,low,2018-09-06,2018,2018-08,90.0,False
2018-09-03 10:00:00,2018-09-03 11:45:00,NIFTY 50,bearish,pro_OTE+RSI_Div+VWAP,522.85,585.58,62.73,99.76,108.91,64,stop_loss_premium_phase3,immediate,False,False,False,True,True,False,False,True,True,1.46,2.9,18.39,markdown,markup,low,2018-09-06,2018,2018-09,105.0,True
2018-10-08 11:15:00,2018-10-08 12:45:00,NIFTY 50,bearish,pro_FVG+OTE+VWAP,1259.53,1338.36,78.83,201.61,222.53,64,stop_loss_premium_phase3,immediate,False,True,False,True,False,False,False,True,True,1.5,3.34,58.47,markdown,markdown,high,2018-10-11,2018,2018-10,90.0,True
2018-10-09 11:15:00,2018-10-09 13:00:00,NIFTY 50,bearish,pro_FVG+OTE+RSI_Div+VWAP,1966.61,2044.79,78.18,186.36,217.82,65,stop_loss_premium_phase3,immediate,False,True,False,True,True,False,False,True,False,0.0,3.59,46.85,markdown,markdown,high,2018-10-11,2018,2018-10,105.0,True
2018-10-09 14:15:00,2018-10-09 15:00:00,NIFTY 50,bearish,pro_LiqSweep+FVG+VWAP,3016.59,3095.24,78.65,180.83,229.2,64,target,immediate,True,True,False,False,False,False,False,True,False,0.0,3.23,30.95,markdown,markdown,high,2018-10-11,2018,2018-10,45.0,True
2018-10-16 14:45:00,2018-10-17 09:30:00,NIFTY 50,bearish,pro_LiqSweep+RSI_Div+VWAP,-240.56,-168.1,72.46,172.1,169.51,65,stop_loss_premium_phase2,immediate,True,False,False,False,True,False,False,True,False,1.46,2.79,18.11,markup,markdown,high,2018-10-18,2018,2018-10,1125.0,False
2018-10-30 11:15:00,2018-10-30 12:45:00,NIFTY 50,bearish,pro_OTE+RSI_Div+VWAP,890.99,965.23,74.24,174.33,189.41,64,stop_loss_premium_phase3,immediate,False,False,False,True,True,False,False,True,True,1.46,2.9,30.51,markup,markdown,high,2018-11-01,2018,2018-10,90.0,True
2018-11-05 15:00:00,2018-11-06 09:15:00,NIFTY 50,bullish,pro_LiqSweep+FVG,1656.97,1723.18,66.21,109.25,135.76,65,target,immediate,True,True,False,False,False,False,False,False,False,2.93,0.3,17.42,markdown,volatile,high,2018-11-08,2018,2018-11,1095.0,True
2018-11-06 09:30:00,2018-11-06 10:45:00,NIFTY 50,bullish,pro_LiqSweep+VP+RSI_Div,-56.08,7.18,63.26,108.14,108.25,65,stop_loss_premium_phase2,immediate,True,False,True,False,True,False,False,False,True,4.68,0.3,22.29,markdown,volatile,high,2018-11-08,2018,2018-11,75.0,False
2018-11-06 11:00:00,2018-11-06 12:30:00,NIFTY 50,bullish,pro_LiqSweep+FVG,350.97,422.81,71.84,163.97,170.58,64,stop_loss_premium_phase3,immediate,True,True,False,False,False,False,False,False,True,3.67,0.3,21.82,markup,volatile,high,2018-11-08,2018,2018-11,90.0,True
2018-11-06 14:15:00,2018-11-09 09:15:00,NIFTY 50,bullish,pro_FVG+RSI_Div,2077.28,2152.96,75.68,170.96,204.6,64,target,immediate,False,True,False,False,True,False,False,False,True,3.15,0.3,18.16,markup,volatile,high,2018-11-08,2018,2018-11,4020.0,True
2018-11-13 14:45:00,2018-11-14 09:15:00,NIFTY 50,bullish,pro_FVG+VP,2002.83,2065.47,62.64,81.41,113.19,65,target,immediate,False,True,True,False,False,False,False,False,True,3.63,0.3,17.73,markdown,volatile,high,2018-11-15,2018,2018-11,1110.0,True
2018-11-20 14:30:00,2018-11-21 09:15:00,NIFTY 50,bearish,pro_VP+RSI_Div+VWAP,-60.38,-4.3,56.08,59.88,59.81,65,stop_loss_premium_phase2,immediate,False,False,True,False,True,False,False,True,True,1.5,3.49,15.14,markdown,markup,medium,2018-11-22,2018,2018-11,1125.0,False
2018-11-27 09:30:00,2018-11-27 11:00:00,NIFTY 50,bullish,pro_FVG+VP,-66.62,-6.82,59.8,86.35,86.24,64,stop_loss_premium_phase3,immediate,False,True,True,False,False,False,False,False,True,3.63,0.3,20.17,markup,markup,medium,2018-11-29,2018,2018-11,90.0,False
2018-11-27 11:15:00,2018-11-27 12:45:00,NIFTY 50,bullish,pro_LiqSweep+VP,333.35,395.29,61.94,96.5,102.68,64,stop_loss_premium_phase3,immediate,True,False,True,False,False,False,False,False,True,3.7,1.29,19.28,markup,markup,medium,2018-11-29,2018,2018-11,90.0,True
2018-11-27 14:15:00,2018-11-28 09:15:00,NIFTY 50,bullish,pro_LiqSweep+FVG+VP+RSI_Div,3384.52,3460.35,75.83,157.43,211.5,64,target,immediate,True,True,True,False,True,False,False,False,True,6.11,1.18,20.5,markup,markup,medium,2018-11-29,2018,2018-11,1140.0,True
2018-12-04 10:00:00,2018-12-04 11:30:00,NIFTY 50,bullish,pro_VP+OTE+RSI_Div,-66.13,-6.47,59.66,84.03,83.93,65,stop_loss_premium_phase3,immediate,False,False,True,True,True,False,False,False,True,4.06,1.73,18.9,accumulation,markup,medium,2018-12-06,2018,2018-12,90.0,False
2018-12-04 14:15:00,2018-12-05 09:15:00,NIFTY 50,bullish,pro_LiqSweep+FVG+VP+RSI_Div,-91.02,-18.16,72.86,175.82,175.54,64,stop_loss_premium_phase2,immediate,True,True,True,False,True,False,False,False,True,6.11,1.18,13.1,accumulation,markup,medium,2018-12-06,2018,2018-12,1140.0,False
2018-12-11 14:15:00,2018-12-12 09:30:00,NIFTY 50,bullish,pro_FVG+VP,4431.76,4510.7,78.94,167.05,237.53,64,target,immediate,False,True,True,False,False,False,False,False,True,3.63,0.3,39.48,markdown,markdown,medium,2018-12-13,2018,2018-12,1155.0,True
2018-12-14 10:30:00,2018-12-14 12:00:00,NIFTY 50,bullish,pro_FVG+VP,-97.45,-22.09,75.36,190.02,189.68,65,stop_loss_premium_phase3,immediate,False,True,True,False,False,False,False,False,False,2.89,0.3,26.57,markup,markup,medium,2018-12-20,2018,2018-12,90.0,False
2018-12-14 14:30:00,2018-12-17 09:15:00,NIFTY 50,bullish,pro_FVG+VP+OTE,1871.82,1939.1,67.28,115.86,146.16,64,target,immediate,False,True,True,True,False,False,False,False,False,3.77,1.8,17.0,markup,markup,medium,2018-12-20,2018,2018-12,4005.0,True
2018-12-18 09:30:00,2018-12-18 10:30:00,NIFTY 50,bullish,pro_FVG+OTE,-52.71,4.45,57.16,67.1,67.17,65,stop_loss_premium_phase2,immediate,False,True,False,True,False,False,False,False,True,3.04,0.3,16.86,markup,markup,medium,2018-12-20,2018,2018-12,60.0,False
2018-12-21 09:45:00,2018-12-21 10:15:00,NIFTY 50,bearish,pro_FVG+OTE+VWAP,1917.82,1992.6,74.78,166.59,197.73,64,target,immediate,False,True,False,True,False,False,False,True,True,1.46,3.34,18.95,markup,markdown,medium,2018-12-27,2018,2018-12,30.0,True
2018-12-31 10:00:00,2018-12-31 11:45:00,NIFTY 50,bearish,pro_LiqSweep+RSI_Div+VWAP,1101.75,1174.29,72.54,157.89,175.95,65,stop_loss_premium_phase3,immediate,True,False,False,False,True,False,False,True,False,1.46,2.79,17.1,markdown,markup,medium,2019-01-03,2018,2018-12,105.0,True
2019-01-01 10:00:00,2019-01-01 11:30:00,NIFTY 50,bearish,pro_VP+RSI_Div+VWAP,-66.47,-6.75,59.72,85.78,85.67,64,stop_loss_premium_phase3,immediate,False,False,True,False,True,False,False,True,False,1.43,2.75,15.87,markdown,markup,medium,2019-01-03,2019,2019-01,90.0,False
2019-01-04 11:00:00,2019-01-04 13:00:00,NIFTY 50,bullish,pro_LiqSweep+OTE+RSI_Div,2156.54,2235.79,79.25,194.5,229.43,64,stop_loss_premium_phase3,immediate,True,False,False,True,True,False,False,False,True,4.1,0.3,26.82,markup,markdown,medium,2019-01-10,2019,2019-01,120.0,True
2019-01-04 14:15:00,2019-01-07 09:15:00,NIFTY 50,bullish,pro_LiqSweep+FVG+OTE,2955.54,3036.89,81.35,199.97,247.42,64,target,immediate,True,True,False,True,False,False,False,False,True,4.54,0.3,23.99,markup,markdown,medium,2019-01-10,2019,2019-01,4020.0,True
2019-01-07 11:30:00,2019-01-07 13:00:00,NIFTY 50,bearish,pro_FVG+RSI_Div+VWAP,-245.93,-175.6,70.33,157.82,155.12,65,stop_loss_premium_phase3,immediate,False,True,False,False,True,False,False,True,True,1.46,3.45,25.16,markup,markdown,medium,2019-01-10,2019,2019-01,90.0,False
2019-01-08 09:30:00,2019-01-08 11:00:00,NIFTY 50,bullish,pro_LiqSweep+FVG+OTE,1250.14,1311.13,60.99,79.77,100.25,64,stop_loss_premium_phase3,immediate,True,True,False,True,False,False,False,False,True,4.54,0.3,18.03,markdown,markup,medium,2019-01-10,2019,2019-01,90.0,True
2019-01-08 11:15:00,2019-01-08 12:45:00,NIFTY 50,bullish,pro_LiqSweep+OTE+RSI_Div,-72.56,0.02,72.58,173.7,173.7,64,stop_loss_premium_phase3,immediate,True,False,False,True,True,False,False,False,True,4.1,1.73,22.36,markdown,markup,medium,2019-01-10,2019,2019-01,90.0,False
2019-01-08 14:15:00,2019-01-08 15:15:00,NIFTY 50,bullish,pro_LiqSweep+VP+RSI_Div,-48.48,9.83,58.31,75.96,76.11,64,stop_loss_premium_phase2,immediate,True,False,True,False,True,False,False,False,True,4.68,0.3,16.09,markdown,markup,medium,2019-01-10,2019,2019-01,60.0,False
2019-01-09 09:15:00,2019-01-09 09:30:00,NIFTY 50,bullish,pro_LiqSweep+FVG+VP,-1267.72,-1206.06,61.66,112.43,93.58,64,target,immediate,True,True,True,False,False,False,False,False,True,5.13,0.3,15.51,markdown,accumulation,medium,2019-01-10,2019,2019-01,15.0,False
2019-01-18 09:30:00,2019-01-18 11:00:00,NIFTY 50,bullish,pro_LiqSweep+FVG,-84.53,-13.84,70.69,163.49,163.27,63,stop_loss_premium_phase3,immediate,True,True,False,False,False,False,False,False,True,3.67,1.29,20.83,markup,accumulation,medium,2019-01-24,2019,2019-01,90.0,False
2019-01-18 11:30:00,2019-01-18 13:00:00,NIFTY 50,bullish,pro_LiqSweep+VP,-91.44,-19.56,71.88,171.82,171.51,63,stop_loss_premium_phase3,immediate,True,False,True,False,False,False,False,False,True,3.7,0.3,23.51,markdown,accumulation,medium,2019-01-24,2019,2019-01,90.0,False
2019-01-18 14:15:00,2019-01-21 09:30:00,NIFTY 50,bullish,pro_VP+RSI_Div,697.9,758.72,60.82,86.13,98.17,63,stop_loss_premium_phase3,immediate,False,False,True,False,True,False,False,False,True,3.18,1.18,14.78,markdown,accumulation,medium,2019-01-24,2019,2019-01,4035.0,True
2019-01-22 09:15:00,2019-01-22 10:45:00,NIFTY 50,bullish,pro_FVG+VP,-63.05,-5.26,57.79,73.66,73.58,63,stop_loss_premium_phase3,immediate,False,True,True,False,False,False,False,False,True,3.63,1.8,11.6,accumulation,markup,low,2019-01-24,2019,2019-01,90.0,False
2019-01-23 09:15:00,2019-01-23 10:45:00,NIFTY 50,bullish,pro_FVG+VP,-1073.72,-1001.32,72.4,186.53,170.64,63,stop_loss_premium_phase3,immediate,False,True,True,False,False,False,False,False,True,3.63,0.3,16.78,markdown,accumulation,low,2019-01-24,2019,2019-01,90.0,False
2019-02-04 15:15:00,2019-02-05 10:45:00,NIFTY 50,bullish,pro_FVG+VP,687.45,760.55,73.1,171.49,183.56,63,stop_loss_premium_phase3,immediate,False,True,True,False,False,False,False,False,False,2.89,0.3,20.86,markup,markup,low,2019-02-07,2019,2019-02,1170.0,True
2019-02-11 14:30:00,2019-02-12 09:15:00,NIFTY 50,bullish,pro_LiqSweep+FVG+VP+RSI_Div,-68.81,-10.23,58.58,79.22,79.05,63,stop_loss_premium_phase2,immediate,True,True,True,False,True,False,False,False,False,5.38,1.18,15.69,markdown,markup,low,2019-02-14,2019,2019-02,1125.0,False
2019-02-12 14:30:00,2019-02-13 09:15:00,NIFTY 50,bearish,pro_LiqSweep+OTE+VWAP,-83.88,-13.57,70.31,160.87,160.66,63,stop_loss_premium_phase2,immediate,True,False,False,True,False,False,False,True,True,1.46,3.41,12.56,accumulation,accumulation,low,2019-02-14,2019,2019-02,1125.0,False
2019-02-15 14:15:00,2019-02-18 09:15:00,NIFTY 50,bullish,pro_LiqSweep+RSI_Div,2198.19,2276.19,78.0,188.43,224.56,63,target,immediate,True,False,False,False,True,False,False,False,True,3.22,0.3,21.8,markup,accumulation,low,2019-02-21,2019,2019-02,4020.0,True
2019-02-22 09:30:00,2019-02-22 11:00:00,NIFTY 50,bullish,pro_FVG+VP,1194.64,1270.93,76.29,182.1,201.65,65,stop_loss_premium_phase3,immediate,False,True,True,False,False,False,False,False,True,3.63,0.3,16.03,markup,markdown,low,2019-02-28,2019,2019-02,90.0,True
2019-02-25 09:30:00,2019-02-25 11:00:00,NIFTY 50,bullish,pro_FVG+VP,275.27,347.91,72.64,170.24,175.68,64,stop_loss_premium_phase3,immediate,False,True,True,False,False,False,False,False,True,3.63,1.18,14.37,markup,markup,low,2019-02-28,2019,2019-02,90.0,True
2019-02-26 09:15:00,2019-02-26 10:15:00,NIFTY 50,bullish,pro_FVG+VP,-228.85,-177.59,51.26,29.74,26.96,64,stop_loss_premium_phase2,immediate,False,True,True,False,False,False,False,False,True,3.63,1.8,11.77,markup,markup,low,2019-02-28,2019,2019-02,60.0,False
2019-03-05 09:30:00,2019-03-05 10:45:00,NIFTY 50,bullish,pro_LiqSweep+FVG+VP+RSI_Div,1752.61,1812.26,59.65,65.04,93.35,64,target,immediate,True,True,True,False,True,False,False,False,True,6.11,0.3,13.1,accumulation,markup,low,2019-03-07,2019,2019-03,75.0,True
2019-03-05 11:00:00,2019-03-05 13:15:00,NIFTY 50,bullish,pro_LiqSweep+VP,882.47,940.85,58.38,65.05,79.52,65,stop_loss_premium_phase3,immediate,True,False,True,False,False,False,False,False,True,3.7,1.73,15.7,accumulation,markup,low,2019-03-07,2019,2019-03,135.0,True
2019-03-08 14:15:00,2019-03-11 09:15:00,NIFTY 50,bullish,pro_FVG+VP+RSI_Div,1523.78,1588.27,64.49,100.66,125.47,64,target,immediate,False,True,True,False,True,False,False,False,False,3.88,0.3,13.06,markdown,markup,low,2019-03-14,2019,2019-03,4020.0,True
2019-03-11 10:00:00,2019-03-11 11:30:00,NIFTY 50,bullish,pro_FVG+VP,340.35,404.18,63.83,107.66,113.88,65,stop_loss_premium_phase3,immediate,False,True,True,False,False,False,False,False,True,3.63,0.3,18.87,markdown,markup,low,2019-03-14,2019,2019-03,90.0,True
2019-03-11 14:15:00,2019-03-12 09:15:00,NIFTY 50,bullish,pro_LiqSweep+VP,889.65,948.5,58.85,69.16,83.98,64,target,immediate,True,False,True,False,False,False,False,False,True,3.7,2.16,8.8,markdown,markup,low,2019-03-14,2019,2019-03,1140.0,True
2019-03-19 09:30:00,2019-03-19 11:15:00,NIFTY 50,bullish,pro_LiqSweep+VP,680.49,744.61,64.12,105.84,117.3,65,stop_loss_premium_phase3,immediate,True,False,True,False,False,False,False,False,True,3.7,1.18,22.64,markup,markup,low,2019-03-21,2019,2019-03,105.0,True
2019-03-19 11:30:00,2019-03-19 13:00:00,NIFTY 50,bullish,pro_LiqSweep+VP+RSI_Div,107.51,181.33,73.82,180.2,183.03,64,stop_loss_premium_phase3,immediate,True,False,True,False,True,False,False,False,True,4.68,1.18,21.53,markup,markup,low,2019-03-21,2019,2019-03,90.0,True
2019-03-19 14:15:00,2019-03-19 15:00:00,NIFTY 50,bullish,pro_LiqSweep+VP,1861.58,1936.17,74.59,165.9,196.16,64,target,immediate,True,False,True,False,False,False,False,False,True,3.7,0.3,12.95,markup,markup,low,2019-03-21,2019,2019-03,45.0,True
2019-03-19 15:15:00,2019-03-20 10:30:00,NIFTY 50,bullish,pro_LiqSweep+VP,-63.09,-7.09,56.0,60.34,60.22,64,stop_loss_premium_phase3,immediate,True,False,True,False,False,False,False,False,True,3.7,1.29,15.8,markup,markup,low,2019-03-21,2019,2019-03,1155.0,False
2019-03-22 11:00:00,2019-03-22 12:30:00,NIFTY 50,bearish,pro_LiqSweep+FVG+VWAP,710.28,782.96,72.68,165.72,177.95,64,stop_loss_premium_phase3,immediate,True,True,False,False,False,False,False,True,True,0.99,3.97,21.71,markup,markup,low,2019-03-28,2019,2019-03,90.0,True
2019-03-22 14:30:00,2019-03-25 09:15:00,NIFTY 50,bearish,pro_FVG+RSI_Div+VWAP,1735.74,1807.2,71.46,145.91,174.15,64,target,immediate,False,True,False,False,True,False,False,True,True,1.5,3.45,18.11,markup,markup,low,2019-03-28,2019,2019-03,4005.0,True
2019-03-26 09:30:00,2019-03-26 11:00:00,NIFTY 50,bullish,pro_LiqSweep+VP+RSI_Div,-89.57,-15.69,73.88,179.98,179.74,65,stop_loss_premium_phase3,immediate,True,False,True,False,True,False,False,False,True,4.68,2.61,16.88,markup,markup,low,2019-03-28,2019,2019-03,90.0,False
2019-03-26 11:15:00,2019-03-26 12:45:00,NIFTY 50,bullish,pro_LiqSweep+FVG+VP+RSI_Div,-73.71,-12.65,61.06,95.04,94.84,64,stop_loss_premium_phase3,immediate,True,True,True,False,True,False,False,False,True,6.11,1.18,17.82,markup,markup,low,2019-03-28,2019,2019-03,90.0,False
2019-04-05 09:45:00,2019-04-05 11:15:00,NIFTY 50,bullish,pro_FVG+VP,-72.61,1.24,73.85,182.37,182.39,64,stop_loss_premium_phase3,immediate,False,True,True,False,False,False,False,False,True,3.63,1.8,24.14,markdown,markup,low,2019-04-11,2019,2019-04,90.0,False
2019-04-05 14:15:00,2019-04-05 15:15:00,NIFTY 50,bullish,pro_FVG+VP,2024.04,2097.14,73.1,153.96,186.73,64,target,immediate,False,True,True,False,False,False,False,False,True,3.63,1.8,15.15,markdown,markup,low,2019-04-11,2019,2019-04,60.0,True
2019-04-08 09:15:00,2019-04-08 10:45:00,NIFTY 50,bullish,pro_LiqSweep+VP+RSI_Div,-1223.91,-1159.38,64.53,129.51,111.68,65,stop_loss_premium_phase3,immediate,True,False,True,False,True,False,False,False,True,4.68,0.3,16.66,markdown,markup,low,2019-04-11,2019,2019-04,90.0,False
2019-04-09 10:15:00,2019-04-09 11:45:00,NIFTY 50,bullish,pro_FVG+VP,-94.62,-20.64,73.98,183.52,183.19,64,stop_loss_premium_phase3,immediate,False,True,True,False,False,False,False,False,True,3.63,1.18,25.53,markdown,markup,low,2019-04-11,2019,2019-04,90.0,False
2019-04-09 14:15:00,2019-04-10 09:45:00,NIFTY 50,bullish,pro_LiqSweep+VP,716.03,774.16,58.13,66.18,78.28,64,stop_loss_premium_phase3,immediate,True,False,True,False,False,False,False,False,True,3.7,1.29,17.95,markdown,markup,low,2019-04-11,2019,2019-04,1170.0,True
2019-04-12 09:45:00,2019-04-12 11:15:00,NIFTY 50,bullish,pro_FVG+VP,-77.84,-3.72,74.12,184.29,184.23,64,stop_loss_premium_phase3,immediate,False,True,True,False,False,False,False,False,True,3.63,1.8,17.82,markup,markup,low,2019-04-18,2019,2019-04,90.0,False
2019-04-15 09:15:00,2019-04-15 10:15:00,NIFTY 50,bullish,pro_FVG+VP,32.81,99.98,67.17,135.6,137.16,64,target,immediate,False,True,True,False,False,False,False,False,True,3.63,1.18,15.21,markup,markup,low,2019-04-18,2019,2019-04,60.0,True
2019-04-23 10:00:00,2019-04-23 11:30:00,NIFTY 50,bullish,pro_FVG+OTE+RSI_Div,346.56,407.51,60.95,89.57,95.94,64,stop_loss_premium_phase3,immediate,False,True,False,True,True,False,False,False,False,3.29,0.3,20.62,markdown,markdown,low,2019-04-25,2019,2019-04,90.0,True
2019-04-23 14:15:00,2019-04-23 15:15:00,NIFTY 50,bullish,pro_LiqSweep+VP,-43.2,12.05,55.25,54.93,55.12,64,stop_loss_premium_phase2,immediate,True,False,True,False,False,False,False,False,False,2.96,1.18,15.16,markup,markdown,low,2019-04-25,2019,2019-04,60.0,False
2019-04-24 09:15:00,2019-04-24 10:45:00,NIFTY 50,bearish,pro_LiqSweep+FVG+VWAP,-94.13,-25.57,68.56,148.83,148.43,63,stop_loss_premium_phase3,immediate,True,True,False,False,False,False,False,True,False,0.0,3.23,18.02,markup,markup,medium,2019-04-25,2019,2019-04,90.0,False
2019-04-26 14:30:00,2019-04-30 09:30:00,NIFTY 50,bullish,pro_FVG+VP,-85.6,-16.04,69.56,153.22,152.97,64,stop_loss_premium_phase2,immediate,False,True,True,False,False,False,False,False,True,3.63,0.3,14.59,markdown,markup,low,2019-05-02,2019,2019-04,5460.0,False
2019-04-30 09:45:00,2019-04-30 11:15:00,NIFTY 50,bullish,pro_FVG+OTE,1085.22,1145.67,60.45,79.21,97.39,63,stop_loss_premium_phase3,immediate,False,True,False,True,False,False,False,False,True,3.04,0.3,19.69,markdown,markup,low,2019-05-02,2019,2019-04,90.0,True
2019-04-30 14:15:00,2019-04-30 15:00:00,NIFTY 50,bullish,pro_LiqSweep+VP+RSI_Div,2043.55,2106.3,62.75,83.02,115.93,64,target,immediate,True,False,True,False,True,False,False,False,True,4.68,0.3,18.69,markdown,markup,low,2019-05-02,2019,2019-04,45.0,True
2019-04-30 15:15:00,2019-05-02 10:45:00,NIFTY 50,bullish,pro_LiqSweep+VP+RSI_Div,1323.97,1385.52,61.55,81.5,102.81,65,stop_loss_premium_phase3,immediate,True,False,True,False,True,False,False,False,True,4.68,0.3,20.66,markup,markup,low,2019-05-02,2019,2019-04,2610.0,True
2019-05-13 10:15:00,2019-05-13 12:15:00,NIFTY 50,bearish,pro_FVG+RSI_Div+VWAP,1132.88,1208.85,75.97,183.48,202.37,64,stop_loss_premium_phase3,immediate,False,True,False,False,True,False,False,True,True,1.5,3.45,30.67,markdown,markdown,low,2019-05-16,2019,2019-05,120.0,True
2019-05-17 09:30:00,2019-05-17 11:00:00,NIFTY 50,bullish,pro_LiqSweep+VP,274.77,351.57,76.8,198.66,204.15,64,stop_loss_premium_phase3,immediate,True,False,True,False,False,False,False,False,True,3.7,0.3,31.01,markup,markdown,medium,2019-05-23,2019,2019-05,90.0,True
2019-05-21 11:00:00,2019-05-21 12:30:00,NIFTY 50,bearish,pro_FVG+OTE+VWAP,913.03,987.64,74.61,176.64,192.07,64,stop_loss_premium_phase3,immediate,False,True,False,True,False,False,False,True,True,1.46,3.34,28.99,markup,markup,high,2019-05-23,2019,2019-05,90.0,True
2019-05-28 09:15:00,2019-05-28 11:45:00,NIFTY 50,bullish,pro_FVG+VP,-2366.1,-2290.32,75.78,221.13,185.34,64,stop_loss_premium_phase3,immediate,False,True,True,False,False,False,False,False,True,3.63,1.29,22.09,accumulation,markup,high,2019-05-30,2019,2019-05,150.0,False
2019-06-03 14:15:00,2019-06-03 15:15:00,NIFTY 50,bullish,pro_VP+RSI_Div,1326.31,1387.65,61.34,83.97,106.35,62,target,immediate,False,False,True,False,True,False,False,False,True,3.18,1.8,16.27,markup,markup,high,2019-06-06,2019,2019-06,60.0,True
2019-06-04 09:15:00,2019-06-04 10:15:00,NIFTY 50,bullish,pro_FVG+VP,-35.79,29.08,64.87,122.55,123.01,63,stop_loss_premium_phase2,immediate,False,True,True,False,False,False,False,False,True,3.63,1.8,17.9,markup,markup,high,2019-06-06,2019,2019-06,60.0,False
2019-06-07 15:15:00,2019-06-10 09:15:00,NIFTY 50,bullish,pro_FVG+VP,2868.34,2948.19,79.85,193.71,240.51,63,target,immediate,False,True,True,False,False,False,False,False,True,3.63,2.16,23.61,markdown,markup,high,2019-06-13,2019,2019-06,3960.0,True
2019-06-11 09:15:00,2019-06-11 10:45:00,NIFTY 50,bearish,pro_FVG+OTE+RSI_Div+VWAP,-52.35,17.08,69.43,149.64,149.91,65,stop_loss_premium_phase3,immediate,False,True,False,True,True,False,False,True,False,1.46,3.59,20.86,accumulation,markup,high,2019-06-13,2019,2019-06,90.0,False
2019-06-11 11:00:00,2019-06-11 12:30:00,NIFTY 50,bullish,pro_FVG+VP,668.64,732.96,64.32,109.02,120.47,64,stop_loss_premium_phase3,immediate,False,True,True,False,False,False,False,False,True,3.63,1.18,21.36,accumulation,markup,high,2019-06-13,2019,2019-06,90.0,True
2019-06-14 09:30:00,2019-06-14 11:00:00,NIFTY 50,bullish,pro_LiqSweep+FVG,792.44,869.27,76.83,193.14,206.73,64,stop_loss_premium_phase3,immediate,True,True,False,False,False,False,False,False,True,3.67,0.3,19.31,accumulation,markdown,medium,2019-06-20,2019,2019-06,90.0,True
2019-06-18 11:30:00,2019-06-18 13:00:00,NIFTY 50,bearish,pro_LiqSweep+OTE+VWAP,70.51,134.21,63.7,111.45,113.54,64,stop_loss_premium_phase3,immediate,True,False,False,True,False,False,False,True,True,1.46,3.41,22.85,markdown,markdown,medium,2019-06-20,2019,2019-06,90.0,True
2019-06-18 14:15:00,2019-06-18 14:45:00,NIFTY 50,bearish,pro_LiqSweep+FVG+OTE+VWAP,1691.28,1750.64,59.36,63.72,91.07,64,target,immediate,True,True,False,True,False,False,False,True,True,1.46,4.84,16.85,markdown,markdown,medium,2019-06-20,2019,2019-06,30.0,True
2019-06-18 15:00:00,2019-06-19 09:45:00,NIFTY 50,bearish,pro_LiqSweep+VP+VWAP,-248.91,-178.16,70.75,160.67,157.93,65,stop_loss_premium_phase2,immediate,True,False,True,False,False,False,False,True,True,0.0,4.0,20.35,markdown,markdown,medium,2019-06-20,2019,2019-06,1125.0,False
2019-06-28 10:00:00,2019-06-28 11:30:00,NIFTY 50,bullish,pro_LiqSweep+OTE+RSI_Div,-266.06,-191.33,74.73,190.56,187.57,64,stop_loss_premium_phase3,immediate,True,False,False,True,True,False,False,False,False,3.36,1.73,26.7,markdown,accumulation,low,2019-07-04,2019,2019-06,90.0,False
2019-07-02 10:00:00,2019-07-02 11:30:00,NIFTY 50,bullish,pro_VP+OTE+RSI_Div,-87.35,-16.49,70.86,162.16,161.9,64,stop_loss_premium_phase3,immediate,False,False,True,True,True,False,False,False,True,4.06,1.8,13.7,accumulation,markup,low,2019-07-04,2019,2019-07,90.0,False
2019-07-03 09:15:00,2019-07-03 12:45:00,NIFTY 50,bullish,pro_FVG+VP,-146.28,-71.8,74.48,187.56,186.43,64,time_stop,immediate,False,True,True,False,False,False,False,False,True,3.63,0.3,16.1,markup,markup,low,2019-07-04,2019,2019-07,210.0,False
2019-07-09 14:15:00,2019-07-10 09:30:00,NIFTY 50,bullish,pro_LiqSweep+VP,1460.89,1534.7,73.81,165.06,189.04,64,stop_loss_premium_phase3,immediate,True,False,True,False,False,False,False,False,True,3.7,1.18,26.43,markdown,markdown,low,2019-07-11,2019,2019-07,1155.0,True
2019-07-12 09:30:00,2019-07-12 11:00:00,NIFTY 50,bearish,pro_LiqSweep+OTE+RSI_Div+VWAP,94.06,165.24,71.18,162.27,164.86,64,stop_loss_premium_phase3,immediate,True,False,False,True,True,False,False,True,True,1.46,4.4,16.89,markup,markdown,medium,2019-07-18,2019,2019-07,90.0,True
2019-07-12 11:30:00,2019-07-12 13:00:00,NIFTY 50,bearish,pro_LiqSweep+OTE+VWAP,332.56,404.4,71.84,164.12,170.44,64,stop_loss_premium_phase3,immediate,True,False,False,True,False,False,False,True,True,1.46,3.41,17.57,markup,markdown,medium,2019-07-18,2019,2019-07,90.0,True
2019-07-16 09:30:00,2019-07-16 11:00:00,NIFTY 50,bullish,pro_VP+RSI_Div,95.91,153.06,57.15,66.39,68.78,64,stop_loss_premium_phase3,immediate,False,False,True,False,True,False,False,False,True,3.18,1.8,18.48,markup,markdown,low,2019-07-18,2019,2019-07,90.0,True
2019-07-22 14:15:00,2019-07-23 09:30:00,NIFTY 50,bullish,pro_VP+RSI_Div,-86.49,-14.79,71.7,167.85,167.62,64,stop_loss_premium_phase3,immediate,False,False,True,False,True,False,False,False,True,3.18,1.73,18.67,markdown,markdown,medium,2019-07-25,2019,2019-07,1155.0,False
2019-07-26 09:45:00,2019-07-26 11:30:00,NIFTY 50,bullish,pro_LiqSweep+OTE+RSI_Div,3139.67,3220.1,80.43,191.57,241.88,64,target,immediate,True,False,False,True,True,False,False,False,True,4.1,0.3,26.68,markdown,markdown,low,2019-08-01,2019,2019-07,105.0,True
2019-07-26 14:15:00,2019-07-29 09:30:00,NIFTY 50,bullish,pro_LiqSweep+VP+RSI_Div,-85.78,-14.4,71.38,163.09,162.87,65,stop_loss_premium_phase3,immediate,True,False,True,False,True,False,False,False,True,4.68,1.18,20.31,markdown,markdown,low,2019-08-01,2019,2019-07,4035.0,False
2019-08-02 09:30:00,2019-08-02 11:00:00,NIFTY 50,bullish,pro_LiqSweep+RSI_Div,-94.82,-18.33,76.49,200.72,200.43,64,stop_loss_premium_phase3,immediate,True,False,False,False,True,False,False,False,True,3.22,0.3,34.7,markdown,markdown,low,2019-08-08,2019,2019-08,90.0,False
2019-08-02 11:15:00,2019-08-02 12:45:00,NIFTY 50,bullish,pro_LiqSweep+OTE+RSI_Div,1170.46,1250.38,79.92,210.05,229.58,64,stop_loss_premium_phase3,immediate,True,False,False,True,True,False,False,False,True,4.1,0.3,37.32,markdown,markdown,low,2019-08-08,2019,2019-08,90.0,True
2019-08-02 14:15:00,2019-08-05 09:15:00,NIFTY 50,bullish,pro_LiqSweep+VP+RSI_Div,-264.83,-186.48,78.35,215.28,212.36,64,stop_loss_premium_phase2,immediate,True,False,True,False,True,False,False,False,True,4.68,0.3,35.62,markdown,markdown,low,2019-08-08,2019,2019-08,4020.0,False
2019-08-06 10:30:00,2019-08-06 12:00:00,NIFTY 50,bullish,pro_FVG+VP,-92.23,-18.83,73.4,179.53,179.24,64,stop_loss_premium_phase3,immediate,False,True,True,False,False,False,False,False,True,3.63,1.18,32.04,accumulation,markdown,low,2019-08-08,2019,2019-08,90.0,False
2019-08-06 14:15:00,2019-08-06 15:15:00,NIFTY 50,bullish,pro_LiqSweep+VP,-72.8,-2.94,69.86,155.12,155.07,64,stop_loss_premium_phase2,immediate,True,False,True,False,False,False,False,False,True,3.7,1.29,20.51,accumulation,markdown,low,2019-08-08,2019,2019-08,60.0,False
2019-08-09 14:30:00,2019-08-13 09:15:00,NIFTY 50,bearish,pro_LiqSweep+RSI_Div+VWAP,2371.83,2444.5,72.67,147.13,185.32,64,target,immediate,True,False,False,False,True,False,False,True,True,0.0,3.53,20.77,markdown,markdown,medium,2019-08-15,2019,2019-08,5445.0,True
2019-08-16 14:30:00,2019-08-19 09:15:00,NIFTY 50,bullish,pro_VP+RSI_Div,2162.65,2240.09,77.44,179.27,213.73,65,target,immediate,False,False,True,False,True,False,False,False,True,3.18,1.8,22.94,markup,markdown,medium,2019-08-22,2019,2019-08,4005.0,True
2019-08-19 14:30:00,2019-08-20 09:45:00,NIFTY 50,bearish,pro_VP+RSI_Div+VWAP,548.52,613.18,64.66,110.93,120.36,65,stop_loss_premium_phase3,immediate,False,False,True,False,True,False,False,True,True,1.43,3.49,18.41,markup,markdown,medium,2019-08-22,2019,2019-08,1155.0,True
2019-09-09 10:30:00,2019-09-09 12:00:00,NIFTY 50,bullish,pro_FVG+VP,662.0,734.72,72.72,163.95,175.26,65,stop_loss_premium_phase3,immediate,False,True,True,False,False,False,False,False,True,3.63,1.29,23.71,markup,distribution,high,2019-09-12,2019,2019-09,90.0,True
2019-09-11 09:15:00,2019-09-11 11:30:00,NIFTY 50,bullish,pro_FVG+VP,555.68,618.28,62.6,98.5,108.16,64,target,immediate,False,True,True,False,False,False,False,False,True,3.63,0.3,15.31,markup,accumulation,medium,2019-09-12,2019,2019-09,135.0,True
2019-09-13 09:45:00,2019-09-13 11:15:00,NIFTY 50,bullish,pro_FVG+OTE+RSI_Div,-93.9,-20.46,73.44,177.05,176.74,65,stop_loss_premium_phase3,immediate,False,True,False,True,True,False,False,False,True,4.03,0.3,25.92,markdown,markup,medium,2019-09-19,2019,2019-09,90.0,False
2019-09-13 11:30:00,2019-09-13 13:00:00,NIFTY 50,bullish,pro_FVG+OTE,333.26,406.56,73.3,174.13,180.49,64,stop_loss_premium_phase3,immediate,False,True,False,True,False,False,False,False,True,3.04,0.3,28.16,markdown,markup,medium,2019-09-19,2019,2019-09,90.0,True
2019-09-13 14:15:00,2019-09-13 15:00:00,NIFTY 50,bullish,pro_VP+RSI_Div,1962.15,2040.59,78.44,191.11,223.0,64,target,immediate,False,False,True,False,True,False,False,False,True,3.18,1.8,18.55,markdown,markup,medium,2019-09-19,2019,2019-09,45.0,True
2019-09-13 15:15:00,2019-09-16 10:00:00,NIFTY 50,bullish,pro_VP+RSI_Div,-281.44,-211.24,70.2,157.31,154.06,65,stop_loss_premium_phase2,immediate,False,False,True,False,True,False,False,False,True,3.18,1.8,20.29,markdown,markup,medium,2019-09-19,2019,2019-09,4005.0,False
2019-09-24 11:15:00,2019-09-24 12:45:00,NIFTY 50,bullish,pro_LiqSweep+FVG,-94.33,-17.74,76.59,201.35,201.07,64,stop_loss_premium_phase3,immediate,True,True,False,False,False,False,False,False,True,3.67,0.3,39.91,accumulation,volatile,extreme,2019-09-26,2019,2019-09,90.0,False
2019-09-24 14:15:00,2019-09-25 09:15:00,NIFTY 50,bullish,pro_LiqSweep+FVG+OTE,-89.89,-15.99,73.9,182.93,182.68,64,stop_loss_premium_phase2,immediate,True,True,False,True,False,False,False,False,True,4.54,0.3,27.46,accumulation,volatile,extreme,2019-09-26,2019,2019-09,1140.0,False
2019-09-27 15:15:00,2019-09-30 10:00:00,NIFTY 50,bullish,pro_FVG+RSI_Div,-211.78,-137.8,73.98,184.82,182.67,64,stop_loss_premium_phase2,immediate,False,True,False,False,True,False,False,False,True,3.15,1.8,21.39,markdown,volatile,extreme,2019-10-03,2019,2019-09,4005.0,False
2019-09-30 11:15:00,2019-09-30 12:45:00,NIFTY 50,bullish,pro_LiqSweep+RSI_Div,177.71,248.59,70.88,159.3,163.19,64,stop_loss_premium_phase3,immediate,True,False,False,False,True,False,False,False,True,3.22,0.3,25.89,markdown,volatile,extreme,2019-10-03,2019,2019-09,90.0,True
2019-09-30 14:15:00,2019-09-30 15:15:00,NIFTY 50,bullish,pro_LiqSweep+OTE,-62.58,1.52,64.1,115.65,115.68,64,stop_loss_premium_phase2,immediate,True,False,False,True,False,False,False,False,True,3.11,0.3,21.03,markdown,volatile,extreme,2019-10-03,2019,2019-09,60.0,False
2019-10-04 14:15:00,2019-10-07 09:30:00,NIFTY 50,bearish,pro_LiqSweep+FVG+VWAP,2470.44,2549.82,79.38,191.88,231.72,64,stop_loss_premium_phase3,immediate,True,True,False,False,False,False,False,True,True,0.0,3.97,36.07,markup,volatile,extreme,2019-10-10,2019,2019-10,4035.0,True
2019-10-07 09:45:00,2019-10-07 11:15:00,NIFTY 50,bearish,pro_LiqSweep+FVG+VWAP,-96.38,-18.58,77.8,206.42,206.13,65,stop_loss_premium_phase3,immediate,True,True,False,False,False,False,False,True,True,0.88,3.97,39.84,markdown,volatile,extreme,2019-10-10,2019,2019-10,90.0,False
2019-10-11 09:45:00,2019-10-11 10:45:00,NIFTY 50,bullish,pro_LiqSweep+VP,-97.37,-22.62,74.75,188.85,188.5,64,stop_loss_premium_phase2,immediate,True,False,True,False,False,False,False,False,True,3.7,1.29,28.41,markup,volatile,extreme,2019-10-17,2019,2019-10,60.0,False
2019-10-11 11:00:00,2019-10-11 12:30:00,NIFTY 50,bullish,pro_LiqSweep+OTE,409.72,487.13,77.41,211.28,219.27,61,stop_loss_premium_phase3,immediate,True,False,False,True,False,False,False,False,True,3.11,0.3,36.8,markdown,volatile,extreme,2019-10-17,2019,2019-10,90.0,True
2019-10-15 10:15:00,2019-10-15 11:45:00,NIFTY 50,bullish,pro_LiqSweep+VP,1018.36,1091.33,72.97,164.22,181.27,64,stop_loss_premium_phase3,immediate,True,False,True,False,False,False,False,False,True,3.7,1.18,28.78,markdown,volatile,extreme,2019-10-17,2019,2019-10,90.0,True
2019-10-25 09:45:00,2019-10-25 11:15:00,NIFTY 50,bearish,pro_LiqSweep+OTE+VWAP,707.05,783.11,76.06,188.81,201.05,64,stop_loss_premium_phase3,immediate,True,False,False,True,False,False,False,True,True,1.46,3.41,32.47,accumulation,markup,medium,2019-10-31,2019,2019-10,90.0,True
2019-10-25 14:15:00,2019-10-29 09:15:00,NIFTY 50,bearish,pro_LiqSweep+FVG+VWAP,-333.73,-262.21,71.52,169.36,165.27,64,stop_loss_premium_phase2,immediate,True,True,False,False,False,False,False,True,True,0.0,3.97,23.04,accumulation,markup,medium,2019-10-31,2019,2019-10,5460.0,False
2019-11-01 14:15:00,2019-11-01 14:30:00,NIFTY 50,bullish,pro_LiqSweep+VP,1732.22,1806.33,74.11,164.09,192.31,64,target,immediate,True,False,True,False,False,False,False,False,False,2.96,1.18,17.18,markup,markup,medium,2019-11-07,2019,2019-11,15.0,True
2019-11-01 15:00:00,2019-11-04 09:15:00,NIFTY 50,bullish,pro_LiqSweep+VP,1914.18,1990.04,75.86,171.33,201.95,65,target,immediate,True,False,True,False,False,False,False,False,False,2.96,1.18,19.37,markup,markup,medium,2019-11-07,2019,2019-11,3975.0,True
2019-11-04 09:30:00,2019-11-04 11:00:00,NIFTY 50,bullish,pro_LiqSweep+VP,-285.56,-210.92,74.64,187.27,184.02,65,stop_loss_premium_phase3,immediate,True,False,True,False,False,False,False,False,False,2.96,1.29,23.69,markup,markup,medium,2019-11-07,2019,2019-11,90.0,False
2019-11-04 11:15:00,2019-11-04 12:15:00,NIFTY 50,bullish,pro_LiqSweep+VP,-281.53,-210.95,70.58,162.38,159.08,64,stop_loss_premium_phase2,immediate,True,False,True,False,False,False,False,False,False,2.96,0.3,25.07,markup,markup,medium,2019-11-07,2019,2019-11,60.0,False
2019-11-04 14:30:00,2019-11-05 09:45:00,NIFTY 50,bullish,pro_LiqSweep+FVG+VP,-87.98,-16.95,71.03,163.28,163.01,64,stop_loss_premium_phase3,immediate,True,True,True,False,False,False,False,False,False,4.39,1.29,20.89,markup,markup,medium,2019-11-07,2019,2019-11,1155.0,False
2019-11-05 10:00:00,2019-11-05 11:30:00,NIFTY 50,bullish,pro_LiqSweep+FVG,-82.24,-12.91,69.33,151.6,151.4,64,stop_loss_premium_phase3,immediate,True,True,False,False,False,False,False,False,False,2.93,0.3,21.21,markup,markup,medium,2019-11-07,2019,2019-11,90.0,False
2019-11-05 14:45:00,2019-11-06 09:30:00,NIFTY 50,bullish,pro_LiqSweep+VP,-66.64,-6.84,59.8,86.31,86.2,64,stop_loss_premium_phase2,immediate,True,False,True,False,False,False,False,False,False,2.96,0.3,19.25,markdown,markup,medium,2019-11-07,2019,2019-11,1125.0,False
2019-11-08 11:00:00,2019-11-08 12:15:00,NIFTY 50,bearish,pro_FVG+RSI_Div+VWAP,-203.24,-134.17,69.07,151.19,149.09,64,stop_loss_premium_phase2,immediate,False,True,False,False,True,False,False,True,True,1.5,3.45,19.61,markdown,markup,low,2019-11-14,2019,2019-11,75.0,False
2019-11-13 09:15:00,2019-11-13 10:45:00,NIFTY 50,bullish,pro_FVG+VP,296.23,369.18,72.95,172.11,177.88,64,stop_loss_premium_phase3,immediate,False,True,True,False,False,False,False,False,True,3.63,1.18,18.42,markdown,markup,low,2019-11-14,2019,2019-11,90.0,True
2019-11-22 14:30:00,2019-11-25 09:15:00,NIFTY 50,bullish,pro_VP+OTE+RSI_Div,2126.35,2202.54,76.19,173.88,208.29,64,target,immediate,False,False,True,True,True,False,False,False,True,4.06,1.8,15.14,markdown,markup,low,2019-11-28,2019,2019-11,4005.0,True
2019-11-25 09:45:00,2019-11-25 11:45:00,NIFTY 50,bullish,pro_VP+RSI_Div,1269.23,1345.65,76.42,182.19,202.89,65,stop_loss_premium_phase3,immediate,False,False,True,False,True,False,False,False,True,3.18,1.8,17.7,markdown,markup,low,2019-11-28,2019,2019-11,120.0,True
2019-11-25 14:45:00,2019-11-26 09:15:00,NIFTY 50,bullish,pro_FVG+VP,1388.29,1448.89,60.6,75.57,98.21,64,target,immediate,False,True,True,False,False,False,False,False,True,3.63,0.3,13.54,markup,markup,low,2019-11-28,2019,2019-11,1110.0,True
2019-12-02 11:00:00,2019-12-02 12:30:00,NIFTY 50,bearish,pro_LiqSweep+FVG+VWAP,-71.49,0.69,72.18,168.36,168.37,65,stop_loss_premium_phase3,immediate,True,True,False,False,False,False,False,True,True,0.88,3.97,26.9,markdown,markup,low,2019-12-05,2019,2019-12,90.0,False
2019-12-09 10:00:00,2019-12-09 12:00:00,NIFTY 50,bullish,pro_LiqSweep+OTE+RSI_Div,1000.03,1077.07,77.04,192.29,209.12,64,stop_loss_premium_phase3,immediate,True,False,False,True,True,False,False,False,False,3.36,0.3,25.39,markdown,markdown,low,2019-12-12,2019,2019-12,120.0,True
2019-12-09 14:15:00,2019-12-10 09:30:00,NIFTY 50,bullish,pro_FVG+VP,534.14,598.58,64.44,111.34,120.7,64,stop_loss_premium_phase3,immediate,False,True,True,False,False,False,False,False,False,2.89,0.3,18.64,markdown,markdown,low,2019-12-12,2019,2019-12,1155.0,True
2019-12-17 09:30:00,2019-12-17 11:30:00,NIFTY 50,bullish,pro_LiqSweep+VP,1025.88,1085.39,59.51,72.17,89.13,64,stop_loss_premium_phase3,immediate,True,False,True,False,False,False,False,False,True,3.7,0.3,15.9,markdown,markup,low,2019-12-19,2019,2019-12,120.0,True
2019-12-17 14:15:00,2019-12-17 15:15:00,NIFTY 50,bullish,pro_LiqSweep+VP,1132.08,1190.49,58.41,63.48,82.08,64,target,immediate,True,False,True,False,False,False,False,False,True,3.7,0.3,10.83,markdown,markup,low,2019-12-19,2019,2019-12,60.0,True
2019-12-18 09:15:00,2019-12-18 09:30:00,NIFTY 50,bullish,pro_LiqSweep+VP,412.42,490.41,77.99,202.12,209.67,65,target,immediate,True,False,True,False,False,False,False,False,True,3.7,0.3,12.38,markdown,markup,low,2019-12-19,2019,2019-12,15.0,True
2019-12-20 09:30:00,2019-12-20 10:30:00,NIFTY 50,bullish,pro_LiqSweep+VP,-249.71,-186.36,63.35,110.91,108.05,65,stop_loss_premium_phase2,immediate,True,False,True,False,False,False,False,False,False,2.96,1.29,14.94,markup,markup,low,2019-12-26,2019,2019-12,60.0,False
2019-12-20 10:45:00,2019-12-20 12:15:00,NIFTY 50,bullish,pro_LiqSweep+VP,27.67,90.73,63.06,107.54,108.96,64,stop_loss_premium_phase3,immediate,True,False,True,False,False,False,False,False,False,2.96,1.18,16.25,markup,markup,low,2019-12-26,2019,2019-12,90.0,True
2019-12-23 09:30:00,2019-12-23 11:00:00,NIFTY 50,bearish,pro_LiqSweep+RSI_Div+VWAP,-241.97,-180.63,61.34,98.76,95.94,64,stop_loss_premium_phase3,immediate,True,False,False,False,True,False,False,True,True,1.46,3.53,16.43,markdown,markup,low,2019-12-26,2019,2019-12,90.0,False
2019-12-30 11:15:00,2019-12-30 12:45:00,NIFTY 50,bullish,pro_FVG+VP,-231.85,-159.73,72.12,172.32,169.82,64,stop_loss_premium_phase3,immediate,False,True,True,False,False,False,False,False,True,3.63,1.18,16.02,markup,markup,low,2020-01-02,2019,2019-12,90.0,False
2019-12-30 14:45:00,2019-12-31 09:45:00,NIFTY 50,bullish,pro_FVG+VP+OTE,-81.85,-12.75,69.1,150.02,149.82,64,stop_loss_premium_phase2,immediate,False,True,True,True,False,False,False,False,True,4.5,0.3,16.06,markup,markup,low,2020-01-02,2019,2019-12,1140.0,False
2020-01-03 09:45:00,2020-01-03 11:15:00,NIFTY 50,bearish,pro_LiqSweep+RSI_Div+VWAP,-84.56,-13.5,71.06,163.47,163.26,64,stop_loss_premium_phase3,immediate,True,False,False,False,True,False,False,True,False,0.0,2.79,13.75,markup,markup,low,2020-01-09,2020,2020-01,90.0,False
2020-01-07 14:15:00,2020-01-08 09:15:00,NIFTY 50,bearish,pro_FVG+RSI_Div+VWAP,2445.36,2520.61,75.25,163.96,203.34,64,target,immediate,False,True,False,False,True,False,False,True,False,0.88,2.72,22.41,markup,markdown,low,2020-01-09,2020,2020-01,1140.0,True
2020-01-13 14:45:00,2020-01-14 09:30:00,NIFTY 50,bearish,pro_LiqSweep+FVG+RSI_Div+VWAP,-54.53,6.09,60.62,90.37,90.46,65,stop_loss_premium_phase2,immediate,True,True,False,False,True,False,False,True,True,1.46,4.95,12.47,markdown,accumulation,medium,2020-01-16,2020,2020-01,1125.0,False
2020-01-17 14:15:00,2020-01-20 09:15:00,NIFTY 50,bearish,pro_FVG+OTE+VWAP,-72.57,-10.67,61.9,100.73,100.56,64,stop_loss_premium_phase2,immediate,False,True,False,True,False,False,False,True,True,1.46,3.34,12.09,markup,markup,low,2020-01-23,2020,2020-01,4020.0,False
2020-01-24 09:30:00,2020-01-24 11:00:00,NIFTY 50,bullish,pro_LiqSweep+VP+RSI_Div,813.26,877.83,64.57,109.09,122.8,64,stop_loss_premium_phase3,immediate,True,False,True,False,True,False,False,False,True,4.68,0.3,16.03,accumulation,markup,low,2020-01-30,2020,2020-01,90.0,True
2020-01-24 11:15:00,2020-01-24 12:45:00,NIFTY 50,bullish,pro_LiqSweep+FVG+VP,231.8,296.49,64.69,116.43,121.06,64,stop_loss_premium_phase3,immediate,True,True,True,False,False,False,False,False,True,5.13,1.29,18.54,accumulation,markup,low,2020-01-30,2020,2020-01,90.0,True
2020-01-24 14:15:00,2020-01-27 09:15:00,NIFTY 50,bullish,pro_LiqSweep+VP,-94.45,-21.37,73.08,177.38,177.05,64,stop_loss_premium_phase2,immediate,True,False,True,False,False,False,False,False,True,3.7,1.29,11.18,accumulation,markup,low,2020-01-30,2020,2020-01,4020.0,False
2020-02-01 14:15:00,2020-02-01 14:45:00,NIFTY 50,bearish,pro_FVG+RSI_Div+VWAP,3501.78,3584.12,82.34,200.65,256.65,64,target,immediate,False,True,False,False,True,False,False,True,True,0.0,3.45,57.96,markdown,markdown,medium,2020-02-06,2020,2020-02,30.0,True
2020-02-03 10:45:00,2020-02-03 11:45:00,NIFTY 50,bullish,pro_FVG+OTE,-85.0,-6.3,78.7,212.33,212.23,65,stop_loss_premium_phase2,immediate,False,True,False,True,False,False,False,False,True,3.04,0.3,58.17,markdown,markdown,medium,2020-02-06,2020,2020-02,60.0,False
2020-02-07 11:00:00,2020-02-07 12:30:00,NIFTY 50,bullish,pro_LiqSweep+VP+OTE,-77.83,-2.78,75.05,190.68,190.63,64,stop_loss_premium_phase3,immediate,True,False,True,True,False,False,False,False,True,4.57,0.3,22.81,markdown,accumulation,medium,2020-02-13,2020,2020-02,90.0,False
2020-02-07 14:45:00,2020-02-10 09:30:00,NIFTY 50,bullish,pro_LiqSweep+VP+RSI_Div,-86.65,-14.24,72.41,172.7,172.48,64,stop_loss_premium_phase2,immediate,True,False,True,False,True,False,False,False,True,4.68,0.3,17.09,markdown,accumulation,medium,2020-02-13,2020,2020-02,4005.0,False
2020-02-10 14:45:00,2020-02-11 09:15:00,NIFTY 50,bullish,pro_VP+OTE+RSI_Div,2022.27,2097.57,75.3,169.02,201.79,64,target,immediate,False,False,True,True,True,False,False,False,True,4.06,0.3,14.21,markdown,markdown,medium,2020-02-13,2020,2020-02,1110.0,True
2020-02-18 14:30:00,2020-02-18 15:00:00,NIFTY 50,bullish,pro_LiqSweep+VP+RSI_Div,2278.88,2353.73,74.85,160.55,196.76,65,target,immediate,True,False,True,False,True,False,False,False,False,3.95,1.18,14.99,markdown,markdown,medium,2020-02-20,2020,2020-02,30.0,True
2020-02-18 15:15:00,2020-02-19 09:15:00,NIFTY 50,bullish,pro_LiqSweep+VP+RSI_Div,1964.04,2025.8,61.76,75.93,107.09,65,target,immediate,True,False,True,False,True,False,False,False,False,3.95,1.73,17.9,markdown,markdown,medium,2020-02-20,2020,2020-02,1080.0,True
2020-02-25 09:30:00,2020-02-25 11:00:00,NIFTY 50,bearish,pro_LiqSweep+FVG+VWAP,425.88,489.34,63.46,104.23,111.76,65,stop_loss_premium_phase3,immediate,True,True,False,False,False,False,False,True,True,1.86,3.97,24.64,markdown,markdown,medium,2020-02-27,2020,2020-02,90.0,True
2020-03-17 10:45:00,2020-03-17 12:15:00,NIFTY 50,bearish,pro_FVG+OTE+VWAP,2082.86,2164.98,82.12,211.59,244.89,65,stop_loss_premium_phase3,immediate,False,True,False,True,False,False,False,True,True,0.0,3.34,106.91,markdown,volatile,extreme,2020-03-19,2020,2020-03,90.0,True
2020-03-17 15:00:00,2020-03-18 10:15:00,NIFTY 50,bearish,pro_VP+RSI_Div+VWAP,-90.87,-16.21,74.66,188.16,187.9,64,stop_loss_premium_phase3,immediate,False,False,True,False,True,False,False,True,True,1.43,3.49,62.7,markdown,volatile,extreme,2020-03-19,2020,2020-03,1155.0,False
2020-04-03 10:00:00,2020-04-03 11:30:00,NIFTY 50,bearish,pro_FVG+RSI_Div+VWAP,1798.95,1880.31,81.36,219.77,250.1,62,stop_loss_premium_phase3,immediate,False,True,False,False,True,False,False,True,False,0.0,2.72,51.19,markdown,volatile,extreme,2020-04-09,2020,2020-04,90.0,True
2020-04-13 11:30:00,2020-04-13 13:00:00,NIFTY 50,bearish,pro_LiqSweep+FVG+VWAP,1054.08,1132.71,78.63,205.76,223.74,63,stop_loss_premium_phase3,immediate,True,True,False,False,False,False,False,True,True,0.0,3.97,53.3,markdown,volatile,extreme,2020-04-16,2020,2020-04,90.0,True
2020-04-13 14:45:00,2020-04-15 09:30:00,NIFTY 50,bearish,pro_LiqSweep+FVG+VWAP,-101.61,-23.25,78.36,213.53,213.17,64,stop_loss_premium_phase2,immediate,True,True,False,False,False,False,False,True,True,0.99,3.97,47.07,markdown,volatile,extreme,2020-04-16,2020,2020-04,2565.0,False
2020-04-20 14:15:00,2020-04-20 14:45:00,NIFTY 50,bearish,pro_LiqSweep+FVG+VWAP,3013.13,3094.39,81.26,198.7,247.05,64,target,immediate,True,True,False,False,False,False,False,True,False,0.88,3.23,33.88,markup,volatile,extreme,2020-04-23,2020,2020-04,30.0,True
2020-05-11 10:30:00,2020-05-11 12:00:00,NIFTY 50,bearish,pro_FVG+OTE+VWAP,1577.99,1655.25,77.26,184.47,209.93,65,stop_loss_premium_phase3,immediate,False,True,False,True,False,False,False,True,True,0.0,3.34,41.07,markdown,volatile,extreme,2020-05-14,2020,2020-05,90.0,True
2020-05-11 14:15:00,2020-05-11 14:45:00,NIFTY 50,bearish,pro_VP+RSI_Div+VWAP,2484.78,2561.89,77.11,176.21,216.24,64,target,immediate,False,False,True,False,True,False,False,True,True,1.43,3.49,26.09,markdown,volatile,extreme,2020-05-14,2020,2020-05,30.0,True
2020-05-12 09:15:00,2020-05-12 09:30:00,NIFTY 50,bearish,pro_FVG+RSI_Div+VWAP,-1301.84,-1221.71,80.13,235.31,216.51,65,target,immediate,False,True,False,False,True,False,False,True,True,0.0,3.45,27.29,markdown,volatile,extreme,2020-05-14,2020,2020-05,15.0,False
2020-05-18 10:15:00,2020-05-18 11:00:00,NIFTY 50,bearish,pro_LiqSweep+RSI_Div+VWAP,3397.57,3478.74,81.17,193.81,248.16,64,target,immediate,True,False,False,False,True,False,False,True,False,0.0,2.79,45.18,markup,volatile,extreme,2020-05-21,2020,2020-05,45.0,True
2020-05-19 09:15:00,2020-05-19 10:15:00,NIFTY 50,bearish,pro_LiqSweep+FVG+VWAP,-696.61,-635.69,60.92,99.44,89.66,65,stop_loss_premium_phase2,immediate,True,True,False,False,False,False,False,True,False,0.0,3.23,31.6,markdown,volatile,extreme,2020-05-21,2020,2020-05,60.0,False
2020-05-22 10:00:00,2020-05-22 11:00:00,NIFTY 50,bullish,pro_LiqSweep+RSI_Div,-78.59,-0.5,78.09,211.42,211.41,64,stop_loss_premium_phase2,immediate,True,False,False,False,True,False,False,False,True,3.22,0.3,33.16,markdown,volatile,extreme,2020-05-28,2020,2020-05,60.0,False
2020-05-22 14:30:00,2020-05-26 09:15:00,NIFTY 50,bullish,pro_LiqSweep+OTE,2571.06,2648.94,77.88,180.49,221.88,64,target,immediate,True,False,False,True,False,False,False,False,True,3.11,0.3,28.68,markdown,volatile,extreme,2020-05-28,2020,2020-05,5445.0,True
2020-05-26 11:00:00,2020-05-26 12:30:00,NIFTY 50,bearish,pro_FVG+OTE+VWAP,648.69,721.54,72.85,164.93,176.03,65,stop_loss_premium_phase3,immediate,False,True,False,True,False,False,False,True,True,1.5,3.34,33.11,markup,volatile,extreme,2020-05-28,2020,2020-05,90.0,True
2020-05-29 10:30:00,2020-05-29 12:00:00,NIFTY 50,bullish,pro_LiqSweep+VP,507.88,584.73,76.85,196.42,205.56,64,stop_loss_premium_phase3,immediate,True,False,True,False,False,False,False,False,True,3.7,0.3,33.83,markdown,volatile,extreme,2020-06-04,2020,2020-05,90.0,True
2020-06-15 09:15:00,2020-06-15 10:15:00,NIFTY 50,bullish,pro_FVG+VP,-216.45,-144.53,71.92,168.18,165.95,65,stop_loss_premium_phase2,immediate,False,True,True,False,False,False,False,False,True,3.63,0.3,46.12,markdown,volatile,extreme,2020-06-18,2020,2020-06,60.0,False
2020-06-19 14:15:00,2020-06-22 09:15:00,NIFTY 50,bullish,pro_VP+RSI_Div,2884.53,2965.6,81.07,198.81,245.15,64,target,immediate,False,False,True,False,True,False,False,False,True,3.18,1.18,33.8,markup,markup,high,2020-06-25,2020,2020-06,4020.0,True
2020-06-23 09:30:00,2020-06-23 11:00:00,NIFTY 50,bullish,pro_LiqSweep+FVG+VP,1720.01,1797.36,77.35,183.51,211.16,65,stop_loss_premium_phase3,immediate,True,True,True,False,False,False,False,False,True,5.13,1.18,31.81,accumulation,markup,high,2020-06-25,2020,2020-06,90.0,True
2020-06-29 14:30:00,2020-06-30 09:15:00,NIFTY 50,bullish,pro_LiqSweep+VP,3314.45,3393.68,79.23,181.48,234.51,64,target,immediate,True,False,True,False,False,False,False,False,True,3.7,0.3,28.01,markdown,markup,high,2020-07-02,2020,2020-06,1125.0,True
2020-07-10 09:45:00,2020-07-10 10:45:00,NIFTY 50,bullish,pro_LiqSweep+VP,-96.48,-21.26,75.22,189.07,188.74,65,stop_loss_premium_phase2,immediate,True,False,True,False,False,False,False,False,False,2.96,0.3,27.11,markup,markup,medium,2020-07-16,2020,2020-07,60.0,False
2020-07-13 11:30:00,2020-07-13 13:00:00,NIFTY 50,bearish,pro_FVG+OTE+VWAP,1171.09,1248.35,77.26,191.83,211.33,64,stop_loss_premium_phase3,immediate,False,True,False,True,False,False,False,True,False,0.0,2.61,32.96,markup,markup,medium,2020-07-16,2020,2020-07,90.0,True
2020-07-17 09:45:00,2020-07-17 11:15:00,NIFTY 50,bullish,pro_FVG+VP,425.93,503.86,77.93,204.7,212.57,64,stop_loss_premium_phase3,immediate,False,True,True,False,False,False,False,False,True,3.63,0.3,33.18,markdown,markup,medium,2020-07-23,2020,2020-07,90.0,True
2020-07-17 14:15:00,2020-07-17 15:00:00,NIFTY 50,bullish,pro_LiqSweep+VP,2991.86,3069.68,77.82,175.43,223.39,64,target,immediate,True,False,True,False,False,False,False,False,True,3.7,0.3,25.56,markup,markup,medium,2020-07-23,2020,2020-07,45.0,True
2020-07-17 15:15:00,2020-07-20 09:15:00,NIFTY 50,bullish,pro_LiqSweep+VP,3132.22,3212.85,80.63,190.11,239.54,65,target,immediate,True,False,True,False,False,False,False,False,True,3.7,1.29,26.52,markup,markup,medium,2020-07-23,2020,2020-07,3960.0,True
2020-07-27 10:00:00,2020-07-27 11:30:00,NIFTY 50,bearish,pro_LiqSweep+RSI_Div+VWAP,-75.61,-2.81,72.8,172.57,172.52,65,stop_loss_premium_phase3,immediate,True,False,False,False,True,False,False,True,False,0.88,2.79,34.4,markdown,markup,medium,2020-07-30,2020,2020-07,90.0,False
2020-07-27 15:15:00,2020-07-28 10:00:00,NIFTY 50,bearish,pro_LiqSweep+RSI_Div+VWAP,-200.19,-124.91,75.28,193.6,191.65,64,stop_loss_premium_phase2,immediate,True,False,False,False,True,False,False,True,False,0.88,2.79,28.94,markup,markup,medium,2020-07-30,2020,2020-07,1125.0,False
2020-07-28 11:00:00,2020-07-28 13:00:00,NIFTY 50,bullish,pro_FVG+VP,2497.9,2572.97,75.07,162.1,202.31,64,stop_loss_premium_phase3,immediate,False,True,True,False,False,False,False,False,True,3.63,1.29,32.58,markup,markup,medium,2020-07-30,2020,2020-07,120.0,True
2020-07-28 14:30:00,2020-07-29 09:15:00,NIFTY 50,bullish,pro_VP+RSI_Div,2046.28,2111.93,65.65,102.8,135.79,64,target,immediate,False,False,True,False,True,False,False,False,True,3.18,1.8,22.79,markup,markup,medium,2020-07-30,2020,2020-07,1125.0,True
2020-08-07 09:30:00,2020-08-07 11:00:00,NIFTY 50,bullish,pro_LiqSweep+OTE,-94.99,-17.98,77.01,201.13,200.85,65,stop_loss_premium_phase3,immediate,True,False,False,True,False,False,False,False,True,3.11,0.3,37.69,markup,markup,medium,2020-08-13,2020,2020-08,90.0,False
2020-08-18 09:30:00,2020-08-18 11:00:00,NIFTY 50,bullish,pro_LiqSweep+VP,-87.86,-14.63,73.23,178.31,178.08,64,stop_loss_premium_phase3,immediate,True,False,True,False,False,False,False,False,True,3.7,1.73,26.57,markdown,markup,medium,2020-08-20,2020,2020-08,90.0,False
2020-08-18 11:15:00,2020-08-18 12:45:00,NIFTY 50,bullish,pro_LiqSweep+VP,-91.95,-18.45,73.5,180.19,179.9,64,stop_loss_premium_phase3,immediate,True,False,True,False,False,False,False,False,True,3.7,0.3,23.91,markdown,markup,medium,2020-08-20,2020,2020-08,90.0,False
2020-08-18 14:15:00,2020-08-19 09:15:00,NIFTY 50,bullish,pro_LiqSweep+VP,2590.64,2667.42,76.78,172.8,214.47,64,target,immediate,True,False,True,False,False,False,False,False,True,3.7,1.29,17.67,markdown,markup,medium,2020-08-20,2020,2020-08,1140.0,True
2020-08-24 15:00:00,2020-08-25 09:15:00,NIFTY 50,bullish,pro_LiqSweep+FVG+VP,2888.84,2967.12,78.28,176.91,222.56,65,target,immediate,True,True,True,False,False,False,False,False,True,5.13,0.3,16.6,markup,markup,medium,2020-08-27,2020,2020-08,1095.0,True
2020-09-04 14:15:00,2020-09-07 09:15:00,NIFTY 50,bullish,pro_LiqSweep+RSI_Div,-73.85,-0.82,73.03,174.08,174.07,65,stop_loss_premium_phase2,immediate,True,False,False,False,True,False,False,False,True,3.22,1.73,21.91,markdown,accumulation,medium,2020-09-10,2020,2020-09,4020.0,False
2020-09-07 14:15:00,2020-09-08 10:00:00,NIFTY 50,bullish,pro_LiqSweep+VP,1700.86,1775.23,74.37,166.2,193.94,64,stop_loss_premium_phase3,immediate,True,False,True,False,False,False,False,False,True,3.7,1.18,22.35,markdown,markdown,medium,2020-09-10,2020,2020-09,1185.0,True
2020-09-08 14:15:00,2020-09-08 14:30:00,NIFTY 50,bearish,pro_FVG+OTE+VWAP,1769.87,1834.53,64.66,99.12,127.78,64,target,immediate,False,True,False,True,False,False,False,True,True,1.46,3.34,18.71,markup,markdown,medium,2020-09-10,2020,2020-09,15.0,True
2020-09-11 14:30:00,2020-09-14 09:15:00,NIFTY 50,bullish,pro_VP+OTE,2194.25,2271.28,77.03,176.14,211.09,65,target,immediate,False,False,True,True,False,False,False,False,True,3.07,0.3,22.21,markup,markup,medium,2020-09-17,2020,2020-09,4005.0,True
2020-09-18 10:00:00,2020-09-18 11:30:00,NIFTY 50,bearish,pro_LiqSweep+FVG+VWAP,698.13,770.33,72.2,160.02,171.87,65,stop_loss_premium_phase3,immediate,True,True,False,False,False,False,False,True,True,2.45,3.97,24.45,markup,markup,medium,2020-09-24,2020,2020-09,90.0,True
2020-09-18 14:15:00,2020-09-18 14:30:00,NIFTY 50,bearish,pro_FVG+OTE+VWAP,1327.82,1391.86,64.04,99.77,121.51,64,target,immediate,False,True,False,True,False,False,False,True,True,1.46,3.34,16.4,markup,markup,medium,2020-09-24,2020,2020-09,15.0,True
2020-09-18 15:00:00,2020-09-21 10:15:00,NIFTY 50,bearish,pro_FVG+RSI_Div+VWAP,790.46,864.75,74.29,173.09,186.39,65,stop_loss_premium_phase3,immediate,False,True,False,False,True,False,False,True,True,0.0,3.45,27.22,markup,markup,medium,2020-09-24,2020,2020-09,4035.0,True
2020-09-21 10:30:00,2020-09-21 12:00:00,NIFTY 50,bearish,pro_LiqSweep+FVG+RSI_Div+VWAP,772.97,852.63,79.66,209.44,222.56,65,stop_loss_premium_phase3,immediate,True,True,False,False,True,False,False,True,True,0.0,4.95,35.85,markup,markdown,medium,2020-09-24,2020,2020-09,90.0,True
2020-09-21 14:45:00,2020-09-22 09:15:00,NIFTY 50,bearish,pro_LiqSweep+FVG+VWAP,3803.35,3883.47,80.12,182.11,242.78,64,target,immediate,True,True,False,False,False,False,False,True,True,0.88,3.97,35.84,markup,markdown,medium,2020-09-24,2020,2020-09,1110.0,True
2020-09-29 11:30:00,2020-09-29 13:00:00,NIFTY 50,bearish,pro_LiqSweep+FVG+VWAP,1928.44,2001.81,73.37,154.43,185.23,65,stop_loss_premium_phase3,immediate,True,True,False,False,False,False,False,True,False,0.88,3.23,32.25,markdown,volatile,high,2020-10-01,2020,2020-09,90.0,True
2020-10-09 09:30:00,2020-10-09 10:30:00,NIFTY 50,bearish,pro_FVG+OTE+RSI_Div+VWAP,-77.65,-5.2,72.45,170.22,170.14,65,stop_loss_premium_phase2,immediate,False,True,False,True,True,False,False,True,False,1.46,3.59,27.52,markup,markup,high,2020-10-15,2020,2020-10,60.0,False
2020-10-09 10:45:00,2020-10-09 12:15:00,NIFTY 50,bearish,pro_LiqSweep+FVG+VWAP,-77.91,-2.54,75.37,195.93,195.89,63,stop_loss_premium_phase3,immediate,True,True,False,False,False,False,False,True,False,1.46,3.23,39.3,markup,markup,high,2020-10-15,2020,2020-10,90.0,False
2020-10-12 14:15:00,2020-10-13 09:30:00,NIFTY 50,bearish,pro_LiqSweep+RSI_Div+VWAP,-72.33,-0.21,72.12,170.55,170.54,64,stop_loss_premium_phase3,immediate,True,False,False,False,True,False,False,True,True,0.88,3.53,32.52,markup,markup,high,2020-10-15,2020,2020-10,1155.0,False
2020-10-27 14:15:00,2020-10-28 09:15:00,NIFTY 50,bullish,pro_VP+RSI_Div,2522.57,2598.15,75.58,165.31,205.9,64,target,immediate,False,False,True,False,True,False,False,False,True,3.18,1.8,23.53,markdown,markup,medium,2020-10-29,2020,2020-10,1140.0,True
2020-10-30 10:00:00,2020-10-30 11:00:00,NIFTY 50,bullish,pro_FVG+VP,-79.17,-0.97,78.2,208.9,208.89,65,stop_loss_premium_phase2,immediate,False,True,True,False,False,False,False,False,True,3.63,0.3,38.29,markdown,markdown,medium,2020-11-05,2020,2020-10,60.0,False
2020-11-06 09:30:00,2020-11-06 11:00:00,NIFTY 50,bullish,pro_LiqSweep+VP,755.65,831.67,76.02,187.99,200.99,64,stop_loss_premium_phase3,immediate,True,False,True,False,False,False,False,False,True,3.7,0.3,23.12,markup,markup,medium,2020-11-12,2020,2020-11,90.0,True
2020-11-06 11:15:00,2020-11-06 12:45:00,NIFTY 50,bullish,pro_LiqSweep+VP,2916.09,2993.19,77.1,171.35,218.12,64,target,immediate,True,False,True,False,False,False,False,False,True,3.7,0.3,25.13,markup,markup,medium,2020-11-12,2020,2020-11,90.0,True
2020-11-06 14:30:00,2020-11-09 09:15:00,NIFTY 50,bullish,pro_FVG+VP,3053.64,3135.63,81.99,200.08,248.32,65,target,immediate,False,True,True,False,False,False,False,False,True,3.63,2.16,23.56,markup,markup,medium,2020-11-12,2020,2020-11,4005.0,True
2020-11-13 14:15:00,2020-11-17 09:15:00,NIFTY 50,bullish,pro_LiqSweep+VP,3142.14,3223.11,80.97,192.25,241.84,65,target,immediate,True,False,True,False,False,False,False,False,True,3.7,1.18,26.09,markdown,markup,medium,2020-11-19,2020,2020-11,5460.0,True
2020-11-27 09:45:00,2020-11-27 11:15:00,NIFTY 50,bearish,pro_OTE+RSI_Div+VWAP,642.51,718.33,75.82,185.01,196.06,65,stop_loss_premium_phase3,immediate,False,False,False,True,True,False,False,True,True,1.43,2.9,43.41,markup,markup,medium,2020-12-03,2020,2020-11,90.0,True
2020-12-07 10:00:00,2020-12-07 11:30:00,NIFTY 50,bullish,pro_FVG+VP,52.85,127.96,75.11,189.58,191.58,64,stop_loss_premium_phase3,immediate,False,True,True,False,False,False,False,False,True,3.63,1.29,29.22,markup,markup,medium,2020-12-10,2020,2020-12,90.0,True
2020-12-08 10:45:00,2020-12-08 11:45:00,NIFTY 50,bullish,pro_FVG+VP,-71.87,0.61,72.48,173.02,173.03,64,stop_loss_premium_phase2,immediate,False,True,True,False,False,False,False,False,True,3.63,0.3,26.15,markup,markup,medium,2020-12-10,2020,2020-12,60.0,False
2020-12-15 11:30:00,2020-12-15 13:00:00,NIFTY 50,bullish,pro_LiqSweep+OTE,1145.77,1218.18,72.41,158.98,178.02,64,stop_loss_premium_phase3,immediate,True,False,False,True,False,False,False,False,True,3.11,0.3,26.48,markdown,markup,medium,2020-12-17,2020,2020-12,90.0,True
2020-12-15 14:15:00,2020-12-16 09:15:00,NIFTY 50,bullish,pro_LiqSweep+VP,3222.15,3301.25,79.1,181.59,233.17,64,target,immediate,True,False,True,False,False,False,False,False,True,3.7,0.3,23.35,markdown,markup,medium,2020-12-17,2020,2020-12,1140.0,True
2020-12-18 09:30:00,2020-12-18 11:00:00,NIFTY 50,bullish,pro_LiqSweep+VP+OTE,-69.99,1.58,71.57,164.25,164.28,65,stop_loss_premium_phase3,immediate,True,False,True,True,False,False,False,False,True,4.57,0.3,21.45,markup,markup,low,2020-12-24,2020,2020-12,90.0,False
2020-12-18 14:15:00,2020-12-21 09:15:00,NIFTY 50,bullish,pro_LiqSweep+VP+RSI_Div,-89.97,-17.49,72.48,173.25,172.98,64,stop_loss_premium_phase2,immediate,True,False,True,False,True,False,False,False,True,4.68,0.3,18.2,markup,markup,low,2020-12-24,2020,2020-12,4020.0,False
2020-12-21 11:30:00,2020-12-21 13:00:00,NIFTY 50,bearish,pro_OTE+RSI_Div+VWAP,2637.91,2715.94,78.03,180.79,223.22,64,target,immediate,False,False,False,True,True,False,False,True,True,1.46,2.9,29.0,markup,markup,medium,2020-12-24,2020,2020-12,90.0,True
2020-12-29 09:30:00,2020-12-29 10:30:00,NIFTY 50,bullish,pro_LiqSweep+VP+RSI_Div,-86.22,-14.73,71.49,163.86,163.63,65,stop_loss_premium_phase2,immediate,True,False,True,False,True,False,False,False,True,4.68,0.3,21.19,markup,markup,medium,2020-12-31,2020,2020-12,60.0,False
2020-12-29 10:45:00,2020-12-29 12:15:00,NIFTY 50,bullish,pro_LiqSweep+FVG+VP,1106.02,1181.22,75.2,178.47,196.93,64,stop_loss_premium_phase3,immediate,True,True,True,False,False,False,False,False,True,5.13,1.29,22.32,markup,markup,medium,2020-12-31,2020,2020-12,90.0,True
2020-12-29 14:15:00,2020-12-30 09:30:00,NIFTY 50,bullish,pro_FVG+VP,2290.22,2368.67,78.45,187.53,224.54,64,stop_loss_premium_phase3,immediate,False,True,True,False,False,False,False,False,True,3.63,1.29,25.75,markup,markup,medium,2020-12-31,2020,2020-12,1155.0,True
2021-01-05 09:30:00,2021-01-05 11:45:00,NIFTY 50,bullish,pro_LiqSweep+VP,1502.25,1578.08,75.83,175.66,199.93,65,stop_loss_premium_phase3,immediate,True,False,True,False,False,False,False,False,True,3.7,0.3,26.01,markup,markup,medium,2021-01-07,2021,2021-01,135.0,True
2021-01-05 14:15:00,2021-01-06 09:15:00,NIFTY 50,bullish,pro_LiqSweep+VP+RSI_Div,3051.14,3128.95,77.81,174.66,223.55,64,target,immediate,True,False,True,False,True,False,False,False,True,4.68,0.3,21.3,markup,markup,medium,2021-01-07,2021,2021-01,1140.0,True
2021-01-12 10:15:00,2021-01-12 11:45:00,NIFTY 50,bullish,pro_VP+RSI_Div,1311.65,1387.01,75.36,174.55,195.89,65,stop_loss_premium_phase3,immediate,False,False,True,False,True,False,False,False,True,3.18,1.8,25.35,markup,markup,medium,2021-01-14,2021,2021-01,90.0,True
2021-01-15 10:00:00,2021-01-15 11:15:00,NIFTY 50,bearish,pro_LiqSweep+FVG+RSI_Div+VWAP,3549.74,3632.74,83.0,201.46,257.34,65,target,immediate,True,True,False,False,True,False,False,True,True,0.0,4.95,32.67,markup,markup,medium,2021-01-21,2021,2021-01,75.0,True
2021-01-25 11:15:00,2021-01-25 12:45:00,NIFTY 50,bearish,pro_LiqSweep+OTE+VWAP,397.08,474.93,77.85,201.32,208.63,65,stop_loss_premium_phase3,immediate,True,False,False,True,False,False,False,True,True,0.99,3.41,72.08,markdown,markup,medium,2021-01-28,2021,2021-01,90.0,True
2021-02-01 09:15:00,2021-02-01 10:30:00,NIFTY 50,bearish,pro_FVG+RSI_Div+VWAP,-24.54,46.0,70.54,159.21,159.93,64,stop_loss_premium_phase2,immediate,False,True,False,False,True,False,False,True,True,0.88,3.45,57.51,markup,volatile,extreme,2021-02-04,2021,2021-02,75.0,False
2021-02-09 14:30:00,2021-02-09 14:45:00,NIFTY 50,bearish,pro_LiqSweep+RSI_Div+VWAP,2961.46,3038.52,77.06,170.53,218.0,64,target,immediate,True,False,False,False,True,False,False,True,True,1.46,3.53,21.45,markup,volatile,extreme,2021-02-11,2021,2021-02,15.0,True
2021-02-09 15:00:00,2021-02-10 10:15:00,NIFTY 50,bearish,pro_LiqSweep+RSI_Div+VWAP,3399.84,3477.24,77.4,167.99,222.33,64,target,immediate,True,False,False,False,True,False,False,True,True,0.0,3.53,27.8,markup,volatile,extreme,2021-02-11,2021,2021-02,1155.0,True
2021-02-12 14:30:00,2021-02-15 09:15:00,NIFTY 50,bearish,pro_FVG+RSI_Div+VWAP,-103.02,-25.81,77.21,202.56,202.17,65,stop_loss_premium_phase2,immediate,False,True,False,False,True,False,False,True,True,0.88,3.45,31.51,markdown,volatile,extreme,2021-02-18,2021,2021-02,4005.0,False
2021-02-16 11:15:00,2021-02-16 12:45:00,NIFTY 50,bullish,pro_FVG+VP,575.19,647.19,72.0,162.54,172.65,64,stop_loss_premium_phase3,immediate,False,True,True,False,False,False,False,False,False,2.89,1.18,30.84,markup,volatile,extreme,2021-02-18,2021,2021-02,90.0,True
2021-03-08 11:00:00,2021-03-08 12:30:00,NIFTY 50,bearish,pro_LiqSweep+FVG+VWAP,544.95,623.75,78.8,209.38,219.13,64,stop_loss_premium_phase3,immediate,True,True,False,False,False,False,False,True,True,0.0,3.97,56.2,markdown,distribution,high,2021-03-11,2021,2021-03,90.0,True
2021-03-19 11:15:00,2021-03-19 12:45:00,NIFTY 50,bullish,pro_FVG+RSI_Div,-100.32,-22.82,77.5,204.46,204.11,65,stop_loss_premium_phase3,immediate,False,True,False,False,True,False,False,False,True,3.15,0.3,76.76,markdown,volatile,high,2021-03-25,2021,2021-03,90.0,False
2021-03-22 09:15:00,2021-03-22 10:45:00,NIFTY 50,bullish,pro_FVG+VP,1202.74,1283.37,80.63,214.55,234.6,64,stop_loss_premium_phase3,immediate,False,True,True,False,False,False,False,False,True,3.63,0.3,56.18,markup,distribution,high,2021-03-25,2021,2021-03,90.0,True
2021-03-23 09:15:00,2021-03-23 10:30:00,NIFTY 50,bullish,pro_FVG+VP,-1121.24,-1045.47,75.77,207.22,190.89,64,stop_loss_premium_phase2,immediate,False,True,True,False,False,False,False,False,False,2.89,0.3,46.1,markup,distribution,high,2021-03-25,2021,2021-03,75.0,False
2021-04-13 10:00:00,2021-04-13 11:00:00,NIFTY 50,bullish,pro_LiqSweep+VP,-71.08,3.48,74.56,187.2,187.25,64,stop_loss_premium_phase2,immediate,True,False,True,False,False,False,False,False,True,3.7,1.29,48.27,markdown,markdown,high,2021-04-15,2021,2021-04,60.0,False
2021-04-20 09:15:00,2021-04-20 09:30:00,NIFTY 50,bullish,pro_FVG+VP+RSI_Div,-4115.02,-4026.11,88.91,330.34,267.43,64,target,immediate,False,True,True,False,True,False,False,False,True,4.61,0.3,33.07,markup,markdown,high,2021-04-22,2021,2021-04,15.0,False
2021-04-27 09:30:00,2021-04-27 11:00:00,NIFTY 50,bullish,pro_LiqSweep+VP+RSI_Div,947.22,1023.58,76.36,194.27,210.78,62,stop_loss_premium_phase3,immediate,True,False,True,False,True,False,False,False,True,4.68,1.18,32.22,markup,distribution,high,2021-04-29,2021,2021-04,90.0,True
2021-04-27 11:15:00,2021-04-27 12:45:00,NIFTY 50,bullish,pro_LiqSweep+VP,1655.67,1728.63,72.96,162.13,190.01,62,stop_loss_premium_phase3,immediate,True,False,True,False,False,False,False,False,True,3.7,0.3,28.65,markup,distribution,high,2021-04-29,2021,2021-04,90.0,True
2021-05-03 14:15:00,2021-05-04 09:15:00,NIFTY 50,bullish,pro_LiqSweep+VP+RSI_Div,3740.19,3822.17,81.98,198.62,259.29,63,target,immediate,True,False,True,False,True,False,False,False,True,4.68,2.61,31.71,accumulation,distribution,high,2021-05-06,2021,2021-05,1140.0,True
2021-05-04 14:15:00,2021-05-04 14:30:00,NIFTY 50,bearish,pro_LiqSweep+FVG+VWAP,4068.49,4147.87,79.38,171.4,235.21,65,target,immediate,True,True,False,False,False,False,False,True,True,0.88,3.97,33.88,markdown,distribution,high,2021-05-06,2021,2021-05,15.0,True
2021-05-11 14:45:00,2021-05-12 09:30:00,NIFTY 50,bullish,pro_VP+OTE+RSI_Div,-88.36,-17.99,70.37,156.34,156.06,65,stop_loss_premium_phase2,immediate,False,False,True,True,True,False,False,False,True,4.06,1.73,24.11,markdown,markup,high,2021-05-13,2021,2021-05,1125.0,False
2021-05-18 14:15:00,2021-05-19 09:30:00,NIFTY 50,bearish,pro_LiqSweep+OTE+VWAP,-71.21,-8.81,62.4,104.16,104.02,64,stop_loss_premium_phase3,immediate,True,False,False,True,False,False,False,True,True,1.46,3.41,21.04,markup,markup,medium,2021-05-20,2021,2021-05,1155.0,False
2021-05-31 14:45:00,2021-05-31 15:15:00,NIFTY 50,bullish,pro_FVG+VP,2591.6,2669.56,77.96,180.8,222.52,64,target,immediate,False,True,True,False,False,False,False,False,True,3.63,1.8,18.72,markup,markup,medium,2021-06-03,2021,2021-05,30.0,True
2021-06-08 10:30:00,2021-06-08 12:00:00,NIFTY 50,bearish,pro_LiqSweep+FVG+VWAP,-55.97,6.44,62.41,102.47,102.56,65,stop_loss_premium_phase3,immediate,True,True,False,False,False,False,False,True,False,1.46,3.23,23.23,markdown,markup,low,2021-06-10,2021,2021-06,90.0,False
2021-06-28 09:45:00,2021-06-28 11:15:00,NIFTY 50,bearish,pro_LiqSweep+RSI_Div+VWAP,1511.13,1583.69,72.56,155.93,180.67,64,stop_loss_premium_phase3,immediate,True,False,False,False,True,False,False,True,True,1.46,3.53,24.55,markup,accumulation,low,2021-07-01,2021,2021-06,90.0,True
2021-06-28 11:30:00,2021-06-28 13:00:00,NIFTY 50,bearish,pro_LiqSweep+RSI_Div+VWAP,551.31,625.33,74.02,173.89,183.51,65,stop_loss_premium_phase3,immediate,True,False,False,False,True,False,False,True,True,0.88,3.53,28.05,markup,accumulation,low,2021-07-01,2021,2021-06,90.0,True
2021-07-02 10:15:00,2021-07-02 11:45:00,NIFTY 50,bullish,pro_LiqSweep+VP+RSI_Div,-161.76,-89.85,71.91,170.11,168.7,64,stop_loss_premium_phase3,immediate,True,False,True,False,True,False,False,False,True,4.68,0.3,22.48,markdown,accumulation,low,2021-07-08,2021,2021-07,90.0,False
2021-07-02 14:15:00,2021-07-05 09:15:00,NIFTY 50,bullish,pro_LiqSweep+VP,2061.34,2136.14,74.8,165.12,198.5,64,target,immediate,True,False,True,False,False,False,False,False,True,3.7,1.18,16.77,markdown,accumulation,low,2021-07-08,2021,2021-07,4020.0,True
2021-07-06 15:00:00,2021-07-07 10:15:00,NIFTY 50,bearish,pro_FVG+RSI_Div+VWAP,-73.6,-11.22,62.38,102.42,102.24,65,stop_loss_premium_phase3,immediate,False,True,False,False,True,False,False,True,True,1.46,3.45,20.56,markdown,accumulation,low,2021-07-08,2021,2021-07,1155.0,False
2021-07-16 10:30:00,2021-07-16 12:15:00,NIFTY 50,bearish,pro_LiqSweep+FVG+RSI_Div+VWAP,2250.09,2321.57,71.48,140.32,176.6,64,target,immediate,True,True,False,False,True,False,False,True,False,2.34,4.22,19.89,markdown,markup,low,2021-07-22,2021,2021-07,105.0,True
2021-07-16 14:30:00,2021-07-19 09:15:00,NIFTY 50,bearish,pro_LiqSweep+RSI_Div+VWAP,1642.72,1713.23,70.51,138.31,164.67,65,target,immediate,True,False,False,False,True,False,False,True,False,1.46,2.79,17.77,markdown,markup,low,2021-07-22,2021,2021-07,4005.0,True
2021-07-23 11:00:00,2021-07-23 13:15:00,NIFTY 50,bullish,pro_LiqSweep+VP,1374.53,1452.53,78.0,191.67,214.02,65,stop_loss_premium_phase3,immediate,True,False,True,False,False,False,False,False,True,3.7,1.73,33.49,markup,markup,low,2021-07-29,2021,2021-07,135.0,True
2021-07-26 14:15:00,2021-07-26 15:00:00,NIFTY 50,bearish,pro_FVG+RSI_Div+VWAP,1561.62,1627.96,66.34,112.89,138.32,64,target,immediate,False,True,False,False,True,False,False,True,True,1.46,3.45,17.48,accumulation,markup,low,2021-07-29,2021,2021-07,45.0,True
2021-07-27 09:30:00,2021-07-27 11:00:00,NIFTY 50,bearish,pro_LiqSweep+OTE+VWAP,-74.14,-12.3,61.84,98.78,98.59,65,stop_loss_premium_phase3,immediate,True,False,False,True,False,False,False,True,True,1.46,3.41,21.64,accumulation,markdown,low,2021-07-29,2021,2021-07,90.0,False
2021-07-30 10:00:00,2021-07-30 11:30:00,NIFTY 50,bullish,pro_VP+RSI_Div,-256.39,-180.36,76.03,199.33,196.51,64,stop_loss_premium_phase3,immediate,False,False,True,False,True,False,False,False,True,3.18,1.73,22.75,markup,markup,low,2021-08-05,2021,2021-07,90.0,False
2021-08-06 11:00:00,2021-08-06 12:30:00,NIFTY 50,bearish,pro_FVG+RSI_Div+VWAP,-94.4,-19.54,74.86,189.57,189.27,64,stop_loss_premium_phase3,immediate,False,True,False,False,True,False,False,True,True,1.5,3.45,32.17,markup,markup,low,2021-08-12,2021,2021-08,90.0,False
2021-08-06 14:15:00,2021-08-09 09:30:00,NIFTY 50,bearish,pro_LiqSweep+FVG+VWAP,1220.19,1293.21,73.02,162.35,182.55,64,stop_loss_premium_phase3,immediate,True,True,False,False,False,False,False,True,True,0.88,3.97,24.13,markup,markup,low,2021-08-12,2021,2021-08,4035.0,True
2021-08-13 14:15:00,2021-08-16 09:30:00,NIFTY 50,bullish,pro_LiqSweep+VP,1079.81,1157.49,77.68,195.76,213.85,64,stop_loss_premium_phase3,immediate,True,False,True,False,False,False,False,False,True,3.7,0.3,19.2,markup,markup,low,2021-08-19,2021,2021-08,4035.0,True
2021-08-16 14:30:00,2021-08-17 09:15:00,NIFTY 50,bearish,pro_LiqSweep+OTE+VWAP,1691.18,1757.45,66.27,109.28,136.32,65,target,immediate,True,False,False,True,False,False,False,True,True,1.46,3.41,19.95,markup,markup,low,2021-08-19,2021,2021-08,1125.0,True
2021-08-17 14:15:00,2021-08-18 09:15:00,NIFTY 50,bullish,pro_LiqSweep+VP,2799.7,2867.97,68.27,110.59,154.71,65,target,immediate,True,False,True,False,False,False,False,False,True,3.7,0.3,25.41,markup,markup,low,2021-08-19,2021,2021-08,1140.0,True
2021-08-27 10:30:00,2021-08-27 12:00:00,NIFTY 50,bullish,pro_LiqSweep+VP+RSI_Div,1244.14,1322.67,78.53,196.64,216.99,65,stop_loss_premium_phase3,immediate,True,False,True,False,True,False,False,False,True,4.68,0.3,27.44,markdown,markup,low,2021-09-02,2021,2021-08,90.0,True
2021-08-31 09:45:00,2021-08-31 11:15:00,NIFTY 50,bullish,pro_FVG+VP,1412.69,1477.31,64.62,102.76,125.85,64,stop_loss_premium_phase3,immediate,False,True,True,False,False,False,False,False,True,3.63,0.3,22.09,markup,markup,low,2021-09-02,2021,2021-08,90.0,True
2021-09-01 09:15:00,2021-09-01 09:45:00,NIFTY 50,bullish,pro_FVG+VP,985.93,1064.64,78.71,203.79,220.43,64,target,immediate,False,True,True,False,False,False,False,False,True,3.63,0.3,30.58,markup,markup,low,2021-09-02,2021,2021-09,30.0,True
2021-09-03 14:15:00,2021-09-06 09:15:00,NIFTY 50,bullish,pro_LiqSweep+VP,3355.29,3435.04,79.75,181.7,234.54,65,target,immediate,True,False,True,False,False,False,False,False,True,3.7,1.29,30.3,markup,markup,low,2021-09-09,2021,2021-09,4020.0,True
2021-09-13 14:45:00,2021-09-14 09:15:00,NIFTY 50,bullish,pro_FVG+VP,2175.3,2250.9,75.6,166.7,201.33,65,target,immediate,False,True,True,False,False,False,False,False,True,3.63,1.18,16.57,markdown,markup,low,2021-09-16,2021,2021-09,1110.0,True
2021-09-28 15:15:00,2021-09-29 09:15:00,NIFTY 50,bearish,pro_FVG+OTE+VWAP,4051.6,4133.91,82.31,191.27,254.87,65,target,immediate,False,True,False,True,False,False,False,True,True,0.99,3.34,49.56,markdown,markup,low,2021-09-30,2021,2021-09,1080.0,True
2021-10-05 09:30:00,2021-10-05 11:00:00,NIFTY 50,bullish,pro_LiqSweep+VP+OTE,543.29,608.51,65.22,114.8,124.16,65,stop_loss_premium_phase3,immediate,True,False,True,True,False,False,False,False,True,4.57,0.3,25.15,accumulation,markup,low,2021-10-07,2021,2021-10,90.0,True
2021-10-05 11:15:00,2021-10-05 12:45:00,NIFTY 50,bullish,pro_LiqSweep+VP,2857.01,2926.08,69.07,117.13,162.85,64,target,immediate,True,False,True,False,False,False,False,False,True,3.7,0.3,24.94,accumulation,markup,low,2021-10-07,2021,2021-10,90.0,True
2021-10-05 14:15:00,2021-10-06 09:15:00,NIFTY 50,bullish,pro_LiqSweep+VP+RSI_Div,2905.44,2981.02,75.58,158.59,204.45,65,target,immediate,True,False,True,False,True,False,False,False,True,4.68,0.3,21.24,accumulation,markup,low,2021-10-07,2021,2021-10,1140.0,True
2021-10-12 10:45:00,2021-10-12 11:45:00,NIFTY 50,bullish,pro_LiqSweep+OTE,-86.71,-14.7,72.01,167.35,167.12,65,stop_loss_premium_phase2,immediate,True,False,False,True,False,False,False,False,True,3.11,1.73,36.62,markdown,markup,medium,2021-10-14,2021,2021-10,60.0,False
2021-10-12 14:15:00,2021-10-13 09:15:00,NIFTY 50,bullish,pro_LiqSweep+VP,3921.0,4002.22,81.22,188.33,250.86,64,target,immediate,True,False,True,False,False,False,False,False,True,3.7,1.18,30.72,markdown,markup,medium,2021-10-14,2021,2021-10,1140.0,True
2021-10-18 14:30:00,2021-10-19 09:15:00,NIFTY 50,bearish,pro_LiqSweep+OTE+RSI_Div+VWAP,-84.35,-13.71,70.64,158.09,157.88,65,stop_loss_premium_phase2,immediate,True,False,False,True,True,False,False,True,False,1.46,3.66,25.79,markup,markup,medium,2021-10-21,2021,2021-10,1125.0,False
2021-10-19 14:30:00,2021-10-19 15:00:00,NIFTY 50,bearish,pro_LiqSweep+FVG+OTE+VWAP,3392.85,3467.54,74.69,149.58,203.76,64,target,immediate,True,True,False,True,False,False,False,True,False,1.46,4.11,29.67,markup,markup,low,2021-10-21,2021,2021-10,30.0,True
2021-10-20 09:15:00,2021-10-20 10:15:00,NIFTY 50,bearish,pro_LiqSweep+FVG+VWAP,-139.11,-64.08,75.03,188.27,187.28,65,stop_loss_premium_phase2,immediate,True,True,False,False,False,False,False,True,False,0.88,3.23,38.13,markup,markup,low,2021-10-21,2021,2021-10,60.0,False
2021-10-26 09:45:00,2021-10-26 10:45:00,NIFTY 50,bullish,pro_FVG+VP,-79.4,-5.35,74.05,183.83,183.74,64,stop_loss_premium_phase2,immediate,False,True,True,False,False,False,False,False,True,3.63,0.3,44.49,markup,markup,low,2021-10-28,2021,2021-10,60.0,False
2021-11-09 14:15:00,2021-11-10 09:15:00,NIFTY 50,bullish,pro_LiqSweep+OTE+RSI_Div,-91.94,-17.11,74.83,189.33,189.06,64,stop_loss_premium_phase2,immediate,True,False,False,True,True,False,False,False,False,3.36,1.73,29.25,markup,accumulation,medium,2021-11-11,2021,2021-11,1140.0,False
2021-11-16 09:30:00,2021-11-16 11:00:00,NIFTY 50,bullish,pro_LiqSweep+VP+OTE,1101.72,1175.33,73.61,167.72,186.08,64,stop_loss_premium_phase3,immediate,True,False,True,True,False,False,False,False,False,3.84,0.3,29.16,markup,markdown,medium,2021-11-18,2021,2021-11,90.0,True
2021-11-22 10:00:00,2021-11-22 11:30:00,NIFTY 50,bearish,pro_LiqSweep+FVG+VWAP,2012.71,2092.64,79.93,200.72,233.42,64,stop_loss_premium_phase3,immediate,True,True,False,False,False,False,False,True,True,0.88,3.97,54.59,markdown,markdown,medium,2021-11-25,2021,2021-11,90.0,True
2021-11-23 09:30:00,2021-11-23 11:00:00,NIFTY 50,bullish,pro_LiqSweep+OTE+RSI_Div,-99.63,-22.68,76.95,203.91,203.55,64,stop_loss_premium_phase3,immediate,True,False,False,True,True,False,False,False,True,4.1,1.73,64.11,markdown,markdown,medium,2021-11-25,2021,2021-11,90.0,False
2021-11-23 14:15:00,2021-11-23 15:15:00,NIFTY 50,bullish,pro_VP+RSI_Div,-95.61,-22.02,73.59,180.86,180.51,64,stop_loss_premium_phase2,immediate,False,False,True,False,True,False,False,False,True,3.18,1.73,41.5,markup,markdown,medium,2021-11-25,2021,2021-11,60.0,False
2021-11-24 09:15:00,2021-11-24 11:30:00,NIFTY 50,bullish,pro_FVG+VP,-158.3,-77.42,80.88,231.38,230.17,64,stop_loss_premium_phase3,immediate,False,True,True,False,False,False,False,False,True,3.63,1.18,40.58,markup,markdown,medium,2021-11-25,2021,2021-11,135.0,False
2021-11-30 14:15:00,2021-11-30 15:00:00,NIFTY 50,bearish,pro_LiqSweep+FVG+RSI_Div+VWAP,5825.65,5912.17,86.52,203.28,295.66,64,target,immediate,True,True,False,False,True,False,False,True,False,0.0,4.22,62.86,markdown,markdown,medium,2021-12-02,2021,2021-11,45.0,True
2021-11-30 15:15:00,2021-12-01 10:00:00,NIFTY 50,bearish,pro_LiqSweep+RSI_Div+VWAP,-283.28,-205.87,77.41,205.86,202.69,65,stop_loss_premium_phase2,immediate,True,False,False,False,True,False,False,True,False,0.0,2.79,59.6,markdown,markdown,medium,2021-12-02,2021,2021-11,1125.0,False
2021-12-10 09:30:00,2021-12-10 11:00:00,NIFTY 50,bullish,pro_LiqSweep+VP,-98.93,-21.32,77.61,208.36,208.02,64,stop_loss_premium_phase3,immediate,True,False,True,False,False,False,False,False,True,3.7,0.3,38.22,markup,distribution,high,2021-12-16,2021,2021-12,90.0,False
2021-12-10 11:15:00,2021-12-10 12:45:00,NIFTY 50,bullish,pro_LiqSweep+OTE,-95.46,-18.13,77.33,206.44,206.16,64,stop_loss_premium_phase3,immediate,True,False,False,True,False,False,False,False,True,3.11,1.29,40.19,markup,distribution,high,2021-12-16,2021,2021-12,90.0,False
2021-12-10 14:30:00,2021-12-13 09:15:00,NIFTY 50,bullish,pro_LiqSweep+VP,2943.27,3020.89,77.62,174.58,221.78,64,target,immediate,True,False,True,False,False,False,False,False,True,3.7,0.3,26.11,markup,distribution,high,2021-12-16,2021,2021-12,4005.0,True
2021-12-13 11:30:00,2021-12-13 12:15:00,NIFTY 50,bearish,pro_FVG+OTE+VWAP,3316.85,3400.75,83.9,210.06,262.38,65,target,immediate,False,True,False,True,False,False,False,True,True,1.46,3.34,36.54,markup,distribution,high,2021-12-16,2021,2021-12,45.0,True
2021-12-14 11:30:00,2021-12-14 13:15:00,NIFTY 50,bullish,pro_LiqSweep+OTE+RSI_Div,2832.17,2913.26,81.09,196.47,241.29,65,stop_loss_premium_phase3,immediate,True,False,False,True,True,False,False,False,True,4.1,1.73,43.36,markdown,markdown,high,2021-12-16,2021,2021-12,105.0,True
2021-12-14 14:30:00,2021-12-15 09:45:00,NIFTY 50,bullish,pro_LiqSweep+OTE,2048.62,2128.77,80.15,201.81,235.08,64,stop_loss_premium_phase3,immediate,True,False,False,True,False,False,False,False,True,3.11,0.3,39.27,markdown,markdown,high,2021-12-16,2021,2021-12,1155.0,True
2021-12-21 09:15:00,2021-12-21 09:30:00,NIFTY 50,bullish,pro_FVG+VP,-1396.84,-1310.12,86.72,280.72,260.57,65,target,immediate,False,True,True,False,False,False,False,False,True,3.63,0.3,50.76,markdown,markdown,high,2021-12-23,2021,2021-12,15.0,False
2021-12-31 15:15:00,2022-01-03 09:15:00,NIFTY 50,bullish,pro_LiqSweep+VP+OTE,2602.44,2680.63,78.19,182.26,224.14,64,target,immediate,True,False,True,True,False,False,False,False,False,3.84,0.3,20.65,markup,accumulation,medium,2022-01-06,2021,2021-12,3960.0,True
2022-01-03 09:30:00,2022-01-03 12:15:00,NIFTY 50,bullish,pro_LiqSweep+VP,3431.15,3512.64,81.49,195.63,250.51,64,target,immediate,True,False,True,False,False,False,False,False,True,3.7,1.29,27.99,markup,accumulation,medium,2022-01-06,2022,2022-01,165.0,True
2022-01-03 15:00:00,2022-01-04 09:15:00,NIFTY 50,bullish,pro_FVG+VP,2716.57,2795.39,78.82,182.49,225.5,65,target,immediate,False,True,True,False,False,False,False,False,True,3.63,1.29,19.75,markup,accumulation,medium,2022-01-06,2022,2022-01,1095.0,True
2022-01-04 09:45:00,2022-01-04 11:15:00,NIFTY 50,bullish,pro_LiqSweep+VP,496.27,571.72,75.45,184.14,192.94,65,stop_loss_premium_phase3,immediate,True,False,True,False,False,False,False,False,True,3.7,1.18,31.44,markup,markup,medium,2022-01-06,2022,2022-01,90.0,True
2022-01-04 11:30:00,2022-01-04 13:00:00,NIFTY 50,bullish,pro_LiqSweep+VP,967.47,1042.74,75.27,180.53,196.82,64,stop_loss_premium_phase3,immediate,True,False,True,False,False,False,False,False,True,3.7,2.16,39.18,markup,markup,medium,2022-01-06,2022,2022-01,90.0,True
2022-01-04 14:15:00,2022-01-04 15:15:00,NIFTY 50,bullish,pro_LiqSweep+VP,3465.15,3540.43,75.28,152.77,208.09,64,target,immediate,True,False,True,False,False,False,False,False,True,3.7,0.3,28.14,markup,markup,medium,2022-01-06,2022,2022-01,60.0,True
2022-01-11 11:00:00,2022-01-11 12:30:00,NIFTY 50,bullish,pro_LiqSweep+VP+RSI_Div,441.56,519.21,77.65,199.49,207.48,65,stop_loss_premium_phase3,immediate,True,False,True,False,True,False,False,False,False,3.95,1.18,32.77,markup,markup,medium,2022-01-13,2022,2022-01,90.0,True
2022-01-11 14:15:00,2022-01-12 09:15:00,NIFTY 50,bullish,pro_LiqSweep+VP,2465.3,2542.69,77.39,178.32,218.05,64,target,immediate,True,False,True,False,False,False,False,False,False,2.96,0.3,22.18,markup,markup,medium,2022-01-13,2022,2022-01,1140.0,True
2022-01-14 10:00:00,2022-01-14 11:30:00,NIFTY 50,bullish,pro_FVG+VP,-79.88,-4.87,75.01,187.49,187.42,65,stop_loss_premium_phase3,immediate,False,True,True,False,False,False,False,False,True,3.63,1.29,35.88,markup,markup,medium,2022-01-20,2022,2022-01,90.0,False
2022-01-14 14:15:00,2022-01-17 09:15:00,NIFTY 50,bullish,pro_LiqSweep+VP,2733.18,2809.65,76.47,169.07,212.97,64,target,immediate,True,False,True,False,False,False,False,False,True,3.7,1.73,23.64,markup,markup,medium,2022-01-20,2022,2022-01,4020.0,True
2022-01-17 10:30:00,2022-01-17 12:00:00,NIFTY 50,bearish,pro_OTE+RSI_Div+VWAP,-67.11,3.45,70.56,157.43,157.48,65,stop_loss_premium_phase3,immediate,False,False,False,True,True,False,False,True,True,1.46,2.9,29.04,markup,markup,low,2022-01-20,2022,2022-01,90.0,False
2022-01-18 09:30:00,2022-01-18 11:00:00,NIFTY 50,bullish,pro_LiqSweep+VP,-66.91,3.67,70.58,159.95,160.01,64,stop_loss_premium_phase3,immediate,True,False,True,False,False,False,False,False,False,2.96,1.29,23.35,markup,markup,low,2022-01-20,2022,2022-01,90.0,False
2022-01-25 10:15:00,2022-01-25 11:45:00,NIFTY 50,bullish,pro_FVG+RSI_Div,1095.06,1175.65,80.59,215.45,233.82,64,stop_loss_premium_phase3,immediate,False,True,False,False,True,False,False,False,True,3.15,1.8,113.06,markdown,markdown,medium,2022-01-27,2022,2022-01,90.0,True
2022-01-25 14:15:00,2022-01-27 09:15:00,NIFTY 50,bullish,pro_LiqSweep+FVG+VP+RSI_Div,-92.85,-18.7,74.15,184.67,184.38,64,stop_loss_premium_phase2,immediate,True,True,True,False,True,False,False,False,True,6.11,0.3,50.6,markup,markdown,medium,2022-01-27,2022,2022-01,2580.0,False
2022-02-11 11:15:00,2022-02-11 13:00:00,NIFTY 50,bullish,pro_LiqSweep+FVG,1779.33,1856.76,77.43,189.21,218.68,63,stop_loss_premium_phase3,immediate,True,True,False,False,False,False,False,False,True,3.67,0.3,50.29,markdown,markdown,high,2022-02-17,2022,2022-02,105.0,True
2022-02-11 14:15:00,2022-02-14 09:15:00,NIFTY 50,bullish,pro_LiqSweep+FVG+VP,-96.6,-20.31,76.29,199.31,198.99,64,stop_loss_premium_phase2,immediate,True,True,True,False,False,False,False,False,True,5.13,0.3,33.96,markdown,markdown,high,2022-02-17,2022,2022-02,4020.0,False
2022-02-25 14:15:00,2022-02-28 09:15:00,NIFTY 50,bearish,pro_FVG+OTE+VWAP,3350.91,3433.23,82.32,202.14,255.78,64,target,immediate,False,True,False,True,False,False,False,True,False,0.0,2.61,49.29,markup,volatile,extreme,2022-03-03,2022,2022-02,4020.0,True
2022-03-02 09:15:00,2022-03-02 10:15:00,NIFTY 50,bullish,pro_FVG+VP,-709.51,-648.38,61.13,100.99,91.02,65,stop_loss_premium_phase2,immediate,False,True,True,False,False,False,False,False,True,3.63,0.3,50.43,markup,volatile,extreme,2022-03-03,2022,2022-03,60.0,False
2022-03-08 14:30:00,2022-03-09 09:15:00,NIFTY 50,bullish,pro_LiqSweep+VP,5523.43,5607.16,83.73,187.62,275.23,64,target,immediate,True,False,True,False,False,False,False,False,True,3.7,1.73,59.99,markup,volatile,extreme,2022-03-10,2022,2022-03,1125.0,True
2022-03-11 10:00:00,2022-03-11 11:30:00,NIFTY 50,bullish,pro_LiqSweep+RSI_Div,-96.4,-17.42,78.98,214.34,214.07,65,stop_loss_premium_phase3,immediate,True,False,False,False,True,False,False,False,True,3.22,1.18,72.88,markdown,volatile,extreme,2022-03-17,2022,2022-03,90.0,False
2022-03-11 14:15:00,2022-03-14 09:30:00,NIFTY 50,bullish,pro_LiqSweep+FVG,2313.02,2391.77,78.75,189.31,226.68,64,stop_loss_premium_phase3,immediate,True,True,False,False,False,False,False,False,True,3.67,1.18,43.73,markdown,volatile,extreme,2022-03-17,2022,2022-03,4035.0,True
2022-03-14 10:00:00,2022-03-14 11:30:00,NIFTY 50,bullish,pro_LiqSweep+VP,1966.21,2044.78,78.57,189.02,220.48,65,stop_loss_premium_phase3,immediate,True,False,True,False,False,False,False,False,True,3.7,0.3,49.22,markdown,volatile,extreme,2022-03-17,2022,2022-03,90.0,True
2022-03-22 14:30:00,2022-03-23 09:15:00,NIFTY 50,bullish,pro_FVG+VP,4880.43,4961.6,81.17,177.3,254.82,64,target,immediate,False,True,True,False,False,False,False,False,True,3.63,0.3,46.34,markdown,volatile,extreme,2022-03-24,2022,2022-03,1125.0,True
2022-04-01 09:30:00,2022-04-01 11:00:00,NIFTY 50,bullish,pro_LiqSweep+VP+OTE+RSI_Div,1433.25,1509.86,76.61,181.64,204.87,65,stop_loss_premium_phase3,immediate,True,False,True,True,True,False,False,False,True,5.56,0.3,30.65,accumulation,markup,high,2022-04-07,2022,2022-04,90.0,True
2022-04-01 11:15:00,2022-04-01 12:45:00,NIFTY 50,bullish,pro_LiqSweep+VP,587.86,666.86,79.0,210.22,220.64,64,stop_loss_premium_phase3,immediate,True,False,True,False,False,False,False,False,True,3.7,0.3,33.06,accumulation,markup,high,2022-04-07,2022,2022-04,90.0,True
2022-04-01 14:15:00,2022-04-01 15:00:00,NIFTY 50,bullish,pro_LiqSweep+VP,2495.99,2572.03,76.04,168.76,208.94,64,target,immediate,True,False,True,False,False,False,False,False,True,3.7,0.3,20.59,accumulation,markup,high,2022-04-07,2022,2022-04,45.0,True
2022-04-01 15:15:00,2022-04-04 09:15:00,NIFTY 50,bullish,pro_LiqSweep+VP,3040.96,3123.46,82.5,203.65,251.7,65,target,immediate,True,False,True,False,False,False,False,False,True,3.7,1.29,23.86,accumulation,markup,high,2022-04-07,2022,2022-04,3960.0,True
2022-04-08 10:00:00,2022-04-08 11:30:00,NIFTY 50,bullish,pro_LiqSweep+OTE,-99.07,-22.07,77.0,201.09,200.75,65,stop_loss_premium_phase3,immediate,True,False,False,True,False,False,False,False,True,3.11,1.29,39.48,markdown,markup,medium,2022-04-14,2022,2022-04,90.0,False
2022-04-08 14:15:00,2022-04-11 09:15:00,NIFTY 50,bullish,pro_LiqSweep+VP,-96.63,-18.52,78.11,211.78,211.49,64,stop_loss_premium_phase2,immediate,True,False,True,False,False,False,False,False,True,3.7,1.73,37.21,markdown,markup,medium,2022-04-14,2022,2022-04,4020.0,False
2022-04-12 14:15:00,2022-04-12 15:15:00,NIFTY 50,bullish,pro_LiqSweep+VP+RSI_Div,-88.55,-15.77,72.78,175.26,175.02,64,stop_loss_premium_phase2,immediate,True,False,True,False,True,False,False,False,False,3.95,1.18,30.95,markdown,markup,medium,2022-04-14,2022,2022-04,60.0,False
2022-04-13 09:15:00,2022-04-13 09:30:00,NIFTY 50,bullish,pro_LiqSweep+FVG+RSI_Div,274.51,360.31,85.8,264.32,270.04,63,target,immediate,True,True,False,False,True,False,False,False,False,3.92,0.3,35.23,markdown,markup,medium,2022-04-14,2022,2022-04,15.0,True
2022-04-19 14:15:00,2022-04-19 14:45:00,NIFTY 50,bearish,pro_FVG+OTE+VWAP,2975.89,3052.89,77.0,169.98,217.68,64,target,immediate,False,True,False,True,False,False,False,True,True,1.46,3.34,30.47,markup,markdown,medium,2022-04-21,2022,2022-04,30.0,True
2022-04-29 10:00:00,2022-04-29 11:00:00,NIFTY 50,bearish,pro_OTE+RSI_Div+VWAP,-91.41,-14.37,77.04,201.25,201.02,65,stop_loss_premium_phase2,immediate,False,False,False,True,True,False,False,True,True,0.0,2.9,39.9,markup,volatile,high,2022-05-05,2022,2022-04,60.0,False
2022-04-29 15:15:00,2022-05-02 09:15:00,NIFTY 50,bearish,pro_LiqSweep+VP+VWAP,4553.84,4639.72,85.88,213.07,285.57,64,target,immediate,True,False,True,False,False,False,False,True,True,1.43,4.0,52.6,markdown,volatile,high,2022-05-05,2022,2022-04,3960.0,True
2022-05-02 14:30:00,2022-05-02 15:00:00,NIFTY 50,bullish,pro_LiqSweep+VP,3867.75,3949.03,81.28,186.39,247.15,65,target,immediate,True,False,True,False,False,False,False,False,True,3.7,0.3,34.8,markdown,markdown,high,2022-05-05,2022,2022-05,30.0,True
2022-05-02 15:15:00,2022-05-04 10:15:00,NIFTY 50,bullish,pro_LiqSweep+VP+RSI_Div,-95.34,-20.7,74.64,185.17,184.85,65,stop_loss_premium_phase2,immediate,True,False,True,False,True,False,False,False,True,4.68,0.3,37.5,markdown,markdown,high,2022-05-05,2022,2022-05,2580.0,False
2022-05-06 14:15:00,2022-05-09 09:15:00,NIFTY 50,bullish,pro_LiqSweep+VP+RSI_Div,-99.04,-22.28,76.76,202.57,202.22,64,stop_loss_premium_phase2,immediate,True,False,True,False,True,False,False,False,False,3.95,2.61,50.68,markdown,markdown,high,2022-05-12,2022,2022-05,4020.0,False
2022-05-13 14:30:00,2022-05-13 15:00:00,NIFTY 50,bearish,pro_VP+RSI_Div+VWAP,3554.22,3636.71,82.49,201.04,257.86,64,target,immediate,False,False,True,False,True,False,False,True,True,1.43,3.49,48.04,markup,markdown,high,2022-05-19,2022,2022-05,30.0,True
2022-05-16 09:30:00,2022-05-16 11:00:00,NIFTY 50,bearish,pro_FVG+RSI_Div+VWAP,746.24,824.25,78.01,198.58,211.26,65,stop_loss_premium_phase3,immediate,False,True,False,False,True,False,False,True,False,0.0,2.72,66.98,markdown,markdown,high,2022-05-19,2022,2022-05,90.0,True
2022-05-23 14:15:00,2022-05-24 09:30:00,NIFTY 50,bearish,pro_LiqSweep+RSI_Div+VWAP,3624.76,3704.84,80.08,181.01,238.01,65,target,immediate,True,False,False,False,True,False,False,True,True,0.88,3.53,35.86,markdown,markdown,high,2022-05-26,2022,2022-05,1155.0,True
2022-05-24 10:00:00,2022-05-24 11:30:00,NIFTY 50,bearish,pro_LiqSweep+VP+VWAP,-95.49,-17.89,77.6,205.08,204.8,65,stop_loss_premium_phase3,immediate,True,False,True,False,False,False,False,True,True,0.0,4.0,46.77,markdown,markdown,high,2022-05-26,2022,2022-05,90.0,False
2022-05-31 11:00:00,2022-05-31 12:30:00,NIFTY 50,bullish,pro_LiqSweep+VP,-95.35,-19.89,75.46,193.64,193.33,64,stop_loss_premium_phase3,immediate,True,False,True,False,False,False,False,False,True,3.7,0.3,38.25,markdown,markup,high,2022-06-02,2022,2022-05,90.0,False
2022-05-31 14:15:00,2022-05-31 15:15:00,NIFTY 50,bullish,pro_LiqSweep+VP+RSI_Div,-79.73,-4.53,75.2,191.73,191.66,64,stop_loss_premium_phase2,immediate,True,False,True,False,True,False,False,False,True,4.68,0.3,29.57,markdown,markup,high,2022-06-02,2022,2022-05,60.0,False
2022-06-08 09:15:00,2022-06-08 09:30:00,NIFTY 50,bullish,pro_FVG+VP+RSI_Div,-94.29,-12.79,81.5,234.94,234.74,64,target,immediate,False,True,True,False,True,False,False,False,True,4.61,1.8,28.44,accumulation,distribution,high,2022-06-09,2022,2022-06,15.0,False
2022-06-17 09:45:00,2022-06-17 11:15:00,NIFTY 50,bullish,pro_LiqSweep+OTE+RSI_Div,-83.99,-5.39,78.6,214.98,214.89,64,stop_loss_premium_phase3,immediate,True,False,False,True,True,False,False,False,False,3.36,0.3,75.17,markdown,markdown,medium,2022-06-23,2022,2022-06,90.0,False
2022-06-20 15:15:00,2022-06-21 09:15:00,NIFTY 50,bullish,pro_LiqSweep+VP,3435.7,3516.63,80.93,191.69,246.64,64,target,immediate,True,False,True,False,False,False,False,False,False,2.96,1.18,43.93,markdown,markdown,medium,2022-06-23,2022,2022-06,1080.0,True
2022-06-28 14:15:00,2022-06-28 15:15:00,NIFTY 50,bullish,pro_VP+RSI_Div,3013.48,3090.87,77.39,169.56,217.11,65,target,immediate,False,False,True,False,True,False,False,False,True,3.18,1.18,29.93,markdown,markdown,medium,2022-06-30,2022,2022-06,60.0,True
2022-07-01 15:00:00,2022-07-04 09:45:00,NIFTY 50,bullish,pro_FVG+VP,-91.89,-16.86,75.03,187.73,187.48,65,stop_loss_premium_phase2,immediate,False,True,True,False,False,False,False,False,True,3.63,1.8,36.15,markdown,markdown,medium,2022-07-07,2022,2022-07,4005.0,False
2022-07-04 11:15:00,2022-07-04 12:45:00,NIFTY 50,bullish,pro_FVG+VP,856.65,936.63,79.98,213.95,228.59,64,stop_loss_premium_phase3,immediate,False,True,True,False,False,False,False,False,True,3.63,1.18,44.62,markdown,markdown,medium,2022-07-07,2022,2022-07,90.0,True
2022-07-04 14:15:00,2022-07-04 15:00:00,NIFTY 50,bullish,pro_LiqSweep+VP+RSI_Div,3183.74,3265.0,81.26,196.8,247.82,64,target,immediate,True,False,True,False,True,False,False,False,True,4.68,1.73,24.05,markdown,markdown,medium,2022-07-07,2022,2022-07,45.0,True
2022-07-04 15:15:00,2022-07-05 09:15:00,NIFTY 50,bullish,pro_LiqSweep+VP,3241.65,3319.85,78.2,172.54,223.62,65,target,immediate,True,False,True,False,False,False,False,False,True,3.7,1.73,25.92,markdown,markdown,medium,2022-07-07,2022,2022-07,1080.0,True
2022-07-05 14:15:00,2022-07-05 15:00:00,NIFTY 50,bearish,pro_LiqSweep+RSI_Div+VWAP,3526.68,3603.13,76.45,157.63,213.06,65,target,immediate,True,False,False,False,True,False,False,True,True,1.43,3.53,28.48,markup,accumulation,medium,2022-07-07,2022,2022-07,45.0,True
2022-07-25 15:00:00,2022-07-26 09:45:00,NIFTY 50,bullish,pro_FVG+VP,-319.33,-244.43,74.9,189.33,185.57,65,stop_loss_premium_phase2,immediate,False,True,True,False,False,False,False,False,True,3.63,0.3,23.59,markdown,markup,low,2022-07-28,2022,2022-07,1125.0,False
2022-07-29 11:00:00,2022-07-29 12:30:00,NIFTY 50,bearish,pro_FVG+OTE+VWAP,211.8,289.6,77.8,206.21,210.74,64,stop_loss_premium_phase3,immediate,False,True,False,True,False,False,False,True,False,0.0,2.61,49.26,markup,markup,medium,2022-08-04,2022,2022-07,90.0,True
2022-08-02 10:00:00,2022-08-02 11:30:00,NIFTY 50,bullish,pro_FVG+RSI_Div,2709.62,2785.27,75.65,163.75,207.27,64,target,immediate,False,True,False,False,True,False,False,False,True,3.15,0.3,27.17,markdown,markup,medium,2022-08-04,2022,2022-08,90.0,True
2022-08-05 10:30:00,2022-08-05 12:00:00,NIFTY 50,bearish,pro_FVG+RSI_Div+VWAP,-94.06,-17.76,76.3,196.3,196.03,65,stop_loss_premium_phase3,immediate,False,True,False,False,True,False,False,True,True,1.46,3.45,43.28,markup,markup,medium,2022-08-11,2022,2022-08,90.0,False
2022-08-08 14:45:00,2022-08-10 09:30:00,NIFTY 50,bullish,pro_FVG+VP,-86.93,-15.15,71.78,168.4,168.17,64,stop_loss_premium_phase2,immediate,False,True,True,False,False,False,False,False,True,3.63,1.8,21.68,accumulation,markup,medium,2022-08-11,2022,2022-08,2565.0,False
2022-08-12 09:45:00,2022-08-12 11:15:00,NIFTY 50,bullish,pro_FVG+VP,857.46,933.19,75.73,184.91,199.49,64,stop_loss_premium_phase3,immediate,False,True,True,False,False,False,False,False,True,3.63,0.3,26.66,markdown,markup,low,2022-08-18,2022,2022-08,90.0,True
2022-08-12 14:45:00,2022-08-16 09:15:00,NIFTY 50,bullish,pro_FVG+VP,2325.97,2400.77,74.8,162.2,199.71,64,target,immediate,False,True,True,False,False,False,False,False,True,3.63,1.29,19.39,markdown,markup,low,2022-08-18,2022,2022-08,5430.0,True
2022-08-19 09:45:00,2022-08-19 11:00:00,NIFTY 50,bearish,pro_OTE+RSI_Div+VWAP,2108.37,2183.26,74.89,162.69,196.28,65,target,immediate,False,False,False,True,True,False,False,True,True,1.46,2.9,23.65,markup,markup,low,2022-08-25,2022,2022-08,75.0,True
2022-08-23 09:45:00,2022-08-23 10:45:00,NIFTY 50,bullish,pro_VP+RSI_Div,-74.09,-1.17,72.92,173.32,173.3,65,stop_loss_premium_phase2,immediate,False,False,True,False,True,False,False,False,True,3.18,1.18,38.9,markup,markup,medium,2022-08-25,2022,2022-08,60.0,False
2022-08-26 09:30:00,2022-08-26 11:00:00,NIFTY 50,bearish,pro_LiqSweep+OTE+RSI_Div+VWAP,1106.54,1183.47,76.93,190.34,208.83,64,stop_loss_premium_phase3,immediate,True,False,False,True,True,False,False,True,False,1.46,3.66,44.6,accumulation,markup,medium,2022-09-01,2022,2022-08,90.0,True
2022-09-02 10:30:00,2022-09-02 12:00:00,NIFTY 50,bullish,pro_LiqSweep+OTE,-99.17,-21.25,77.92,210.52,210.19,64,stop_loss_premium_phase3,immediate,True,False,False,True,False,False,False,False,True,3.11,0.3,55.34,markdown,accumulation,medium,2022-09-08,2022,2022-09,90.0,False
2022-09-02 14:15:00,2022-09-02 15:15:00,NIFTY 50,bullish,pro_LiqSweep+VP,-251.73,-175.59,76.14,200.04,197.3,64,stop_loss_premium_phase2,immediate,True,False,True,False,False,False,False,False,True,3.7,1.73,25.13,markdown,accumulation,medium,2022-09-08,2022,2022-09,60.0,False
2022-09-19 10:00:00,2022-09-19 11:30:00,NIFTY 50,bearish,pro_FVG+OTE+RSI_Div+VWAP,-79.45,-2.93,76.52,200.7,200.66,64,stop_loss_premium_phase3,immediate,False,True,False,True,True,False,False,True,False,1.5,3.59,63.3,markdown,accumulation,medium,2022-09-22,2022,2022-09,90.0,False
2022-09-30 09:45:00,2022-09-30 10:30:00,NIFTY 50,bullish,pro_LiqSweep+OTE+RSI_Div,4388.8,4473.86,85.06,209.32,279.23,64,target,immediate,True,False,False,True,True,False,False,False,True,4.1,0.3,48.89,markdown,markdown,medium,2022-10-06,2022,2022-09,45.0,True
2022-09-30 10:45:00,2022-09-30 12:30:00,NIFTY 50,bullish,pro_LiqSweep+VP,4636.27,4719.9,83.63,193.8,266.41,65,target,immediate,True,False,True,False,False,False,False,False,True,3.7,0.3,56.36,markdown,markdown,medium,2022-10-06,2022,2022-09,105.0,True
2022-10-03 10:00:00,2022-10-03 11:30:00,NIFTY 50,bearish,pro_LiqSweep+RSI_Div+VWAP,796.02,874.29,78.27,199.82,213.27,65,stop_loss_premium_phase3,immediate,True,False,False,False,True,False,False,True,True,0.0,3.53,46.71,markup,markdown,medium,2022-10-06,2022,2022-10,90.0,True
2022-10-07 10:15:00,2022-10-07 11:45:00,NIFTY 50,bullish,pro_FVG+OTE,-101.7,-23.68,78.02,207.95,207.59,65,stop_loss_premium_phase3,immediate,False,True,False,True,False,False,False,False,True,3.04,0.3,33.91,markdown,markdown,medium,2022-10-13,2022,2022-10,90.0,False
2022-10-17 11:30:00,2022-10-17 13:00:00,NIFTY 50,bullish,pro_FVG+VP,1257.78,1334.77,76.99,189.04,209.9,64,stop_loss_premium_phase3,immediate,False,True,True,False,False,False,False,False,True,3.63,1.18,43.38,markdown,markup,high,2022-10-20,2022,2022-10,90.0,True
2022-10-28 09:30:00,2022-10-28 11:00:00,NIFTY 50,bullish,pro_LiqSweep+VP,506.93,584.35,77.42,197.27,206.26,65,stop_loss_premium_phase3,immediate,True,False,True,False,False,False,False,False,False,2.96,0.3,29.1,markdown,markup,medium,2022-11-03,2022,2022-10,90.0,True
2022-11-04 09:45:00,2022-11-04 11:15:00,NIFTY 50,bullish,pro_VP+RSI_Div,-86.54,-14.8,71.74,168.12,167.89,64,stop_loss_premium_phase3,immediate,False,False,True,False,True,False,False,False,True,3.18,1.8,27.65,markdown,markup,low,2022-11-10,2022,2022-11,90.0,False
2022-11-15 11:15:00,2022-11-15 12:45:00,NIFTY 50,bullish,pro_LiqSweep+FVG,1019.32,1085.76,66.44,119.62,136.58,64,stop_loss_premium_phase3,immediate,True,True,False,False,False,False,False,False,True,3.67,0.3,26.55,accumulation,markup,low,2022-11-17,2022,2022-11,90.0,True
2022-11-15 14:15:00,2022-11-15 15:00:00,NIFTY 50,bullish,pro_LiqSweep+FVG+VP,3024.1,3103.15,79.05,183.43,231.92,64,target,immediate,True,True,True,False,False,False,False,False,True,5.13,0.3,18.04,accumulation,markup,low,2022-11-17,2022,2022-11,45.0,True
2022-11-15 15:15:00,2022-11-16 10:00:00,NIFTY 50,bullish,pro_LiqSweep+VP+RSI_Div,-243.82,-171.53,72.29,170.97,168.33,65,stop_loss_premium_phase2,immediate,True,False,True,False,True,False,False,False,True,4.68,0.3,21.74,accumulation,markup,low,2022-11-17,2022,2022-11,1125.0,False
2022-11-18 09:45:00,2022-11-18 11:00:00,NIFTY 50,bullish,pro_FVG+RSI_Div,-86.7,-14.34,72.36,172.38,172.15,64,stop_loss_premium_phase2,immediate,False,True,False,False,True,False,False,False,True,3.15,1.8,27.29,markup,markup,low,2022-11-24,2022,2022-11,75.0,False
2022-11-18 14:30:00,2022-11-18 15:00:00,NIFTY 50,bullish,pro_VP+RSI_Div,2452.21,2532.43,80.22,197.85,237.42,64,target,immediate,False,False,True,False,True,False,False,False,True,3.18,0.3,25.61,markup,markup,low,2022-11-24,2022,2022-11,30.0,True
2022-11-22 09:30:00,2022-11-22 11:00:00,NIFTY 50,bullish,pro_LiqSweep+VP+OTE,1345.64,1420.03,74.39,167.65,189.49,65,stop_loss_premium_phase3,immediate,True,False,True,True,False,False,False,False,True,4.57,0.3,22.31,markdown,markup,low,2022-11-24,2022,2022-11,90.0,True
2022-11-22 11:15:00,2022-11-22 12:45:00,NIFTY 50,bullish,pro_LiqSweep+VP,841.43,915.15,73.72,171.33,185.63,64,stop_loss_premium_phase3,immediate,True,False,True,False,False,False,False,False,True,3.7,1.73,23.48,markdown,markup,low,2022-11-24,2022,2022-11,90.0,True
2022-11-25 10:00:00,2022-11-25 11:30:00,NIFTY 50,bullish,pro_FVG+VP,-15.14,58.67,73.81,181.51,182.43,64,stop_loss_premium_phase3,immediate,False,True,True,False,False,False,False,False,True,3.63,1.8,31.29,markup,markup,low,2022-12-01,2022,2022-11,90.0,False
2022-11-25 15:00:00,2022-11-28 10:30:00,NIFTY 50,bullish,pro_VP+RSI_Div,1101.59,1179.13,77.54,194.54,212.96,64,stop_loss_premium_phase3,immediate,False,False,True,False,True,False,False,False,True,3.18,1.8,21.04,markup,markup,low,2022-12-01,2022,2022-11,4050.0,True
2022-11-28 10:45:00,2022-11-28 12:30:00,NIFTY 50,bullish,pro_LiqSweep+VP,1530.85,1607.75,76.9,182.51,207.24,65,stop_loss_premium_phase3,immediate,True,False,True,False,False,False,False,False,False,2.96,1.29,30.19,markup,markup,low,2022-12-01,2022,2022-11,105.0,True
2022-11-29 09:45:00,2022-11-29 11:15:00,NIFTY 50,bullish,pro_FVG+VP,1309.06,1386.03,76.97,188.34,210.0,64,stop_loss_premium_phase3,immediate,False,True,True,False,False,False,False,False,False,2.89,0.3,25.87,markup,markup,low,2022-12-01,2022,2022-11,90.0,True
2022-11-29 14:15:00,2022-11-29 15:15:00,NIFTY 50,bearish,pro_LiqSweep+RSI_Div+VWAP,1347.46,1412.84,65.38,108.73,130.8,64,target,immediate,True,False,False,False,True,False,False,True,False,1.46,2.79,15.31,markup,markup,low,2022-12-01,2022,2022-11,60.0,True
2022-12-05 10:00:00,2022-12-05 11:15:00,NIFTY 50,bearish,pro_LiqSweep+VP+VWAP,-216.26,-144.92,71.34,164.27,162.04,65,stop_loss_premium_phase2,immediate,True,False,True,False,False,False,False,True,False,0.0,3.26,26.29,accumulation,markup,low,2022-12-08,2022,2022-12,75.0,False
2022-12-05 11:30:00,2022-12-05 12:30:00,NIFTY 50,bearish,pro_LiqSweep+FVG+VWAP,-92.35,-19.72,72.63,174.31,174.0,64,stop_loss_premium_phase2,immediate,True,True,False,False,False,False,False,True,False,0.88,3.23,25.95,accumulation,markup,low,2022-12-08,2022,2022-12,60.0,False
2022-12-06 14:15:00,2022-12-07 09:30:00,NIFTY 50,bullish,pro_LiqSweep+VP+RSI_Div,1521.23,1597.4,76.17,180.48,205.44,64,stop_loss_premium_phase3,immediate,True,False,True,False,True,False,False,False,True,4.68,1.73,20.13,markdown,markup,low,2022-12-08,2022,2022-12,1155.0,True
2022-12-13 09:30:00,2022-12-13 11:00:00,NIFTY 50,bullish,pro_LiqSweep+VP,536.69,602.4,65.71,119.96,129.38,64,stop_loss_premium_phase3,immediate,True,False,True,False,False,False,False,False,True,3.7,1.73,27.02,markdown,markup,low,2022-12-15,2022,2022-12,90.0,True
2022-12-19 11:00:00,2022-12-19 12:30:00,NIFTY 50,bullish,pro_FVG+RSI_Div,1229.96,1307.01,77.05,189.79,210.21,64,stop_loss_premium_phase3,immediate,False,True,False,False,True,False,False,False,True,3.15,1.8,37.09,markdown,markdown,low,2022-12-22,2022,2022-12,90.0,True
2022-12-20 11:15:00,2022-12-20 12:45:00,NIFTY 50,bullish,pro_LiqSweep+RSI_Div,1790.45,1866.14,75.69,174.2,203.36,64,stop_loss_premium_phase3,immediate,True,False,False,False,True,False,False,False,True,3.22,0.3,38.29,markdown,markdown,low,2022-12-22,2022,2022-12,90.0,True
2022-12-20 14:15:00,2022-12-20 15:00:00,NIFTY 50,bullish,pro_LiqSweep+VP+RSI_Div,3262.24,3339.25,77.01,166.88,219.05,64,target,immediate,True,False,True,False,True,False,False,False,True,4.68,2.61,24.66,markdown,markdown,low,2022-12-22,2022,2022-12,45.0,True
2022-12-20 15:15:00,2022-12-21 09:15:00,NIFTY 50,bullish,pro_LiqSweep+VP+RSI_Div,3823.91,3903.17,79.26,176.01,236.99,64,target,immediate,True,False,True,False,True,False,False,False,True,4.68,1.73,30.44,markdown,markdown,low,2022-12-22,2022,2022-12,1080.0,True
2022-12-26 10:00:00,2022-12-26 12:15:00,NIFTY 50,bullish,pro_FVG+VP+RSI_Div,1833.22,1911.23,78.01,186.67,216.07,65,stop_loss_premium_phase3,immediate,False,True,True,False,True,False,False,False,True,4.61,0.3,46.01,markdown,markdown,low,2022-12-29,2022,2022-12,135.0,True
2023-01-02 10:45:00,2023-01-02 12:15:00,NIFTY 50,bullish,pro_LiqSweep+VP,229.96,307.08,77.12,201.34,206.14,64,stop_loss_premium_phase3,immediate,True,False,True,False,False,False,False,False,False,2.96,1.18,39.45,markdown,markdown,low,2023-01-05,2023,2023-01,90.0,True
2023-01-03 14:30:00,2023-01-04 09:15:00,NIFTY 50,bullish,pro_LiqSweep+VP,-71.1,-8.26,62.84,107.17,107.05,64,stop_loss_premium_phase2,immediate,True,False,True,False,False,False,False,False,True,3.7,0.3,20.55,accumulation,markdown,low,2023-01-05,2023,2023-01,1125.0,False
2023-01-06 09:30:00,2023-01-06 10:30:00,NIFTY 50,bullish,pro_FVG+VP+RSI_Div,-79.19,-2.05,77.14,204.92,204.89,64,stop_loss_premium_phase2,immediate,False,True,True,False,True,False,False,False,False,3.88,0.3,33.19,markdown,markdown,low,2023-01-12,2023,2023-01,60.0,False
2023-01-10 10:45:00,2023-01-10 12:15:00,NIFTY 50,bearish,pro_VP+RSI_Div+VWAP,1148.78,1223.75,74.97,176.43,195.55,64,stop_loss_premium_phase3,immediate,False,False,True,False,True,False,False,True,False,1.43,2.75,38.54,markdown,markdown,medium,2023-01-12,2023,2023-01,90.0,True
2023-01-10 15:00:00,2023-01-11 09:45:00,NIFTY 50,bullish,pro_VP+OTE+RSI_Div,-87.1,-14.28,72.82,175.52,175.29,64,stop_loss_premium_phase2,immediate,False,False,True,True,True,False,False,False,False,3.32,0.3,32.5,markdown,markdown,medium,2023-01-12,2023,2023-01,1125.0,False
2023-01-13 14:30:00,2023-01-16 09:15:00,NIFTY 50,bullish,pro_FVG+VP,3216.96,3295.23,78.27,175.97,227.46,64,target,immediate,False,True,True,False,False,False,False,False,True,3.63,0.3,28.97,markdown,markdown,medium,2023-01-19,2023,2023-01,4005.0,True
2023-01-16 10:30:00,2023-01-16 12:15:00,NIFTY 50,bearish,pro_OTE+RSI_Div+VWAP,2829.8,2906.68,76.88,168.15,212.87,65,target,immediate,False,False,False,True,True,False,False,True,True,0.0,2.9,33.35,markup,markdown,low,2023-01-19,2023,2023-01,105.0,True
2023-01-16 14:15:00,2023-01-17 09:15:00,NIFTY 50,bearish,pro_FVG+RSI_Div+VWAP,-93.21,-19.55,73.66,178.55,178.24,65,stop_loss_premium_phase2,immediate,False,True,False,False,True,False,False,True,True,0.0,3.45,25.04,markup,markdown,low,2023-01-19,2023,2023-01,1140.0,False
2023-01-17 10:15:00,2023-01-17 11:45:00,NIFTY 50,bullish,pro_FVG+VP,-95.86,-21.52,74.34,186.04,185.7,64,stop_loss_premium_phase3,immediate,False,True,True,False,False,False,False,False,False,2.89,0.3,33.76,markup,markdown,medium,2023-01-19,2023,2023-01,90.0,False
2023-01-18 09:15:00,2023-01-18 09:45:00,NIFTY 50,bullish,pro_FVG+VP,1950.72,2029.39,78.67,192.83,224.54,64,target,immediate,False,True,True,False,False,False,False,False,False,2.89,0.3,28.02,markup,markdown,medium,2023-01-19,2023,2023-01,30.0,True
2023-01-30 09:30:00,2023-01-30 10:30:00,NIFTY 50,bullish,pro_LiqSweep+VP,-93.99,-17.78,76.21,195.68,195.4,65,stop_loss_premium_phase2,immediate,True,False,True,False,False,False,False,False,True,3.7,0.3,60.43,markdown,markdown,low,2023-02-02,2023,2023-01,60.0,False
2023-01-30 10:45:00,2023-01-30 12:15:00,NIFTY 50,bullish,pro_LiqSweep+RSI_Div,1411.31,1490.14,78.83,199.92,223.2,64,stop_loss_premium_phase3,immediate,True,False,False,False,True,False,False,False,True,3.22,0.3,65.13,markdown,markdown,low,2023-02-02,2023,2023-01,90.0,True
2023-02-06 10:45:00,2023-02-06 12:15:00,NIFTY 50,bullish,pro_LiqSweep+OTE,969.57,1049.88,80.31,214.92,231.32,64,stop_loss_premium_phase3,immediate,True,False,False,True,False,False,False,False,True,3.11,1.73,47.31,markup,markdown,low,2023-02-09,2023,2023-02,90.0,True
2023-02-06 14:15:00,2023-02-07 09:30:00,NIFTY 50,bullish,pro_LiqSweep+VP+RSI_Div,1633.09,1707.68,74.59,168.46,195.14,64,stop_loss_premium_phase3,immediate,True,False,True,False,True,False,False,False,True,4.68,1.18,29.31,markup,markdown,low,2023-02-09,2023,2023-02,1155.0,True
2023-02-10 14:15:00,2023-02-13 09:30:00,NIFTY 50,bullish,pro_LiqSweep+VP+RSI_Div,-93.15,-18.84,74.31,182.9,182.61,65,stop_loss_premium_phase3,immediate,True,False,True,False,True,False,False,False,False,3.95,1.18,18.64,markdown,markdown,low,2023-02-16,2023,2023-02,4035.0,False
2023-02-13 09:45:00,2023-02-13 11:15:00,NIFTY 50,bullish,pro_LiqSweep+VP+OTE,-77.74,-12.96,64.78,120.46,120.26,64,stop_loss_premium_phase3,immediate,True,False,True,True,False,False,False,False,True,4.57,0.3,22.29,markdown,markdown,low,2023-02-16,2023,2023-02,90.0,False
2023-02-21 10:15:00,2023-02-21 11:45:00,NIFTY 50,bearish,pro_LiqSweep+OTE+VWAP,1460.49,1535.11,74.62,170.6,194.58,64,stop_loss_premium_phase3,immediate,True,False,False,True,False,False,False,True,True,1.46,3.41,34.68,markdown,accumulation,low,2023-02-23,2023,2023-02,90.0,True
2023-02-21 14:45:00,2023-02-22 09:15:00,NIFTY 50,bearish,pro_LiqSweep+FVG+VWAP,3446.52,3524.11,77.59,168.78,223.85,64,target,immediate,True,True,False,False,False,False,False,True,True,0.88,3.97,27.32,markdown,accumulation,low,2023-02-23,2023,2023-02,1110.0,True
2023-03-14 14:30:00,2023-03-15 09:15:00,NIFTY 50,bearish,pro_LiqSweep+FVG+VWAP,-94.2,-17.94,76.26,196.06,195.78,65,stop_loss_premium_phase2,immediate,True,True,False,False,False,False,False,True,False,1.86,3.23,50.08,markdown,markdown,medium,2023-03-16,2023,2023-03,1125.0,False
2023-03-20 11:00:00,2023-03-20 12:00:00,NIFTY 50,bullish,pro_LiqSweep+OTE,-81.21,-4.51,76.7,201.95,201.88,64,stop_loss_premium_phase2,immediate,True,False,False,True,False,False,False,False,True,3.11,1.73,57.74,markdown,markdown,medium,2023-03-23,2023,2023-03,60.0,False
2023-04-21 09:30:00,2023-04-21 11:00:00,NIFTY 50,bullish,pro_LiqSweep+VP,-78.14,-3.07,75.07,190.77,190.72,64,stop_loss_premium_phase3,immediate,True,False,True,False,False,False,False,False,True,3.7,1.73,17.52,markdown,markup,low,2023-04-27,2023,2023-04,90.0,False
2023-04-21 11:15:00,2023-04-21 12:45:00,NIFTY 50,bullish,pro_LiqSweep+VP+OTE+RSI_Div,-91.25,-16.32,74.93,189.98,189.73,64,stop_loss_premium_phase3,immediate,True,False,True,True,True,False,False,False,True,5.56,0.3,21.64,markdown,markup,low,2023-04-27,2023,2023-04,90.0,False
2023-04-28 09:30:00,2023-04-28 11:15:00,NIFTY 50,bullish,pro_LiqSweep+FVG+VP,1191.83,1267.58,75.75,181.33,201.14,64,stop_loss_premium_phase3,immediate,True,True,True,False,False,False,False,False,True,5.13,0.3,20.56,markup,markup,low,2023-05-04,2023,2023-04,105.0,True
2023-05-08 09:45:00,2023-05-08 11:15:00,NIFTY 50,bullish,pro_VP+RSI_Div,1173.93,1251.59,77.66,194.57,214.13,64,stop_loss_premium_phase3,immediate,False,False,True,False,True,False,False,False,True,3.18,1.73,34.47,markup,markup,low,2023-05-11,2023,2023-05,90.0,True
2023-05-12 11:30:00,2023-05-12 13:15:00,NIFTY 50,bullish,pro_VP+RSI_Div,1067.85,1144.12,76.27,186.24,204.12,64,stop_loss_premium_phase3,immediate,False,False,True,False,True,False,False,False,True,3.18,1.8,31.65,markdown,markup,low,2023-05-18,2023,2023-05,105.0,True
2023-05-15 10:00:00,2023-05-15 12:00:00,NIFTY 50,bullish,pro_VP+RSI_Div,1342.06,1419.85,77.79,193.56,215.74,64,stop_loss_premium_phase3,immediate,False,False,True,False,True,False,False,False,True,3.18,0.3,22.84,markup,markup,low,2023-05-18,2023,2023-05,120.0,True
2023-05-15 15:15:00,2023-05-16 09:15:00,NIFTY 50,bullish,pro_VP+OTE,1645.97,1720.3,74.33,166.57,193.45,64,target,immediate,False,False,True,True,False,False,False,False,True,3.07,1.29,16.51,markup,markup,low,2023-05-18,2023,2023-05,1080.0,True
2023-05-19 11:15:00,2023-05-19 12:45:00,NIFTY 50,bullish,pro_LiqSweep+OTE,321.37,397.5,76.13,190.62,196.73,65,stop_loss_premium_phase3,immediate,True,False,False,True,False,False,False,False,True,3.11,0.3,34.11,markdown,markup,low,2023-05-25,2023,2023-05,90.0,True
2023-05-19 14:15:00,2023-05-22 09:15:00,NIFTY 50,bullish,pro_LiqSweep+VP,3072.26,3153.86,81.6,200.31,249.59,64,target,immediate,True,False,True,False,False,False,False,False,True,3.7,0.3,24.55,markup,markup,low,2023-05-25,2023,2023-05,4020.0,True
2023-05-22 10:00:00,2023-05-22 11:30:00,NIFTY 50,bullish,pro_FVG+VP,1192.07,1265.93,73.86,165.8,185.28,65,stop_loss_premium_phase3,immediate,False,True,True,False,False,False,False,False,True,3.63,1.8,27.64,markup,markup,low,2023-05-25,2023,2023-05,90.0,True
2023-05-23 14:15:00,2023-05-23 14:45:00,NIFTY 50,bearish,pro_LiqSweep+OTE+RSI_Div+VWAP,2048.57,2121.59,73.02,153.14,186.29,64,target,immediate,True,False,False,True,True,False,False,True,True,1.46,4.4,15.69,markup,markup,low,2023-05-25,2023,2023-05,30.0,True
2023-05-23 15:15:00,2023-05-24 09:15:00,NIFTY 50,bearish,pro_LiqSweep+VP+RSI_Div+VWAP,2479.98,2554.88,74.9,158.69,197.99,65,target,immediate,True,False,True,False,True,False,False,True,True,1.43,4.99,18.39,markdown,markup,low,2023-05-25,2023,2023-05,1080.0,True
2023-05-26 09:30:00,2023-05-26 11:30:00,NIFTY 50,bullish,pro_VP+RSI_Div,2364.78,2445.24,80.46,197.35,234.97,65,target,immediate,False,False,True,False,True,False,False,False,True,3.18,0.3,23.71,markup,markup,low,2023-06-01,2023,2023-05,120.0,True
2023-05-30 09:30:00,2023-05-30 10:45:00,NIFTY 50,bullish,pro_LiqSweep+VP,-84.12,-13.33,70.79,159.12,158.92,65,stop_loss_premium_phase2,immediate,True,False,True,False,False,False,False,False,True,3.7,0.3,21.44,markdown,markup,low,2023-06-01,2023,2023-05,75.0,False
2023-05-30 11:00:00,2023-05-30 12:30:00,NIFTY 50,bullish,pro_LiqSweep+FVG+VP+RSI_Div,635.32,707.69,72.37,164.4,175.46,64,stop_loss_premium_phase3,immediate,True,True,True,False,True,False,False,False,True,6.11,0.3,25.1,markdown,markup,low,2023-06-01,2023,2023-05,90.0,True
2023-06-06 09:30:00,2023-06-06 10:30:00,NIFTY 50,bullish,pro_FVG+VP+OTE,-74.08,-2.32,71.76,168.14,168.11,64,stop_loss_premium_phase2,immediate,False,True,True,True,False,False,False,False,False,3.77,0.3,15.49,markdown,markup,low,2023-06-08,2023,2023-06,60.0,False
2023-06-06 10:45:00,2023-06-06 12:15:00,NIFTY 50,bullish,pro_FVG+VP,-246.2,-173.15,73.05,178.87,176.16,64,stop_loss_premium_phase3,immediate,False,True,True,False,False,False,False,False,False,2.89,0.3,17.81,markdown,markup,low,2023-06-08,2023,2023-06,90.0,False
2023-06-06 14:45:00,2023-06-06 15:00:00,NIFTY 50,bullish,pro_VP+OTE+RSI_Div,1469.41,1543.42,74.01,166.29,190.41,64,target,immediate,False,False,True,True,True,False,False,False,False,3.32,0.3,14.0,markdown,markup,low,2023-06-08,2023,2023-06,15.0,True
2023-06-12 09:30:00,2023-06-12 11:00:00,NIFTY 50,bullish,pro_VP+RSI_Div,973.67,1048.09,74.42,171.95,188.07,65,stop_loss_premium_phase3,immediate,False,False,True,False,True,False,False,False,True,3.18,0.3,22.92,markdown,markup,low,2023-06-15,2023,2023-06,90.0,True
2023-06-13 10:45:00,2023-06-13 12:15:00,NIFTY 50,bearish,pro_LiqSweep+FVG+VWAP,-225.43,-162.0,63.43,112.9,110.37,64,stop_loss_premium_phase3,immediate,True,True,False,False,False,False,False,True,False,1.46,3.23,21.08,markup,markup,low,2023-06-15,2023,2023-06,90.0,False
2023-06-13 15:00:00,2023-06-14 10:15:00,NIFTY 50,bearish,pro_LiqSweep+FVG+OTE+VWAP,648.13,712.29,64.16,108.14,119.27,64,stop_loss_premium_phase3,immediate,True,True,False,True,False,False,False,True,False,1.46,4.11,12.6,accumulation,markup,low,2023-06-15,2023,2023-06,1155.0,True
2023-06-16 10:00:00,2023-06-16 11:30:00,NIFTY 50,bullish,pro_FVG+VP,136.0,212.45,76.45,197.87,201.19,64,stop_loss_premium_phase3,immediate,False,True,True,False,False,False,False,False,True,3.63,1.8,25.76,markup,markup,low,2023-06-22,2023,2023-06,90.0,True
2023-06-16 14:15:00,2023-06-16 14:45:00,NIFTY 50,bullish,pro_LiqSweep+VP+RSI_Div,1707.26,1783.4,76.14,178.25,206.11,64,target,immediate,True,False,True,False,True,False,False,False,True,4.68,0.3,14.53,markup,markup,low,2023-06-22,2023,2023-06,30.0,True
2023-06-16 15:00:00,2023-06-19 09:15:00,NIFTY 50,bullish,pro_LiqSweep+VP,2014.44,2093.11,78.67,189.17,221.37,65,target,immediate,True,False,True,False,False,False,False,False,True,3.7,0.3,16.98,markup,markup,low,2023-06-22,2023,2023-06,3975.0,True
2023-06-19 09:30:00,2023-06-19 10:30:00,NIFTY 50,bullish,pro_LiqSweep+VP,-95.29,-21.33,73.96,180.58,180.25,65,stop_loss_premium_phase2,immediate,True,False,True,False,False,False,False,False,True,3.7,0.3,22.06,markup,markup,low,2023-06-22,2023,2023-06,60.0,False
2023-06-19 14:45:00,2023-06-20 09:30:00,NIFTY 50,bullish,pro_LiqSweep+VP,-66.2,9.27,75.47,193.39,193.53,64,stop_loss_premium_phase2,immediate,True,False,True,False,False,False,False,False,True,3.7,1.73,20.2,markdown,markup,low,2023-06-22,2023,2023-06,1125.0,False
2023-06-26 11:30:00,2023-06-26 13:00:00,NIFTY 50,bullish,pro_VP+OTE+RSI_Div,284.13,356.11,71.98,165.67,171.24,64,stop_loss_premium_phase3,immediate,False,False,True,True,True,False,False,False,False,3.32,1.73,26.55,markdown,markup,low,2023-06-29,2023,2023-06,90.0,True
2023-06-26 15:15:00,2023-06-27 10:00:00,NIFTY 50,bearish,pro_LiqSweep+FVG+RSI_Div+VWAP,-109.25,-38.4,70.85,162.28,161.68,64,stop_loss_premium_phase2,immediate,True,True,False,False,True,False,False,True,False,1.46,4.22,17.81,markdown,markup,low,2023-06-29,2023,2023-06,1125.0,False
2023-06-27 11:15:00,2023-06-27 12:45:00,NIFTY 50,bullish,pro_FVG+VP,551.6,626.96,75.36,185.74,195.54,64,stop_loss_premium_phase3,immediate,False,True,True,False,False,False,False,False,True,3.63,1.18,21.06,markdown,markup,low,2023-06-29,2023,2023-06,90.0,True
2023-07-10 14:15:00,2023-07-10 15:00:00,NIFTY 50,bearish,pro_FVG+OTE+VWAP,2417.65,2492.79,75.14,163.51,202.46,64,target,immediate,False,True,False,True,False,False,False,True,True,1.46,3.34,24.53,accumulation,markup,low,2023-07-13,2023,2023-07,45.0,True
2023-07-14 10:00:00,2023-07-14 11:30:00,NIFTY 50,bullish,pro_FVG+OTE,1076.91,1154.27,77.36,190.6,208.36,65,stop_loss_premium_phase3,immediate,False,True,False,True,False,False,False,False,True,3.04,0.3,36.42,markdown,markup,low,2023-07-20,2023,2023-07,90.0,True
2023-07-17 09:30:00,2023-07-17 11:15:00,NIFTY 50,bullish,pro_FVG+VP,1494.31,1574.02,79.71,205.01,229.6,64,stop_loss_premium_phase3,immediate,False,True,True,False,False,False,False,False,True,3.63,1.18,28.9,markdown,markup,low,2023-07-20,2023,2023-07,105.0,True
2023-07-18 09:15:00,2023-07-18 09:30:00,NIFTY 50,bullish,pro_FVG+VP,-157.88,-73.38,84.5,256.14,254.99,64,target,immediate,False,True,True,False,False,False,False,False,True,3.63,1.8,27.18,markup,markup,low,2023-07-20,2023,2023-07,15.0,False
2023-07-24 10:45:00,2023-07-24 11:45:00,NIFTY 50,bullish,pro_FVG+VP,-95.91,-21.33,74.58,187.68,187.34,64,stop_loss_premium_phase2,immediate,False,True,True,False,False,False,False,False,False,2.89,1.18,36.14,markdown,markup,low,2023-07-27,2023,2023-07,60.0,False
2023-07-28 10:00:00,2023-07-28 11:30:00,NIFTY 50,bullish,pro_LiqSweep+OTE+RSI_Div,86.42,163.99,77.57,206.07,208.64,64,stop_loss_premium_phase3,immediate,True,False,False,True,True,False,False,False,True,4.1,0.3,42.62,markdown,markup,low,2023-08-03,2023,2023-07,90.0,True
2023-07-28 14:15:00,2023-07-31 09:30:00,NIFTY 50,bullish,pro_LiqSweep+OTE+RSI_Div,2021.51,2100.09,78.58,191.43,224.24,64,stop_loss_premium_phase3,immediate,True,False,False,True,True,False,False,False,True,4.1,0.3,25.91,markdown,markup,low,2023-08-03,2023,2023-07,4035.0,True
2023-07-31 09:45:00,2023-07-31 11:15:00,NIFTY 50,bullish,pro_LiqSweep+VP,1264.18,1342.01,77.83,194.74,215.71,64,stop_loss_premium_phase3,immediate,True,False,True,False,False,False,False,False,True,3.7,1.18,33.73,markdown,markup,low,2023-08-03,2023,2023-07,90.0,True
2023-07-31 11:30:00,2023-07-31 13:00:00,NIFTY 50,bullish,pro_LiqSweep+VP,-95.59,-18.04,77.55,204.76,204.48,65,stop_loss_premium_phase3,immediate,True,False,True,False,False,False,False,False,True,3.7,1.29,30.89,markdown,markup,low,2023-08-03,2023,2023-07,90.0,False
2023-08-01 09:15:00,2023-08-01 09:45:00,NIFTY 50,bullish,pro_FVG+VP,684.23,762.83,78.6,206.46,218.38,64,target,immediate,False,True,True,False,False,False,False,False,True,3.63,1.18,22.81,accumulation,markup,low,2023-08-03,2023,2023-08,30.0,True
2023-08-01 14:30:00,2023-08-02 09:15:00,NIFTY 50,bearish,pro_FVG+OTE+RSI_Div+VWAP,2305.39,2372.83,67.44,110.42,146.93,65,target,immediate,False,True,False,True,True,False,False,True,True,1.46,4.33,20.75,accumulation,markup,low,2023-08-03,2023,2023-08,1125.0,True
2023-08-08 14:15:00,2023-08-08 15:15:00,NIFTY 50,bullish,pro_VP+RSI_Div,-57.56,5.86,63.42,109.26,109.35,65,stop_loss_premium_phase2,immediate,False,False,True,False,True,False,False,False,True,3.18,1.8,18.23,markdown,accumulation,low,2023-08-10,2023,2023-08,60.0,False
2023-08-09 09:15:00,2023-08-09 10:15:00,NIFTY 50,bullish,pro_VP+RSI_Div,-716.06,-641.71,74.35,192.96,182.94,64,stop_loss_premium_phase2,immediate,False,False,True,False,True,False,False,False,True,3.18,0.3,18.48,markdown,accumulation,low,2023-08-10,2023,2023-08,60.0,False
2023-08-11 14:30:00,2023-08-14 09:15:00,NIFTY 50,bullish,pro_LiqSweep+VP,-92.52,-20.14,72.38,172.58,172.27,64,stop_loss_premium_phase2,immediate,True,False,True,False,False,False,False,False,False,2.96,1.18,21.89,markdown,markdown,low,2023-08-17,2023,2023-08,4005.0,False
2023-08-18 14:15:00,2023-08-18 15:15:00,NIFTY 50,bullish,pro_LiqSweep+VP+RSI_Div,-79.11,-4.05,75.06,190.77,190.71,64,stop_loss_premium_phase2,immediate,True,False,True,False,True,False,False,False,False,3.95,1.73,22.64,markdown,markdown,low,2023-08-24,2023,2023-08,60.0,False
2023-08-21 09:15:00,2023-08-21 11:45:00,NIFTY 50,bullish,pro_LiqSweep+OTE+RSI_Div,688.82,768.54,79.72,214.04,226.05,64,target,immediate,True,False,False,True,True,False,False,False,False,3.36,0.3,28.21,markdown,markdown,low,2023-08-24,2023,2023-08,150.0,True
2023-08-22 10:00:00,2023-08-22 11:30:00,NIFTY 50,bearish,pro_LiqSweep+RSI_Div+VWAP,-288.63,-218.22,70.41,161.29,157.88,64,stop_loss_premium_phase3,immediate,True,False,False,False,True,False,False,True,True,1.46,3.53,25.19,markup,markdown,low,2023-08-24,2023,2023-08,90.0,False
2023-08-28 09:30:00,2023-08-28 11:15:00,NIFTY 50,bullish,pro_VP+OTE+RSI_Div,641.25,719.25,78.0,202.78,214.02,64,stop_loss_premium_phase3,immediate,False,False,True,True,True,False,False,False,True,4.06,0.3,28.38,accumulation,markdown,low,2023-08-31,2023,2023-08,105.0,True
2023-09-01 09:45:00,2023-09-01 11:30:00,NIFTY 50,bullish,pro_VP+RSI_Div,1192.09,1266.99,74.9,175.51,195.3,64,stop_loss_premium_phase3,immediate,False,False,True,False,True,False,False,False,True,3.18,0.3,28.45,markdown,accumulation,low,2023-09-07,2023,2023-09,105.0,True
2023-09-05 11:30:00,2023-09-05 13:15:00,NIFTY 50,bearish,pro_LiqSweep+RSI_Div+VWAP,1546.63,1622.05,75.42,175.11,200.46,64,stop_loss_premium_phase3,immediate,True,False,False,False,True,False,False,True,False,1.46,2.79,21.65,markup,markup,low,2023-09-07,2023,2023-09,105.0,True
2023-09-08 10:30:00,2023-09-08 11:30:00,NIFTY 50,bullish,pro_FVG+VP,2580.36,2661.31,80.95,201.41,242.99,64,target,immediate,False,True,True,False,False,False,False,False,False,2.89,0.3,27.36,markup,markup,low,2023-09-14,2023,2023-09,60.0,True
2023-09-12 14:45:00,2023-09-13 10:00:00,NIFTY 50,bearish,pro_LiqSweep+OTE+VWAP,1903.97,1977.81,73.84,157.88,188.31,65,stop_loss_premium_phase3,immediate,True,False,False,True,False,False,False,True,True,1.46,3.41,29.54,markup,markup,low,2023-09-14,2023,2023-09,1155.0,True
2023-09-15 09:30:00,2023-09-15 11:15:00,NIFTY 50,bullish,pro_LiqSweep+FVG+VP+RSI_Div,815.31,888.91,73.6,168.19,181.87,65,stop_loss_premium_phase3,immediate,True,True,True,False,True,False,False,False,True,6.11,0.3,27.94,markup,markup,low,2023-09-21,2023,2023-09,105.0,True
2023-09-18 09:45:00,2023-09-18 11:15:00,NIFTY 50,bearish,pro_LiqSweep+FVG+RSI_Div+VWAP,399.94,469.08,69.14,144.92,152.25,64,stop_loss_premium_phase3,immediate,True,True,False,False,True,False,False,True,True,1.46,4.95,24.71,markdown,markup,low,2023-09-21,2023,2023-09,90.0,True
2023-09-25 14:15:00,2023-09-25 14:45:00,NIFTY 50,bullish,pro_FVG+OTE,2631.3,2708.97,77.67,175.68,217.36,65,target,immediate,False,True,False,True,False,False,False,False,True,3.04,0.3,27.47,markdown,markup,low,2023-09-28,2023,2023-09,30.0,True
2023-09-29 09:30:00,2023-09-29 11:00:00,NIFTY 50,bullish,pro_FVG+OTE,565.93,641.19,75.26,182.09,191.95,65,stop_loss_premium_phase3,immediate,False,True,False,True,False,False,False,False,True,3.04,0.3,30.89,markdown,markdown,low,2023-10-05,2023,2023-09,90.0,True
2023-09-29 11:30:00,2023-09-29 13:00:00,NIFTY 50,bullish,pro_VP+RSI_Div,432.38,506.01,73.63,175.27,183.17,64,stop_loss_premium_phase3,immediate,False,False,True,False,True,False,False,False,True,3.18,1.8,28.96,markdown,markdown,low,2023-10-05,2023,2023-09,90.0,True
2023-10-13 14:45:00,2023-10-16 09:30:00,NIFTY 50,bullish,pro_FVG+VP,-53.88,19.49,73.37,176.13,176.43,65,stop_loss_premium_phase2,immediate,False,True,True,False,False,False,False,False,True,3.63,0.3,21.59,markup,accumulation,low,2023-10-19,2023,2023-10,4005.0,False
2023-10-16 10:45:00,2023-10-16 12:15:00,NIFTY 50,bearish,pro_FVG+OTE+VWAP,-83.68,-13.31,70.37,158.76,158.55,64,stop_loss_premium_phase3,immediate,False,True,False,True,False,False,False,True,True,1.46,3.34,27.7,markup,accumulation,low,2023-10-19,2023,2023-10,90.0,False
2023-10-17 09:15:00,2023-10-17 10:45:00,NIFTY 50,bearish,pro_LiqSweep+FVG+VWAP,-617.09,-557.86,59.23,88.54,79.82,64,stop_loss_premium_phase3,immediate,True,True,False,False,False,False,False,True,True,1.46,3.97,18.77,markup,accumulation,low,2023-10-19,2023,2023-10,90.0,False
2023-10-20 14:15:00,2023-10-23 09:30:00,NIFTY 50,bullish,pro_LiqSweep+VP+OTE+RSI_Div,475.08,549.71,74.63,181.63,190.22,64,stop_loss_premium_phase3,immediate,True,False,True,True,True,False,False,False,False,4.82,0.3,20.47,markdown,markdown,low,2023-10-26,2023,2023-10,4035.0,True
2023-10-30 14:15:00,2023-10-31 09:15:00,NIFTY 50,bullish,pro_VP+RSI_Div,2563.4,2643.09,79.69,192.96,234.25,64,target,immediate,False,False,True,False,True,False,False,False,True,3.18,1.8,23.93,markup,markdown,low,2023-11-02,2023,2023-10,1140.0,True
2023-11-03 14:15:00,2023-11-03 14:30:00,NIFTY 50,bearish,pro_LiqSweep+RSI_Div+VWAP,1285.95,1359.6,73.65,163.37,184.29,65,target,immediate,True,False,False,False,True,False,False,True,False,1.46,2.79,15.0,markup,markdown,low,2023-11-09,2023,2023-11,15.0,True
2023-11-07 09:30:00,2023-11-07 11:15:00,NIFTY 50,bullish,pro_LiqSweep+VP,1097.14,1173.75,76.61,185.37,203.43,65,stop_loss_premium_phase3,immediate,True,False,True,False,False,False,False,False,True,3.7,0.3,18.21,markup,markdown,low,2023-11-09,2023,2023-11,105.0,True
2023-11-07 11:30:00,2023-11-07 13:15:00,NIFTY 50,bullish,pro_LiqSweep+VP,-87.5,-16.76,70.74,158.82,158.57,65,stop_loss_premium_phase3,immediate,True,False,True,False,False,False,False,False,True,3.7,1.73,20.96,markup,markdown,low,2023-11-09,2023,2023-11,105.0,False
2023-11-07 14:15:00,2023-11-08 09:15:00,NIFTY 50,bullish,pro_LiqSweep+VP,2716.09,2792.37,76.28,167.98,211.61,64,target,immediate,True,False,True,False,False,False,False,False,True,3.7,0.3,20.25,markup,markdown,low,2023-11-09,2023,2023-11,1140.0,True
2023-11-20 09:30:00,2023-11-20 11:00:00,NIFTY 50,bullish,pro_LiqSweep+VP,1292.3,1366.12,73.82,164.46,185.47,65,stop_loss_premium_phase3,immediate,True,False,True,False,False,False,False,False,False,2.96,0.3,23.24,markdown,markup,low,2023-11-23,2023,2023-11,90.0,True
2023-11-20 14:45:00,2023-11-21 09:30:00,NIFTY 50,bearish,pro_LiqSweep+FVG+VWAP,-88.01,-18.3,69.71,154.27,153.99,64,stop_loss_premium_phase2,immediate,True,True,False,False,False,False,False,True,False,1.46,3.23,18.57,accumulation,markup,low,2023-11-23,2023,2023-11,1125.0,False
2023-11-21 11:30:00,2023-11-21 12:30:00,NIFTY 50,bearish,pro_LiqSweep+FVG+VWAP,-66.82,5.6,72.42,172.58,172.67,64,stop_loss_premium_phase2,immediate,True,True,False,False,False,False,False,True,True,1.46,3.97,21.63,accumulation,markup,low,2023-11-23,2023,2023-11,60.0,False
2023-11-21 14:30:00,2023-11-22 09:45:00,NIFTY 50,bearish,pro_LiqSweep+FVG+VWAP,717.52,790.52,73.0,167.81,180.16,64,stop_loss_premium_phase3,immediate,True,True,False,False,False,False,False,True,True,2.34,3.97,17.45,markup,markup,low,2023-11-23,2023,2023-11,1155.0,True
2023-11-24 10:45:00,2023-11-24 12:15:00,NIFTY 50,bearish,pro_OTE+RSI_Div+VWAP,333.85,404.16,70.31,153.65,159.97,64,stop_loss_premium_phase3,immediate,False,False,False,True,True,False,False,True,True,1.46,2.9,18.83,markup,markup,low,2023-11-30,2023,2023-11,90.0,True
2023-11-28 09:30:00,2023-11-28 11:00:00,NIFTY 50,bullish,pro_LiqSweep+VP,-75.08,-11.73,63.35,108.98,108.8,65,stop_loss_premium_phase3,immediate,True,False,True,False,False,False,False,False,True,3.7,1.18,19.91,markdown,markup,low,2023-11-30,2023,2023-11,90.0,False
2023-11-28 11:15:00,2023-11-28 12:45:00,NIFTY 50,bullish,pro_LiqSweep+VP,739.22,815.13,75.91,187.43,200.17,64,stop_loss_premium_phase3,immediate,True,False,True,False,False,False,False,False,True,3.7,1.18,18.43,markdown,markup,low,2023-11-30,2023,2023-11,90.0,True
2023-12-08 11:15:00,2023-12-08 12:45:00,NIFTY 50,bullish,pro_FVG+VP,-27.1,44.89,71.99,169.18,169.88,64,stop_loss_premium_phase3,immediate,False,True,True,False,False,False,False,False,False,2.89,1.29,28.63,markup,markup,low,2023-12-14,2023,2023-12,90.0,False
2023-12-11 09:15:00,2023-12-11 10:45:00,NIFTY 50,bullish,pro_FVG+VP,1469.14,1545.01,75.87,179.01,203.15,64,stop_loss_premium_phase3,immediate,False,True,True,False,False,False,False,False,False,2.89,1.18,29.74,markup,markup,low,2023-12-14,2023,2023-12,90.0,True
2023-12-18 15:15:00,2023-12-19 10:00:00,NIFTY 50,bearish,pro_LiqSweep+RSI_Div+VWAP,2665.08,2738.75,73.67,150.71,193.51,64,target,immediate,True,False,False,False,True,False,False,True,True,1.46,3.53,23.72,markdown,markup,low,2023-12-21,2023,2023-12,1125.0,True
2023-12-22 09:30:00,2023-12-22 10:30:00,NIFTY 50,bearish,pro_LiqSweep+OTE+VWAP,-80.39,-4.7,75.69,192.04,191.97,65,stop_loss_premium_phase2,immediate,True,False,False,True,False,False,False,True,True,1.46,3.41,44.14,markup,markup,medium,2023-12-28,2023,2023-12,60.0,False
2023-12-26 09:30:00,2023-12-26 10:30:00,NIFTY 50,bearish,pro_LiqSweep+OTE+RSI_Div+VWAP,-65.58,12.05,77.63,208.17,208.36,64,stop_loss_premium_phase2,immediate,True,False,False,True,True,False,False,True,True,1.46,4.4,46.79,accumulation,markup,low,2023-12-28,2023,2023-12,60.0,False
2023-12-26 14:15:00,2023-12-27 09:15:00,NIFTY 50,bearish,pro_LiqSweep+OTE+VWAP,-90.85,-18.07,72.78,175.28,175.0,64,stop_loss_premium_phase2,immediate,True,False,False,True,False,False,False,True,True,1.46,3.41,21.5,markdown,markup,low,2023-12-28,2023,2023-12,1140.0,False
2023-12-29 09:30:00,2023-12-29 11:00:00,NIFTY 50,bullish,pro_LiqSweep+VP,-96.86,-21.51,75.35,192.91,192.57,64,stop_loss_premium_phase3,immediate,True,False,True,False,False,False,False,False,False,2.96,0.3,30.21,markup,markup,medium,2024-01-04,2023,2023-12,90.0,False
2023-12-29 11:30:00,2023-12-29 13:00:00,NIFTY 50,bullish,pro_LiqSweep+VP,-44.52,31.73,76.25,198.49,198.98,64,stop_loss_premium_phase3,immediate,True,False,True,False,False,False,False,False,False,2.96,0.3,32.6,markup,markup,medium,2024-01-04,2023,2023-12,90.0,False
2023-12-29 14:45:00,2024-01-01 10:00:00,NIFTY 50,bullish,pro_LiqSweep+FVG+VP+OTE+RSI_Div,-96.49,-20.05,76.44,200.35,200.04,64,stop_loss_premium_phase3,immediate,True,True,True,True,True,False,False,False,False,6.25,0.3,22.85,markup,markup,medium,2024-01-04,2023,2023-12,4035.0,False
2024-01-01 10:15:00,2024-01-01 11:45:00,NIFTY 50,bullish,pro_LiqSweep+FVG+VP,1117.06,1195.65,78.59,201.54,220.22,64,stop_loss_premium_phase3,immediate,True,True,True,False,False,False,False,False,True,5.13,0.3,31.19,markup,markup,medium,2024-01-04,2024,2024-01,90.0,True
2024-01-05 09:45:00,2024-01-05 10:45:00,NIFTY 50,bullish,pro_FVG+VP,-95.12,-21.55,73.57,180.76,180.42,64,stop_loss_premium_phase2,immediate,False,True,True,False,False,False,False,False,True,3.63,1.29,22.16,markup,markup,low,2024-01-11,2024,2024-01,60.0,False
2024-01-05 11:00:00,2024-01-05 12:30:00,NIFTY 50,bullish,pro_FVG+VP,-91.03,-16.39,74.64,187.99,187.73,64,stop_loss_premium_phase3,immediate,False,True,True,False,False,False,False,False,True,3.63,0.3,26.24,markup,markup,low,2024-01-11,2024,2024-01,90.0,False
2024-01-29 09:30:00,2024-01-29 11:00:00,NIFTY 50,bullish,pro_VP+RSI_Div,3855.3,3939.25,83.95,207.66,269.21,64,target,immediate,False,False,True,False,True,False,False,False,True,3.18,0.3,50.35,markdown,accumulation,medium,2024-02-01,2024,2024-01,90.0,True
2024-01-29 11:15:00,2024-01-29 13:00:00,NIFTY 50,bullish,pro_VP+RSI_Div,1810.8,1891.37,80.57,204.18,233.28,65,stop_loss_premium_phase3,immediate,False,False,True,False,True,False,False,False,True,3.18,0.3,51.64,markdown,accumulation,medium,2024-02-01,2024,2024-01,105.0,True
2024-01-30 10:00:00,2024-01-30 11:30:00,NIFTY 50,bearish,pro_LiqSweep+OTE+RSI_Div+VWAP,3246.42,3328.65,82.23,202.72,254.73,64,stop_loss_premium_phase3,immediate,True,False,False,True,True,False,False,True,True,1.46,4.4,46.38,markup,markdown,medium,2024-02-01,2024,2024-01,90.0,True
2024-02-06 14:15:00,2024-02-07 09:15:00,NIFTY 50,bullish,pro_FVG+VP,4225.55,4308.44,82.89,196.34,263.66,64,target,immediate,False,True,True,False,False,False,False,False,True,3.63,1.8,34.15,markdown,markup,medium,2024-02-08,2024,2024-02,1140.0,True
2024-02-09 10:00:00,2024-02-09 11:00:00,NIFTY 50,bullish,pro_LiqSweep+RSI_Div,-196.2,-120.26,75.94,195.03,193.18,65,stop_loss_premium_phase2,immediate,True,False,False,False,True,False,False,False,True,3.22,0.3,50.79,markdown,markup,medium,2024-02-15,2024,2024-02,60.0,False
2024-02-09 11:15:00,2024-02-09 12:45:00,NIFTY 50,bullish,pro_LiqSweep+OTE,1939.37,2019.31,79.94,201.61,233.16,64,stop_loss_premium_phase3,immediate,True,False,False,True,False,False,False,False,True,3.11,0.3,59.97,markdown,markup,medium,2024-02-15,2024,2024-02,90.0,True
2024-02-09 14:15:00,2024-02-12 09:30:00,NIFTY 50,bullish,pro_LiqSweep+VP,1708.09,1787.11,79.02,197.94,225.86,64,stop_loss_premium_phase3,immediate,True,False,True,False,False,False,False,False,True,3.7,0.3,36.5,markdown,markup,medium,2024-02-15,2024,2024-02,4035.0,True
2024-02-12 09:45:00,2024-02-12 10:15:00,NIFTY 50,bearish,pro_LiqSweep+RSI_Div+VWAP,4048.74,4131.85,83.11,196.7,260.27,65,target,immediate,True,False,False,False,True,False,False,True,True,1.46,3.53,37.28,accumulation,accumulation,medium,2024-02-15,2024,2024-02,30.0,True
2024-02-13 10:00:00,2024-02-13 11:30:00,NIFTY 50,bullish,pro_LiqSweep+VP,1176.2,1254.15,77.95,193.5,212.79,65,stop_loss_premium_phase3,immediate,True,False,True,False,False,False,False,False,True,3.7,1.18,61.62,markdown,markup,medium,2024-02-15,2024,2024-02,90.0,True
2024-02-20 11:30:00,2024-02-20 12:45:00,NIFTY 50,bearish,pro_LiqSweep+RSI_Div+VWAP,-70.47,0.76,71.23,164.44,164.46,64,stop_loss_premium_phase2,immediate,True,False,False,False,True,False,False,True,False,1.46,2.79,38.76,markdown,markup,medium,2024-02-22,2024,2024-02,75.0,False
2024-02-27 09:30:00,2024-02-27 11:15:00,NIFTY 50,bullish,pro_VP+RSI_Div,932.3,1004.24,71.94,158.15,173.84,64,stop_loss_premium_phase3,immediate,False,False,True,False,True,False,False,False,True,3.18,0.3,29.6,markdown,accumulation,low,2024-02-29,2024,2024-02,105.0,True
2024-03-01 10:15:00,2024-03-01 12:00:00,NIFTY 50,bullish,pro_LiqSweep+VP,2480.79,2564.45,83.66,217.61,257.07,65,stop_loss_premium_phase3,immediate,True,False,True,False,False,False,False,False,True,3.7,1.29,54.52,accumulation,markup,low,2024-03-07,2024,2024-03,105.0,True
2024-03-04 14:45:00,2024-03-05 09:15:00,NIFTY 50,bearish,pro_LiqSweep+OTE+VWAP,2270.42,2345.07,74.65,161.76,198.4,64,target,immediate,True,False,False,True,False,False,False,True,True,1.46,3.41,24.92,markup,markup,low,2024-03-07,2024,2024-03,1110.0,True
2024-03-05 14:15:00,2024-03-06 09:15:00,NIFTY 50,bullish,pro_LiqSweep+FVG+VP,-94.05,-19.4,74.65,185.24,184.94,65,stop_loss_premium_phase2,immediate,True,True,True,False,False,False,False,False,True,5.13,0.3,32.35,markdown,markup,low,2024-03-07,2024,2024-03,1140.0,False
2024-03-11 10:00:00,2024-03-11 11:30:00,NIFTY 50,bearish,pro_LiqSweep+RSI_Div+VWAP,-87.76,-16.88,70.88,162.29,162.03,64,stop_loss_premium_phase3,immediate,True,False,False,False,True,False,False,True,True,1.46,3.53,29.77,accumulation,markup,low,2024-03-14,2024,2024-03,90.0,False
2024-03-12 09:30:00,2024-03-12 10:30:00,NIFTY 50,bearish,pro_LiqSweep+FVG+VWAP,3443.68,3524.31,80.63,189.56,244.63,64,target,immediate,True,True,False,False,False,False,False,True,False,0.0,3.23,36.05,accumulation,markup,low,2024-03-14,2024,2024-03,60.0,True
2024-03-12 11:15:00,2024-03-12 12:45:00,NIFTY 50,bearish,pro_LiqSweep+FVG+VWAP,-96.89,-18.97,77.92,207.27,206.98,65,stop_loss_premium_phase3,immediate,True,True,False,False,False,False,False,True,False,1.46,3.23,55.07,markdown,markup,low,2024-03-14,2024,2024-03,90.0,False
2024-03-15 14:30:00,2024-03-18 09:15:00,NIFTY 50,bullish,pro_LiqSweep+OTE,-95.7,-18.57,77.13,205.1,204.81,64,stop_loss_premium_phase2,immediate,True,False,False,True,False,False,False,False,True,3.11,0.3,32.26,markdown,markdown,low,2024-03-21,2024,2024-03,4005.0,False
2024-03-18 09:30:00,2024-03-18 11:00:00,NIFTY 50,bullish,pro_LiqSweep+VP,2151.61,2232.18,80.57,203.56,238.44,64,stop_loss_premium_phase3,immediate,True,False,True,False,False,False,False,False,True,3.7,1.29,40.67,markdown,markdown,low,2024-03-21,2024,2024-03,90.0,True
2024-03-18 11:30:00,2024-03-18 13:00:00,NIFTY 50,bullish,pro_LiqSweep+VP,2383.37,2463.35,79.98,196.97,235.46,64,stop_loss_premium_phase3,immediate,True,False,True,False,False,False,False,False,True,3.7,0.3,61.4,markdown,markdown,low,2024-03-21,2024,2024-03,90.0,True
2024-03-18 14:45:00,2024-03-19 09:30:00,NIFTY 50,bullish,pro_FVG+VP,-70.02,3.21,73.23,178.13,178.18,64,stop_loss_premium_phase2,immediate,False,True,True,False,False,False,False,False,True,3.63,0.3,37.2,markdown,markdown,low,2024-03-21,2024,2024-03,1125.0,False
2024-03-22 10:00:00,2024-03-22 11:45:00,NIFTY 50,bullish,pro_LiqSweep+VP+RSI_Div,1831.59,1912.39,80.8,208.68,238.56,64,stop_loss_premium_phase3,immediate,True,False,True,False,True,False,False,False,True,4.68,1.73,44.14,markdown,markdown,low,2024-03-28,2024,2024-03,105.0,True
2024-04-01 10:15:00,2024-04-01 11:45:00,NIFTY 50,bearish,pro_LiqSweep+RSI_Div+VWAP,806.81,884.35,77.54,197.81,211.62,64,stop_loss_premium_phase3,immediate,True,False,False,False,True,False,False,True,False,1.46,2.79,61.52,markup,accumulation,low,2024-04-04,2024,2024-04,90.0,True
2024-04-02 09:30:00,2024-04-02 10:30:00,NIFTY 50,bullish,pro_LiqSweep+FVG+VP+OTE+RSI_Div,-78.04,-6.34,71.7,167.77,167.67,64,stop_loss_premium_phase2,immediate,True,True,True,True,True,False,False,False,True,6.99,0.3,24.06,accumulation,accumulation,low,2024-04-04,2024,2024-04,60.0,False
2024-04-02 10:45:00,2024-04-02 12:15:00,NIFTY 50,bullish,pro_LiqSweep+FVG+VP+RSI_Div,909.94,987.63,77.69,197.68,213.12,64,stop_loss_premium_phase3,immediate,True,True,True,False,True,False,False,False,True,6.11,0.3,30.08,accumulation,accumulation,low,2024-04-04,2024,2024-04,90.0,True
2024-04-02 14:15:00,2024-04-03 09:15:00,NIFTY 50,bullish,pro_LiqSweep+FVG+VP+OTE+RSI_Div,-93.24,-19.0,74.24,185.32,185.02,64,stop_loss_premium_phase2,immediate,True,True,True,True,True,False,False,False,True,6.99,0.3,20.45,accumulation,accumulation,low,2024-04-04,2024,2024-04,1140.0,False
2024-04-09 11:15:00,2024-04-09 12:30:00,NIFTY 50,bearish,pro_LiqSweep+OTE+VWAP,2818.76,2896.6,77.84,177.46,222.72,64,target,immediate,True,False,False,True,False,False,False,True,True,1.46,3.41,27.72,markup,markup,low,2024-04-11,2024,2024-04,75.0,True
2024-04-19 14:30:00,2024-04-22 09:15:00,NIFTY 50,bullish,pro_FVG+VP,4412.39,4496.12,83.73,196.92,266.09,65,target,immediate,False,True,True,False,False,False,False,False,True,3.63,0.3,50.66,markdown,markdown,low,2024-04-25,2024,2024-04,4005.0,True
2024-04-29 09:45:00,2024-04-29 11:45:00,NIFTY 50,bullish,pro_FVG+VP,4438.7,4523.87,85.17,206.31,275.91,65,target,immediate,False,True,True,False,False,False,False,False,True,3.63,0.3,39.83,markdown,accumulation,low,2024-05-02,2024,2024-04,120.0,True
2024-04-30 11:00:00,2024-04-30 12:30:00,NIFTY 50,bearish,pro_LiqSweep+RSI_Div+VWAP,-87.81,-14.82,72.99,173.99,173.76,65,stop_loss_premium_phase3,immediate,True,False,False,False,True,False,False,True,True,1.46,3.53,32.99,markup,accumulation,low,2024-05-02,2024,2024-04,90.0,False
2024-04-30 15:00:00,2024-05-02 09:45:00,NIFTY 50,bearish,pro_LiqSweep+RSI_Div+VWAP,-92.85,-21.27,71.58,167.14,166.8,64,stop_loss_premium_phase2,immediate,True,False,False,False,True,False,False,True,True,1.46,3.53,26.11,markup,accumulation,low,2024-05-02,2024,2024-04,2565.0,False
2024-05-06 09:30:00,2024-05-06 11:00:00,NIFTY 50,bearish,pro_FVG+OTE+VWAP,334.16,412.85,78.69,210.95,217.4,64,stop_loss_premium_phase3,immediate,False,True,False,True,False,False,False,True,True,1.46,3.34,60.87,markdown,markup,low,2024-05-09,2024,2024-05,90.0,True
2024-05-07 09:30:00,2024-05-07 10:30:00,NIFTY 50,bullish,pro_LiqSweep+VP,-76.46,-2.21,74.25,185.18,185.15,64,stop_loss_premium_phase2,immediate,True,False,True,False,False,False,False,False,True,3.7,0.3,38.7,accumulation,markdown,low,2024-05-09,2024,2024-05,60.0,False
2024-05-10 15:15:00,2024-05-13 09:15:00,NIFTY 50,bearish,pro_LiqSweep+RSI_Div+VWAP,2638.9,2717.62,78.72,185.46,227.92,64,target,immediate,True,False,False,False,True,False,False,True,False,1.46,2.79,31.94,markdown,markdown,low,2024-05-16,2024,2024-05,3960.0,True
2024-05-13 14:15:00,2024-05-14 09:30:00,NIFTY 50,bullish,pro_VP+RSI_Div,2210.77,2292.85,82.08,209.91,245.18,65,stop_loss_premium_phase3,immediate,False,False,True,False,True,False,False,False,True,3.18,0.3,49.51,markdown,markdown,low,2024-05-16,2024,2024-05,1155.0,True
2024-05-14 15:15:00,2024-05-15 09:45:00,NIFTY 50,bullish,pro_LiqSweep+VP,3799.92,3881.76,81.84,190.92,250.64,65,target,immediate,True,False,True,False,False,False,False,False,True,3.7,1.18,27.47,markup,markdown,low,2024-05-16,2024,2024-05,1110.0,True
2024-05-18 09:30:00,2024-05-21 09:15:00,NIFTY 50,bullish,pro_LiqSweep+VP,-87.89,-15.17,72.72,172.15,171.91,65,stop_loss_premium_phase3,immediate,True,False,True,False,False,False,False,False,False,2.96,0.3,27.87,markup,markup,low,2024-05-23,2024,2024-05,4305.0,False
2024-05-21 09:30:00,2024-05-21 11:00:00,NIFTY 50,bullish,pro_LiqSweep+VP,211.22,287.16,75.94,193.53,198.02,64,stop_loss_premium_phase3,immediate,True,False,True,False,False,False,False,False,False,2.96,0.3,30.35,markup,markup,low,2024-05-23,2024,2024-05,90.0,True
2024-05-22 09:15:00,2024-05-22 09:30:00,NIFTY 50,bullish,pro_FVG+VP+RSI_Div,5.39,87.65,82.26,239.0,240.37,64,target,immediate,False,True,True,False,True,False,False,False,False,3.88,0.3,28.62,accumulation,markup,low,2024-05-23,2024,2024-05,15.0,True
2024-05-24 15:00:00,2024-05-27 10:15:00,NIFTY 50,bearish,pro_LiqSweep+RSI_Div+VWAP,-84.75,-14.06,70.69,160.92,160.7,64,stop_loss_premium_phase3,immediate,True,False,False,False,True,False,False,True,False,1.46,2.79,26.76,markup,markup,low,2024-05-30,2024,2024-05,4035.0,False
2024-05-27 11:00:00,2024-05-27 12:00:00,NIFTY 50,bearish,pro_LiqSweep+OTE+VWAP,-79.85,-3.54,76.31,199.26,199.21,64,stop_loss_premium_phase2,immediate,True,False,False,True,False,False,False,True,True,1.46,3.41,40.93,accumulation,markup,low,2024-05-30,2024,2024-05,60.0,False
2024-05-31 10:00:00,2024-05-31 11:30:00,NIFTY 50,bullish,pro_FVG+VP,-96.62,-20.24,76.38,199.96,199.64,64,stop_loss_premium_phase3,immediate,False,True,True,False,False,False,False,False,True,3.63,1.18,52.43,markdown,accumulation,low,2024-06-06,2024,2024-05,90.0,False
2024-05-31 14:15:00,2024-06-03 09:15:00,NIFTY 50,bullish,pro_VP+RSI_Div,2818.33,2898.52,80.19,193.54,238.83,64,target,immediate,False,False,True,False,True,False,False,False,True,3.18,1.18,35.89,markdown,accumulation,low,2024-06-06,2024,2024-05,4020.0,True
2024-06-07 10:45:00,2024-06-07 12:15:00,NIFTY 50,bullish,pro_LiqSweep+VP,3284.0,3366.7,82.7,202.32,254.12,65,stop_loss_premium_phase3,immediate,True,False,True,False,False,False,False,False,True,3.7,1.73,79.33,markup,volatile,extreme,2024-06-13,2024,2024-06,90.0,True
2024-06-11 09:30:00,2024-06-11 11:00:00,NIFTY 50,bullish,pro_LiqSweep+VP+OTE,2974.3,3052.97,78.67,181.4,229.11,64,stop_loss_premium_phase3,immediate,True,False,True,True,False,False,False,False,False,3.84,0.3,39.54,markdown,volatile,extreme,2024-06-13,2024,2024-06,90.0,True
2024-06-11 11:30:00,2024-06-11 13:00:00,NIFTY 50,bullish,pro_LiqSweep+FVG+VP,947.73,1023.42,75.69,183.6,199.59,64,stop_loss_premium_phase3,immediate,True,True,True,False,False,False,False,False,False,4.39,0.3,48.98,markdown,volatile,extreme,2024-06-13,2024,2024-06,90.0,True
2024-06-14 11:30:00,2024-06-14 13:00:00,NIFTY 50,bullish,pro_FVG+VP,-96.93,-18.69,78.24,209.41,209.12,65,stop_loss_premium_phase3,immediate,False,True,True,False,False,False,False,False,True,3.63,1.18,35.16,markup,volatile,extreme,2024-06-20,2024,2024-06,90.0,False
2024-06-21 11:00:00,2024-06-21 12:30:00,NIFTY 50,bearish,pro_LiqSweep+FVG+VWAP,-79.99,-4.4,75.59,194.4,194.33,64,stop_loss_premium_phase3,immediate,True,True,False,False,False,False,False,True,True,0.88,3.97,49.94,markdown,volatile,extreme,2024-06-27,2024,2024-06,90.0,False
2024-06-24 09:30:00,2024-06-24 11:45:00,NIFTY 50,bullish,pro_LiqSweep+OTE+RSI_Div,3538.32,3622.13,83.81,210.25,266.85,64,stop_loss_premium_phase3,immediate,True,False,False,True,True,False,False,False,True,4.1,0.3,67.39,markdown,volatile,extreme,2024-06-27,2024,2024-06,135.0,True
2024-06-24 14:15:00,2024-06-25 09:45:00,NIFTY 50,bullish,pro_LiqSweep+VP,3633.02,3712.16,79.14,177.32,235.32,64,target,immediate,True,False,True,False,False,False,False,False,True,3.7,0.3,32.97,markdown,volatile,extreme,2024-06-27,2024,2024-06,1170.0,True
2024-06-25 10:00:00,2024-06-25 11:30:00,NIFTY 50,bullish,pro_LiqSweep+FVG+VP,271.46,348.82,77.36,199.43,204.79,65,stop_loss_premium_phase3,immediate,True,True,True,False,False,False,False,False,True,5.13,1.18,31.27,markdown,volatile,extreme,2024-06-27,2024,2024-06,90.0,True
2024-06-25 14:15:00,2024-06-26 09:30:00,NIFTY 50,bullish,pro_LiqSweep+VP,2111.46,2187.47,76.01,172.83,207.01,64,stop_loss_premium_phase3,immediate,True,False,True,False,False,False,False,False,True,3.7,0.3,27.49,markup,volatile,extreme,2024-06-27,2024,2024-06,1155.0,True
2024-07-01 10:15:00,2024-07-01 11:45:00,NIFTY 50,bullish,pro_FVG+VP,1085.57,1164.14,78.57,198.64,216.55,65,stop_loss_premium_phase3,immediate,False,True,True,False,False,False,False,False,True,3.63,0.3,44.54,accumulation,volatile,extreme,2024-07-04,2024,2024-07,90.0,True
2024-07-02 09:15:00,2024-07-02 09:30:00,NIFTY 50,bullish,pro_LiqSweep+VP,-2429.67,-2349.77,79.9,249.98,213.27,64,target,immediate,True,False,True,False,False,False,False,False,True,3.7,1.29,22.7,markup,volatile,extreme,2024-07-04,2024,2024-07,15.0,False
2024-07-08 09:15:00,2024-07-08 10:45:00,NIFTY 50,bullish,pro_LiqSweep+FVG+VP,-88.6,-12.05,76.55,200.99,200.8,64,stop_loss_premium_phase3,immediate,True,True,True,False,False,False,False,False,False,4.39,1.18,33.21,markup,markup,low,2024-07-11,2024,2024-07,90.0,False
2024-07-08 11:00:00,2024-07-08 12:30:00,NIFTY 50,bullish,pro_LiqSweep+FVG+VP,581.13,657.53,76.4,195.6,206.04,63,stop_loss_premium_phase3,immediate,True,True,True,False,False,False,False,False,True,5.13,0.3,45.68,markup,markup,low,2024-07-11,2024,2024-07,90.0,True
2024-07-08 14:15:00,2024-07-09 09:45:00,NIFTY 50,bullish,pro_LiqSweep+FVG+VP,2434.85,2513.04,78.19,184.17,223.43,64,stop_loss_premium_phase3,immediate,True,True,True,False,False,False,False,False,True,5.13,0.3,30.37,markup,markup,low,2024-07-11,2024,2024-07,1170.0,True
2024-07-09 10:00:00,2024-07-09 11:30:00,NIFTY 50,bullish,pro_LiqSweep+VP,1102.19,1180.17,77.98,194.52,212.68,65,stop_loss_premium_phase3,immediate,True,False,True,False,False,False,False,False,True,3.7,0.3,28.32,markup,markup,low,2024-07-11,2024,2024-07,90.0,True
2024-07-09 14:45:00,2024-07-10 09:45:00,NIFTY 50,bullish,pro_LiqSweep+VP,-87.18,-16.51,70.67,158.37,158.11,65,stop_loss_premium_phase2,immediate,True,False,True,False,False,False,False,False,True,3.7,0.3,19.03,markup,markup,low,2024-07-11,2024,2024-07,1140.0,False
2024-07-12 09:30:00,2024-07-12 10:45:00,NIFTY 50,bullish,pro_LiqSweep+VP,3677.56,3760.46,82.9,202.49,261.25,64,target,immediate,True,False,True,False,False,False,False,False,True,3.7,0.3,32.85,markup,markup,low,2024-07-18,2024,2024-07,75.0,True
2024-07-12 11:30:00,2024-07-12 13:00:00,NIFTY 50,bullish,pro_FVG+VP,106.0,185.53,79.53,215.85,218.71,65,stop_loss_premium_phase3,immediate,False,True,True,False,False,False,False,False,True,3.63,1.18,54.47,markup,markup,low,2024-07-18,2024,2024-07,90.0,True
2024-07-12 15:00:00,2024-07-15 09:15:00,NIFTY 50,bullish,pro_FVG+VP,3316.28,3396.63,80.35,189.07,242.15,64,target,immediate,False,True,True,False,False,False,False,False,True,3.63,2.16,29.93,markup,markup,low,2024-07-18,2024,2024-07,3975.0,True
2024-07-15 09:30:00,2024-07-15 10:30:00,NIFTY 50,bearish,pro_LiqSweep+RSI_Div+VWAP,-92.67,-20.21,72.46,170.49,170.17,65,stop_loss_premium_phase2,immediate,True,False,False,False,True,False,False,True,True,1.46,3.53,34.0,markup,markup,low,2024-07-18,2024,2024-07,60.0,False
2024-07-15 11:15:00,2024-07-15 12:45:00,NIFTY 50,bearish,pro_LiqSweep+RSI_Div+VWAP,11.56,88.73,77.17,204.16,205.54,64,stop_loss_premium_phase3,immediate,True,False,False,False,True,False,False,True,True,1.46,3.53,37.29,markup,markup,low,2024-07-18,2024,2024-07,90.0,True
2024-07-15 14:15:00,2024-07-16 09:30:00,NIFTY 50,bearish,pro_LiqSweep+OTE+VWAP,1070.04,1145.08,75.04,177.84,195.73,64,stop_loss_premium_phase3,immediate,True,False,False,True,False,False,False,True,True,1.46,3.41,24.84,markup,markup,low,2024-07-18,2024,2024-07,1155.0,True
2024-07-19 09:30:00,2024-07-19 11:30:00,NIFTY 50,bearish,pro_LiqSweep+OTE+VWAP,2465.93,2548.69,82.76,215.0,254.82,64,stop_loss_premium_phase3,immediate,True,False,False,True,False,False,False,True,True,1.46,3.41,53.75,markdown,markup,low,2024-07-25,2024,2024-07,120.0,True
2024-07-23 14:45:00,2024-07-24 09:45:00,NIFTY 50,bullish,pro_LiqSweep+VP,-99.33,-19.65,79.68,222.54,222.24,64,stop_loss_premium_phase2,immediate,True,False,True,False,False,False,False,False,False,2.96,0.3,123.02,markdown,accumulation,low,2024-07-25,2024,2024-07,1140.0,False
2024-07-26 11:30:00,2024-07-26 12:45:00,NIFTY 50,bullish,pro_FVG+VP,3655.41,3736.03,80.62,187.19,245.57,64,target,immediate,False,True,True,False,False,False,False,False,True,3.63,0.3,37.19,markup,markup,low,2024-08-01,2024,2024-07,75.0,True
2024-07-30 11:15:00,2024-07-30 12:45:00,NIFTY 50,bullish,pro_FVG+VP,682.02,757.83,75.81,184.51,196.17,65,stop_loss_premium_phase3,immediate,False,True,True,False,False,False,False,False,True,3.63,0.3,42.87,accumulation,markup,low,2024-08-01,2024,2024-07,90.0,True
2024-08-06 11:00:00,2024-08-06 12:45:00,NIFTY 50,bearish,pro_FVG+OTE+VWAP,1152.85,1233.3,80.45,210.58,229.55,65,stop_loss_premium_phase3,immediate,False,True,False,True,False,False,False,True,True,0.0,3.34,91.42,markup,markdown,medium,2024-08-08,2024,2024-08,105.0,True
2024-08-12 10:45:00,2024-08-12 12:15:00,NIFTY 50,bearish,pro_FVG+OTE+VWAP,-97.0,-21.76,75.24,192.14,191.8,64,stop_loss_premium_phase3,immediate,False,True,False,True,False,False,False,True,True,1.46,3.34,38.0,markup,markdown,medium,2024-08-15,2024,2024-08,90.0,False
2024-08-12 14:30:00,2024-08-12 15:00:00,NIFTY 50,bearish,pro_LiqSweep+OTE+VWAP,2956.43,3035.35,78.92,183.29,230.72,64,target,immediate,True,False,False,True,False,False,False,True,True,1.46,3.41,35.91,markup,markdown,medium,2024-08-15,2024,2024-08,30.0,True
2024-08-13 09:15:00,2024-08-13 10:45:00,NIFTY 50,bearish,pro_LiqSweep+FVG+VWAP,1349.74,1427.74,78.0,191.93,213.89,65,stop_loss_premium_phase3,immediate,True,True,False,False,False,False,False,True,True,0.88,3.97,35.44,markdown,markdown,medium,2024-08-15,2024,2024-08,90.0,True
2024-08-26 09:15:00,2024-08-26 10:15:00,NIFTY 50,bearish,pro_OTE+RSI_Div+VWAP,-409.01,-341.16,67.85,142.91,137.66,65,stop_loss_premium_phase2,immediate,False,False,False,True,True,False,False,True,True,1.46,2.9,19.73,markup,markup,medium,2024-08-29,2024,2024-08,60.0,False
2024-08-27 10:00:00,2024-08-27 11:15:00,NIFTY 50,bearish,pro_LiqSweep+OTE+RSI_Div+VWAP,-89.78,-15.98,73.8,182.27,182.02,64,stop_loss_premium_phase2,immediate,True,False,False,True,True,False,False,True,True,1.46,4.4,23.8,markup,markup,medium,2024-08-29,2024,2024-08,75.0,False
2024-08-27 14:30:00,2024-08-27 14:45:00,NIFTY 50,bearish,pro_LiqSweep+OTE+VWAP,1886.79,1961.64,74.85,167.44,198.1,64,target,immediate,True,False,False,True,False,False,False,True,True,1.46,3.41,20.05,markup,markup,medium,2024-08-29,2024,2024-08,15.0,True
2024-09-03 10:30:00,2024-09-03 12:00:00,NIFTY 50,bullish,pro_VP+RSI_Div,-89.37,-15.69,73.68,178.63,178.38,65,stop_loss_premium_phase3,immediate,False,False,True,False,True,False,False,False,True,3.18,1.8,27.25,markdown,markup,low,2024-09-05,2024,2024-09,90.0,False
2024-09-06 10:15:00,2024-09-06 11:45:00,NIFTY 50,bearish,pro_LiqSweep+RSI_Div+VWAP,1975.26,2052.84,77.58,185.07,217.14,64,stop_loss_premium_phase3,immediate,True,False,False,False,True,False,False,True,True,0.0,3.53,45.26,accumulation,markup,low,2024-09-12,2024,2024-09,90.0,True
2024-09-09 11:00:00,2024-09-09 12:30:00,NIFTY 50,bullish,pro_FVG+VP,-77.96,-2.79,75.17,191.49,191.45,64,stop_loss_premium_phase3,immediate,False,True,True,False,False,False,False,False,True,3.63,1.18,46.9,markdown,markup,low,2024-09-12,2024,2024-09,90.0,False
2024-09-10 09:45:00,2024-09-10 11:15:00,NIFTY 50,bullish,pro_FVG+VP,3547.57,3630.07,82.5,201.21,257.93,64,target,immediate,False,True,True,False,False,False,False,False,False,2.89,1.18,35.92,markup,markup,low,2024-09-12,2024,2024-09,90.0,True
2024-09-10 15:00:00,2024-09-11 10:15:00,NIFTY 50,bullish,pro_FVG+VP,-93.24,-18.73,74.51,184.23,183.94,65,stop_loss_premium_phase3,immediate,False,True,True,False,False,False,False,False,False,2.89,1.18,29.51,markup,markup,low,2024-09-12,2024,2024-09,1155.0,False
2024-09-13 14:15:00,2024-09-16 09:30:00,NIFTY 50,bearish,pro_LiqSweep+OTE+VWAP,787.99,865.12,77.13,195.25,208.77,64,stop_loss_premium_phase3,immediate,True,False,False,True,False,False,False,True,True,1.46,3.41,21.28,markup,markup,low,2024-09-19,2024,2024-09,4035.0,True
2024-09-16 11:15:00,2024-09-16 12:45:00,NIFTY 50,bearish,pro_LiqSweep+RSI_Div+VWAP,1353.45,1430.28,76.83,186.86,209.21,64,stop_loss_premium_phase3,immediate,True,False,False,False,True,False,False,True,True,1.46,3.53,31.22,markup,markup,low,2024-09-19,2024,2024-09,90.0,True
2024-09-17 10:00:00,2024-09-17 11:15:00,NIFTY 50,bullish,pro_VP+OTE+RSI_Div,2416.66,2496.35,79.69,191.6,230.01,65,target,immediate,False,False,True,True,True,False,False,False,False,3.32,0.3,23.76,markup,markup,low,2024-09-19,2024,2024-09,75.0,True
2024-09-17 14:45:00,2024-09-18 10:00:00,NIFTY 50,bullish,pro_LiqSweep+VP,848.37,926.58,78.21,198.86,213.12,65,stop_loss_premium_phase3,immediate,True,False,True,False,False,False,False,False,False,2.96,0.3,16.7,markup,markup,low,2024-09-19,2024,2024-09,1155.0,True
2024-09-23 09:45:00,2024-09-23 11:15:00,NIFTY 50,bullish,pro_FVG+VP,-87.59,-7.04,80.55,228.36,228.25,64,stop_loss_premium_phase3,immediate,False,True,True,False,False,False,False,False,True,3.63,1.8,100.1,markdown,markup,low,2024-09-26,2024,2024-09,90.0,False
2024-09-23 11:30:00,2024-09-23 13:00:00,NIFTY 50,bullish,pro_FVG+VP,154.86,233.59,78.73,213.25,216.9,64,stop_loss_premium_phase3,immediate,False,True,True,False,False,False,False,False,True,3.63,0.3,57.51,markdown,markup,low,2024-09-26,2024,2024-09,90.0,True
2024-09-23 14:15:00,2024-09-24 09:30:00,NIFTY 50,bullish,pro_LiqSweep+VP,470.39,548.16,77.77,203.17,211.74,64,stop_loss_premium_phase3,immediate,True,False,True,False,False,False,False,False,True,3.7,1.18,17.56,markdown,markup,low,2024-09-26,2024,2024-09,1155.0,True
2024-09-24 09:45:00,2024-09-24 11:15:00,NIFTY 50,bullish,pro_LiqSweep+VP,-90.76,-16.49,74.27,185.46,185.21,64,stop_loss_premium_phase3,immediate,True,False,True,False,False,False,False,False,True,3.7,0.3,24.37,markdown,markup,low,2024-09-26,2024,2024-09,90.0,False
2024-09-24 15:15:00,2024-09-25 10:00:00,NIFTY 50,bullish,pro_VP+OTE,-236.34,-163.61,72.73,176.56,174.0,64,stop_loss_premium_phase2,immediate,False,False,True,True,False,False,False,False,True,3.07,0.3,24.77,markup,markup,low,2024-09-26,2024,2024-09,1125.0,False
2024-10-01 09:45:00,2024-10-01 10:45:00,NIFTY 50,bullish,pro_VP+RSI_Div,-72.48,-0.13,72.35,172.15,172.15,64,stop_loss_premium_phase2,immediate,False,False,True,False,True,False,False,False,True,3.18,1.8,42.0,markdown,markup,low,2024-10-03,2024,2024-10,60.0,False
2024-10-01 15:00:00,2024-10-03 09:45:00,NIFTY 50,bullish,pro_VP+OTE,-72.25,-0.82,71.43,165.85,165.84,64,stop_loss_premium_phase2,immediate,False,False,True,True,False,False,False,False,True,3.07,0.3,32.17,markdown,markup,low,2024-10-03,2024,2024-10,2565.0,False
2024-10-07 09:30:00,2024-10-07 10:30:00,NIFTY 50,bullish,pro_LiqSweep+FVG+OTE,-95.92,-18.22,77.7,208.99,208.71,64,stop_loss_premium_phase2,immediate,True,True,False,True,False,False,False,False,False,3.81,0.3,80.49,markup,markdown,medium,2024-10-10,2024,2024-10,60.0,False
2024-10-08 10:45:00,2024-10-08 12:15:00,NIFTY 50,bullish,pro_VP+RSI_Div,1561.66,1640.16,78.5,196.0,221.63,64,stop_loss_premium_phase3,immediate,False,False,True,False,True,False,False,False,True,3.18,1.8,85.68,markdown,markdown,medium,2024-10-10,2024,2024-10,90.0,True
2024-10-08 14:15:00,2024-10-09 10:00:00,NIFTY 50,bullish,pro_LiqSweep+VP,-96.87,-20.53,76.34,199.71,199.39,64,stop_loss_premium_phase3,immediate,True,False,True,False,False,False,False,False,True,3.7,0.3,46.83,markdown,markdown,medium,2024-10-10,2024,2024-10,1185.0,False
2024-10-11 10:00:00,2024-10-11 11:00:00,NIFTY 50,bullish,pro_VP+RSI_Div,-280.84,-203.57,77.27,208.06,204.88,64,stop_loss_premium_phase2,immediate,False,False,True,False,True,False,False,False,True,3.18,1.8,32.38,markdown,markdown,medium,2024-10-17,2024,2024-10,60.0,False
2024-10-11 11:15:00,2024-10-11 12:45:00,NIFTY 50,bullish,pro_VP+RSI_Div,868.53,945.02,76.49,192.95,207.95,63,stop_loss_premium_phase3,immediate,False,False,True,False,True,False,False,False,True,3.18,1.8,36.29,markdown,markdown,medium,2024-10-17,2024,2024-10,90.0,True
2024-10-11 15:00:00,2024-10-14 09:15:00,NIFTY 50,bullish,pro_VP+OTE+RSI_Div,2364.72,2442.0,77.28,178.72,216.87,64,target,immediate,False,False,True,True,True,False,False,False,True,4.06,1.8,21.57,accumulation,markdown,medium,2024-10-17,2024,2024-10,3975.0,True
2024-10-14 10:00:00,2024-10-14 11:30:00,NIFTY 50,bullish,pro_FVG+VP,590.16,667.37,77.21,194.92,205.19,65,stop_loss_premium_phase3,immediate,False,True,True,False,False,False,False,False,True,3.63,1.8,30.09,accumulation,markdown,medium,2024-10-17,2024,2024-10,90.0,True
2024-10-15 10:00:00,2024-10-15 11:30:00,NIFTY 50,bearish,pro_LiqSweep+RSI_Div+VWAP,-88.78,-15.57,73.21,175.45,175.21,65,stop_loss_premium_phase3,immediate,True,False,False,False,True,False,False,True,False,1.43,2.79,31.54,markup,markdown,medium,2024-10-17,2024,2024-10,90.0,False
2024-10-15 15:00:00,2024-10-16 10:15:00,NIFTY 50,bullish,pro_FVG+VP+OTE,-87.29,-16.33,70.96,162.78,162.52,64,stop_loss_premium_phase3,immediate,False,True,True,True,False,False,False,False,False,3.77,0.3,28.15,markup,markdown,medium,2024-10-17,2024,2024-10,1155.0,False
2024-10-21 09:30:00,2024-10-21 10:45:00,NIFTY 50,bearish,pro_LiqSweep+OTE+RSI_Div+VWAP,-100.59,-23.39,77.2,205.63,205.27,64,stop_loss_premium_phase2,immediate,True,False,False,True,True,False,False,True,False,1.46,3.66,40.82,markdown,markdown,low,2024-10-24,2024,2024-10,75.0,False
2024-10-21 11:00:00,2024-10-21 12:30:00,NIFTY 50,bearish,pro_LiqSweep+FVG+VWAP,2266.01,2347.69,81.68,209.87,246.56,64,stop_loss_premium_phase3,immediate,True,True,False,False,False,False,False,True,False,0.0,3.23,60.08,markdown,markdown,low,2024-10-24,2024,2024-10,90.0,True
2024-10-21 14:45:00,2024-10-22 09:45:00,NIFTY 50,bearish,pro_FVG+OTE+RSI_Div+VWAP,-94.66,-19.49,75.17,191.66,191.35,64,stop_loss_premium_phase2,immediate,False,True,False,True,True,False,False,True,False,1.46,3.59,45.18,markdown,markdown,low,2024-10-24,2024,2024-10,1140.0,False
2024-10-22 11:00:00,2024-10-22 13:15:00,NIFTY 50,bearish,pro_FVG+RSI_Div+VWAP,4996.16,5082.22,86.06,209.43,288.84,64,target,immediate,False,True,False,False,True,False,False,True,True,0.88,3.45,71.25,markdown,markdown,low,2024-10-24,2024,2024-10,135.0,True
2024-10-29 11:30:00,2024-10-29 13:15:00,NIFTY 50,bullish,pro_LiqSweep+RSI_Div,2858.11,2938.33,80.22,190.34,235.54,65,stop_loss_premium_phase3,immediate,True,False,False,False,True,False,False,False,True,3.22,0.3,56.52,markdown,markdown,low,2024-10-31,2024,2024-10,105.0,True
2024-10-29 14:15:00,2024-10-30 09:15:00,NIFTY 50,bullish,pro_LiqSweep+VP+RSI_Div,-94.28,-19.29,74.99,190.42,190.12,64,stop_loss_premium_phase2,immediate,True,False,True,False,True,False,False,False,True,4.68,0.3,48.89,markdown,markdown,low,2024-10-31,2024,2024-10,1140.0,False
2024-11-08 10:15:00,2024-11-08 12:15:00,NIFTY 50,bearish,pro_OTE+RSI_Div+VWAP,1896.59,1975.88,79.29,197.62,228.49,64,stop_loss_premium_phase3,immediate,False,False,False,True,True,False,False,True,True,1.46,2.9,45.54,markdown,markdown,low,2024-11-14,2024,2024-11,120.0,True
2024-11-19 14:15:00,2024-11-19 14:45:00,NIFTY 50,bearish,pro_OTE+RSI_Div+VWAP,2774.09,2848.85,74.76,156.91,201.43,64,target,immediate,False,False,False,True,True,False,False,True,True,1.46,2.9,29.2,markup,markdown,low,2024-11-21,2024,2024-11,30.0,True
2024-11-22 10:45:00,2024-11-22 12:15:00,NIFTY 50,bullish,pro_FVG+VP,2684.14,2765.57,81.43,200.37,242.92,65,stop_loss_premium_phase3,immediate,False,True,True,False,False,False,False,False,True,3.63,1.18,60.28,markup,markdown,medium,2024-11-28,2024,2024-11,90.0,True
2024-11-29 10:15:00,2024-11-29 11:45:00,NIFTY 50,bullish,pro_FVG+OTE,1928.19,2007.79,79.6,199.44,230.81,64,stop_loss_premium_phase3,immediate,False,True,False,True,False,False,False,False,True,3.04,0.3,73.89,markdown,markdown,medium,2024-12-05,2024,2024-11,90.0,True
2024-12-13 14:15:00,2024-12-16 09:30:00,NIFTY 50,bullish,pro_FVG+VP,-104.83,-23.54,81.29,233.61,233.24,64,stop_loss_premium_phase3,immediate,False,True,True,False,False,False,False,False,True,3.63,0.3,89.41,markdown,accumulation,medium,2024-12-19,2024,2024-12,4035.0,False
2024-12-17 10:15:00,2024-12-17 11:15:00,NIFTY 50,bearish,pro_LiqSweep+FVG+VWAP,-91.02,-20.04,70.98,163.02,162.71,64,stop_loss_premium_phase2,immediate,True,True,False,False,False,False,False,True,True,0.0,3.97,36.86,markdown,markdown,medium,2024-12-19,2024,2024-12,60.0,False
2024-12-24 09:30:00,2024-12-24 10:30:00,NIFTY 50,bearish,pro_LiqSweep+RSI_Div+VWAP,-76.25,-3.19,73.06,177.01,176.96,64,stop_loss_premium_phase2,immediate,True,False,False,False,True,False,False,True,True,0.0,3.53,42.42,markdown,markdown,low,2024-12-26,2024,2024-12,60.0,False
2025-01-03 09:30:00,2025-01-03 11:00:00,NIFTY 50,bearish,pro_OTE+RSI_Div+VWAP,1874.55,1953.31,78.76,194.26,224.78,64,stop_loss_premium_phase3,immediate,False,False,False,True,True,False,False,True,True,1.46,2.9,49.62,markup,markdown,low,2025-01-09,2025,2025-01,90.0,True
2025-01-06 09:45:00,2025-01-06 10:45:00,NIFTY 50,bearish,pro_LiqSweep+VP+VWAP,4316.4,4397.87,81.47,185.58,254.3,64,target,immediate,True,False,True,False,False,False,False,True,True,0.0,4.0,46.39,markdown,markdown,medium,2025-01-09,2025,2025-01,60.0,True
2025-01-06 11:30:00,2025-01-06 13:00:00,NIFTY 50,bearish,pro_LiqSweep+FVG+VWAP,533.3,612.1,78.8,206.23,215.64,65,stop_loss_premium_phase3,immediate,True,True,False,False,False,False,False,True,True,0.99,3.97,69.7,markdown,markdown,medium,2025-01-09,2025,2025-01,90.0,True
2025-01-20 10:00:00,2025-01-20 11:15:00,NIFTY 50,bearish,pro_LiqSweep+RSI_Div+VWAP,-280.77,-206.14,74.63,190.06,186.84,64,stop_loss_premium_phase2,immediate,True,False,False,False,True,False,False,True,False,1.46,2.79,43.11,markdown,markdown,low,2025-01-23,2025,2025-01,75.0,False
2025-02-10 14:45:00,2025-02-11 09:30:00,NIFTY 50,bullish,pro_LiqSweep+VP+OTE+RSI_Div,-69.51,3.01,72.52,173.28,173.32,64,stop_loss_premium_phase2,immediate,True,False,True,True,True,False,False,False,False,4.82,0.3,31.13,markdown,accumulation,low,2025-02-13,2025,2025-02,1125.0,False
2025-02-17 11:00:00,2025-02-17 12:30:00,NIFTY 50,bullish,pro_FVG+VP,1727.19,1808.11,80.92,210.65,238.9,64,stop_loss_premium_phase3,immediate,False,True,True,False,False,False,False,False,True,3.63,1.18,73.12,markup,markdown,low,2025-02-20,2025,2025-02,90.0,True
2025-02-17 14:15:00,2025-02-18 09:30:00,NIFTY 50,bullish,pro_LiqSweep+VP,1762.13,1840.16,78.03,190.56,219.31,64,stop_loss_premium_phase3,immediate,True,False,True,False,False,False,False,False,True,3.7,1.18,56.1,markup,markdown,low,2025-02-20,2025,2025-02,1155.0,True
2025-02-18 10:00:00,2025-02-18 11:00:00,NIFTY 50,bullish,pro_LiqSweep+VP,-79.16,-1.97,77.19,205.32,205.29,64,stop_loss_premium_phase2,immediate,True,False,True,False,False,False,False,False,True,3.7,1.29,56.49,markup,markdown,low,2025-02-20,2025,2025-02,60.0,False
2025-03-07 09:30:00,2025-03-07 10:00:00,NIFTY 50,bullish,pro_LiqSweep+VP,3180.59,3263.47,82.88,207.87,258.86,64,target,immediate,True,False,True,False,False,False,False,False,False,2.96,1.18,39.71,markup,markdown,low,2025-03-13,2025,2025-03,30.0,True
2025-03-07 10:15:00,2025-03-07 11:45:00,NIFTY 50,bullish,pro_LiqSweep+VP+RSI_Div,850.25,928.54,78.29,199.38,213.66,65,stop_loss_premium_phase3,immediate,True,False,True,False,True,False,False,False,False,3.95,0.3,47.07,markup,markdown,low,2025-03-13,2025,2025-03,90.0,True
2025-03-07 14:45:00,2025-03-10 09:45:00,NIFTY 50,bullish,pro_LiqSweep+VP,3131.02,3215.19,84.17,213.91,263.38,65,target,immediate,True,False,True,False,False,False,False,False,False,2.96,1.18,35.5,markup,markdown,low,2025-03-13,2025,2025-03,4020.0,True
2025-03-10 14:30:00,2025-03-11 09:15:00,NIFTY 50,bearish,pro_VP+RSI_Div+VWAP,2846.72,2924.11,77.39,171.38,216.37,65,target,immediate,False,False,True,False,True,False,False,True,True,1.5,3.49,32.17,markup,markdown,low,2025-03-13,2025,2025-03,1125.0,True
2025-03-17 10:00:00,2025-03-17 11:30:00,NIFTY 50,bullish,pro_FVG+VP+RSI_Div,-270.48,-191.67,78.81,215.16,212.21,65,stop_loss_premium_phase3,immediate,False,True,True,False,True,False,False,False,False,3.88,0.3,40.91,markdown,markdown,low,2025-03-20,2025,2025-03,90.0,False
2025-03-17 14:15:00,2025-03-18 09:15:00,NIFTY 50,bullish,pro_LiqSweep+FVG+VP,3551.39,3630.06,78.67,174.99,231.71,64,target,immediate,True,True,True,False,False,False,False,False,False,4.39,1.18,32.0,markdown,markdown,low,2025-03-20,2025,2025-03,1140.0,True
2025-03-28 09:45:00,2025-03-28 10:45:00,NIFTY 50,bearish,pro_LiqSweep+RSI_Div+VWAP,-90.31,-18.81,71.5,163.94,163.65,65,stop_loss_premium_phase2,immediate,True,False,False,False,True,False,False,True,True,0.0,3.53,32.35,markdown,markup,medium,2025-04-03,2025,2025-03,60.0,False
2025-04-04 15:15:00,2025-04-07 09:15:00,NIFTY 50,bearish,pro_LiqSweep+FVG+VWAP,3764.88,3844.63,79.75,180.01,240.09,64,target,immediate,True,True,False,False,False,False,False,True,True,1.86,3.97,35.64,markdown,accumulation,medium,2025-04-09,2025,2025-04,3960.0,True
2025-04-22 10:15:00,2025-04-22 11:45:00,NIFTY 50,bearish,pro_LiqSweep+RSI_Div+VWAP,-97.99,-22.3,75.69,192.25,191.91,65,stop_loss_premium_phase3,immediate,True,False,False,False,True,False,False,True,True,1.46,3.53,43.02,accumulation,markup,high,2025-04-24,2025,2025-04,90.0,False
2025-04-22 14:15:00,2025-04-22 15:15:00,NIFTY 50,bearish,pro_LiqSweep+OTE+VWAP,2318.36,2395.76,77.4,180.01,217.45,64,target,immediate,True,False,False,True,False,False,False,True,True,1.46,3.41,23.1,accumulation,markup,high,2025-04-24,2025,2025-04,60.0,True
2025-04-25 09:30:00,2025-04-25 10:30:00,NIFTY 50,bullish,pro_LiqSweep+VP,-73.94,-1.57,72.37,169.63,169.6,65,stop_loss_premium_phase2,immediate,True,False,True,False,False,False,False,False,True,3.7,1.18,26.22,markdown,markup,high,2025-04-30,2025,2025-04,60.0,False
2025-04-28 09:15:00,2025-04-28 09:30:00,NIFTY 50,bullish,pro_FVG+RSI_Div,1507.34,1594.49,87.15,255.71,280.63,64,target,immediate,False,True,False,False,True,False,False,False,True,3.15,0.3,62.6,markup,markup,high,2025-04-30,2025,2025-04,15.0,True
2025-05-02 10:30:00,2025-05-02 11:30:00,NIFTY 50,bullish,pro_FVG+VP,-81.52,-1.93,79.59,218.32,218.29,65,stop_loss_premium_phase2,immediate,False,True,True,False,False,False,False,False,False,2.89,1.29,58.43,markup,markup,high,2025-05-08,2025,2025-05,60.0,False
2025-05-06 10:00:00,2025-05-06 11:30:00,NIFTY 50,bearish,pro_LiqSweep+RSI_Div+VWAP,643.12,718.01,74.89,181.55,192.77,64,stop_loss_premium_phase3,immediate,True,False,False,False,True,False,False,True,True,1.43,3.53,35.98,accumulation,markup,high,2025-05-08,2025,2025-05,90.0,True
2025-05-13 10:30:00,2025-05-13 11:30:00,NIFTY 50,bearish,pro_VP+RSI_Div+VWAP,-100.69,-24.19,76.5,200.8,200.43,64,stop_loss_premium_phase2,immediate,False,False,True,False,True,False,False,True,True,1.43,3.49,76.31,markup,markup,high,2025-05-15,2025,2025-05,60.0,False
2025-05-13 15:15:00,2025-05-14 10:00:00,NIFTY 50,bearish,pro_LiqSweep+VP+VWAP,-84.16,-7.24,76.92,203.51,203.39,64,stop_loss_premium_phase2,immediate,True,False,True,False,False,False,False,True,True,1.43,4.0,53.31,markdown,markup,high,2025-05-15,2025,2025-05,1125.0,False
2025-05-16 14:45:00,2025-05-19 10:00:00,NIFTY 50,bullish,pro_LiqSweep+VP,1269.12,1345.41,76.29,184.11,205.14,64,stop_loss_premium_phase3,immediate,True,False,True,False,False,False,False,False,True,3.7,1.18,26.0,markup,markup,high,2025-05-22,2025,2025-05,4035.0,True
2025-05-23 10:30:00,2025-05-23 12:00:00,NIFTY 50,bullish,pro_FVG+VP+RSI_Div,2050.17,2133.61,83.44,220.82,253.64,65,stop_loss_premium_phase3,immediate,False,True,True,False,True,False,False,False,False,3.88,0.3,58.64,markup,markup,medium,2025-05-29,2025,2025-05,90.0,True
2025-05-26 10:30:00,2025-05-26 12:00:00,NIFTY 50,bullish,pro_FVG+VP,981.53,1059.29,77.76,197.4,213.95,64,stop_loss_premium_phase3,immediate,False,True,True,False,False,False,False,False,True,3.63,1.18,50.87,accumulation,markup,medium,2025-05-29,2025,2025-05,90.0,True
2025-05-26 14:15:00,2025-05-27 09:15:00,NIFTY 50,bullish,pro_LiqSweep+VP,-96.87,-20.13,76.74,202.39,202.07,64,stop_loss_premium_phase2,immediate,True,False,True,False,False,False,False,False,True,3.7,1.73,34.24,accumulation,markup,medium,2025-05-29,2025,2025-05,1140.0,False
2025-05-27 11:15:00,2025-05-27 12:15:00,NIFTY 50,bearish,pro_LiqSweep+FVG+VWAP,5723.81,5807.51,83.7,185.15,275.89,64,target,immediate,True,True,False,False,False,False,False,True,True,0.0,3.97,63.89,markdown,markup,medium,2025-05-29,2025,2025-05,60.0,True
2025-06-02 14:45:00,2025-06-03 09:15:00,NIFTY 50,bullish,pro_FVG+VP,3820.93,3901.58,80.65,182.7,242.72,65,target,immediate,False,True,True,False,False,False,False,False,True,3.63,0.3,35.25,markdown,accumulation,medium,2025-06-05,2025,2025-06,1110.0,True
2025-06-06 11:30:00,2025-06-06 13:00:00,NIFTY 50,bullish,pro_FVG+VP,-101.51,-23.75,77.76,206.22,205.85,65,stop_loss_premium_phase3,immediate,False,True,True,False,False,False,False,False,False,2.89,0.3,54.96,markup,markup,medium,2025-06-12,2025,2025-06,90.0,False
2025-06-06 14:15:00,2025-06-09 09:15:00,NIFTY 50,bullish,pro_LiqSweep+VP+RSI_Div,3308.24,3390.46,82.22,201.93,254.91,64,target,immediate,True,False,True,False,True,False,False,False,False,3.95,0.3,29.21,markup,markup,medium,2025-06-12,2025,2025-06,4020.0,True
2025-06-13 15:00:00,2025-06-16 09:15:00,NIFTY 50,bullish,pro_VP+OTE,2469.29,2547.72,78.43,182.54,221.74,65,target,immediate,False,False,True,True,False,False,False,False,True,3.07,1.73,28.6,markdown,markdown,low,2025-06-19,2025,2025-06,3975.0,True
2025-06-17 09:30:00,2025-06-17 11:00:00,NIFTY 50,bearish,pro_LiqSweep+RSI_Div+VWAP,304.9,379.72,74.82,181.99,187.84,65,stop_loss_premium_phase3,immediate,True,False,False,False,True,False,False,True,True,1.46,3.53,32.78,markup,markup,low,2025-06-19,2025,2025-06,90.0,True
2025-06-20 09:30:00,2025-06-20 10:15:00,NIFTY 50,bullish,pro_LiqSweep+VP,3737.79,3821.77,83.98,209.21,268.93,64,target,immediate,True,False,True,False,False,False,False,False,True,3.7,1.18,35.4,markup,markup,low,2025-06-26,2025,2025-06,45.0,True
2025-06-20 10:30:00,2025-06-20 12:00:00,NIFTY 50,bullish,pro_LiqSweep+VP,1005.28,1084.78,79.5,205.79,222.48,65,stop_loss_premium_phase3,immediate,True,False,True,False,False,False,False,False,True,3.7,0.3,48.34,markup,markup,low,2025-06-26,2025,2025-06,90.0,True
2025-06-23 11:00:00,2025-06-23 12:30:00,NIFTY 50,bullish,pro_FVG+OTE,595.31,672.02,76.71,191.51,201.84,65,stop_loss_premium_phase3,immediate,False,True,False,True,False,False,False,False,True,3.04,1.29,50.17,markdown,markup,low,2025-06-26,2025,2025-06,90.0,True
2025-06-23 14:15:00,2025-06-23 15:15:00,NIFTY 50,bullish,pro_FVG+VP,-182.4,-110.81,71.59,168.15,166.42,64,stop_loss_premium_phase2,immediate,False,True,True,False,False,False,False,False,True,3.63,0.3,29.79,markdown,markup,low,2025-06-26,2025,2025-06,60.0,False
2025-06-24 11:00:00,2025-06-24 12:30:00,NIFTY 50,bearish,pro_LiqSweep+RSI_Div+VWAP,-78.04,0.67,78.71,215.64,215.65,64,stop_loss_premium_phase3,immediate,True,False,False,False,True,False,False,True,True,1.46,3.53,61.89,markup,markup,low,2025-06-26,2025,2025-06,90.0,False
2025-06-25 09:15:00,2025-06-25 10:45:00,NIFTY 50,bearish,pro_LiqSweep+FVG+VWAP,-352.1,-282.11,69.99,159.14,154.73,64,stop_loss_premium_phase3,immediate,True,True,False,False,False,False,False,True,True,0.88,3.97,69.48,markup,markup,low,2025-06-26,2025,2025-06,90.0,False
2025-06-27 11:15:00,2025-06-27 12:45:00,NIFTY 50,bullish,pro_FVG+VP,1224.89,1304.74,79.85,208.98,229.37,64,stop_loss_premium_phase3,immediate,False,True,True,False,False,False,False,False,True,3.63,1.8,40.43,markup,markup,low,2025-07-03,2025,2025-06,90.0,True
2025-07-01 10:00:00,2025-07-01 11:30:00,NIFTY 50,bullish,pro_FVG+VP,-96.0,-20.1,75.9,196.68,196.37,64,stop_loss_premium_phase3,immediate,False,True,True,False,False,False,False,False,True,3.63,1.18,28.49,markdown,markup,low,2025-07-03,2025,2025-07,90.0,False
2025-07-01 14:15:00,2025-07-02 09:15:00,NIFTY 50,bullish,pro_LiqSweep+VP,2362.66,2440.45,77.79,182.23,220.36,64,target,immediate,True,False,True,False,False,False,False,False,True,3.7,0.3,19.31,markdown,markup,low,2025-07-03,2025,2025-07,1140.0,True
2025-07-04 10:15:00,2025-07-04 11:45:00,NIFTY 50,bullish,pro_LiqSweep+RSI_Div,239.71,317.13,77.42,200.2,205.08,65,stop_loss_premium_phase3,immediate,True,False,False,False,True,False,False,False,True,3.22,0.3,46.66,markdown,markup,low,2025-07-10,2025,2025-07,90.0,True
2025-07-04 14:15:00,2025-07-04 14:30:00,NIFTY 50,bullish,pro_VP+RSI_Div,2030.43,2110.22,79.79,199.57,232.55,64,target,immediate,False,False,True,False,True,False,False,False,True,3.18,1.73,23.24,markdown,markup,low,2025-07-10,2025,2025-07,15.0,True
2025-07-04 14:45:00,2025-07-07 10:00:00,NIFTY 50,bullish,pro_VP+RSI_Div,979.12,1054.14,75.02,178.7,195.18,64,stop_loss_premium_phase3,immediate,False,False,True,False,True,False,False,False,True,3.18,1.73,27.01,markdown,markup,low,2025-07-10,2025,2025-07,4035.0,True
2025-07-07 10:15:00,2025-07-07 11:45:00,NIFTY 50,bullish,pro_FVG+VP,738.19,814.26,76.07,188.54,201.26,64,stop_loss_premium_phase3,immediate,False,True,True,False,False,False,False,False,False,2.89,1.18,32.52,markdown,markup,low,2025-07-10,2025,2025-07,90.0,True
2025-07-07 14:30:00,2025-07-08 09:15:00,NIFTY 50,bearish,pro_LiqSweep+FVG+VWAP,-71.97,0.63,72.6,173.87,173.88,64,stop_loss_premium_phase2,immediate,True,True,False,False,False,False,False,True,False,1.46,3.23,20.25,markdown,markup,low,2025-07-10,2025,2025-07,1125.0,False
2025-07-08 10:45:00,2025-07-08 12:15:00,NIFTY 50,bullish,pro_FVG+VP,-91.38,-18.26,73.12,177.62,177.33,64,stop_loss_premium_phase3,immediate,False,True,True,False,False,False,False,False,True,3.63,1.8,25.86,markdown,markup,low,2025-07-10,2025,2025-07,90.0,False
2025-07-08 15:15:00,2025-07-09 10:30:00,NIFTY 50,bullish,pro_VP+RSI_Div,-91.71,-19.76,71.95,169.6,169.29,64,stop_loss_premium_phase3,immediate,False,False,True,False,True,False,False,False,True,3.18,0.3,23.18,markdown,markup,low,2025-07-10,2025,2025-07,1155.0,False
2025-07-18 14:15:00,2025-07-21 09:15:00,NIFTY 50,bullish,pro_LiqSweep+OTE,-80.14,-5.67,74.47,186.7,186.61,64,stop_loss_premium_phase2,immediate,True,False,False,True,False,False,False,False,True,3.11,1.73,30.12,markdown,markdown,low,2025-07-24,2025,2025-07,4020.0,False
2025-07-21 09:45:00,2025-07-21 11:15:00,NIFTY 50,bullish,pro_LiqSweep+VP+OTE,1263.71,1342.93,79.22,204.21,225.19,64,stop_loss_premium_phase3,immediate,True,False,True,True,False,False,False,False,True,4.57,1.73,37.91,markdown,markdown,low,2025-07-24,2025,2025-07,90.0,True
2025-07-21 14:15:00,2025-07-22 09:15:00,NIFTY 50,bullish,pro_LiqSweep+FVG+VP,3879.84,3959.24,79.4,176.33,238.19,64,target,immediate,True,True,True,False,False,False,False,False,True,5.13,1.18,28.4,markdown,markdown,low,2025-07-24,2025,2025-07,1140.0,True
2025-07-22 09:30:00,2025-07-22 11:00:00,NIFTY 50,bullish,pro_LiqSweep+FVG+VP,-94.35,-17.41,76.94,200.63,200.36,65,stop_loss_premium_phase3,immediate,True,True,True,False,False,False,False,False,True,5.13,1.18,31.48,markdown,markdown,low,2025-07-24,2025,2025-07,90.0,False
2025-07-22 14:15:00,2025-07-23 09:15:00,NIFTY 50,bullish,pro_LiqSweep+VP+OTE,3060.11,3137.06,76.95,168.72,217.74,64,target,immediate,True,False,True,True,False,False,False,False,True,4.57,0.3,25.22,markdown,markdown,low,2025-07-24,2025,2025-07,1140.0,True
2025-07-25 10:15:00,2025-07-25 11:45:00,NIFTY 50,bearish,pro_LiqSweep+VP+VWAP,292.75,368.09,75.34,185.6,191.27,65,stop_loss_premium_phase3,immediate,True,False,True,False,False,False,False,True,True,0.99,4.0,42.17,markdown,markdown,low,2025-07-31,2025,2025-07,90.0,True
2025-07-29 11:30:00,2025-07-29 13:00:00,NIFTY 50,bullish,pro_VP+RSI_Div,1224.82,1301.07,76.25,181.51,201.53,65,stop_loss_premium_phase3,immediate,False,False,True,False,True,False,False,False,True,3.18,0.3,38.93,markdown,markdown,low,2025-07-31,2025,2025-07,90.0,True
2025-07-29 14:45:00,2025-07-30 09:15:00,NIFTY 50,bullish,pro_FVG+VP,3809.72,3888.59,78.87,173.46,234.22,64,target,immediate,False,True,True,False,False,False,False,False,True,3.63,1.8,31.12,markup,markdown,low,2025-07-31,2025,2025-07,1110.0,True
2025-08-04 10:15:00,2025-08-04 12:00:00,NIFTY 50,bullish,pro_LiqSweep+VP,1619.05,1699.53,80.48,205.65,231.8,65,stop_loss_premium_phase3,immediate,True,False,True,False,False,False,False,False,True,3.7,0.3,54.01,markdown,markdown,low,2025-08-07,2025,2025-08,105.0,True
2025-08-05 10:30:00,2025-08-05 12:00:00,NIFTY 50,bearish,pro_LiqSweep+FVG+VWAP,-98.33,-22.3,76.03,197.6,197.25,64,stop_loss_premium_phase3,immediate,True,True,False,False,False,False,False,True,False,0.88,3.23,38.39,markdown,markdown,low,2025-08-07,2025,2025-08,90.0,False
2025-08-05 14:30:00,2025-08-06 09:45:00,NIFTY 50,bullish,pro_VP+OTE+RSI_Div,1646.26,1724.91,78.65,196.06,223.01,64,stop_loss_premium_phase3,immediate,False,False,True,True,True,False,False,False,False,3.32,1.8,27.21,markdown,markdown,low,2025-08-07,2025,2025-08,1155.0,True
2025-08-11 09:30:00,2025-08-11 11:00:00,NIFTY 50,bullish,pro_LiqSweep+VP,2363.74,2442.69,78.95,190.14,228.3,64,stop_loss_premium_phase3,immediate,True,False,True,False,False,False,False,False,True,3.7,0.3,42.6,markdown,markdown,low,2025-08-14,2025,2025-08,90.0,True
2025-08-19 09:45:00,2025-08-19 11:15:00,NIFTY 50,bullish,pro_FVG+VP+OTE+RSI_Div,1082.98,1156.99,74.01,170.65,188.73,64,stop_loss_premium_phase3,immediate,False,True,True,True,True,False,False,False,False,4.75,0.3,34.55,accumulation,markup,low,2025-08-21,2025,2025-08,90.0,True
2025-08-19 14:45:00,2025-08-20 10:00:00,NIFTY 50,bullish,pro_FVG+VP,-96.04,-19.97,76.07,197.86,197.54,64,stop_loss_premium_phase3,immediate,False,True,True,False,False,False,False,False,False,2.89,1.18,29.72,markup,markup,low,2025-08-21,2025,2025-08,1155.0,False
2025-08-29 15:15:00,2025-09-01 10:00:00,NIFTY 50,bearish,pro_VP+RSI_Div+VWAP,-263.47,-186.69,76.78,204.55,201.64,64,stop_loss_premium_phase2,immediate,False,False,True,False,True,False,False,True,True,0.0,3.49,39.03,markdown,markdown,low,2025-09-04,2025,2025-08,4005.0,False
2025-09-04 09:15:00,2025-09-04 09:30:00,NIFTY 50,bullish,pro_FVG+VP,-8904.94,-8818.13,86.81,369.26,231.48,64,target,immediate,False,True,True,False,False,False,False,False,True,3.63,0.3,28.51,markup,markup,low,2025-09-09,2025,2025-09,15.0,False
2025-09-11 09:45:00,2025-09-11 11:15:00,NIFTY 50,bullish,pro_FVG+VP,235.85,308.83,72.98,178.58,183.56,62,stop_loss_premium_phase3,immediate,False,True,True,False,False,False,False,False,True,3.63,1.8,28.31,accumulation,accumulation,low,2025-09-16,2025,2025-09,90.0,True
2025-09-11 14:30:00,2025-09-12 09:15:00,NIFTY 50,bullish,pro_VP+RSI_Div,1585.75,1660.08,74.33,172.58,199.36,62,target,immediate,False,False,True,False,True,False,False,False,True,3.18,0.3,18.59,markup,accumulation,low,2025-09-16,2025,2025-09,1125.0,True
2025-09-12 09:30:00,2025-09-12 11:00:00,NIFTY 50,bullish,pro_LiqSweep+VP+RSI_Div,1428.1,1504.29,76.19,187.51,211.78,62,stop_loss_premium_phase3,immediate,True,False,True,False,True,False,False,False,False,3.95,1.18,27.72,markup,markup,low,2025-09-16,2025,2025-09,90.0,True
2025-09-12 11:15:00,2025-09-12 12:45:00,NIFTY 50,bullish,pro_LiqSweep+VP+RSI_Div,-73.48,-0.49,72.99,179.32,179.31,63,stop_loss_premium_phase3,immediate,True,False,True,False,True,False,False,False,False,3.95,0.3,27.62,markup,markup,low,2025-09-16,2025,2025-09,90.0,False
2025-09-12 14:15:00,2025-09-15 09:30:00,NIFTY 50,bullish,pro_LiqSweep+VP,-74.6,0.58,75.18,194.58,194.59,63,stop_loss_premium_phase3,immediate,True,False,True,False,False,False,False,False,False,2.96,0.3,16.21,markup,markup,low,2025-09-16,2025,2025-09,4035.0,False
2025-09-17 09:30:00,2025-09-17 11:00:00,NIFTY 50,bullish,pro_LiqSweep+VP,-225.37,-152.92,72.45,177.28,174.86,63,stop_loss_premium_phase3,immediate,True,False,True,False,False,False,False,False,True,3.7,1.29,29.06,markup,markup,low,2025-09-23,2025,2025-09,90.0,False
2025-09-17 11:15:00,2025-09-17 12:45:00,NIFTY 50,bullish,pro_LiqSweep+VP,583.34,660.46,77.12,200.57,211.05,63,stop_loss_premium_phase3,immediate,True,False,True,False,False,False,False,False,True,3.7,0.3,31.91,markup,markup,low,2025-09-23,2025,2025-09,90.0,True
2025-09-19 09:30:00,2025-09-19 11:00:00,NIFTY 50,bullish,pro_LiqSweep+VP+OTE+RSI_Div,-97.59,-21.85,75.74,198.69,198.34,63,stop_loss_premium_phase3,immediate,True,False,True,True,True,False,False,False,True,5.56,0.3,35.39,markdown,markup,low,2025-09-23,2025,2025-09,90.0,False
2025-09-19 14:30:00,2025-09-22 09:15:00,NIFTY 50,bullish,pro_FVG+VP,-85.06,-14.29,70.77,164.04,163.82,63,stop_loss_premium_phase2,immediate,False,True,True,False,False,False,False,False,True,3.63,0.3,22.0,accumulation,markup,low,2025-09-23,2025,2025-09,4005.0,False
2025-10-03 09:30:00,2025-10-03 11:00:00,NIFTY 50,bullish,pro_FVG+VP,931.5,1006.28,74.78,180.4,196.38,63,stop_loss_premium_phase3,immediate,False,True,True,False,False,False,False,False,True,3.63,1.29,40.0,markup,markdown,low,2025-10-07,2025,2025-10,90.0,True
2025-10-08 09:30:00,2025-10-08 11:00:00,NIFTY 50,bearish,pro_LiqSweep+FVG+OTE+RSI_Div+VWAP,4438.91,4521.31,82.4,193.63,265.4,63,target,immediate,True,True,False,True,True,False,False,True,True,1.46,5.83,39.46,markup,accumulation,low,2025-10-14,2025,2025-10,90.0,True
2025-10-08 11:15:00,2025-10-08 12:45:00,NIFTY 50,bearish,pro_LiqSweep+VP+VWAP,600.01,677.98,77.97,203.07,213.66,64,stop_loss_premium_phase3,immediate,True,False,True,False,False,False,False,True,True,1.43,4.0,45.46,markup,accumulation,low,2025-10-14,2025,2025-10,90.0,True
2025-10-09 09:30:00,2025-10-09 11:15:00,NIFTY 50,bullish,pro_LiqSweep+VP,2516.63,2595.6,78.97,188.53,229.09,64,stop_loss_premium_phase3,immediate,True,False,True,False,False,False,False,False,True,3.7,1.73,40.36,markup,accumulation,low,2025-10-14,2025,2025-10,105.0,True
2025-10-09 11:30:00,2025-10-09 13:00:00,NIFTY 50,bullish,pro_LiqSweep+VP,-90.67,-16.16,74.51,184.23,183.99,65,stop_loss_premium_phase3,immediate,True,False,True,False,False,False,False,False,True,3.7,0.3,41.04,markup,accumulation,low,2025-10-14,2025,2025-10,90.0,False
2025-10-09 14:15:00,2025-10-10 09:15:00,NIFTY 50,bullish,pro_FVG+VP,3650.45,3731.13,80.68,187.64,245.94,64,target,immediate,False,True,True,False,False,False,False,False,True,3.63,1.18,31.03,markup,accumulation,low,2025-10-14,2025,2025-10,1140.0,True
2025-10-10 15:15:00,2025-10-13 10:00:00,NIFTY 50,bullish,pro_VP+OTE,-192.99,-121.29,71.7,166.48,164.61,65,stop_loss_premium_phase2,immediate,False,False,True,True,False,False,False,False,True,3.07,1.29,25.77,markup,accumulation,low,2025-10-14,2025,2025-10,4005.0,False
2025-10-15 09:45:00,2025-10-15 11:15:00,NIFTY 50,bullish,pro_LiqSweep+FVG+VP,2788.37,2869.35,80.98,199.25,244.09,64,stop_loss_premium_phase3,immediate,True,True,True,False,False,False,False,False,False,4.39,0.3,51.23,accumulation,markup,low,2025-10-20,2025,2025-10,90.0,True
2025-10-16 09:30:00,2025-10-16 11:15:00,NIFTY 50,bullish,pro_LiqSweep+VP,1394.06,1472.95,78.89,200.54,223.55,64,stop_loss_premium_phase3,immediate,True,False,True,False,False,False,False,False,True,3.7,0.3,30.21,accumulation,markup,low,2025-10-20,2025,2025-10,105.0,True
2025-10-16 11:30:00,2025-10-16 13:00:00,NIFTY 50,bullish,pro_LiqSweep+VP,3658.21,3738.93,80.72,187.84,246.26,64,target,immediate,True,False,True,False,False,False,False,False,True,3.7,0.3,28.72,accumulation,markup,low,2025-10-20,2025,2025-10,90.0,True
2025-10-24 14:15:00,2025-10-27 09:15:00,NIFTY 50,bullish,pro_FVG+RSI_Div,3687.79,3770.27,82.48,196.45,254.46,65,target,immediate,False,True,False,False,True,False,False,False,True,3.15,0.3,38.2,markdown,markup,low,2025-10-28,2025,2025-10,4020.0,True
2025-10-29 09:30:00,2025-10-29 11:00:00,NIFTY 50,bullish,pro_LiqSweep+VP,2084.46,2164.74,80.28,199.19,232.49,65,stop_loss_premium_phase3,immediate,True,False,True,False,False,False,False,False,True,3.7,0.3,54.22,markdown,markup,low,2025-11-04,2025,2025-10,90.0,True
2025-10-29 11:15:00,2025-10-29 13:00:00,NIFTY 50,bullish,pro_FVG+VP,998.47,1077.95,79.48,208.98,225.82,64,stop_loss_premium_phase3,immediate,False,True,True,False,False,False,False,False,True,3.63,0.3,47.0,markdown,markup,low,2025-11-04,2025,2025-10,105.0,True
2025-10-29 15:00:00,2025-10-30 09:45:00,NIFTY 50,bullish,pro_LiqSweep+VP,-76.72,1.38,78.1,211.45,211.48,64,stop_loss_premium_phase2,immediate,True,False,True,False,False,False,False,False,True,3.7,0.3,26.43,markup,markup,low,2025-11-04,2025,2025-10,1125.0,False
2025-11-13 14:45:00,2025-11-14 09:15:00,NIFTY 50,bearish,pro_LiqSweep+RSI_Div+VWAP,3262.69,3338.77,76.08,160.5,212.67,64,target,immediate,True,False,False,False,True,False,False,True,True,1.46,3.53,31.17,accumulation,accumulation,low,2025-11-18,2025,2025-11,1110.0,True
2025-11-14 10:15:00,2025-11-14 11:45:00,NIFTY 50,bullish,pro_LiqSweep+FVG,2341.79,2422.69,80.9,200.59,237.86,65,stop_loss_premium_phase3,immediate,True,True,False,False,False,False,False,False,False,2.93,0.3,49.49,markdown,accumulation,low,2025-11-18,2025,2025-11,90.0,True
2025-11-14 14:15:00,2025-11-14 15:00:00,NIFTY 50,bullish,pro_LiqSweep+VP+OTE+RSI_Div,4161.03,4239.55,78.52,167.16,233.4,64,target,immediate,True,False,True,True,True,False,False,False,False,4.82,1.73,35.6,markdown,accumulation,low,2025-11-18,2025,2025-11,45.0,True
2025-11-17 09:15:00,2025-11-17 10:45:00,NIFTY 50,bullish,pro_FVG+VP,-1677.53,-1603.52,74.01,198.27,173.6,65,stop_loss_premium_phase3,immediate,False,True,True,False,False,False,False,False,False,2.89,0.3,42.23,markdown,accumulation,low,2025-11-18,2025,2025-11,90.0,False
2025-11-19 09:30:00,2025-11-19 10:30:00,NIFTY 50,bullish,pro_VP+OTE,2636.46,2714.45,77.99,180.56,222.97,64,target,immediate,False,False,True,True,False,False,False,False,True,3.07,1.73,31.23,markdown,accumulation,low,2025-11-25,2025,2025-11,60.0,True
2025-11-19 11:00:00,2025-11-19 12:15:00,NIFTY 50,bullish,pro_FVG+VP,3473.85,3553.79,79.94,181.69,236.36,65,target,immediate,False,True,True,False,False,False,False,False,True,3.63,1.18,32.77,markdown,accumulation,low,2025-11-25,2025,2025-11,75.0,True
2025-11-26 10:15:00,2025-11-26 11:45:00,NIFTY 50,bullish,pro_FVG+VP+RSI_Div,1693.56,1771.29,77.73,186.35,213.6,65,stop_loss_premium_phase3,immediate,False,True,True,False,True,False,False,False,True,4.61,1.8,46.7,accumulation,markup,low,2025-12-02,2025,2025-11,90.0,True
2025-11-27 10:45:00,2025-11-27 12:30:00,NIFTY 50,bearish,pro_LiqSweep+RSI_Div+VWAP,2207.03,2287.93,80.9,205.19,240.94,64,stop_loss_premium_phase3,immediate,True,False,False,False,True,False,False,True,True,1.46,3.53,39.19,markup,markup,low,2025-12-02,2025,2025-11,105.0,True
2025-11-27 14:30:00,2025-11-28 09:30:00,NIFTY 50,bearish,pro_LiqSweep+FVG+VWAP,-88.57,-15.52,73.05,177.14,176.89,64,stop_loss_premium_phase2,immediate,True,True,False,False,False,False,False,True,True,2.34,3.97,33.68,markup,markup,low,2025-12-02,2025,2025-11,1140.0,False
2025-12-03 14:15:00,2025-12-03 14:45:00,NIFTY 50,bullish,pro_LiqSweep+OTE,2223.66,2300.52,76.86,177.39,213.33,64,target,immediate,True,False,False,True,False,False,False,False,True,3.11,0.3,27.34,markdown,markup,low,2025-12-09,2025,2025-12,30.0,True
2025-12-03 15:00:00,2025-12-04 10:15:00,NIFTY 50,bullish,pro_LiqSweep+VP+RSI_Div,3128.87,3210.11,81.24,197.23,247.39,64,target,immediate,True,False,True,False,True,False,False,False,True,4.68,1.73,29.28,markdown,markup,low,2025-12-09,2025,2025-12,1155.0,True
2025-12-04 10:30:00,2025-12-04 11:30:00,NIFTY 50,bullish,pro_LiqSweep+VP,-79.13,-3.92,75.21,188.81,188.75,65,stop_loss_premium_phase2,immediate,True,False,True,False,False,False,False,False,False,2.96,0.3,34.78,markdown,markup,low,2025-12-09,2025,2025-12,60.0,False
2025-12-04 15:15:00,2025-12-05 10:00:00,NIFTY 50,bullish,pro_FVG+VP,2710.04,2789.37,79.33,188.89,232.47,64,target,immediate,False,True,True,False,False,False,False,False,False,2.89,0.3,29.53,markdown,markup,low,2025-12-09,2025,2025-12,1125.0,True
2025-12-05 10:15:00,2025-12-05 11:00:00,NIFTY 50,bullish,pro_LiqSweep+VP+RSI_Div,4679.21,4760.76,81.55,182.1,256.49,64,target,immediate,True,False,True,False,True,False,False,False,True,4.68,0.3,41.46,markdown,markup,low,2025-12-09,2025,2025-12,45.0,True
2025-12-05 11:15:00,2025-12-05 12:45:00,NIFTY 50,bullish,pro_LiqSweep+VP,1694.37,1775.8,81.43,211.19,238.51,65,stop_loss_premium_phase3,immediate,True,False,True,False,False,False,False,False,True,3.7,1.73,50.16,markup,markup,low,2025-12-09,2025,2025-12,90.0,True
2025-12-05 14:15:00,2025-12-08 09:30:00,NIFTY 50,bullish,pro_LiqSweep+VP,-95.4,-19.85,75.55,194.26,193.95,64,stop_loss_premium_phase3,immediate,True,False,True,False,False,False,False,False,True,3.7,0.3,28.11,markup,markup,low,2025-12-09,2025,2025-12,4035.0,False
2025-12-10 09:30:00,2025-12-10 11:00:00,NIFTY 50,bearish,pro_FVG+OTE+VWAP,3077.67,3160.65,82.98,209.71,259.09,64,target,immediate,False,True,False,True,False,False,False,True,True,1.46,3.34,36.93,markdown,markdown,low,2025-12-16,2025,2025-12,90.0,True
2025-12-11 09:30:00,2025-12-11 10:00:00,NIFTY 50,bullish,pro_LiqSweep+OTE,3199.81,3283.44,83.63,209.54,260.05,65,target,immediate,True,False,False,True,False,False,False,False,True,3.11,1.73,36.55,markdown,markdown,low,2025-12-16,2025,2025-12,30.0,True
2025-12-11 10:15:00,2025-12-11 12:30:00,NIFTY 50,bullish,pro_LiqSweep+VP+RSI_Div,3048.65,3131.45,82.8,205.59,253.76,65,stop_loss_premium_phase3,immediate,True,False,True,False,True,False,False,False,True,4.68,2.61,46.98,markdown,markdown,low,2025-12-16,2025,2025-12,135.0,True
2025-12-12 09:15:00,2025-12-12 09:30:00,NIFTY 50,bullish,pro_VP+RSI_Div,-252.96,-168.34,84.62,257.98,255.35,64,target,immediate,False,False,True,False,True,False,False,False,True,3.18,0.3,35.14,markdown,markup,low,2025-12-16,2025,2025-12,15.0,False
2025-12-12 09:45:00,2025-12-12 10:45:00,NIFTY 50,bullish,pro_VP+RSI_Div,-92.56,-19.84,72.72,174.89,174.58,64,stop_loss_premium_phase2,immediate,False,False,True,False,True,False,False,False,True,3.18,0.3,38.81,markdown,markup,low,2025-12-16,2025,2025-12,60.0,False
2025-12-12 11:00:00,2025-12-12 12:30:00,NIFTY 50,bullish,pro_FVG+VP,1440.66,1519.93,79.27,202.61,226.36,64,stop_loss_premium_phase3,immediate,False,True,True,False,False,False,False,False,True,3.63,0.3,41.46,markdown,markup,low,2025-12-16,2025,2025-12,90.0,True
2025-12-12 14:15:00,2025-12-15 09:15:00,NIFTY 50,bullish,pro_VP+RSI_Div,-88.08,-15.15,72.93,176.29,176.06,64,stop_loss_premium_phase2,immediate,False,False,True,False,True,False,False,False,True,3.18,0.3,25.17,markup,markup,low,2025-12-16,2025,2025-12,4020.0,False
2025-12-17 09:30:00,2025-12-17 10:30:00,NIFTY 50,bullish,pro_LiqSweep+VP+RSI_Div,-74.01,0.38,74.39,186.08,186.09,64,stop_loss_premium_phase2,immediate,True,False,True,False,True,False,False,False,False,3.95,1.18,33.75,accumulation,markdown,low,2025-12-23,2025,2025-12,60.0,False
2025-12-17 11:15:00,2025-12-17 12:45:00,NIFTY 50,bullish,pro_LiqSweep+VP+OTE,-92.01,-16.48,75.53,194.06,193.81,64,stop_loss_premium_phase3,immediate,True,False,True,True,False,False,False,False,False,3.84,0.3,38.51,accumulation,markdown,low,2025-12-23,2025,2025-12,90.0,False
2025-12-18 09:15:00,2025-12-18 11:00:00,NIFTY 50,bullish,pro_LiqSweep+VP,2518.41,2592.1,73.69,152.43,192.94,64,stop_loss_premium_phase3,immediate,True,False,True,False,False,False,False,False,False,2.96,1.18,28.09,markup,markdown,low,2025-12-23,2025,2025-12,105.0,True
2025-12-31 09:30:00,2025-12-31 11:00:00,NIFTY 50,bullish,pro_LiqSweep+VP,3331.97,3412.1,80.13,187.42,240.73,64,target,immediate,True,False,True,False,False,False,False,False,True,3.7,0.3,29.8,markup,markup,low,2026-01-06,2025,2025-12,90.0,True
2025-12-31 11:15:00,2025-12-31 12:45:00,NIFTY 50,bullish,pro_LiqSweep+VP,3456.58,3536.61,80.03,182.52,236.93,65,target,immediate,True,False,True,False,False,False,False,False,True,3.7,0.3,32.22,markup,markup,low,2026-01-06,2025,2025-12,90.0,True
2025-12-31 15:15:00,2026-01-01 10:30:00,NIFTY 50,bullish,pro_FVG+VP,1053.55,1131.61,78.06,195.57,212.98,65,stop_loss_premium_phase3,immediate,False,True,True,False,False,False,False,False,True,3.63,1.18,26.47,markup,markup,low,2026-01-06,2025,2025-12,1155.0,True
2026-01-01 10:45:00,2026-01-01 12:15:00,NIFTY 50,bearish,pro_LiqSweep+OTE+RSI_Div+VWAP,1329.34,1403.78,74.44,170.81,192.74,64,stop_loss_premium_phase3,immediate,True,False,False,True,True,False,False,True,False,1.46,3.66,32.64,markup,markup,low,2026-01-06,2026,2026-01,90.0,True
2026-01-02 10:00:00,2026-01-02 11:45:00,NIFTY 50,bullish,pro_VP+RSI_Div,1094.28,1170.48,76.2,185.49,203.77,64,stop_loss_premium_phase3,immediate,False,False,True,False,True,False,False,False,True,3.18,0.3,30.72,markup,markup,low,2026-01-06,2026,2026-01,105.0,True
2026-01-07 10:15:00,2026-01-07 11:45:00,NIFTY 50,bullish,pro_LiqSweep+VP+RSI_Div,869.38,946.06,76.68,191.28,206.06,64,stop_loss_premium_phase3,immediate,True,False,True,False,True,False,False,False,False,3.95,2.61,31.81,accumulation,markup,low,2026-01-13,2026,2026-01,90.0,True
2026-01-14 14:15:00,2026-01-16 09:15:00,NIFTY 50,bearish,pro_LiqSweep+FVG+VWAP,-79.78,-2.97,76.81,202.69,202.65,64,stop_loss_premium_phase2,immediate,True,True,False,False,False,False,False,True,True,0.0,3.97,39.96,markdown,markdown,low,2026-01-20,2026,2026-01,2580.0,False
